arm,fid,bin,freq,pos,rel_pos,act,kl,pnorm,kl_per_norm
trained,10942,-1,0.005789301823824644,120,0.23483365949119372,25.705204010009766,0.02792535163462162,25.705202102661133,0.0010863696586820707
trained,10942,-1,0.005789301823824644,251,0.4911937377690802,19.2399845123291,0.0015873500378802419,19.2399845123291,8.25026671338045e-05
trained,10942,-1,0.005789301823824644,243,0.4755381604696673,14.795534133911133,0.0015994175337255,14.795534133911133,0.00010810137161994444
trained,10942,-1,0.005789301823824644,147,0.2876712328767123,13.20002269744873,0.007664946373552084,13.20002269744873,0.0005806767570963001
trained,13840,-1,0.0020181017462164164,172,0.33659491193737767,9.110502243041992,0.002011452801525593,9.110502243041992,0.00022078396424980953
trained,13840,-1,0.0020181017462164164,95,0.18590998043052837,8.947345733642578,0.002358736004680395,8.947345733642578,0.0002636241042761319
trained,13840,-1,0.0020181017462164164,175,0.3424657534246575,8.91028118133545,6.117808516137302e-05,8.91028118133545,6.866010613618347e-06
trained,13840,-1,0.0020181017462164164,177,0.34637964774951074,8.520672798156738,9.136373410001397e-05,8.520672798156738,1.0722596239087894e-05
trained,4161,-1,0.0064008478075265884,399,0.7808219178082192,25.007335662841797,0.01087676826864481,25.007335662841797,0.0004349431069062873
trained,4161,-1,0.0064008478075265884,436,0.8532289628180039,20.461584091186523,0.006417892407625914,20.461584091186523,0.00031365569640281717
trained,4161,-1,0.0064008478075265884,423,0.8277886497064579,19.762086868286133,0.005557789467275143,19.7620849609375,0.0002812349748652981
trained,4161,-1,0.0064008478075265884,410,0.8023483365949119,19.196203231811523,0.012408844195306301,19.196203231811523,0.0006464217973449374
trained,10571,-1,0.002058871556073427,1,0.0019569471624266144,26.400339126586914,0.031844377517700195,26.400341033935547,0.0012062108393511572
trained,10571,-1,0.002058871556073427,1,0.0019569471624266144,25.489938735961914,0.0493355318903923,25.489938735961914,0.0019354904066830245
trained,10571,-1,0.002058871556073427,1,0.0019569471624266144,25.488536834716797,0.04536273330450058,25.488536834716797,0.0017797307706856687
trained,10571,-1,0.002058871556073427,1,0.0019569471624266144,25.410215377807617,0.055513933300971985,25.410215377807617,0.0021847092783580215
trained,13972,-1,0.004240052308887243,152,0.2974559686888454,15.619176864624023,0.019005296751856804,15.619176864624023,0.0012167924671435168
trained,13972,-1,0.004240052308887243,313,0.6125244618395304,15.557175636291504,4.798794907401316e-05,15.557175636291504,3.084618326354028e-06
trained,13972,-1,0.004240052308887243,94,0.18395303326810175,15.251667976379395,0.00031164035317488015,15.251667976379395,2.0433198103809018e-05
trained,13972,-1,0.004240052308887243,306,0.598825831702544,14.442750930786133,3.908363578375429e-05,14.442750930786133,2.7061074424847768e-06
trained,8589,-1,0.0020384865347296,1,0.0019569471624266144,48.89822006225586,0.0529305636882782,48.898223876953125,0.0010824639320534833
trained,8589,-1,0.0020384865347296,1,0.0019569471624266144,48.89822006225586,0.0529305636882782,48.898223876953125,0.0010824639320534833
trained,8589,-1,0.0020384865347296,1,0.0019569471624266144,48.83185958862305,0.03801099210977554,48.83185958862305,0.0007784055825437257
trained,8589,-1,0.0020384865347296,1,0.0019569471624266144,48.83185958862305,0.03801099210977554,48.83185958862305,0.0007784055825437257
trained,2850,-1,0.009315883740782738,491,0.9608610567514677,31.35161781311035,0.00014408398419618607,31.351619720458984,4.595742914748415e-06
trained,2850,-1,0.009315883740782738,303,0.5929549902152642,28.223918914794922,0.033416517078876495,28.223920822143555,0.001183978558098101
trained,2850,-1,0.009315883740782738,187,0.3659491193737769,27.400562286376953,0.002038272563368082,27.400564193725586,7.438797788823717e-05
trained,2850,-1,0.009315883740782738,510,0.9980430528375733,26.38833236694336,0.01991332322359085,26.388334274291992,0.0007546260031649964
trained,11011,-1,0.0013250162592157722,35,0.0684931506849315,18.114248275756836,0.023730101063847542,18.114248275756836,0.0013100240596573178
trained,11011,-1,0.0013250162592157722,38,0.07436399217221135,15.944587707519531,0.0036071795038878918,15.944587707519531,0.00022623222187091935
trained,11011,-1,0.0013250162592157722,109,0.21330724070450097,15.831957817077637,0.0632183849811554,15.831957817077637,0.003993087002351845
trained,11011,-1,0.0013250162592157722,97,0.1898238747553816,15.459736824035645,0.010498219169676304,15.459736824035645,0.000679068427177522
trained,4196,-1,0.0068085454404354095,266,0.5205479452054794,30.80660057067871,0.02221459150314331,30.80660057067871,0.0007210984364268625
trained,4196,-1,0.0068085454404354095,375,0.7338551859099804,23.708385467529297,0.028607415035367012,23.708385467529297,0.001206636996624986
trained,4196,-1,0.0068085454404354095,492,0.9628180039138943,23.684581756591797,0.018276743590831757,23.684579849243164,0.0007716726962085327
trained,4196,-1,0.0068085454404354095,451,0.8825831702544031,23.086889266967773,0.019662968814373016,23.086889266967773,0.000851694162301301
trained,11756,-1,0.0005096216336824,118,0.2309197651663405,8.823111534118652,7.737638952676207e-06,8.823111534118652,8.769739476549784e-07
trained,11756,-1,0.0005096216336824,450,0.8806262230919765,8.133036613464355,5.856529242009856e-06,8.133037567138672,7.200912566386034e-07
trained,11756,-1,0.0005096216336824,410,0.8023483365949119,7.8033599853515625,1.5603640349581838e-05,7.803360462188721,1.9996052245938745e-06
trained,11756,-1,0.0005096216336824,503,0.9843444227005871,6.819857120513916,3.3386484119546367e-06,6.819857597351074,4.895481121558042e-07
trained,6559,-1,0.0001426940580131486,360,0.7045009784735812,6.916537761688232,0.00026895850896835327,6.916537761688232,3.888629228024401e-05
trained,6559,-1,0.0001426940580131486,333,0.6516634050880626,6.115962028503418,0.0005077975802123547,6.115962028503418,8.302824279251014e-05
trained,6559,-1,0.0001426940580131486,309,0.6046966731898239,5.967172622680664,0.00010046354145742953,5.967172622680664,1.683603740162921e-05
trained,6559,-1,0.0001426940580131486,421,0.8238747553816047,4.643150806427002,0.0004675450036302209,4.643150806427002,0.00010069563172125485
trained,10953,-1,0.0017123287543654442,315,0.6164383561643836,26.703859329223633,0.013293245807290077,26.703859329223633,0.0004978024203693464
trained,10953,-1,0.0017123287543654442,266,0.5205479452054794,26.060041427612305,0.01062365248799324,26.060041427612305,0.000407660613951933
trained,10953,-1,0.0017123287543654442,334,0.6536203522504892,25.569265365600586,0.005915775895118713,25.569265365600586,0.00023136276347921427
trained,10953,-1,0.0017123287543654442,198,0.38747553816046965,13.214330673217773,0.004392269998788834,13.214330673217773,0.00033238686902931026
trained,959,-1,0.008194716647267342,173,0.3385518590998043,15.768129348754883,0.0051560718566179276,15.768129348754883,0.0003269932496479091
trained,959,-1,0.008194716647267342,228,0.4461839530332681,13.57750415802002,0.0030167638324201107,13.577505111694336,0.0002221883775850517
trained,959,-1,0.008194716647267342,95,0.18590998043052837,12.561102867126465,0.002576420083642006,12.561102867126465,0.00020511097718853405
trained,959,-1,0.008194716647267342,446,0.87279843444227,12.470916748046875,0.0013260548003017902,12.470916748046875,0.00010633178194453664
trained,11253,-1,0.0037712003104388714,147,0.2876712328767123,17.216997146606445,0.06218579411506653,17.216997146606445,0.0036118838602075074
trained,11253,-1,0.0037712003104388714,495,0.9686888454011742,13.906049728393555,0.00818656012415886,13.906048774719238,0.0005887049770055294
trained,11253,-1,0.0037712003104388714,496,0.9706457925636007,13.448800086975098,0.0009369393810629845,13.448800086975098,6.966713572985534e-05
trained,11253,-1,0.0037712003104388714,416,0.8140900195694716,12.270469665527344,0.000584031455218792,12.270469665527344,4.7596503731195383e-05
trained,87,-1,0.00921395979821682,284,0.5557729941291585,8.099980354309082,0.0008688503876328468,8.099980354309082,0.00010726574011634855
trained,87,-1,0.00921395979821682,103,0.20156555772994128,7.036033630371094,0.004724663682281971,7.036033630371094,0.0006714953239973049
trained,87,-1,0.00921395979821682,235,0.4598825831702544,6.970038414001465,0.0017315869918093085,6.970038414001465,0.00024843291944143145
trained,87,-1,0.00921395979821682,283,0.5538160469667319,6.727390766143799,0.0004945812397636473,6.727390766143799,7.351754297560238e-05
trained,10054,-1,0.03275848180055618,5,0.009784735812133072,31.045019149780273,0.010402550920844078,31.045019149780273,0.00033507954595407953
trained,10054,-1,0.03275848180055618,21,0.0410958904109589,30.150196075439453,0.0028362986631691456,30.150196075439453,9.407231236813127e-05
trained,10054,-1,0.03275848180055618,402,0.786692759295499,30.07535171508789,0.0046692537143826485,30.07535171508789,0.00015525184073043527
trained,10054,-1,0.03275848180055618,263,0.5146771037181996,29.869361877441406,0.009423947893083096,29.869359970092773,0.00031550551811351135
trained,7848,-1,0.0022831049282103777,122,0.23874755381604695,23.509302139282227,0.008256775327026844,23.50930404663086,0.00035121309038538425
trained,7848,-1,0.0022831049282103777,15,0.029354207436399216,23.185230255126953,0.1657925397157669,23.185232162475586,0.007150781952664499
trained,7848,-1,0.0022831049282103777,121,0.23679060665362034,21.126575469970703,0.009473474696278572,21.126577377319336,0.00044841502374392753
trained,7848,-1,0.0022831049282103777,4,0.007827788649706457,20.81443214416504,0.011270768940448761,20.814434051513672,0.0005414881285051863
trained,7945,-1,0.0034042727202177048,21,0.0410958904109589,35.17825698852539,0.015606401488184929,35.17825698852539,0.0004436377132976059
trained,7945,-1,0.0034042727202177048,143,0.27984344422700586,33.61117172241211,0.03203084319829941,33.61117172241211,0.0009529820460540823
trained,7945,-1,0.0034042727202177048,23,0.04500978473581213,33.2712287902832,0.019181694835424423,33.2712287902832,0.0005765249896939905
trained,7945,-1,0.0034042727202177048,427,0.8356164383561644,33.11647415161133,0.013990232720971107,33.11647033691406,0.00042245543014215987
trained,12579,-1,0.009519732557237148,101,0.19765166340508805,24.44989013671875,0.00037145664100535214,24.44989013671875,1.5192568920688113e-05
trained,12579,-1,0.009519732557237148,395,0.7729941291585127,21.350547790527344,0.0007908227853477001,21.350547790527344,3.703992951874362e-05
trained,12579,-1,0.009519732557237148,206,0.40313111545988256,18.475921630859375,0.0024699082132428885,18.475921630859375,0.000133682544372646
trained,12579,-1,0.009519732557237148,133,0.2602739726027397,17.376171112060547,4.0889077354222536e-05,17.376171112060547,2.3531695843995242e-06
trained,12969,-1,0.006502772215753794,176,0.34442270058708413,18.891992568969727,0.011526679620146751,18.891992568969727,0.0006101357269788169
trained,12969,-1,0.006502772215753794,198,0.38747553816046965,17.67633056640625,0.004473067354410887,17.67633056640625,0.00025305406784550196
trained,12969,-1,0.006502772215753794,464,0.9080234833659491,15.890962600708008,0.0008842952665872872,15.890961647033691,5.5647687423143166e-05
trained,12969,-1,0.006502772215753794,397,0.776908023483366,15.352445602416992,0.006853969302028418,15.352444648742676,0.00044644155760494725
trained,14073,-1,0.011456294916570187,189,0.3698630136986301,27.515846252441406,0.0017240273300558329,27.515846252441406,6.265579892542336e-05
trained,14073,-1,0.011456294916570187,270,0.5283757338551859,27.069774627685547,0.021567340940237045,27.069772720336914,0.0007967315116773768
trained,14073,-1,0.011456294916570187,254,0.49706457925636005,26.960756301879883,0.036882977932691574,26.96075439453125,0.0013680246996416747
trained,14073,-1,0.011456294916570187,498,0.974559686888454,26.916597366333008,0.002530063968151808,26.916597366333008,9.399642658088666e-05
trained,2026,-1,6.115459837019444e-05,357,0.6986301369863014,5.040559768676758,7.89317928138189e-05,5.040560245513916,1.5659329314448324e-05
trained,2026,-1,6.115459837019444e-05,313,0.6125244618395304,4.351818561553955,0.000263414578512311,4.351818561553955,6.0529770436534566e-05
trained,2026,-1,6.115459837019444e-05,360,0.7045009784735812,3.2750349044799805,0.0019958503544330597,3.2750351428985596,0.0006094134161463192
trained,5364,-1,0.003037345129996538,247,0.48336594911937375,8.24716854095459,0.004637105390429497,8.24716854095459,0.0005622663544951348
trained,5364,-1,0.003037345129996538,451,0.8825831702544031,7.549464702606201,6.173379370011389e-05,7.549465179443359,8.177240669737836e-06
trained,5364,-1,0.003037345129996538,505,0.9882583170254403,7.0167083740234375,0.0010322825983166695,7.0167083740234375,0.00014711778561843667
trained,5364,-1,0.003037345129996538,189,0.3698630136986301,6.703029632568359,0.014756161719560623,6.703030109405518,0.002201416594989654
trained,11774,-1,0.017123287543654442,262,0.512720156555773,21.692214965820312,0.01497148908674717,21.692214965820312,0.0006901779790739321
trained,11774,-1,0.017123287543654442,268,0.5244618395303327,21.185527801513672,0.0013354008551687002,21.185527801513672,6.303363634269654e-05
trained,11774,-1,0.017123287543654442,329,0.6438356164383562,21.17989158630371,0.0004261232679709792,21.17989158630371,2.0119237449097146e-05
trained,11774,-1,0.017123287543654442,481,0.9412915851272016,17.384748458862305,5.3921925427857786e-05,17.384748458862305,3.101679932583077e-06
trained,6420,-1,0.004708904307335615,128,0.25048923679060664,23.273897171020508,0.010813937522470951,23.27389907836914,0.0004646379829205958
trained,6420,-1,0.004708904307335615,251,0.4911937377690802,23.024423599243164,0.005001043900847435,23.024425506591797,0.00021720602320416885
trained,6420,-1,0.004708904307335615,372,0.7279843444227005,22.259241104125977,0.0038883958477526903,22.25924301147461,0.00017468679621082477
trained,6420,-1,0.004708904307335615,265,0.5185909980430529,18.814661026000977,0.002526527037844062,18.81466293334961,0.0001342850013733549
trained,9124,-1,0.0010803978657349944,254,0.49706457925636005,11.246827125549316,0.0010554792825132608,11.246827125549316,9.384684860279732e-05
trained,9124,-1,0.0010803978657349944,161,0.3150684931506849,9.210659980773926,7.227683090604842e-05,9.210659980773926,7.847084905632936e-06
trained,9124,-1,0.0010803978657349944,160,0.3131115459882583,9.12417984008789,0.00035093730548396707,9.12417984008789,3.84623398085703e-05
trained,9124,-1,0.0010803978657349944,284,0.5557729941291585,9.08322811126709,0.006530884653329849,9.08322811126709,0.0007190048046056179
trained,13295,-1,0.01019243337213993,497,0.9726027397260274,41.16425323486328,0.00921277143061161,41.16425323486328,0.00022380513932921366
trained,13295,-1,0.01019243337213993,498,0.974559686888454,28.86110496520996,0.0019795147236436605,28.86110496520996,6.858762774432326e-05
trained,13295,-1,0.01019243337213993,501,0.9804305283757339,27.3504638671875,0.0036113972309976816,27.3504638671875,0.0001320415349638839
trained,13295,-1,0.01019243337213993,503,0.9843444227005871,24.423114776611328,0.0009056467097252607,24.423114776611328,3.7081540090559975e-05
trained,15231,-1,0.009254729375243187,440,0.8610567514677103,30.819507598876953,0.0070115020498633385,30.819509506225586,0.00022750206483484122
trained,15231,-1,0.009254729375243187,465,0.9099804305283757,28.726768493652344,0.0013168244622647762,28.726770401000977,4.583962777169312e-05
trained,15231,-1,0.009254729375243187,218,0.42661448140900193,26.906267166137695,0.01089342962950468,26.906269073486328,0.0004048658548590507
trained,15231,-1,0.009254729375243187,487,0.9530332681017613,24.358278274536133,0.03388677537441254,24.358278274536133,0.001391181059370579
trained,6260,-1,0.0032004239037632942,100,0.19569471624266144,17.300764083862305,0.013182851485908031,17.300764083862305,0.0007619808825787438
trained,6260,-1,0.0032004239037632942,258,0.5048923679060665,17.00432014465332,0.008742254227399826,17.00432014465332,0.0005141195974335181
trained,6260,-1,0.0032004239037632942,505,0.9882583170254403,14.880082130432129,0.005780152976512909,14.880082130432129,0.00038844899684334263
trained,6260,-1,0.0032004239037632942,400,0.7827788649706457,12.285629272460938,0.005447102710604668,12.285629272460938,0.00044337189327491055
trained,6195,-1,8.153946691891178e-05,308,0.6027397260273972,6.61183500289917,0.0006523330230265856,6.61183500289917,9.866141891631437e-05
trained,6195,-1,8.153946691891178e-05,297,0.5812133072407045,5.0697736740112305,0.002442573895677924,5.0697736740112305,0.000481791506433333
trained,6195,-1,8.153946691891178e-05,130,0.25440313111545987,4.2834625244140625,7.09365849616006e-06,4.2834625244140625,1.6560570930010427e-06
trained,6195,-1,8.153946691891178e-05,407,0.7964774951076321,3.5064640045166016,0.00024056824622675776,3.5064640045166016,6.860707707733116e-05
trained,9728,-1,0.006543542258441448,185,0.36203522504892366,29.333984375,0.0006901164306327701,29.333984375,2.3526174344761855e-05
trained,9728,-1,0.006543542258441448,261,0.5107632093933464,28.4634952545166,0.002022585365921259,28.463497161865234,7.105891993591969e-05
trained,9728,-1,0.006543542258441448,186,0.3639921722113503,27.31403923034668,0.007618352770805359,27.31403923034668,0.00027891710583549103
trained,9728,-1,0.006543542258441448,287,0.5616438356164384,24.555856704711914,0.0023875951301306486,24.555856704711914,9.723118842245498e-05
trained,12474,-1,0.0035469667054712772,473,0.9256360078277887,28.094755172729492,0.011668835766613483,28.094755172729492,0.0004153385816986929
trained,12474,-1,0.0035469667054712772,230,0.4500978473581213,27.04090118408203,0.0029098892118781805,27.0408992767334,0.00010761066716379197
trained,12474,-1,0.0035469667054712772,435,0.8512720156555773,26.999618530273438,0.003094935091212392,26.999618530273438,0.00011462884513505932
trained,12474,-1,0.0035469667054712772,404,0.7906066536203522,25.636028289794922,0.0016553424065932631,25.636028289794922,6.457093851984142e-05
trained,8323,-1,0.005218525882810354,336,0.6575342465753424,22.385236740112305,0.005981735419481993,22.385238647460938,0.00026721785341164884
trained,8323,-1,0.005218525882810354,144,0.28180039138943247,21.26719093322754,0.00712495855987072,21.267192840576172,0.0003350211103684942
trained,8323,-1,0.005218525882810354,455,0.8904109589041096,20.954837799072266,0.0005620780866593122,20.9548397064209,2.6823306431071507e-05
trained,8323,-1,0.005218525882810354,479,0.9373776908023483,20.238365173339844,0.004291289020329714,20.238365173339844,0.0002120373352084121
trained,4315,-1,0.006196999456733465,428,0.837573385518591,23.601978302001953,0.00033930540666915476,23.601978302001953,1.4376142640567312e-05
trained,4315,-1,0.006196999456733465,429,0.8395303326810176,22.74134635925293,0.019616931676864624,22.74134635925293,0.0008626108308175407
trained,4315,-1,0.006196999456733465,57,0.11154598825831702,22.557270050048828,0.001023201271891594,22.557270050048828,4.5360155267963335e-05
trained,4315,-1,0.006196999456733465,410,0.8023483365949119,21.381126403808594,0.0005279697943478823,21.381126403808594,2.469326378678701e-05
trained,665,-1,0.0012842465657740831,80,0.15655577299412915,25.147682189941406,0.02399364486336708,25.147682189941406,0.00095410959475876
trained,665,-1,0.0012842465657740831,316,0.6183953033268101,22.826461791992188,0.00916912592947483,22.826461791992188,0.00040168844444790283
trained,665,-1,0.0012842465657740831,355,0.6947162426614482,20.781219482421875,0.0016077205073088408,20.781219482421875,7.736410794702191e-05
trained,665,-1,0.0012842465657740831,188,0.3679060665362035,18.82697105407715,0.013909203931689262,18.82697105407715,0.0007387913802882859
trained,545,-1,0.039240866899490356,184,0.36007827788649704,26.006328582763672,0.0031805841717869043,26.006328582763672,0.00012230039167831304
trained,545,-1,0.039240866899490356,267,0.5225048923679061,25.136293411254883,0.03250508010387421,25.13629150390625,0.001293153371443947
trained,545,-1,0.039240866899490356,469,0.9178082191780822,24.110286712646484,0.02703346125781536,24.110286712646484,0.001121241799403223
trained,545,-1,0.039240866899490356,238,0.4657534246575342,23.101701736450195,2.573646452219691e-05,23.101701736450195,1.1140505931469779e-06
trained,15512,-1,0.001793868257664144,503,0.9843444227005871,7.263038635253906,0.001010986976325512,7.263038158416748,0.00013919615376850706
trained,15512,-1,0.001793868257664144,199,0.38943248532289626,7.0420050621032715,0.00022947393881622702,7.0420050621032715,3.2586449000320495e-05
trained,15512,-1,0.001793868257664144,249,0.487279843444227,6.942137241363525,0.0015076082199811935,6.942137241363525,0.00021716773488694092
trained,15512,-1,0.001793868257664144,269,0.5264187866927593,6.048595428466797,0.0018519139848649502,6.048594951629639,0.0003061725904403633
trained,1454,-1,0.006604696623980999,292,0.5714285714285714,22.2195987701416,0.009185951203107834,22.219600677490234,0.00041341657469181004
trained,1454,-1,0.006604696623980999,138,0.2700587084148728,18.477529525756836,0.000907454639673233,18.47753143310547,4.911124859716824e-05
trained,1454,-1,0.006604696623980999,332,0.649706457925636,17.142086029052734,0.0025476724840700626,17.142087936401367,0.0001486208969130335
trained,1454,-1,0.006604696623980999,331,0.6477495107632094,16.36859703063965,0.00041162874549627304,16.36859703063965,2.514746650099355e-05
trained,14354,-1,0.0025481083430349827,159,0.3111545988258317,11.556843757629395,0.003989499062299728,11.556843757629395,0.0003452066278620416
trained,14354,-1,0.0025481083430349827,243,0.4755381604696673,11.040876388549805,0.0033497773110866547,11.040876388549805,0.0003033977732565341
trained,14354,-1,0.0025481083430349827,201,0.3933463796477495,10.267951965332031,0.0040322476997971535,10.267951965332031,0.00039270223637696616
trained,14354,-1,0.0025481083430349827,222,0.4344422700587084,10.238672256469727,0.0034116292372345924,10.238672256469727,0.0003332101225409197
trained,14862,-1,0.0019365622429177165,292,0.5714285714285714,33.650020599365234,0.8326442837715149,33.650020599365234,0.02474424291399161
trained,14862,-1,0.0019365622429177165,128,0.25048923679060664,31.294170379638672,0.0605376772582531,31.294172286987305,0.0019344712716183833
trained,14862,-1,0.0019365622429177165,265,0.5185909980430529,29.977235794067383,0.036224767565727234,29.977237701416016,0.0012084091245010246
trained,14862,-1,0.0019365622429177165,33,0.06457925636007827,28.915433883666992,0.017543137073516846,28.915435791015625,0.0006067049170660506
trained,1223,-1,0.0007746249320916831,375,0.7338551859099804,45.469703674316406,0.006112962961196899,45.469703674316406,0.00013444035186553922
trained,1223,-1,0.0007746249320916831,376,0.735812133072407,20.643177032470703,0.0006111628608778119,20.643177032470703,2.9606046584616445e-05
trained,1223,-1,0.0007746249320916831,374,0.7318982387475538,13.196944236755371,0.003803650848567486,13.196944236755371,0.00028822208992698294
trained,1223,-1,0.0007746249320916831,52,0.10176125244618395,9.213237762451172,0.005079887807369232,9.213237762451172,0.0005513683613020895
trained,4387,-1,0.0010396281722933054,172,0.33659491193737767,14.98305606842041,0.0020420101936906576,14.98305606842041,0.0001362879631742536
trained,4387,-1,0.0010396281722933054,452,0.8845401174168297,13.920660972595215,0.002339691389352083,13.920661926269531,0.00016807328572047834
trained,4387,-1,0.0010396281722933054,72,0.14090019569471623,12.472102165222168,0.0021744370460510254,12.472103118896484,0.00017434405611644886
trained,4387,-1,0.0010396281722933054,475,0.9295499021526419,12.245375633239746,0.0022782289888709784,12.245375633239746,0.00018604810967879062
trained,359,-1,0.003832354908809066,248,0.48532289628180036,9.066603660583496,0.0014300600159913301,9.066603660583496,0.00015772830373168603
trained,359,-1,0.003832354908809066,397,0.776908023483366,9.023788452148438,0.0003207380068488419,9.023788452148438,3.5543608823462465e-05
trained,359,-1,0.003832354908809066,254,0.49706457925636005,8.86003303527832,0.004508808255195618,8.86003303527832,0.000508892939478073
trained,359,-1,0.003832354908809066,270,0.5283757338551859,8.615198135375977,0.002316271886229515,8.615198135375977,0.00026885880624362803
trained,44,-1,0.0003873124660458416,175,0.3424657534246575,6.414994716644287,1.803151099011302e-05,6.414994239807129,2.810838219966219e-06
trained,44,-1,0.0003873124660458416,231,0.4520547945205479,6.342276096343994,0.0020355223678052425,6.342276096343994,0.0003209450892525192
trained,44,-1,0.0003873124660458416,179,0.350293542074364,6.0218353271484375,0.00032189395278692245,6.021834850311279,5.345446376203479e-05
trained,44,-1,0.0003873124660458416,139,0.2720156555772994,5.238989353179932,8.939797407947481e-05,5.238989353179932,1.7063973230869906e-05
trained,5521,-1,0.005891226232051849,257,0.50293542074364,18.18320083618164,0.15407398343086243,18.18320083618164,0.008473424718726091
trained,5521,-1,0.005891226232051849,29,0.05675146771037182,14.742026329040527,0.013472521677613258,14.742027282714844,0.0009138852763764661
trained,5521,-1,0.005891226232051849,479,0.9373776908023483,12.403709411621094,0.002486949320882559,12.40371036529541,0.00020050043476029915
trained,5521,-1,0.005891226232051849,416,0.8140900195694716,12.400843620300293,0.006618323735892773,12.40084457397461,0.0005336994344548523
trained,12477,-1,0.008806262165307999,128,0.25048923679060664,13.881278991699219,0.0016137468628585339,13.881278991699219,0.00011625347086702374
trained,12477,-1,0.008806262165307999,79,0.15459882583170254,13.404454231262207,0.0007324130274355412,13.404455184936523,5.463952225813715e-05
trained,12477,-1,0.008806262165307999,165,0.32289628180039137,10.517281532287598,0.0019025318324565887,10.517281532287598,0.00018089577868728708
trained,12477,-1,0.008806262165307999,280,0.547945205479452,10.424307823181152,0.0008747561951167881,10.424307823181152,8.391503876847735e-05
trained,11507,-1,0.0002650032693054527,347,0.6790606653620352,20.010896682739258,0.0034845038317143917,20.010896682739258,0.00017413031944340656
trained,11507,-1,0.0002650032693054527,337,0.6594911937377691,16.714229583740234,0.0002732634311541915,16.714229583740234,1.6349149075948128e-05
trained,11507,-1,0.0002650032693054527,137,0.26810176125244617,12.780467987060547,2.404602309979964e-05,12.780467987060547,1.8814665569480545e-06
trained,11507,-1,0.0002650032693054527,14,0.0273972602739726,11.71408462524414,8.408671419601887e-05,11.71408462524414,7.1782573616388206e-06
trained,2207,-1,0.0022831049282103777,59,0.11545988258317025,31.777746200561523,0.03334655612707138,31.777746200561523,0.0010493681935971322
trained,2207,-1,0.0022831049282103777,390,0.7632093933463796,28.327438354492188,0.0006866897456347942,28.327438354492188,2.4241152236975868e-05
trained,2207,-1,0.0022831049282103777,370,0.7240704500978473,28.183334350585938,0.014143750071525574,28.183334350585938,0.0005018480033478197
trained,2207,-1,0.0022831049282103777,92,0.18003913894324852,28.130126953125,0.014541402459144592,28.130126953125,0.0005169334103388814
trained,8691,-1,0.015268265269696712,343,0.6712328767123288,31.161787033081055,0.0005886731669306755,31.161787033081055,1.889086676273558e-05
trained,8691,-1,0.015268265269696712,417,0.8160469667318982,30.82625389099121,0.00041244353633373976,30.82625389099121,1.3379619132192832e-05
trained,8691,-1,0.015268265269696712,447,0.8747553816046967,30.789806365966797,0.0018171821720898151,30.789806365966797,5.901895421136585e-05
trained,8691,-1,0.015268265269696712,371,0.726027397260274,30.57984161376953,0.012486610561609268,30.57984161376953,0.0004083281633475427
trained,4882,-1,0.002385029336437583,204,0.39921722113502933,26.215864181518555,0.04074857011437416,26.215864181518555,0.0015543477732502427
trained,4882,-1,0.002385029336437583,282,0.5518590998043053,22.950714111328125,0.026806896552443504,22.950712203979492,0.0011680202476590411
trained,4882,-1,0.002385029336437583,432,0.8454011741682974,22.1185245513916,0.3667084574699402,22.1185245513916,0.01657924589942273
trained,4882,-1,0.002385029336437583,433,0.8473581213307241,20.812726974487305,0.08443090319633484,20.812726974487305,0.004056695852486418
trained,8204,-1,0.003832354908809066,325,0.6360078277886497,16.453596115112305,0.0011805867543444037,16.453596115112305,7.175250602268388e-05
trained,8204,-1,0.003832354908809066,17,0.033268101761252444,15.41269588470459,0.01843135803937912,15.41269588470459,0.0011958555581227175
trained,8204,-1,0.003832354908809066,494,0.9667318982387475,14.197267532348633,0.005542405415326357,14.197267532348633,0.000390385361316741
trained,8204,-1,0.003832354908809066,415,0.812133072407045,12.828507423400879,0.007835608907043934,12.828508377075195,0.0006107965693849743
trained,14091,-1,0.002181180752813816,265,0.5185909980430529,9.617441177368164,0.00018427694158162922,9.61744213104248,1.9160701886298176e-05
trained,14091,-1,0.002181180752813816,45,0.08806262230919765,8.997329711914062,3.5305547498865053e-06,8.997329711914062,3.924002857438273e-07
trained,14091,-1,0.002181180752813816,44,0.08610567514677103,8.552982330322266,0.0008513079956173897,8.552983283996582,9.953345719852688e-05
trained,14091,-1,0.002181180752813816,92,0.18003913894324852,6.743565082550049,0.00018155708676204085,6.743565559387207,2.6923010559200242e-05
trained,794,-1,0.005116601474583149,35,0.0684931506849315,9.559652328491211,5.7685374486027285e-06,9.559653282165527,6.034253835716513e-07
trained,794,-1,0.005116601474583149,444,0.8688845401174168,9.493358612060547,5.015622264181729e-07,9.493358612060547,5.283295900999448e-08
trained,794,-1,0.005116601474583149,324,0.6340508806262231,8.993701934814453,0.0021438500843942165,8.99370288848877,0.00023837234907305818
trained,794,-1,0.005116601474583149,290,0.5675146771037182,8.956939697265625,0.0011442755348980427,8.956939697265625,0.00012775295732395822
trained,11794,-1,0.016409818083047867,391,0.7651663405088063,23.476102828979492,9.548215894028544e-05,23.476102828979492,4.067206539171394e-06
trained,11794,-1,0.016409818083047867,334,0.6536203522504892,22.420513153076172,0.0037800632417201996,22.420515060424805,0.00016859841228146068
trained,11794,-1,0.016409818083047867,216,0.4227005870841487,22.274171829223633,0.0012693312019109726,22.274171829223633,5.698668447217484e-05
trained,11794,-1,0.016409818083047867,469,0.9178082191780822,21.753253936767578,0.004987167660146952,21.75325584411621,0.00022926074588029423
trained,5845,-1,0.0031392693053931,49,0.0958904109589041,20.796480178833008,0.007585832849144936,20.796478271484375,0.00036476526218126294
trained,5845,-1,0.0031392693053931,326,0.6379647749510763,20.524673461914062,0.0011724791256710887,20.524673461914062,5.712534856385224e-05
trained,5845,-1,0.0031392693053931,322,0.6301369863013698,19.800537109375,0.0031411154195666313,19.800537109375,0.0001586378895792378
trained,5845,-1,0.0031392693053931,265,0.5185909980430529,19.303823471069336,0.0051460410468280315,19.303823471069336,0.0002665814393993195
trained,13800,-1,0.002160795731469989,423,0.8277886497064579,13.579370498657227,0.0008763436926528811,13.579371452331543,6.453492311696174e-05
trained,13800,-1,0.002160795731469989,424,0.8297455968688845,11.525781631469727,0.01021062396466732,11.525782585144043,0.0008858942019111246
trained,13800,-1,0.002160795731469989,279,0.5459882583170255,9.499001502990723,0.001984829781576991,9.499002456665039,0.00020895139154157412
trained,13800,-1,0.002160795731469989,472,0.923679060665362,9.475762367248535,4.477886250242591e-05,9.475763320922852,4.725620616077699e-06
trained,8835,-1,0.016899054870009422,280,0.547945205479452,17.204030990600586,0.007819173857569695,17.204029083251953,0.0004544966658526302
trained,8835,-1,0.016899054870009422,172,0.33659491193737767,14.919066429138184,0.0038115072529762983,14.919065475463867,0.00025547895471366913
trained,8835,-1,0.016899054870009422,293,0.5733855185909981,14.618085861206055,0.008340385742485523,14.618084907531738,0.0005705525583716011
trained,8835,-1,0.016899054870009422,251,0.4911937377690802,14.532551765441895,0.004102692008018494,14.532550811767578,0.0002823105221621783
trained,6405,-1,0.0001834637951105833,318,0.6223091976516634,7.716492176055908,0.0005940985283814371,7.716492176055908,7.699075108569548e-05
trained,6405,-1,0.0001834637951105833,148,0.2896281800391389,5.2884650230407715,0.0027604822535067797,5.2884650230407715,0.000521981754909963
trained,6405,-1,0.0001834637951105833,380,0.7436399217221135,5.075741767883301,4.157664079684764e-05,5.075741767883301,8.191244294562693e-06
trained,6405,-1,0.0001834637951105833,460,0.9001956947162426,4.593480110168457,0.0006830404745414853,4.593480110168457,0.00014869781911746127
trained,10308,-1,0.0077870190143585205,196,0.3835616438356164,39.33248519897461,0.002838127315044403,39.332489013671875,7.215732810750616e-05
trained,10308,-1,0.0077870190143585205,333,0.6516634050880626,31.496591567993164,0.0032654283568263054,31.496593475341797,0.00010367560413740487
trained,10308,-1,0.0077870190143585205,251,0.4911937377690802,28.538860321044922,0.003297389019280672,28.538862228393555,0.0001155403110639804
trained,10308,-1,0.0077870190143585205,194,0.3796477495107632,27.17320442199707,0.08501690626144409,27.173206329345703,0.0031287035188640984
trained,13055,-1,0.0007746249320916831,23,0.04500978473581213,11.72432804107666,0.0037582693621516228,11.724328994750977,0.00032055304519637865
trained,13055,-1,0.0007746249320916831,298,0.5831702544031311,11.461480140686035,0.009034592658281326,11.461481094360352,0.0007882569960985949
trained,13055,-1,0.0007746249320916831,363,0.7103718199608611,11.160114288330078,0.006316265091300011,11.160115242004395,0.0005659677301115027
trained,13055,-1,0.0007746249320916831,467,0.913894324853229,9.125726699829102,0.0016906063538044691,9.125727653503418,0.0001852571562504866
trained,1310,-1,0.0010803978657349944,195,0.3816046966731898,12.191122055053711,0.0032732393592596054,12.191123008728027,0.0002684936701004645
trained,1310,-1,0.0010803978657349944,56,0.1095890410958904,8.813380241394043,0.0022945431992411613,8.81338119506836,0.00026034766322431425
trained,1310,-1,0.0010803978657349944,37,0.07240704500978473,6.461747169494629,0.0001980453380383551,6.461747646331787,3.064888152213461e-05
trained,1310,-1,0.0010803978657349944,87,0.17025440313111545,6.007138252258301,0.0005959513364359736,6.007138729095459,9.920718720037128e-05
trained,14539,-1,0.0006930854287929833,76,0.1487279843444227,15.4531888961792,0.0041752648539841175,15.4531888961792,0.0002701879128013799
trained,14539,-1,0.0006930854287929833,256,0.5009784735812133,15.208008766174316,0.006773071363568306,15.208008766174316,0.00044536214225711026
trained,14539,-1,0.0006930854287929833,314,0.6144814090019569,13.562368392944336,0.016759779304265976,13.562368392944336,0.001235756087630318
trained,14539,-1,0.0006930854287929833,133,0.2602739726027397,13.280412673950195,0.0022643955890089273,13.280412673950195,0.00017050641757922072
trained,6132,-1,0.009091650135815144,95,0.18590998043052837,21.40340232849121,0.006514477543532848,21.40340232849121,0.0003043664480791953
trained,6132,-1,0.009091650135815144,143,0.27984344422700586,20.74122428894043,0.008702164515852928,20.741226196289062,0.00041955882615126605
trained,6132,-1,0.009091650135815144,21,0.0410958904109589,20.330312728881836,0.0029957194346934557,20.33031463623047,0.00014735234000534412
trained,6132,-1,0.009091650135815144,9,0.01761252446183953,20.189525604248047,0.032650768756866455,20.18952751159668,0.0016172131189356538
trained,13633,-1,0.0062989238649606705,45,0.08806262230919765,27.46784210205078,0.0017926194705069065,27.46784210205078,6.526247907814598e-05
trained,13633,-1,0.0062989238649606705,73,0.14285714285714285,25.995849609375,0.0004206307348795235,25.995849609375,1.6180688117530483e-05
trained,13633,-1,0.0062989238649606705,382,0.7475538160469667,22.85199737548828,0.0013822391629219055,22.85199737548828,6.048657980350267e-05
trained,13633,-1,0.0062989238649606705,79,0.15459882583170254,19.968141555786133,0.0014446123968809843,19.9681396484375,7.234586808361112e-05
trained,852,-1,0.0013454011641442776,437,0.8551859099804305,16.216022491455078,0.0013301256112754345,16.216022491455078,8.202539260020976e-05
trained,852,-1,0.0013454011641442776,491,0.9608610567514677,14.910065650939941,0.00010834034765139222,14.910065650939941,7.266255574438894e-06
trained,852,-1,0.0013454011641442776,397,0.776908023483366,14.326640129089355,0.007161954417824745,14.326640129089355,0.0004999046778094775
trained,852,-1,0.0013454011641442776,61,0.11937377690802348,14.279817581176758,0.002236791653558612,14.279817581176758,0.00015664007196472074
trained,14295,-1,0.002303489949554205,468,0.9158512720156555,29.5291748046875,0.004659141413867474,29.529176712036133,0.0001577809452428249
trained,14295,-1,0.002303489949554205,5,0.009784735812133072,28.695606231689453,0.07981574535369873,28.695608139038086,0.002781462060917809
trained,14295,-1,0.002303489949554205,500,0.9784735812133072,27.65660858154297,0.01376182772219181,27.6566104888916,0.0004975963243116617
trained,14295,-1,0.002303489949554205,11,0.021526418786692758,25.306514739990234,0.0023660771548748016,25.306516647338867,9.349675373531146e-05
trained,9402,-1,0.004729289095848799,51,0.09980430528375733,23.18578338623047,0.01104737352579832,23.1857852935791,0.00047647182900713303
trained,9402,-1,0.004729289095848799,36,0.07045009784735812,20.990755081176758,0.025204362347722054,20.99075698852539,0.0012007362269736168
trained,9402,-1,0.004729289095848799,244,0.4774951076320939,20.548669815063477,0.007010584697127342,20.548669815063477,0.0003411697574695633
trained,9402,-1,0.004729289095848799,105,0.2054794520547945,20.324501037597656,0.013846407644450665,20.32450294494629,0.0006812667292261427
trained,269,-1,0.0017734833527356386,220,0.43052837573385516,29.92869758605957,0.7039337158203125,29.92869758605957,0.023520359140124975
trained,269,-1,0.0017734833527356386,130,0.25440313111545987,28.949947357177734,0.09172898530960083,28.949947357177734,0.003168537205884
trained,269,-1,0.0017734833527356386,94,0.18395303326810175,28.28430938720703,0.3758343458175659,28.28430938720703,0.013287732808762002
trained,269,-1,0.0017734833527356386,347,0.6790606653620352,27.954710006713867,0.02722308412194252,27.954710006713867,0.0009738281711884819
trained,13243,-1,0.000896934128832072,389,0.761252446183953,16.644439697265625,0.00024497832055203617,16.644439697265625,1.4718327862504233e-05
trained,13243,-1,0.000896934128832072,390,0.7632093933463796,13.761425018310547,0.0016311497893184423,13.761425018310547,0.00011853058728642437
trained,13243,-1,0.000896934128832072,70,0.136986301369863,9.203099250793457,0.00022686364536639303,9.203099250793457,2.4650787651435322e-05
trained,13243,-1,0.000896934128832072,231,0.4520547945205479,6.902850151062012,0.0015711819287389517,6.90285062789917,0.00022761349092340551
trained,10633,-1,0.004178897477686405,3,0.005870841487279843,32.638309478759766,0.011845750734210014,32.638309478759766,0.0003629400824794234
trained,10633,-1,0.004178897477686405,260,0.5088062622309197,30.66098403930664,0.0005011510802432895,30.66098403930664,1.6344911813685623e-05
trained,10633,-1,0.004178897477686405,378,0.7397260273972602,28.279264450073242,0.0010869596153497696,28.27926254272461,3.8436632274536136e-05
trained,10633,-1,0.004178897477686405,293,0.5733855185909981,26.21714973449707,0.02553284354507923,26.21714973449707,0.000973898528392756
trained,6573,-1,0.0007542400271631777,177,0.34637964774951074,16.66176986694336,0.004906207323074341,16.66176986694336,0.00029445895377586297
trained,6573,-1,0.0007542400271631777,179,0.350293542074364,13.745222091674805,0.005091204307973385,13.745222091674805,0.0003703981117232745
trained,6573,-1,0.0007542400271631777,113,0.22113502935420742,11.382894515991211,0.00015074925613589585,11.382894515991211,1.3243490565964255e-05
trained,6573,-1,0.0007542400271631777,184,0.36007827788649704,9.134084701538086,0.0015414515510201454,9.134084701538086,0.00016875818446927482
trained,6171,-1,0.000978473573923111,209,0.4090019569471624,11.59867000579834,0.00017955806106328964,11.59867000579834,1.5480918154713084e-05
trained,6171,-1,0.000978473573923111,70,0.136986301369863,11.520015716552734,0.00014692021068185568,11.520015716552734,1.2753473111217273e-05
trained,6171,-1,0.000978473573923111,382,0.7475538160469667,11.483346939086914,0.00010424741776660085,11.483346939086914,9.078138831786438e-06
trained,6171,-1,0.000978473573923111,293,0.5733855185909981,10.835558891296387,0.001328155631199479,10.835559844970703,0.00012257378946745783
trained,16271,-1,0.0004892367869615555,43,0.08414872798434442,10.643171310424805,0.0002257266896776855,10.643171310424805,2.1208593105758812e-05
trained,16271,-1,0.0004892367869615555,36,0.07045009784735812,6.767926216125488,0.0005956781096756458,6.7679266929626465,8.801485841964535e-05
trained,16271,-1,0.0004892367869615555,22,0.043052837573385516,5.915036678314209,0.0006670055445283651,5.915036678314209,0.00011276439704486538
trained,16271,-1,0.0004892367869615555,36,0.07045009784735812,5.826059341430664,0.00033584609627723694,5.826059341430664,5.764549871453345e-05
trained,6350,-1,0.00460697989910841,453,0.8864970645792564,25.756704330444336,0.0027793238405138254,25.756704330444336,0.00010790681155696904
trained,6350,-1,0.00460697989910841,490,0.958904109589041,24.43169403076172,0.002676040166988969,24.43169403076172,0.00010953150295757598
trained,6350,-1,0.00460697989910841,218,0.42661448140900193,24.134408950805664,0.0027160653844475746,24.134408950805664,0.0001125391299196041
trained,6350,-1,0.00460697989910841,433,0.8473581213307241,23.54560661315918,0.0033500930294394493,23.54560661315918,0.00014228102441697754
trained,2459,-1,0.0005096216336824,328,0.6418786692759295,11.32878303527832,0.008127644658088684,11.328782081604004,0.0007174332244669604
trained,2459,-1,0.0005096216336824,453,0.8864970645792564,8.05671215057373,0.001315258676186204,8.056711196899414,0.00016325007115712114
trained,2459,-1,0.0005096216336824,466,0.9119373776908023,7.830272674560547,0.00026857107877731323,7.830272197723389,3.429907313508193e-05
trained,2459,-1,0.0005096216336824,423,0.8277886497064579,7.449812889099121,0.0025940625928342342,7.449812412261963,0.0003482050888374795
trained,10375,-1,0.005687377881258726,160,0.3131115459882583,16.07131576538086,0.006695666816085577,16.07131576538086,0.0004166221928455092
trained,10375,-1,0.005687377881258726,15,0.029354207436399216,13.32629680633545,0.007211514748632908,13.326295852661133,0.0005411492306913506
trained,10375,-1,0.005687377881258726,253,0.49510763209393344,11.171119689941406,0.0038441831711679697,11.171119689941406,0.00034411798260735785
trained,10375,-1,0.005687377881258726,192,0.37573385518590996,10.649168014526367,0.0001249136694241315,10.649168014526367,1.1729899392491385e-05
trained,7524,-1,0.0005503913853317499,322,0.6301369863013698,15.712355613708496,0.007873745635151863,15.712355613708496,0.0005011180900387901
trained,7524,-1,0.0005503913853317499,189,0.3698630136986301,15.672377586364746,0.007470343261957169,15.672377586364746,0.0004766566668516526
trained,7524,-1,0.0005503913853317499,469,0.9178082191780822,14.110543251037598,0.007315339520573616,14.110543251037598,0.0005184307500021797
trained,7524,-1,0.0005503913853317499,416,0.8140900195694716,11.87122917175293,0.0015010247007012367,11.87122917175293,0.0001264422309589355
trained,6891,-1,0.0011007827706634998,312,0.6105675146771037,19.391143798828125,0.003097197040915489,19.391143798828125,0.00015972224604423097
trained,6891,-1,0.0011007827706634998,204,0.39921722113502933,18.783390045166016,0.004336334299296141,18.783390045166016,0.0002308600465022082
trained,6891,-1,0.0011007827706634998,345,0.675146771037182,17.736465454101562,0.001281223725527525,17.736465454101562,7.223669951846249e-05
trained,6891,-1,0.0011007827706634998,398,0.7788649706457925,16.800525665283203,0.0009830825729295611,16.800525665283203,5.851498890662773e-05
trained,8256,-1,0.001875407644547522,309,0.6046966731898239,44.4048957824707,0.08600558340549469,44.4048957824707,0.0019368491219260173
trained,8256,-1,0.001875407644547522,300,0.5870841487279843,42.5936164855957,0.113827183842659,42.5936164855957,0.0026724000738738173
trained,8256,-1,0.001875407644547522,93,0.18199608610567514,39.63996124267578,0.01647074520587921,39.63996124267578,0.000415508610239181
trained,8256,-1,0.001875407644547522,285,0.5577299412915852,39.251590728759766,0.033964402973651886,39.251590728759766,0.0008653000386240668
trained,6909,-1,0.0006319308304227889,205,0.40117416829745595,8.865278244018555,0.0019979162607342005,8.865278244018555,0.0002253641911445029
trained,6909,-1,0.0006319308304227889,493,0.9647749510763209,8.76398754119873,8.136892574839294e-06,8.76398754119873,9.284463877417079e-07
trained,6909,-1,0.0006319308304227889,179,0.350293542074364,8.402694702148438,0.0027820924296975136,8.402694702148438,0.00033109526506849954
trained,6909,-1,0.0006319308304227889,178,0.34833659491193736,7.955572605133057,0.0009475904516875744,7.955572605133057,0.00011911027637107788
trained,9463,-1,0.0020996411330997944,75,0.14677103718199608,23.16953468322754,0.00408396078273654,23.169536590576172,0.0001762642410551113
trained,9463,-1,0.0020996411330997944,481,0.9412915851272016,22.179182052612305,0.008230611681938171,22.179182052612305,0.00037109626777100894
trained,9463,-1,0.0020996411330997944,492,0.9628180039138943,18.024314880371094,0.0018872525542974472,18.024316787719727,0.00010470591349033903
trained,9463,-1,0.0020996411330997944,464,0.9080234833659491,17.954601287841797,0.0015151198022067547,17.954601287841797,8.438615694756412e-05
trained,3715,-1,0.0004076973127666861,317,0.6203522504892368,9.534688949584961,2.9528218874474987e-06,9.534688949584961,3.096925241149092e-07
trained,3715,-1,0.0004076973127666861,190,0.37181996086105673,8.538369178771973,1.3442740964819677e-06,8.538369178771973,1.5743920979946517e-07
trained,3715,-1,0.0004076973127666861,26,0.050880626223091974,6.202652931213379,0.014768400229513645,6.202652454376221,0.002380981416924939
trained,3715,-1,0.0004076973127666861,174,0.3405088062622309,5.899711608886719,0.00013431606930680573,5.899711608886719,2.276654830118913e-05
trained,5063,-1,0.002344259526580572,132,0.2583170254403131,14.372862815856934,0.005602541379630566,14.372862815856934,0.0003897999620124067
trained,5063,-1,0.002344259526580572,333,0.6516634050880626,13.1841459274292,0.005362451542168856,13.1841459274292,0.0004067348443870334
trained,5063,-1,0.002344259526580572,333,0.6516634050880626,12.599971771240234,0.0019403581973165274,12.599971771240234,0.00015399702733822355
trained,5063,-1,0.002344259526580572,505,0.9882583170254403,10.791570663452148,0.015477905049920082,10.791570663452148,0.0014342587870308035
trained,11567,-1,0.0004892367869615555,450,0.8806262230919765,9.364570617675781,0.0006399068515747786,9.364570617675781,6.833274879330226e-05
trained,11567,-1,0.0004892367869615555,369,0.7221135029354208,8.92346477508545,0.0004712695663329214,8.92346477508545,5.2812397225875594e-05
trained,11567,-1,0.0004892367869615555,433,0.8473581213307241,8.578819274902344,0.0008441888494417071,8.578819274902344,9.840385050556004e-05
trained,11567,-1,0.0004892367869615555,267,0.5225048923679061,8.480029106140137,0.000970112974755466,8.480029106140137,0.00011439972229022611
trained,4515,-1,0.009825505316257477,73,0.14285714285714285,23.980243682861328,0.0034476350992918015,23.980243682861328,0.00014376981088627655
trained,4515,-1,0.009825505316257477,230,0.4500978473581213,23.77324104309082,0.001412539859302342,23.77324104309082,5.941721857537242e-05
trained,4515,-1,0.009825505316257477,248,0.48532289628180036,20.897005081176758,0.05483747646212578,20.897005081176758,0.002624178739924858
trained,4515,-1,0.009825505316257477,229,0.4481409001956947,20.214279174804688,0.00198360625654459,20.214279174804688,9.812896316466134e-05
trained,14567,-1,0.007888942956924438,263,0.5146771037181996,14.278611183166504,0.006256198976188898,14.27861213684082,0.00043815175566307515
trained,14567,-1,0.007888942956924438,114,0.22309197651663404,13.081750869750977,0.00015090068336576223,13.081750869750977,1.1535205406998763e-05
trained,14567,-1,0.007888942956924438,262,0.512720156555773,12.559755325317383,0.001574341906234622,12.5597562789917,0.00012534812549412072
trained,14567,-1,0.007888942956924438,182,0.3561643835616438,12.402774810791016,0.0028008930385112762,12.402775764465332,0.00022582791882249428
trained,460,-1,0.000448467064416036,361,0.7064579256360078,22.06337547302246,0.011808179318904877,22.06337547302246,0.0005351936893492605
trained,460,-1,0.000448467064416036,502,0.9823874755381604,12.355741500854492,0.0005324757075868547,12.355742454528809,4.309540357825149e-05
trained,460,-1,0.000448467064416036,277,0.5420743639921722,7.5873284339904785,0.0014249620726332068,7.5873284339904785,0.00018780814420126036
trained,460,-1,0.000448467064416036,317,0.6203522504892368,6.0208635330200195,6.207697151694447e-05,6.020864009857178,1.031030951958289e-05
trained,7381,-1,0.0013454011641442776,358,0.700587084148728,19.81403923034668,0.011077776551246643,19.814041137695312,0.0005590871884368745
trained,7381,-1,0.0013454011641442776,337,0.6594911937377691,17.488096237182617,0.012274185195565224,17.488096237182617,0.0007018594264976798
trained,7381,-1,0.0013454011641442776,474,0.9275929549902152,11.000879287719727,0.0030906107276678085,11.000880241394043,0.0002809421300705082
trained,7381,-1,0.0013454011641442776,175,0.3424657534246575,10.49524974822998,0.0032769618555903435,10.49524974822998,0.0003122328609800831
trained,5259,-1,0.005687377881258726,28,0.0547945205479452,28.940523147583008,0.004680016078054905,28.940523147583008,0.00016171152311895095
trained,5259,-1,0.005687377881258726,194,0.3796477495107632,15.185219764709473,0.0004040449857711792,15.185219764709473,2.6607779935472635e-05
trained,5259,-1,0.005687377881258726,70,0.136986301369863,12.264366149902344,0.0017332944553345442,12.264366149902344,0.00014132768331841965
trained,5259,-1,0.005687377881258726,329,0.6438356164383562,12.062638282775879,0.0024033556692302227,12.062638282775879,0.00019923963671048233
trained,11006,-1,2.0384866729727946e-05,445,0.8708414872798435,3.939267873764038,0.0019929716363549232,3.939268112182617,0.0005059243442180136
trained,9888,-1,0.0017123287543654442,112,0.2191780821917808,9.654651641845703,0.00239440705627203,9.654651641845703,0.00024800553609765307
trained,9888,-1,0.0017123287543654442,92,0.18003913894324852,9.49363899230957,0.002520749345421791,9.49363899230957,0.000265519823058761
trained,9888,-1,0.0017123287543654442,110,0.21526418786692758,8.969582557678223,0.004068225622177124,8.969582557678223,0.00045355796616138006
trained,9888,-1,0.0017123287543654442,91,0.1780821917808219,7.768415927886963,0.0010962445521727204,7.768415927886963,0.00014111558422579245
trained,10584,-1,0.000448467064416036,206,0.40313111545988256,5.768118858337402,0.00047140102833509445,5.768118858337402,8.172526258777037e-05
trained,10584,-1,0.000448467064416036,105,0.2054794520547945,5.467133045196533,0.0013323728926479816,5.467133045196533,0.00024370595733327088
trained,10584,-1,0.000448467064416036,267,0.5225048923679061,5.429975509643555,0.0002087075263261795,5.429975509643555,3.843618188618311e-05
trained,10584,-1,0.000448467064416036,284,0.5557729941291585,4.722950458526611,0.002503962256014347,4.722950458526611,0.0005301690707963709
trained,8581,-1,0.00012230919674038887,116,0.22700587084148727,5.4966888427734375,0.00012570995022542775,5.496688365936279,2.2870125038281103e-05
trained,8581,-1,0.00012230919674038887,383,0.7495107632093934,4.522359371185303,0.002156143309548497,4.522359371185303,0.000476773987332054
trained,8581,-1,0.00012230919674038887,498,0.974559686888454,4.06487512588501,0.0008645090274512768,4.06487512588501,0.00021267788079050884
trained,8581,-1,0.00012230919674038887,314,0.6144814090019569,4.051529407501221,0.00022633184562437236,4.051529407501221,5.586331058225305e-05
trained,11898,-1,0.000978473573923111,356,0.6966731898238747,8.176716804504395,0.003359680064022541,8.176716804504395,0.0004108837500855794
trained,11898,-1,0.000978473573923111,401,0.7847358121330724,7.223466396331787,0.00440248055383563,7.223466873168945,0.0006094691968739182
trained,11898,-1,0.000978473573923111,462,0.9041095890410958,6.852946758270264,0.0010085691465064883,6.852947235107422,0.00014717305006225963
trained,11898,-1,0.000978473573923111,403,0.7886497064579256,6.554600238800049,0.00040825631003826857,6.554600715637207,6.228545837495455e-05
trained,11695,-1,0.004871983081102371,411,0.8043052837573386,13.612771034240723,0.001880818628706038,13.612771034240723,0.0001381657433284629
trained,11695,-1,0.004871983081102371,418,0.8180039138943248,13.027115821838379,0.0015626251697540283,13.027115821838379,0.00011995173690975226
trained,11695,-1,0.004871983081102371,417,0.8160469667318982,11.592338562011719,0.001613248372450471,11.592338562011719,0.00013916504972837077
trained,11695,-1,0.004871983081102371,414,0.8101761252446184,11.591934204101562,0.0003316712100058794,11.591934204101562,2.861224056020992e-05
trained,15269,-1,0.005116601474583149,394,0.7710371819960861,11.98085880279541,6.105818556534359e-06,11.98085880279541,5.096311255341504e-07
trained,15269,-1,0.005116601474583149,148,0.2896281800391389,11.784794807434082,0.0030166832730174065,11.784794807434082,0.0002559809756818526
trained,15269,-1,0.005116601474583149,378,0.7397260273972602,9.72021198272705,0.0003155674785375595,9.72021198272705,3.246508194454269e-05
trained,15269,-1,0.005116601474583149,275,0.538160469667319,9.343741416931152,0.0015000860439613461,9.343741416931152,0.00016054447324956395
trained,9038,-1,0.0029558055102825165,507,0.9921722113502935,32.10493850708008,0.0003848705964628607,32.10493850708008,1.198789389918892e-05
trained,9038,-1,0.0029558055102825165,508,0.9941291585127201,25.2393741607666,0.0030978291761130095,25.2393741607666,0.00012273795524329745
trained,9038,-1,0.0029558055102825165,100,0.19569471624266144,21.39613914489746,0.012738188728690147,21.39613914489746,0.0005953498732844025
trained,9038,-1,0.0029558055102825165,506,0.9902152641878669,21.16814613342285,0.0010708816116675735,21.16814613342285,5.058929605444923e-05
trained,8860,-1,6.115459837019444e-05,162,0.31702544031311153,4.9668097496032715,0.001955138985067606,4.9668097496032715,0.00039364080438631147
trained,8860,-1,6.115459837019444e-05,312,0.6105675146771037,4.820119380950928,2.54464139288757e-05,4.820119380950928,5.279208234849892e-06
trained,8860,-1,6.115459837019444e-05,368,0.7201565557729941,4.710442543029785,3.08093149214983e-06,4.710442543029785,6.540641275221151e-07
trained,1191,-1,0.0005300065386109054,375,0.7338551859099804,10.804871559143066,0.0005657640285789967,10.804871559143066,5.236193928656634e-05
trained,1191,-1,0.0005300065386109054,305,0.5968688845401174,10.412729263305664,0.0004049125127494335,10.412729263305664,3.8886299884540404e-05
trained,1191,-1,0.0005300065386109054,420,0.821917808219178,8.657950401306152,0.0012503035832196474,8.657950401306152,0.00014441103555305938
trained,1191,-1,0.0005300065386109054,448,0.8767123287671232,7.221992015838623,0.0029212096706032753,7.221992015838623,0.00040448807810874635
trained,3915,-1,0.006543542258441448,419,0.8199608610567515,14.837294578552246,0.002899359678849578,14.837295532226562,0.00019541025334112792
trained,3915,-1,0.006543542258441448,158,0.30919765166340507,14.79377269744873,0.0016271317144855857,14.793773651123047,0.0001099876037620776
trained,3915,-1,0.006543542258441448,109,0.21330724070450097,14.609024047851562,0.004056923091411591,14.609025001525879,0.00027769978427635345
trained,3915,-1,0.006543542258441448,110,0.21526418786692758,14.58625316619873,0.0071210721507668495,14.586254119873047,0.00048820431155554477
trained,16008,-1,0.00010192432819167152,88,0.17221135029354206,8.15516471862793,0.0008606282062828541,8.155165672302246,0.0001055316643297443
trained,16008,-1,0.00010192432819167152,478,0.9354207436399217,6.119786739349365,0.0009127750527113676,6.119787216186523,0.00014915143622920817
trained,16008,-1,0.00010192432819167152,495,0.9686888454011742,4.296969890594482,0.0017046146094799042,4.296970367431641,0.00039670150448321015
trained,16008,-1,0.00010192432819167152,415,0.812133072407045,2.4751079082489014,0.0005838428623974323,2.4751081466674805,0.00023588579884217437
trained,13146,-1,0.003710045712068677,441,0.863013698630137,45.462100982666016,0.07359759509563446,45.462100982666016,0.0016188779995824668
trained,13146,-1,0.003710045712068677,307,0.6007827788649707,43.69647216796875,0.08637190610170364,43.69647216796875,0.0019766333943319497
trained,13146,-1,0.003710045712068677,331,0.6477495107632094,43.3880500793457,0.2689216732978821,43.38805389404297,0.00619805797131648
trained,13146,-1,0.003710045712068677,65,0.12720156555772993,42.46034240722656,0.10192913562059402,42.46034622192383,0.0024005724090861106
trained,134,-1,0.002609262941405177,308,0.6027397260273972,27.072525024414062,0.001493428135290742,27.072525024414062,5.516397653872201e-05
trained,134,-1,0.002609262941405177,309,0.6046966731898239,25.589096069335938,0.00034646972198970616,25.589096069335938,1.353974056179693e-05
trained,134,-1,0.002609262941405177,232,0.45401174168297453,17.592960357666016,0.0037487877998501062,17.592960357666016,0.00021308453629389308
trained,134,-1,0.002609262941405177,391,0.7651663405088063,15.577352523803711,0.008061660453677177,15.577352523803711,0.0005175244279384558
trained,12451,-1,0.0010396281722933054,280,0.547945205479452,43.702117919921875,0.15381929278373718,43.702117919921875,0.0035197217001150813
trained,12451,-1,0.0010396281722933054,167,0.3268101761252446,42.52386474609375,0.08443644642829895,42.52386474609375,0.001985624941017509
trained,12451,-1,0.0010396281722933054,437,0.8551859099804305,37.61756896972656,0.12859401106834412,37.61756896972656,0.003418456178596563
trained,12451,-1,0.0010396281722933054,447,0.8747553816046967,31.158933639526367,0.039992112666368484,31.158933639526367,0.0012834878474671826
trained,12892,-1,0.00010192432819167152,180,0.3522504892367906,6.580052852630615,0.0019736706744879484,6.580052852630615,0.00029994754125704353
trained,12892,-1,0.00010192432819167152,412,0.8062622309197651,4.840083122253418,0.0006368273170664907,4.840083122253418,0.0001315736323077857
trained,12892,-1,0.00010192432819167152,56,0.1095890410958904,4.292200565338135,0.0013499257620424032,4.292200565338135,0.0003145066828758636
trained,12892,-1,0.00010192432819167152,46,0.09001956947162426,4.241572856903076,0.0018528203945606947,4.241572856903076,0.0004368238993101972
trained,11203,-1,0.0012842465657740831,3,0.005870841487279843,26.407575607299805,0.027144771069288254,26.407577514648438,0.001027915985638247
trained,11203,-1,0.0012842465657740831,116,0.22700587084148727,21.03887367248535,0.00018667806580197066,21.038875579833984,8.873005835963202e-06
trained,11203,-1,0.0012842465657740831,232,0.45401174168297453,19.464868545532227,0.007425536401569843,19.46487045288086,0.00038148398775861574
trained,11203,-1,0.0012842465657740831,144,0.28180039138943247,19.4134578704834,0.00042174127884209156,19.41345977783203,2.172416888429502e-05
trained,1374,-1,0.0009580887272022665,220,0.43052837573385516,12.478867530822754,0.006413319148123264,12.478867530822754,0.000513934388059044
trained,1374,-1,0.0009580887272022665,125,0.2446183953033268,12.192846298217773,0.004620800260454416,12.192846298217773,0.0003789763396861517
trained,1374,-1,0.0009580887272022665,136,0.26614481409001955,8.613433837890625,0.0005918043898418546,8.613434791564941,6.870713068164204e-05
trained,1374,-1,0.0009580887272022665,483,0.9452054794520548,7.394171714782715,0.007520707789808512,7.394172191619873,0.0010171128822685583
trained,5175,-1,0.0002853881160262972,492,0.9628180039138943,5.7370991706848145,0.0005067853489890695,5.7370991706848145,8.833477231466029e-05
trained,5175,-1,0.0002853881160262972,225,0.44031311154598823,5.4189653396606445,0.0007629438769072294,5.4189653396606445,0.00014079142956005837
trained,5175,-1,0.0002853881160262972,462,0.9041095890410958,5.415184497833252,1.3577744539361447e-05,5.415184497833252,2.507346618530585e-06
trained,5175,-1,0.0002853881160262972,71,0.13894324853228962,4.223266124725342,0.0009975818684324622,4.2232666015625,0.0002362109624013276
trained,2860,-1,0.0005707762320525944,239,0.46771037181996084,20.2872257232666,0.002227175049483776,20.287227630615234,0.00010978212942821081
trained,2860,-1,0.0005707762320525944,96,0.18786692759295498,19.98821258544922,0.005639097653329372,19.98821449279785,0.0002821211296967646
trained,2860,-1,0.0005707762320525944,178,0.34833659491193736,18.9465389251709,0.03245082497596741,18.94654083251953,0.0017127572395837737
trained,2860,-1,0.0005707762320525944,186,0.3639921722113503,17.769014358520508,0.0003770225157495588,17.76901626586914,2.1217973471820525e-05
trained,1297,-1,8.153946691891178e-05,31,0.060665362035225046,6.6500091552734375,5.2544521167874336e-05,6.650009632110596,7.90142030985264e-06
trained,1297,-1,8.153946691891178e-05,149,0.29158512720156554,5.494522571563721,4.753071698360145e-05,5.494522571563721,8.650563604851002e-06
trained,1297,-1,8.153946691891178e-05,72,0.14090019569471623,4.375241756439209,0.0010546445846557617,4.375241756439209,0.00024104829935479597
trained,1297,-1,8.153946691891178e-05,341,0.6673189823874756,2.9801244735717773,0.0004746690974570811,2.9801244735717773,0.00015927827903381987
trained,3777,-1,0.0010396281722933054,310,0.6066536203522505,9.422271728515625,0.0008286051452159882,9.422271728515625,8.794112174756032e-05
trained,3777,-1,0.0010396281722933054,202,0.3953033268101761,9.268900871276855,0.0009221942164003849,9.268899917602539,9.949338374547003e-05
trained,3777,-1,0.0010396281722933054,113,0.22113502935420742,8.780134201049805,0.0022909995168447495,8.780134201049805,0.00026092989746908697
trained,3777,-1,0.0010396281722933054,462,0.9041095890410958,8.349532127380371,0.0023946433793753386,8.349531173706055,0.0002867997411539028
trained,9350,-1,0.0010396281722933054,29,0.05675146771037182,32.74796676635742,0.014152590185403824,32.74796676635742,0.00043216698875922385
trained,9350,-1,0.0010396281722933054,322,0.6301369863013698,31.612995147705078,0.008931716904044151,31.612995147705078,0.0002825330805357917
trained,9350,-1,0.0010396281722933054,404,0.7906066536203522,28.148571014404297,0.0030735586769878864,28.148571014404297,0.00010919057579921457
trained,9350,-1,0.0010396281722933054,478,0.9354207436399217,27.92157745361328,0.01245780661702156,27.92157745361328,0.00044617130381397624
trained,15805,-1,0.0003057729918509722,357,0.6986301369863014,4.763590335845947,0.00012881215661764145,4.763590335845947,2.7040981179328512e-05
trained,15805,-1,0.0003057729918509722,300,0.5870841487279843,4.607863426208496,0.0009377435781061649,4.607863426208496,0.00020350941236072434
trained,15805,-1,0.0003057729918509722,78,0.15264187866927592,4.470539569854736,0.0004861366469413042,4.470539569854736,0.00010874227581372253
trained,15805,-1,0.0003057729918509722,254,0.49706457925636005,4.305065631866455,0.0005882616387680173,4.305066108703613,0.0001366440430679381
trained,13725,-1,0.0006727005820721388,331,0.6477495107632094,48.859092712402344,0.005920982453972101,48.85909652709961,0.00012118485348348672
trained,13725,-1,0.0006727005820721388,450,0.8806262230919765,40.6276969909668,0.020142070949077606,40.62770080566406,0.0004957718637691042
trained,13725,-1,0.0006727005820721388,329,0.6438356164383562,32.289981842041016,0.0047598471865057945,32.28998565673828,0.00014740939302685966
trained,13725,-1,0.0006727005820721388,330,0.6457925636007827,32.04353332519531,0.0005962843424640596,32.04353332519531,1.860857029755863e-05
trained,11885,-1,0.012312458828091621,473,0.9256360078277887,22.37015724182129,0.05954170227050781,22.37015724182129,0.0026616577445952795
trained,11885,-1,0.012312458828091621,201,0.3933463796477495,16.85862159729004,0.0022054556757211685,16.85862159729004,0.00013082064052470857
trained,11885,-1,0.012312458828091621,475,0.9295499021526419,15.547500610351562,0.00679096719250083,15.547500610351562,0.000436788353491325
trained,11885,-1,0.012312458828091621,169,0.33072407045009783,14.967423439025879,8.095499651972204e-05,14.967422485351562,5.408746669571981e-06
trained,13815,-1,0.0032615785021334887,466,0.9119373776908023,28.942310333251953,0.16818174719810486,28.942310333251953,0.0058109302699612085
trained,13815,-1,0.0032615785021334887,371,0.726027397260274,26.778358459472656,0.02313876897096634,26.778358459472656,0.0008640846676985595
trained,13815,-1,0.0032615785021334887,189,0.3698630136986301,24.53337287902832,0.008438445627689362,24.53337287902832,0.0003439578271319854
trained,13815,-1,0.0032615785021334887,146,0.2857142857142857,21.777355194091797,0.008029460906982422,21.777355194091797,0.0003687068900433243
trained,14666,-1,0.0033431181218475103,68,0.13307240704500978,12.148427963256836,0.0032886452972888947,12.14842700958252,0.0002707054415106462
trained,14666,-1,0.0033431181218475103,360,0.7045009784735812,11.657320022583008,0.0004421630874276161,11.657319068908691,3.793008365078657e-05
trained,14666,-1,0.0033431181218475103,47,0.09197651663405088,11.211201667785645,0.0025826385244727135,11.211201667785645,0.0002303623287674583
trained,14666,-1,0.0033431181218475103,221,0.4324853228962818,10.742487907409668,0.030615026131272316,10.742487907409668,0.00284990091635621
trained,10210,-1,0.0030577299185097218,458,0.8962818003913894,19.35248374938965,0.005224029067903757,19.35248374938965,0.0002699410130272563
trained,10210,-1,0.0030577299185097218,457,0.8943248532289628,15.837431907653809,3.913399268640205e-06,15.837431907653809,2.4709809591976614e-07
trained,10210,-1,0.0030577299185097218,369,0.7221135029354208,13.017056465148926,0.005694740451872349,13.017056465148926,0.00043748296453342584
trained,10210,-1,0.0030577299185097218,368,0.7201565557729941,12.090971946716309,4.884906047664117e-06,12.090972900390625,4.040126537299823e-07
trained,5004,-1,0.01439171563833952,314,0.6144814090019569,18.170207977294922,0.005674690008163452,18.170207977294922,0.0003123073778381852
trained,5004,-1,0.01439171563833952,308,0.6027397260273972,17.285781860351562,0.0031146295368671417,17.285781860351562,0.0001801844754278182
trained,5004,-1,0.01439171563833952,459,0.898238747553816,15.951802253723145,0.007074159570038319,15.951802253723145,0.0004434708666468839
trained,5004,-1,0.01439171563833952,14,0.0273972602739726,14.751541137695312,0.004784110467880964,14.751541137695312,0.000324312586951061
trained,5499,-1,0.0005911611369810998,360,0.7045009784735812,13.901004791259766,0.0018077464774250984,13.901004791259766,0.00013004430288102024
trained,5499,-1,0.0005911611369810998,467,0.913894324853229,10.598403930664062,0.002216791035607457,10.598403930664062,0.00020916272394503463
trained,5499,-1,0.0005911611369810998,257,0.50293542074364,9.750677108764648,0.0068674832582473755,9.750678062438965,0.0007043082762317755
trained,5499,-1,0.0005911611369810998,361,0.7064579256360078,9.458958625793457,0.00043292317423038185,9.458959579467773,4.576858274879541e-05
frozen,7904,-1,0.004933137446641922,473,0.9256360078277887,15.287928581237793,0.0017186792101711035,15.28792953491211,0.00011242066535211723
frozen,7904,-1,0.004933137446641922,464,0.9080234833659491,11.53319263458252,1.2538963346742094e-05,11.53319263458252,1.0872066169382925e-06
frozen,7904,-1,0.004933137446641922,305,0.5968688845401174,11.330686569213867,0.00326522346585989,11.330686569213867,0.0002881752527452036
frozen,7904,-1,0.004933137446641922,435,0.8512720156555773,10.59110164642334,6.624379602726549e-05,10.59110164642334,6.254665306666781e-06
frozen,87,-1,0.012230919674038887,422,0.8258317025440313,10.78382396697998,0.0005243541672825813,10.783824920654297,4.862413579047301e-05
frozen,87,-1,0.012230919674038887,261,0.5107632093933464,9.374887466430664,0.0028305724263191223,9.37488842010498,0.00030193131901696017
frozen,87,-1,0.012230919674038887,247,0.48336594911937375,7.994697093963623,0.001301062060520053,7.994697570800781,0.00016274062264368222
frozen,87,-1,0.012230919674038887,251,0.4911937377690802,7.848176956176758,0.00017946225125342607,7.848177433013916,2.2866742346892586e-05
frozen,12729,-1,0.004871983081102371,270,0.5283757338551859,13.710160255432129,0.0017706253565847874,13.710160255432129,0.00012914694821916794
frozen,12729,-1,0.004871983081102371,144,0.28180039138943247,10.583813667297363,0.0008708738023415208,10.583813667297363,8.22835538981955e-05
frozen,12729,-1,0.004871983081102371,423,0.8277886497064579,10.442208290100098,1.3408760423772037e-05,10.442207336425781,1.284092528693427e-06
frozen,12729,-1,0.004871983081102371,476,0.9315068493150684,10.379791259765625,0.00014376986655406654,10.379791259765625,1.3850940058048224e-05
frozen,13033,-1,0.002935420721769333,77,0.1506849315068493,16.3842716217041,0.005020254757255316,16.3842716217041,0.00030640695376442785
frozen,13033,-1,0.002935420721769333,122,0.23874755381604695,16.26889991760254,0.0017308657988905907,16.26889991760254,0.00010639107792517905
frozen,13033,-1,0.002935420721769333,82,0.16046966731898238,15.84472370147705,0.0018876040121540427,15.84472370147705,0.00011913139337217219
frozen,13033,-1,0.002935420721769333,184,0.36007827788649704,15.359445571899414,0.00748145766556263,15.359445571899414,0.0004870916486237101
frozen,6888,-1,0.011170906946063042,292,0.5714285714285714,23.1748104095459,0.007883675396442413,23.1748104095459,0.0003401829511060449
frozen,6888,-1,0.011170906946063042,213,0.41682974559686886,21.1019287109375,0.018913015723228455,21.1019287109375,0.0008962695297812046
frozen,6888,-1,0.011170906946063042,510,0.9980430528375733,20.570743560791016,0.0031373053789138794,20.570743560791016,0.00015251297891310834
frozen,6888,-1,0.011170906946063042,324,0.6340508806262231,19.76825523376465,0.00786881148815155,19.76825523376465,0.000398052908316938
frozen,6845,-1,0.006074690259993076,458,0.8962818003913894,12.228288650512695,2.7499992938828655e-05,12.228289604187012,2.248883026896301e-06
frozen,6845,-1,0.006074690259993076,49,0.0958904109589041,11.864107131958008,0.0039976611733436584,11.864108085632324,0.00033695421050528924
frozen,6845,-1,0.006074690259993076,136,0.26614481409001955,11.375970840454102,0.00024254005984403193,11.375970840454102,2.132038339809513e-05
frozen,6845,-1,0.006074690259993076,269,0.5264187866927593,10.883621215820312,0.007699381560087204,10.883621215820312,0.0007074282913204906
frozen,12868,-1,0.003669275902211666,485,0.949119373776908,14.340544700622559,0.005507044494152069,14.340544700622559,0.000384019199348334
frozen,12868,-1,0.003669275902211666,452,0.8845401174168297,12.686982154846191,0.0005333574954420328,12.686981201171875,4.203974822574558e-05
frozen,12868,-1,0.003669275902211666,72,0.14090019569471623,10.417235374450684,0.0015451835934072733,10.417235374450684,0.00014832952677607642
frozen,12868,-1,0.003669275902211666,68,0.13307240704500978,9.976394653320312,0.001672585029155016,9.976394653320312,0.00016765425660043946
frozen,13032,-1,0.0014677103608846664,432,0.8454011741682974,27.260549545288086,0.0017994263907894492,27.260549545288086,6.600844153196741e-05
frozen,13032,-1,0.0014677103608846664,249,0.487279843444227,23.905126571655273,0.029218221083283424,23.905126571655273,0.0012222575352488609
frozen,13032,-1,0.0014677103608846664,349,0.6829745596868885,13.812578201293945,0.006001436151564121,13.812577247619629,0.0004344906851180413
frozen,13032,-1,0.0014677103608846664,281,0.5499021526418787,13.622547149658203,0.007583011873066425,13.622547149658203,0.0005566515417240958
frozen,5056,-1,0.002058871556073427,1,0.0019569471624266144,44.38349533081055,0.02607562020421028,44.38349914550781,0.0005875070849804656
frozen,5056,-1,0.002058871556073427,1,0.0019569471624266144,44.38349533081055,0.02607562020421028,44.38349914550781,0.0005875070849804656
frozen,5056,-1,0.002058871556073427,1,0.0019569471624266144,44.38349533081055,0.02607562020421028,44.38349914550781,0.0005875070849804656
frozen,5056,-1,0.002058871556073427,1,0.0019569471624266144,44.38349533081055,0.02607562020421028,44.38349914550781,0.0005875070849804656
frozen,10666,-1,0.004056588280946016,291,0.5694716242661448,19.439306259155273,0.003249294590204954,19.439306259155273,0.0001671507484313975
frozen,10666,-1,0.004056588280946016,264,0.5166340508806262,13.368793487548828,0.001157960738055408,13.368793487548828,8.661669724600708e-05
frozen,10666,-1,0.004056588280946016,59,0.11545988258317025,13.278706550598145,0.00047371123218908906,13.278706550598145,3.567450115596918e-05
frozen,10666,-1,0.004056588280946016,212,0.41487279843444225,11.343122482299805,3.464742621872574e-05,11.343121528625488,3.0544877907981093e-06
frozen,13598,-1,0.004015818703919649,355,0.6947162426614482,22.164670944213867,0.004537598229944706,22.1646728515625,0.00020472209359159694
frozen,13598,-1,0.004015818703919649,397,0.776908023483366,20.01285171508789,0.0041826264932751656,20.012853622436523,0.00020899700623333394
frozen,13598,-1,0.004015818703919649,408,0.7984344422700587,19.130647659301758,0.0029348989482969046,19.13064956665039,0.00015341344987120474
frozen,13598,-1,0.004015818703919649,171,0.33463796477495106,18.457294464111328,0.003559536300599575,18.45729637145996,0.00019285252991351398
frozen,14469,-1,0.0013046314707025886,269,0.5264187866927593,33.598636627197266,0.013920948840677738,33.598636627197266,0.0004143307657135431
frozen,14469,-1,0.0013046314707025886,268,0.5244618395303327,25.9935302734375,0.008198061026632786,25.993532180786133,0.00031538849624648623
frozen,14469,-1,0.0013046314707025886,135,0.26418786692759294,25.844053268432617,0.0007190208416432142,25.84405517578125,2.7821517821128035e-05
frozen,14469,-1,0.0013046314707025886,118,0.2309197651663405,23.013368606567383,0.0002673992421478033,23.013368606567383,1.161930036055195e-05
frozen,2009,-1,0.004464285913854837,455,0.8904109589041096,22.438806533813477,0.0014583476586267352,22.43880844116211,6.499220591194669e-05
frozen,2009,-1,0.004464285913854837,409,0.8003913894324853,22.22557258605957,0.022640753537416458,22.225574493408203,0.001018680239025155
frozen,2009,-1,0.004464285913854837,79,0.15459882583170254,21.68601417541504,0.015075618401169777,21.686016082763672,0.000695176944609576
frozen,2009,-1,0.004464285913854837,368,0.7201565557729941,21.60459327697754,0.001779322512447834,21.604595184326172,8.235852128989241e-05
frozen,7912,-1,0.000896934128832072,247,0.48336594911937375,26.18414878845215,0.0016362960450351238,26.18414878845215,6.249185559764198e-05
frozen,7912,-1,0.000896934128832072,109,0.21330724070450097,17.420204162597656,0.0003016077389474958,17.420204162597656,1.731367417582096e-05
frozen,7912,-1,0.000896934128832072,273,0.5342465753424658,15.635663986206055,0.0017841299995779991,15.635663986206055,0.00011410644288288474
frozen,7912,-1,0.000896934128832072,403,0.7886497064579256,15.02103042602539,0.0034260267857462168,15.02103042602539,0.00022808200826291474
frozen,341,-1,0.0026500325184315443,414,0.8101761252446184,12.866429328918457,0.0024588871747255325,12.866430282592773,0.00019110873184866246
frozen,341,-1,0.0026500325184315443,374,0.7318982387475538,12.241055488586426,0.004071660339832306,12.241056442260742,0.00033262327961951053
frozen,341,-1,0.0026500325184315443,369,0.7221135029354208,11.346882820129395,0.0014247988583520055,11.346883773803711,0.00012556741452145705
frozen,341,-1,0.0026500325184315443,317,0.6203522504892368,11.019786834716797,0.004094022326171398,11.019787788391113,0.0003715155323121812
frozen,11328,-1,0.004810828249901533,324,0.6340508806262231,14.532341003417969,0.005809208378195763,14.532341003417969,0.00039974346712821093
frozen,11328,-1,0.004810828249901533,233,0.45596868884540115,13.766369819641113,0.004191753454506397,13.76637077331543,0.00030449226768115546
frozen,11328,-1,0.004810828249901533,11,0.021526418786692758,12.404459953308105,0.00016426818910986185,12.404459953308105,1.3242671565564907e-05
frozen,11328,-1,0.004810828249901533,344,0.6731898238747553,11.615265846252441,0.0015415980014950037,11.615265846252441,0.00013272171484498445
frozen,12560,-1,0.008785877376794815,375,0.7338551859099804,10.561152458190918,0.0004398528835736215,10.561153411865234,4.1648186180067794e-05
frozen,12560,-1,0.008785877376794815,363,0.7103718199608611,9.810683250427246,0.00010405108332633972,9.810684204101562,1.0605894671733392e-05
frozen,12560,-1,0.008785877376794815,79,0.15459882583170254,9.429827690124512,0.0013620324898511171,9.429828643798828,0.00014443873174162147
frozen,12560,-1,0.008785877376794815,80,0.15655577299412915,8.996399879455566,0.0034630587324500084,8.996400833129883,0.000384938243269136
frozen,16195,-1,0.01643020287156105,126,0.2465753424657534,12.103203773498535,0.003965182229876518,12.103202819824219,0.00032761429258888573
frozen,16195,-1,0.01643020287156105,378,0.7397260273972602,10.34371566772461,0.005971085280179977,10.343714714050293,0.0005772670114411805
frozen,16195,-1,0.01643020287156105,360,0.7045009784735812,8.379049301147461,0.0022284407168626785,8.379048347473145,0.00026595391558215624
frozen,16195,-1,0.01643020287156105,273,0.5342465753424658,8.119368553161621,0.0021628709509968758,8.119367599487305,0.0002663841640983775
frozen,7795,-1,0.007888942956924438,488,0.9549902152641878,13.797662734985352,0.0023780055344104767,13.797661781311035,0.000172348443678442
frozen,7795,-1,0.007888942956924438,367,0.7181996086105675,13.182623863220215,0.0024193718563765287,13.182622909545898,0.00018352735058700613
frozen,7795,-1,0.007888942956924438,442,0.8649706457925636,11.676095008850098,0.0005079393740743399,11.676094055175781,4.350250791695022e-05
frozen,7795,-1,0.007888942956924438,368,0.7201565557729941,11.180460929870605,0.0011266928631812334,11.180459976196289,0.00010077339086048464
frozen,4567,-1,0.002181180752813816,372,0.7279843444227005,16.687286376953125,0.007956625893712044,16.687284469604492,0.00047680770997850827
frozen,4567,-1,0.002181180752813816,141,0.2759295499021526,9.58673095703125,0.004163885023444891,9.586730003356934,0.0004343384054820409
frozen,4567,-1,0.002181180752813816,355,0.6947162426614482,8.186941146850586,0.0017457474023103714,8.18694019317627,0.00021323563640606949
frozen,4567,-1,0.002181180752813816,87,0.17025440313111545,8.046151161193848,2.8475926228566095e-05,8.046150207519531,3.5390746498808727e-06
frozen,6939,-1,0.004505055490881205,49,0.0958904109589041,19.822786331176758,0.008917076513171196,19.822786331176758,0.0004498397129543112
frozen,6939,-1,0.004505055490881205,114,0.22309197651663404,19.655536651611328,0.004207352176308632,19.655536651611328,0.00021405430189379846
frozen,6939,-1,0.004505055490881205,482,0.9432485322896281,18.93158531188965,0.0013790079392492771,18.93158531188965,7.284165147982697e-05
frozen,6939,-1,0.004505055490881205,86,0.16829745596868884,18.710712432861328,0.01670110784471035,18.710712432861328,0.0008925960411522577
frozen,228,-1,0.006665851455181837,476,0.9315068493150684,20.91638946533203,0.003947068937122822,20.916391372680664,0.0001887069746781546
frozen,228,-1,0.006665851455181837,374,0.7318982387475538,19.29460334777832,0.004724062513560057,19.29460334777832,0.000244838540000565
frozen,228,-1,0.006665851455181837,406,0.7945205479452054,17.137584686279297,0.0062167588621377945,17.137584686279297,0.0003627558361310424
frozen,228,-1,0.006665851455181837,346,0.6771037181996086,15.175612449645996,0.005521849729120731,15.175613403320312,0.000363863363039585
frozen,237,-1,0.0017734833527356386,407,0.7964774951076321,12.366983413696289,0.0014253922272473574,12.366984367370605,0.00011525786601688862
frozen,237,-1,0.0017734833527356386,242,0.4735812133072407,8.988682746887207,0.003967713564634323,8.988682746887207,0.0004414121263772879
frozen,237,-1,0.0017734833527356386,414,0.8101761252446184,8.3981351852417,0.0006438391283154488,8.3981351852417,7.666453493709973e-05
frozen,237,-1,0.0017734833527356386,425,0.8317025440313112,8.202071189880371,0.0020534791983664036,8.202071189880371,0.00025036105525394177
frozen,14374,-1,0.005401989445090294,436,0.8532289628180039,11.79462718963623,0.0009955684654414654,11.79462718963623,8.4408642124463e-05
frozen,14374,-1,0.005401989445090294,366,0.7162426614481409,10.268819808959961,0.0013991538435220718,10.268819808959961,0.00013625264339542248
frozen,14374,-1,0.005401989445090294,125,0.2446183953033268,10.217711448669434,0.0019970587454736233,10.217711448669434,0.00019545068927677374
frozen,14374,-1,0.005401989445090294,405,0.7925636007827789,10.118942260742188,0.0008088908507488668,10.118941307067871,7.993828862154515e-05
frozen,8835,-1,0.006523157004266977,161,0.3150684931506849,13.459029197692871,0.008613310754299164,13.459028244018555,0.0006399652781861931
frozen,8835,-1,0.006523157004266977,191,0.37377690802348335,13.2910795211792,0.01039622351527214,13.291078567504883,0.0007821956256198559
frozen,8835,-1,0.006523157004266977,113,0.22113502935420742,12.415231704711914,0.00412051472812891,12.415230751037598,0.0003318919165303907
frozen,8835,-1,0.006523157004266977,471,0.9217221135029354,12.294382095336914,0.002064233645796776,12.294382095336914,0.0001679005605804061
frozen,6388,-1,0.001916177454404533,243,0.4755381604696673,36.8475227355957,0.005450010299682617,36.84752655029297,0.00014790708657863184
frozen,6388,-1,0.001916177454404533,438,0.8571428571428571,34.34670639038086,0.0022979401983320713,34.34671401977539,6.690422254102719e-05
frozen,6388,-1,0.001916177454404533,381,0.7455968688845401,33.569244384765625,0.02008908800780773,33.56924819946289,0.0005984372330426262
frozen,6388,-1,0.001916177454404533,393,0.7690802348336595,30.857383728027344,0.012690601870417595,30.85738754272461,0.0004112662438726028
frozen,8910,-1,0.0007950097788125277,442,0.8649706457925636,41.81251907348633,0.021304991096258163,41.81251907348633,0.0005095361764454856
frozen,8910,-1,0.0007950097788125277,48,0.09393346379647749,35.14411163330078,0.005765389185398817,35.14411163330078,0.00016404993375720517
frozen,8910,-1,0.0007950097788125277,507,0.9921722113502935,34.48278045654297,0.006667711306363344,34.48278045654297,0.00019336350543907988
frozen,8910,-1,0.0007950097788125277,395,0.7729941291585127,33.41193389892578,0.011652613990008831,33.41193389892578,0.0003487560470237693
frozen,5927,-1,0.0011211676755920053,306,0.598825831702544,7.5782365798950195,0.0010406551882624626,7.578236103057861,0.00013732155796024252
frozen,5927,-1,0.0011211676755920053,107,0.20939334637964774,7.476715564727783,0.0005441816756501794,7.476715087890625,7.27835244827695e-05
frozen,5927,-1,0.0011211676755920053,412,0.8062622309197651,7.369702339172363,0.00022945483215153217,7.369701862335205,3.1134886653179456e-05
frozen,5927,-1,0.0011211676755920053,308,0.6027397260273972,7.333759784698486,0.00014040243695490062,7.333759307861328,1.914467479242168e-05
frozen,7161,-1,0.0011823222739621997,17,0.033268101761252444,23.572185516357422,0.00010419754835311323,23.572185516357422,4.420360101137314e-06
frozen,7161,-1,0.0011823222739621997,31,0.060665362035225046,21.271116256713867,2.7235681045567617e-05,21.271116256713867,1.2804067598930608e-06
frozen,7161,-1,0.0011823222739621997,327,0.639921722113503,17.703659057617188,0.0023867818526923656,17.703659057617188,0.0001348185617969991
frozen,7161,-1,0.0011823222739621997,252,0.4931506849315068,17.337261199951172,0.0013205960858613253,17.337261199951172,7.617097479416441e-05
frozen,1415,-1,0.00034654271439649165,481,0.9412915851272016,7.088131427764893,0.00023349795083049685,7.088132381439209,3.294209789900768e-05
frozen,1415,-1,0.00034654271439649165,81,0.15851272015655576,6.010744094848633,0.0008701508631929755,6.010745048522949,0.00014476589111141923
frozen,1415,-1,0.00034654271439649165,130,0.25440313111545987,5.861123561859131,0.0002014513302128762,5.861124038696289,3.437076725946338e-05
frozen,1415,-1,0.00034654271439649165,482,0.9432485322896281,5.619113922119141,0.0021332772448658943,5.619114875793457,0.0003796464909546205
frozen,6930,-1,0.002425799146294594,448,0.8767123287671232,19.516122817993164,0.002034716308116913,19.516122817993164,0.00010425822419199871
frozen,6930,-1,0.002425799146294594,449,0.8786692759295499,14.894722938537598,0.0008002622053027153,14.894722938537598,5.372790139198703e-05
frozen,6930,-1,0.002425799146294594,324,0.6340508806262231,14.46543025970459,0.0019447158556431532,14.465429306030273,0.00013443886209671288
frozen,6930,-1,0.002425799146294594,495,0.9686888454011742,12.146893501281738,0.006426062434911728,12.146893501281738,0.0005290292891951058
frozen,4903,-1,0.002853881334885955,388,0.7592954990215264,31.00921630859375,0.007132414728403091,31.009214401245117,0.0002300095267204416
frozen,4903,-1,0.002853881334885955,79,0.15459882583170254,26.730302810668945,0.022493792697787285,26.730300903320312,0.0008415091464605702
frozen,4903,-1,0.002853881334885955,314,0.6144814090019569,26.186962127685547,0.004190708976238966,26.186962127685547,0.00016003035998621764
frozen,4903,-1,0.002853881334885955,342,0.6692759295499021,25.85992431640625,0.0050385817885398865,25.85992431640625,0.00019484131998573836
frozen,14128,-1,0.00570776266977191,338,0.6614481409001957,22.241037368774414,0.007142825052142143,22.241037368774414,0.00032115521114003444
frozen,14128,-1,0.00570776266977191,474,0.9275929549902152,22.038820266723633,0.0032287794165313244,22.038820266723633,0.00014650418568032208
frozen,14128,-1,0.00570776266977191,474,0.9275929549902152,19.983596801757812,0.013006436638534069,19.983596801757812,0.0006508556376292573
frozen,14128,-1,0.00570776266977191,451,0.8825831702544031,17.94546127319336,0.007458317093551159,17.94546127319336,0.00041561021920859026
frozen,8325,-1,0.0001426940580131486,122,0.23874755381604695,6.287896633148193,0.0007223286665976048,6.287897109985352,0.00011487603151942916
frozen,8325,-1,0.0001426940580131486,121,0.23679060665362034,6.216808795928955,0.000969497486948967,6.216808795928955,0.0001559477730091743
frozen,8325,-1,0.0001426940580131486,126,0.2465753424657534,6.179638385772705,0.0007971960585564375,6.179638385772705,0.00012900367445315423
frozen,8325,-1,0.0001426940580131486,109,0.21330724070450097,5.23415470123291,0.00046122469939291477,5.23415470123291,8.811827806393893e-05
frozen,3259,-1,0.001365786069072783,492,0.9628180039138943,8.670567512512207,0.0003201803774572909,8.670567512512207,3.6927268831624836e-05
frozen,3259,-1,0.001365786069072783,172,0.33659491193737767,7.613658428192139,0.007598427589982748,7.6136579513549805,0.000997999599999167
frozen,3259,-1,0.001365786069072783,291,0.5694716242661448,7.494392395019531,0.0003875811817124486,7.494391918182373,5.171616135688421e-05
frozen,3259,-1,0.001365786069072783,458,0.8962818003913894,7.28662109375,0.001600555027835071,7.286620616912842,0.0002196566984865456
frozen,5910,-1,0.005055446643382311,308,0.6027397260273972,16.13588523864746,0.015458684414625168,16.13588523864746,0.000958031380738857
frozen,5910,-1,0.005055446643382311,82,0.16046966731898238,15.968291282653809,0.0025776345282793045,15.968292236328125,0.0001614220537882657
frozen,5910,-1,0.005055446643382311,21,0.0410958904109589,15.512327194213867,0.0015094832051545382,15.512328147888184,9.730861742761908e-05
frozen,5910,-1,0.005055446643382311,178,0.34833659491193736,15.45143985748291,0.007773883640766144,15.451441764831543,0.0005031170397612987
frozen,15921,-1,0.0008357795304618776,304,0.5949119373776908,8.96623420715332,2.6667912607081234e-06,8.966235160827637,2.9742597789080994e-07
frozen,15921,-1,0.0008357795304618776,304,0.5949119373776908,8.913907051086426,0.0050009130500257015,8.913908004760742,0.0005610236326597507
frozen,15921,-1,0.0008357795304618776,420,0.821917808219178,8.67383098602295,0.001380793284624815,8.673831939697266,0.0001591906892160753
frozen,15921,-1,0.0008357795304618776,229,0.4481409001956947,8.505197525024414,1.107770367525518e-05,8.50519847869873,1.3024626883193011e-06
frozen,11336,-1,0.00042808218859136105,31,0.060665362035225046,16.870515823364258,7.579324301332235e-05,16.870515823364258,4.492645263896142e-06
frozen,11336,-1,0.00042808218859136105,17,0.033268101761252444,16.109689712524414,3.0292356314021163e-05,16.109689712524414,1.88038111562574e-06
frozen,11336,-1,0.00042808218859136105,166,0.324853228962818,8.175067901611328,0.002092065056785941,8.175067901611328,0.0002559079731158673
frozen,11336,-1,0.00042808218859136105,88,0.17221135029354206,7.942929744720459,0.0006697133649140596,7.942929744720459,8.431566014532706e-05
frozen,12432,-1,0.00538160465657711,228,0.4461839530332681,25.092140197753906,0.01640153117477894,25.092140197753906,0.0006536521414879988
frozen,12432,-1,0.00538160465657711,442,0.8649706457925636,21.699357986450195,0.00165516696870327,21.699357986450195,7.627723224515728e-05
frozen,12432,-1,0.00538160465657711,504,0.9863013698630136,21.024391174316406,0.010853932239115238,21.024391174316406,0.0005162542947913995
frozen,12432,-1,0.00538160465657711,436,0.8532289628180039,19.71944236755371,0.012575027532875538,19.71944236755371,0.0006376969134566623
frozen,9813,-1,0.004729289095848799,341,0.6673189823874756,13.568604469299316,0.008152060210704803,13.568607330322266,0.0006008030162747134
frozen,9813,-1,0.004729289095848799,421,0.8238747553816047,13.507856369018555,0.0003965916112065315,13.507859230041504,2.9360063978495648e-05
frozen,9813,-1,0.004729289095848799,297,0.5812133072407045,13.413883209228516,0.002059072023257613,13.413886070251465,0.00015350302011466336
frozen,9813,-1,0.004729289095848799,212,0.41487279843444225,12.92451000213623,0.002815932733938098,12.92451286315918,0.00021787534770187003
frozen,10623,-1,0.007175473030656576,103,0.20156555772994128,17.19484519958496,0.0015365189174190164,17.19484519958496,8.935927596813166e-05
frozen,10623,-1,0.007175473030656576,343,0.6712328767123288,16.594924926757812,7.732267840765417e-05,16.594924926757812,4.659417186213259e-06
frozen,10623,-1,0.007175473030656576,135,0.26418786692759294,15.242890357971191,0.0012495184782892466,15.242890357971191,8.197385462631878e-05
frozen,10623,-1,0.007175473030656576,491,0.9608610567514677,14.981679916381836,0.001902182586491108,14.981679916381836,0.00012696724246599018
frozen,13413,-1,0.016226353123784065,349,0.6829745596868885,11.904696464538574,0.001551528461277485,11.90469741821289,0.00013032909672309816
frozen,13413,-1,0.016226353123784065,506,0.9902152641878669,11.529975891113281,0.00019870256073772907,11.529976844787598,1.723356112614895e-05
frozen,13413,-1,0.016226353123784065,14,0.0273972602739726,10.305322647094727,0.0008400763617828488,10.305323600769043,8.151867853234201e-05
frozen,13413,-1,0.016226353123784065,104,0.2035225048923679,9.864401817321777,0.00037091830745339394,9.864402770996094,3.760169936937187e-05
frozen,5302,-1,0.0012027070624753833,119,0.2328767123287671,10.145621299743652,0.002305835485458374,10.145621299743652,0.00022727395566367485
frozen,5302,-1,0.0012027070624753833,237,0.4637964774951076,9.647194862365723,0.0016943770460784435,9.647194862365723,0.00017563416829987632
frozen,5302,-1,0.0012027070624753833,123,0.24070450097847357,9.584622383117676,0.0013148414436727762,9.584622383117676,0.00013718239395521037
frozen,5302,-1,0.0012027070624753833,487,0.9530332681017613,9.300580024719238,0.0013588005676865578,9.300580024719238,0.00014609847601709943
frozen,13336,-1,0.007420091424137354,188,0.3679060665362035,7.834503650665283,0.0019340799190104008,7.834504127502441,0.00024686692195629304
frozen,13336,-1,0.007420091424137354,121,0.23679060665362034,6.645581245422363,0.0014711134135723114,6.6455817222595215,0.00022136713910909933
frozen,13336,-1,0.007420091424137354,58,0.11350293542074363,6.482705116271973,0.001771525014191866,6.482705593109131,0.00027326939172973234
frozen,13336,-1,0.007420091424137354,314,0.6144814090019569,6.387478351593018,0.0015477630076929927,6.387478828430176,0.00024231203723196998
frozen,4892,-1,0.012740541249513626,332,0.649706457925636,7.927742958068848,0.0006133389542810619,7.927742958068848,7.736615043211085e-05
frozen,4892,-1,0.012740541249513626,463,0.9060665362035225,6.977323532104492,0.0004147019935771823,6.977323532104492,5.943568356390955e-05
frozen,4892,-1,0.012740541249513626,195,0.3816046966731898,6.907662868499756,5.549253546632826e-05,6.907662868499756,8.033474783401009e-06
frozen,4892,-1,0.012740541249513626,337,0.6594911937377691,6.78155517578125,0.0016566466074436903,6.781555652618408,0.0002442871064258017
frozen,5005,-1,0.0039954339154064655,368,0.7201565557729941,29.128917694091797,0.0006153292488306761,29.128915786743164,2.112434439151759e-05
frozen,5005,-1,0.0039954339154064655,328,0.6418786692759295,24.959972381591797,0.0003143139183521271,24.959972381591797,1.2592718996113009e-05
frozen,5005,-1,0.0039954339154064655,229,0.4481409001956947,24.189653396606445,0.0009401898714713752,24.189651489257812,3.886744180208204e-05
frozen,5005,-1,0.0039954339154064655,493,0.9647749510763209,23.730661392211914,0.00015172309940680861,23.73065948486328,6.393547533037839e-06
frozen,13911,-1,0.006360078230500221,309,0.6046966731898239,13.383551597595215,0.00612574303522706,13.383552551269531,0.00045770680181966985
frozen,13911,-1,0.006360078230500221,143,0.27984344422700586,13.098567008972168,0.0012492189416661859,13.098567962646484,9.537065007629956e-05
frozen,13911,-1,0.006360078230500221,24,0.046966731898238745,12.871907234191895,0.00216881837695837,12.871907234191895,0.00016849238714192224
frozen,13911,-1,0.006360078230500221,387,0.7573385518590998,12.094901084899902,0.0020465380512177944,12.094901084899902,0.00016920667948023418
frozen,12319,-1,0.004117743112146854,509,0.9960861056751468,16.633642196655273,0.002122031059116125,16.633642196655273,0.00012757464865649373
frozen,12319,-1,0.004117743112146854,479,0.9373776908023483,15.347941398620605,0.0005103536532260478,15.347941398620605,3.325225448618899e-05
frozen,12319,-1,0.004117743112146854,478,0.9354207436399217,15.030080795288086,0.0024635111913084984,15.030080795288086,0.00016390538579678205
frozen,12319,-1,0.004117743112146854,500,0.9784735812133072,14.274880409240723,0.0014966634334996343,14.274880409240723,0.00010484595251185305
frozen,12995,-1,0.0029150359332561493,61,0.11937377690802348,19.458423614501953,0.00028980281786061823,19.458423614501953,1.4893437598132785e-05
frozen,12995,-1,0.0029150359332561493,490,0.958904109589041,15.916871070861816,3.451956217759289e-05,15.9168701171875,2.1687405830068097e-06
frozen,12995,-1,0.0029150359332561493,157,0.30724070450097846,15.89148998260498,8.482258999720216e-05,15.891489028930664,5.337611210804823e-06
frozen,12995,-1,0.0029150359332561493,493,0.9647749510763209,15.664737701416016,0.0037634847685694695,15.6647367477417,0.000240252027798171
frozen,16042,-1,0.007848173379898071,359,0.7025440313111546,14.920065879821777,0.0027693556621670723,14.920066833496094,0.00018561281883468296
frozen,16042,-1,0.007848173379898071,321,0.6281800391389433,13.590943336486816,0.004617081955075264,13.590943336486816,0.0003397175487208494
frozen,16042,-1,0.007848173379898071,229,0.4481409001956947,13.42894458770752,0.007280600722879171,13.428945541381836,0.0005421572900451273
frozen,16042,-1,0.007848173379898071,360,0.7045009784735812,13.31562614440918,0.003975593950599432,13.31562614440918,0.0002985660537089096
frozen,4035,-1,0.0032208089251071215,285,0.5577299412915852,18.135417938232422,0.0022555203177034855,18.135419845581055,0.00012437100088714373
frozen,4035,-1,0.0032208089251071215,267,0.5225048923679061,15.156110763549805,0.005312398076057434,15.156112670898438,0.0003505119149884573
frozen,4035,-1,0.0032208089251071215,145,0.2837573385518591,14.001599311828613,0.0005204329499974847,14.001601219177246,3.716953095940737e-05
frozen,4035,-1,0.0032208089251071215,166,0.324853228962818,13.841750144958496,0.00336145400069654,13.841752052307129,0.00024284888126834033
frozen,6643,-1,0.004770058672875166,376,0.735812133072407,20.822595596313477,0.008436203934252262,20.822595596313477,0.00040514660601418225
frozen,6643,-1,0.004770058672875166,466,0.9119373776908023,13.276129722595215,0.0020019151270389557,13.276129722595215,0.00015079056689479392
frozen,6643,-1,0.004770058672875166,509,0.9960861056751468,11.984498977661133,0.0015010666102170944,11.984498977661133,0.00012525067697990986
frozen,6643,-1,0.004770058672875166,292,0.5714285714285714,11.678423881530762,0.0032662199810147285,11.678423881530762,0.0002796798621242206
frozen,6406,-1,0.004362361505627632,65,0.12720156555772993,15.767236709594727,0.002374203409999609,15.76723575592041,0.00015057829075132106
frozen,6406,-1,0.004362361505627632,395,0.7729941291585127,13.197583198547363,0.00031500915065407753,13.197582244873047,2.3868701464349747e-05
frozen,6406,-1,0.004362361505627632,5,0.009784735812133072,11.366175651550293,0.007956326007843018,11.366175651550293,0.0007000002684946903
frozen,6406,-1,0.004362361505627632,71,0.13894324853228962,10.74619197845459,0.0007303033489733934,10.746191024780273,6.795927480624009e-05
frozen,9676,-1,0.010437051765620708,185,0.36203522504892366,28.898813247680664,0.003518786747008562,28.898813247680664,0.0001217623269457603
frozen,9676,-1,0.010437051765620708,419,0.8199608610567515,27.97296905517578,0.003962897229939699,27.972970962524414,0.00014166880004447223
frozen,9676,-1,0.010437051765620708,493,0.9647749510763209,27.573627471923828,0.07660625874996185,27.573627471923828,0.0027782437703549995
frozen,9676,-1,0.010437051765620708,302,0.5909980430528375,25.452077865600586,0.0038078399375081062,25.452077865600586,0.00014960821499978755
frozen,2246,-1,0.003485812107101083,342,0.6692759295499021,19.90835952758789,0.009266512468457222,19.90835952758789,0.0004654583646440686
frozen,2246,-1,0.003485812107101083,78,0.15264187866927592,19.246673583984375,0.002418660558760166,19.246673583984375,0.0001256664196130386
frozen,2246,-1,0.003485812107101083,130,0.25440313111545987,18.592327117919922,0.007975478656589985,18.592327117919922,0.00042896613242690557
frozen,2246,-1,0.003485812107101083,422,0.8258317025440313,18.3419132232666,0.013961352407932281,18.3419132232666,0.0007611720891920039
frozen,15019,-1,0.000896934128832072,316,0.6183953033268101,12.654204368591309,0.0040772343054413795,12.654203414916992,0.00032220394850260314
frozen,15019,-1,0.000896934128832072,298,0.5831702544031311,11.539484977722168,0.00020043153199367225,11.539484977722168,1.7369192158975915e-05
frozen,15019,-1,0.000896934128832072,356,0.6966731898238747,9.585159301757812,6.504486373160034e-05,9.585159301757812,6.78599715287693e-06
frozen,15019,-1,0.000896934128832072,401,0.7847358121330724,7.44466495513916,0.0009508081711828709,7.44466495513916,0.00012771671753025155
frozen,2864,-1,0.0022015655413269997,286,0.5596868884540117,12.26161003112793,0.00398170854896307,12.261610984802246,0.0003247296422874801
frozen,2864,-1,0.0022015655413269997,287,0.5616438356164384,11.854568481445312,0.0019840230233967304,11.854568481445312,0.00016736358025196019
frozen,2864,-1,0.0022015655413269997,245,0.4794520547945205,11.349252700805664,0.00013512410805560648,11.349252700805664,1.190599166463306e-05
frozen,2864,-1,0.0022015655413269997,94,0.18395303326810175,11.033334732055664,0.0013272562064230442,11.03333568572998,0.0001202950988013224
frozen,12154,-1,0.0028742661233991385,326,0.6379647749510763,22.749799728393555,0.004367663059383631,22.749799728393555,0.00019198687951228164
frozen,12154,-1,0.0028742661233991385,311,0.6086105675146771,16.790334701538086,0.0025636828504502773,16.790334701538086,0.00015268801343283706
frozen,12154,-1,0.0028742661233991385,314,0.6144814090019569,15.853317260742188,0.009808540344238281,15.853316307067871,0.0006187059006616393
frozen,12154,-1,0.0028742661233991385,315,0.6164383561643836,15.196815490722656,0.002556556835770607,15.196815490722656,0.0001682297740162294
frozen,11658,-1,0.007297782227396965,353,0.6908023483365949,16.889169692993164,0.004804687108844519,16.889169692993164,0.0002844833225186817
frozen,11658,-1,0.007297782227396965,317,0.6203522504892368,14.210373878479004,0.009433562867343426,14.210373878479004,0.000663850434057203
frozen,11658,-1,0.007297782227396965,384,0.7514677103718199,14.015219688415527,0.00119380047544837,14.015219688415527,8.517886283545895e-05
frozen,11658,-1,0.007297782227396965,471,0.9217221135029354,11.807663917541504,0.0019371397793293,11.807663917541504,0.0001640578350516463
frozen,6812,-1,0.011558218859136105,9,0.01761252446183953,21.064119338989258,0.0015236905310302973,21.064119338989258,7.233582883334586e-05
frozen,6812,-1,0.011558218859136105,374,0.7318982387475538,19.785154342651367,0.007937327027320862,19.785154342651367,0.00040117589632395037
frozen,6812,-1,0.011558218859136105,399,0.7808219178082192,19.194297790527344,0.002625582739710808,19.194297790527344,0.0001367897262178859
frozen,6812,-1,0.011558218859136105,99,0.19373776908023482,18.442155838012695,0.004176297690719366,18.442155838012695,0.00022645387705222855
frozen,702,-1,0.0003669275902211666,196,0.3835616438356164,8.346957206726074,0.0002183105971198529,8.346956253051758,2.6154515550508084e-05
frozen,702,-1,0.0003669275902211666,493,0.9647749510763209,7.920947551727295,1.9946896827605087e-06,7.9209465980529785,2.518246598519951e-07
frozen,702,-1,0.0003669275902211666,197,0.38551859099804303,7.8622612953186035,0.0012079551815986633,7.862260341644287,0.00015363968236976945
frozen,702,-1,0.0003669275902211666,309,0.6046966731898239,7.472778797149658,0.0017983866855502129,7.4727783203125,0.00024065837476562629
frozen,5255,-1,0.0026296477299183607,281,0.5499021526418787,27.83857536315918,0.0015968394000083208,27.83857536315918,5.73606723468161e-05
frozen,5255,-1,0.0026296477299183607,200,0.3913894324853229,27.252267837524414,0.0030463645234704018,27.252269744873047,0.00011178388266333348
frozen,5255,-1,0.0026296477299183607,102,0.19960861056751467,24.924062728881836,0.0006520255701616406,24.924062728881836,2.6160485040269048e-05
frozen,5255,-1,0.0026296477299183607,199,0.38943248532289626,24.81941032409668,0.007937095127999783,24.81941032409668,0.00031979386392970877
frozen,1062,-1,0.0037712003104388714,52,0.10176125244618395,31.97893714904785,0.03152424842119217,31.978939056396484,0.0009857815597195878
frozen,1062,-1,0.0037712003104388714,453,0.8864970645792564,31.1144962310791,0.007899630814790726,31.114498138427734,0.0002538890641798379
frozen,1062,-1,0.0037712003104388714,295,0.5772994129158513,30.53361701965332,0.018387451767921448,30.53361701965332,0.0006022035239416983
frozen,1062,-1,0.0037712003104388714,481,0.9412915851272016,30.28180694580078,0.020824570208787918,30.28180694580078,0.0006876924565981255
frozen,8211,-1,0.0011619373690336943,79,0.15459882583170254,31.84441566467285,0.006687671411782503,31.844417572021484,0.00021001079378064346
frozen,8211,-1,0.0011619373690336943,426,0.8336594911937377,29.390451431274414,0.011379900388419628,29.390453338623047,0.0003871971710441395
frozen,8211,-1,0.0011619373690336943,484,0.9471624266144814,28.71925163269043,0.005094014108181,28.71925163269043,0.00017737280112071607
frozen,8211,-1,0.0011619373690336943,7,0.0136986301369863,28.23883819580078,0.004043896682560444,28.23883819580078,0.00014320336603514325
frozen,10537,-1,0.0020384865347296,1,0.0019569471624266144,52.24938201904297,0.25222712755203247,52.249385833740234,0.0048273701887067135
frozen,10537,-1,0.0020384865347296,1,0.0019569471624266144,52.18699645996094,0.08885123580694199,52.1870002746582,0.0017025549531362466
frozen,10537,-1,0.0020384865347296,1,0.0019569471624266144,51.876708984375,0.23271839320659637,51.876712799072266,0.004485989582800979
frozen,10537,-1,0.0020384865347296,1,0.0019569471624266144,51.84394073486328,0.07906243205070496,51.84394454956055,0.001525008035897514
frozen,7950,-1,0.007970483042299747,496,0.9706457925636007,12.66499137878418,4.263273149263114e-05,12.66499137878418,3.366187170411151e-06
frozen,7950,-1,0.007970483042299747,10,0.019569471624266144,11.723278045654297,0.00148035550955683,11.723278999328613,0.0001262748681185195
frozen,7950,-1,0.007970483042299747,303,0.5929549902152642,11.38393497467041,0.0004634269280359149,11.383935928344727,4.070884893879574e-05
frozen,7950,-1,0.007970483042299747,455,0.8904109589041096,10.018871307373047,0.0030426960438489914,10.018872261047363,0.0003036964604967337
frozen,4808,-1,0.0036081213038414717,367,0.7181996086105675,16.805679321289062,0.006307817064225674,16.805679321289062,0.0003753384164741898
frozen,4808,-1,0.0036081213038414717,147,0.2876712328767123,14.65114974975586,0.0009771506302058697,14.651148796081543,6.669447179918132e-05
frozen,4808,-1,0.0036081213038414717,398,0.7788649706457925,14.38872241973877,0.0029260388109833,14.388721466064453,0.0002033564148061599
frozen,4808,-1,0.0036081213038414717,241,0.47162426614481406,14.049181938171387,0.0002768843260128051,14.049181938171387,1.9708216978848793e-05
frozen,11550,-1,0.0005911611369810998,208,0.4070450097847358,16.665767669677734,0.008639879524707794,16.665767669677734,0.0005184207350032537
frozen,11550,-1,0.0005911611369810998,189,0.3698630136986301,10.36134147644043,0.0028686723671853542,10.36134147644043,0.000276863027215938
frozen,11550,-1,0.0005911611369810998,235,0.4598825831702544,9.924985885620117,0.0021522915922105312,9.924985885620117,0.0002168558844329334
frozen,11550,-1,0.0005911611369810998,441,0.863013698630137,8.07797622680664,0.0009774552891030908,8.07797622680664,0.00012100249637519609
frozen,8194,-1,0.004382746294140816,76,0.1487279843444227,19.14436912536621,0.005062952637672424,19.14436912536621,0.00026446171218899204
frozen,8194,-1,0.004382746294140816,417,0.8160469667318982,18.680301666259766,0.004028523340821266,18.680301666259766,0.00021565622508642663
frozen,8194,-1,0.004382746294140816,416,0.8140900195694716,15.54404354095459,0.003664792515337467,15.54404354095459,0.00023576828678340187
frozen,8194,-1,0.004382746294140816,497,0.9726027397260274,14.362567901611328,0.00015955837443470955,14.362566947937012,1.1109321544894728e-05
frozen,4855,-1,0.0015900195576250553,104,0.2035225048923679,22.078872680664062,0.004285973962396383,22.078872680664062,0.00019412105067075712
frozen,4855,-1,0.0015900195576250553,468,0.9158512720156555,19.635547637939453,0.0012440539430826902,19.635547637939453,6.335723179316636e-05
frozen,4855,-1,0.0015900195576250553,284,0.5557729941291585,19.519412994384766,0.016468537971377373,19.519412994384766,0.0008437004727608842
frozen,4855,-1,0.0015900195576250553,24,0.046966731898238745,19.23291778564453,0.003472986165434122,19.23291778564453,0.00018057510587532187
frozen,3138,-1,0.004647749476134777,441,0.863013698630137,16.454397201538086,7.226055458886549e-05,16.454397201538086,4.391564984350255e-06
frozen,3138,-1,0.004647749476134777,467,0.913894324853229,15.99103832244873,0.000885654822923243,15.991039276123047,5.538444422719009e-05
frozen,3138,-1,0.004647749476134777,272,0.5322896281800391,15.48202133178711,5.543995212065056e-05,15.482022285461426,3.5809244489146677e-06
frozen,3138,-1,0.004647749476134777,455,0.8904109589041096,13.976641654968262,0.005458508152514696,13.976642608642578,0.00039054501895465085
frozen,8286,-1,0.001875407644547522,27,0.05283757338551859,24.161537170410156,0.003057217225432396,24.161540985107422,0.00012653237752164852
frozen,8286,-1,0.001875407644547522,282,0.5518590998043053,23.903575897216797,0.00029120754334144294,23.903579711914062,1.2182591346194845e-05
frozen,8286,-1,0.001875407644547522,422,0.8258317025440313,22.248600006103516,0.0022100498899817467,22.24860382080078,9.933431813440425e-05
frozen,8286,-1,0.001875407644547522,368,0.7201565557729941,21.081974029541016,0.002646265784278512,21.08197593688965,0.000125522664108919
frozen,15693,-1,0.002160795731469989,1,0.0019569471624266144,52.72372817993164,0.08922965824604034,52.72372817993164,0.0016924003921256093
frozen,15693,-1,0.002160795731469989,1,0.0019569471624266144,52.72372817993164,0.08922965824604034,52.72372817993164,0.0016924003921256093
frozen,15693,-1,0.002160795731469989,1,0.0019569471624266144,52.72372817993164,0.08922965824604034,52.72372817993164,0.0016924003921256093
frozen,15693,-1,0.002160795731469989,1,0.0019569471624266144,52.72372817993164,0.08922965824604034,52.72372817993164,0.0016924003921256093
frozen,6722,-1,0.004178897477686405,385,0.7534246575342466,14.911284446716309,0.00044908031122758985,14.911286354064941,3.0116805523298584e-05
frozen,6722,-1,0.004178897477686405,16,0.03131115459882583,11.10625171661377,0.0008643008186481893,11.106252670288086,7.782110170790578e-05
frozen,6722,-1,0.004178897477686405,146,0.2857142857142857,10.935874938964844,0.0006399046978913248,10.93587589263916,5.851426115049814e-05
frozen,6722,-1,0.004178897477686405,142,0.27788649706457924,10.896900177001953,0.0023405812680721283,10.89690113067627,0.00021479329214826694
frozen,7786,-1,0.0008561643771827221,328,0.6418786692759295,24.981264114379883,0.015301643870770931,24.981264114379883,0.0006125248026164896
frozen,7786,-1,0.0008561643771827221,393,0.7690802348336595,23.041282653808594,0.02798198163509369,23.041284561157227,0.00121442802204984
frozen,7786,-1,0.0008561643771827221,106,0.20743639921722112,19.371665954589844,0.0025206981226801872,19.371665954589844,0.00013012293979201842
frozen,7786,-1,0.0008561643771827221,78,0.15264187866927592,11.952082633972168,0.01641356199979782,11.952083587646484,0.0013732803890999107
frozen,6776,-1,0.004015818703919649,489,0.9569471624266145,18.752744674682617,0.027501633390784264,18.752744674682617,0.0014665391049616964
frozen,6776,-1,0.004015818703919649,56,0.1095890410958904,18.42792510986328,0.023179762065410614,18.427927017211914,0.0012578605311254177
frozen,6776,-1,0.004015818703919649,91,0.1780821917808219,16.429914474487305,0.0009304152335971594,16.429916381835938,5.662933468278501e-05
frozen,6776,-1,0.004015818703919649,85,0.16634050880626222,16.270286560058594,0.0483778715133667,16.270288467407227,0.002973387448555546
frozen,14303,-1,0.009723581373691559,79,0.15459882583170254,18.952871322631836,0.0052878279238939285,18.952869415283203,0.0002789988053012138
frozen,14303,-1,0.009723581373691559,193,0.3776908023483366,18.23283576965332,0.0029644304886460304,18.232833862304688,0.00016258747877776785
frozen,14303,-1,0.009723581373691559,463,0.9060665362035225,17.84522247314453,3.899773946614005e-05,17.8452205657959,2.185332443628485e-06
frozen,14303,-1,0.009723581373691559,303,0.5929549902152642,17.8314266204834,0.0018053690437227488,17.831424713134766,0.00010124648326013456
frozen,11295,-1,0.00992743019014597,74,0.14481409001956946,12.243345260620117,0.0026866416446864605,12.243345260620117,0.00021943689306286736
frozen,11295,-1,0.00992743019014597,353,0.6908023483365949,11.932045936584473,0.0017466433346271515,11.932045936584473,0.0001463825519873187
frozen,11295,-1,0.00992743019014597,358,0.700587084148728,11.102468490600586,0.00433622021228075,11.102468490600586,0.00039056361348395805
frozen,11295,-1,0.00992743019014597,511,1.0,10.93945026397705,0.0023953840136528015,10.93945026397705,0.00021896749433019102
frozen,4468,-1,0.0013046314707025886,292,0.5714285714285714,10.76019287109375,0.003604540601372719,10.760191917419434,0.0003349885047623926
frozen,4468,-1,0.0013046314707025886,238,0.4657534246575342,8.905625343322754,0.0006519209127873182,8.905625343322754,7.320327182594925e-05
frozen,4468,-1,0.0013046314707025886,157,0.30724070450097846,8.66546630859375,0.0005664561176672578,8.66546630859375,6.536937511435359e-05
frozen,4468,-1,0.0013046314707025886,68,0.13307240704500978,8.378616333007812,0.003683667629957199,8.378615379333496,0.00043965111932972253
frozen,16083,-1,0.0019773319363594055,381,0.7455968688845401,33.76840591430664,0.005189442075788975,33.76840591430664,0.0001536774370978041
frozen,16083,-1,0.0019773319363594055,389,0.761252446183953,31.626636505126953,0.005418102722615004,31.626636505126953,0.000171314541201265
frozen,16083,-1,0.0019773319363594055,338,0.6614481409001957,29.339784622192383,0.00820505153387785,29.339784622192383,0.0002796561610636914
frozen,16083,-1,0.0019773319363594055,245,0.4794520547945205,27.473878860473633,0.0029036994092166424,27.473876953125,0.00010568946691327315
frozen,8500,-1,0.005830071866512299,103,0.20156555772994128,10.6654691696167,0.0005162326851859689,10.665470123291016,4.840224380345236e-05
frozen,8500,-1,0.005830071866512299,44,0.08610567514677103,8.746830940246582,0.00034142800723202527,8.746831893920898,3.9034476868055487e-05
frozen,8500,-1,0.005830071866512299,216,0.4227005870841487,8.172459602355957,0.0011912067420780659,8.17246150970459,0.0001457586237223067
frozen,8500,-1,0.005830071866512299,353,0.6908023483365949,7.730065822601318,0.0006285125855356455,7.730067253112793,8.130751841551599e-05
frozen,15099,-1,0.005850456655025482,51,0.09980430528375733,11.921195030212402,0.0023064585402607918,11.921194076538086,0.00019347546273070887
frozen,15099,-1,0.005850456655025482,90,0.1761252446183953,11.126519203186035,0.0021751292515546083,11.126519203186035,0.00019549054037778217
frozen,15099,-1,0.005850456655025482,187,0.3659491193737769,11.126065254211426,0.002094563562422991,11.126065254211426,0.0001882573501562162
frozen,15099,-1,0.005850456655025482,47,0.09197651663405088,10.999862670898438,0.0025656274519860744,10.999861717224121,0.00023324179139167628
frozen,1908,-1,0.0047904434613883495,9,0.01761252446183953,18.530616760253906,0.000603801105171442,18.530616760253906,3.2583972405415436e-05
frozen,1908,-1,0.0047904434613883495,436,0.8532289628180039,14.141376495361328,4.332680691732094e-05,14.141375541687012,3.0638325663298393e-06
frozen,1908,-1,0.0047904434613883495,442,0.8649706457925636,13.677728652954102,0.0008550579659640789,13.677728652954102,6.251461683876909e-05
frozen,1908,-1,0.0047904434613883495,417,0.8160469667318982,12.570839881896973,0.0036389119923114777,12.570839881896973,0.0002894724637732285
frozen,4687,-1,0.00032615786767564714,222,0.4344422700587084,16.055782318115234,0.0014178694691509008,16.055782318115234,8.83089619090789e-05
frozen,4687,-1,0.00032615786767564714,337,0.6594911937377691,14.277556419372559,0.000728977844119072,14.277556419372559,5.105760556687106e-05
frozen,4687,-1,0.00032615786767564714,357,0.6986301369863014,12.948065757751465,0.000552459096070379,12.948065757751465,4.2667306948116545e-05
frozen,4687,-1,0.00032615786767564714,221,0.4324853228962818,11.528841018676758,0.0023802248761057854,11.528841018676758,0.00020645829639335072
frozen,7017,-1,0.001956947147846222,510,0.9980430528375733,16.16697120666504,0.001573886489495635,16.166969299316406,9.735198108913242e-05
frozen,7017,-1,0.001956947147846222,265,0.5185909980430529,9.557043075561523,2.7109921575174667e-05,9.557043075561523,2.8366432337736245e-06
frozen,7017,-1,0.001956947147846222,172,0.33659491193737767,9.487566947937012,0.0018217817414551973,9.487566947937012,0.00019201780092327337
frozen,7017,-1,0.001956947147846222,167,0.3268101761252446,9.449963569641113,0.0006963550113141537,9.449963569641113,7.368864506009937e-05
frozen,13565,-1,0.00032615786767564714,436,0.8532289628180039,39.128013610839844,0.0006528185913339257,39.12801742553711,1.6684172475037292e-05
frozen,13565,-1,0.00032615786767564714,390,0.7632093933463796,11.311822891235352,1.3523123925551772e-05,11.311823844909668,1.1954857245798776e-06
frozen,13565,-1,0.00032615786767564714,139,0.2720156555772994,9.062836647033691,1.0391129762865603e-05,9.062837600708008,1.1465647097167256e-06
frozen,13565,-1,0.00032615786767564714,20,0.03913894324853229,6.738236427307129,0.00021856761304661632,6.738236904144287,3.2436914307982914e-05
frozen,15669,-1,0.006258153822273016,102,0.19960861056751467,7.458737850189209,0.0010903967777267098,7.458738327026367,0.0001461905123787104
frozen,15669,-1,0.006258153822273016,507,0.9921722113502935,7.346274375915527,0.004892462864518166,7.346274375915527,0.0006659787824639267
frozen,15669,-1,0.006258153822273016,104,0.2035225048923679,7.33571195602417,0.0004954783362336457,7.33571195602417,6.754331947654423e-05
frozen,15669,-1,0.006258153822273016,26,0.050880626223091974,7.153569221496582,0.0018005799502134323,7.153569221496582,0.00025170371523108533
frozen,1535,-1,0.0007134703337214887,420,0.821917808219178,25.31298065185547,0.0025304416194558144,25.3129825592041,9.996615821693109e-05
frozen,1535,-1,0.0007134703337214887,500,0.9784735812133072,23.083843231201172,0.0018519703298807144,23.083845138549805,8.022798276305975e-05
frozen,1535,-1,0.0007134703337214887,12,0.023483365949119372,12.229772567749023,0.0018106848001480103,12.22977352142334,0.00014805546455755436
frozen,1535,-1,0.0007134703337214887,389,0.761252446183953,7.255517482757568,0.0004203865537419915,7.255517959594727,5.7940254036043094e-05
frozen,57,-1,0.0012638616608455777,484,0.9471624266144814,14.868402481079102,0.0015951483510434628,14.868402481079102,0.00010728444788021988
frozen,57,-1,0.0012638616608455777,85,0.16634050880626222,14.37646770477295,0.00034622492967173457,14.37646770477295,2.4082753620820836e-05
frozen,57,-1,0.0012638616608455777,251,0.4911937377690802,13.219844818115234,0.00011614417599048465,13.219843864440918,8.785593625874229e-06
frozen,57,-1,0.0012638616608455777,41,0.08023483365949119,12.410758972167969,0.0013702705036848783,12.410758972167969,0.0001104098876432787
frozen,4,-1,0.001406555762514472,138,0.2700587084148728,17.947433471679688,0.0006259646033868194,17.947433471679688,3.4877666735723846e-05
frozen,4,-1,0.001406555762514472,117,0.22896281800391388,12.510337829589844,0.005349606275558472,12.510337829589844,0.00042761485328600917
frozen,4,-1,0.001406555762514472,115,0.22504892367906065,10.999062538146973,0.0010553430765867233,10.999062538146973,9.594845678225577e-05
frozen,4,-1,0.001406555762514472,321,0.6281800391389433,9.74782943725586,0.00226970505900681,9.74782943725586,0.00023284209819388895
frozen,9892,-1,0.0030577299185097218,431,0.8434442270058709,10.121953964233398,0.0033608749508857727,10.121953964233398,0.0003320381581225966
frozen,9892,-1,0.0030577299185097218,246,0.48140900195694714,8.891363143920898,4.082902887603268e-05,8.891363143920898,4.591987551869123e-06
frozen,9892,-1,0.0030577299185097218,387,0.7573385518590998,8.763774871826172,3.8195463275769725e-05,8.763773918151855,4.358335077158695e-06
frozen,9892,-1,0.0030577299185097218,295,0.5772994129158513,8.028369903564453,0.0026954486966133118,8.028369903564453,0.00033574047147685366
frozen,9603,-1,0.004321591462939978,299,0.5851272015655578,14.092568397521973,8.649667142890394e-05,14.092569351196289,6.137750276287369e-06
frozen,9603,-1,0.004321591462939978,70,0.136986301369863,13.964458465576172,0.0065119643695652485,13.964459419250488,0.00046632412856514025
frozen,9603,-1,0.004321591462939978,430,0.8414872798434442,10.978653907775879,0.00042977253906428814,10.978654861450195,3.9146192724699475e-05
frozen,9603,-1,0.004321591462939978,159,0.3111545988258317,10.064661979675293,0.0012931834207847714,10.064661979675293,0.00012848751636132863
frozen,16066,-1,0.012353229336440563,378,0.7397260273972602,20.957460403442383,0.00287838326767087,20.95745849609375,0.00013734409962960778
frozen,16066,-1,0.012353229336440563,167,0.3268101761252446,18.21056365966797,0.002315906109288335,18.210561752319336,0.00012717378743098775
frozen,16066,-1,0.012353229336440563,496,0.9706457925636007,17.899751663208008,0.004314638674259186,17.899749755859375,0.0002410446365512353
frozen,16066,-1,0.012353229336440563,219,0.42857142857142855,17.51681900024414,0.008086486719548702,17.516817092895508,0.00046164132882499696
frozen,11476,-1,0.012353229336440563,506,0.9902152641878669,9.864384651184082,0.0013291691429913044,9.864384651184082,0.000134744253188845
frozen,11476,-1,0.012353229336440563,502,0.9823874755381604,9.065984725952148,0.0002047340094577521,9.065984725952148,2.2582655458450494e-05
frozen,11476,-1,0.012353229336440563,285,0.5577299412915852,8.669562339782715,0.002095120260491967,8.669562339782715,0.00024166390163410224
frozen,11476,-1,0.012353229336440563,506,0.9902152641878669,8.544554710388184,0.0009413128136657178,8.544554710388184,0.0001101652275128277
frozen,2268,-1,0.0021404109429568052,117,0.22896281800391388,22.566240310668945,0.008180435746908188,22.566240310668945,0.0003625076944270869
frozen,2268,-1,0.0021404109429568052,353,0.6908023483365949,21.6488094329834,0.005113928113132715,21.6488094329834,0.00023622214094329392
frozen,2268,-1,0.0021404109429568052,54,0.10567514677103718,21.186311721801758,0.004218862392008305,21.186311721801758,0.00019913151696276078
frozen,2268,-1,0.0021404109429568052,313,0.6125244618395304,18.305553436279297,0.001615308690816164,18.30555534362793,8.824144695388576e-05
frozen,4837,-1,0.008276255801320076,34,0.06653620352250489,20.357120513916016,0.007860103622078896,20.357120513916016,0.0003861107771458037
frozen,4837,-1,0.008276255801320076,197,0.38551859099804303,19.352596282958984,0.014738110825419426,19.352596282958984,0.0007615572923617042
frozen,4837,-1,0.008276255801320076,151,0.29549902152641877,18.825298309326172,0.0004267619224265218,18.825298309326172,2.266959680607564e-05
frozen,4837,-1,0.008276255801320076,367,0.7181996086105675,17.801313400268555,0.015709754079580307,17.801313400268555,0.0008825053369007765
frozen,15803,-1,0.0022015655413269997,167,0.3268101761252446,27.04217529296875,0.007020934019237757,27.042173385620117,0.00025962905862334244
frozen,15803,-1,0.0022015655413269997,320,0.6262230919765166,26.925691604614258,0.004535073414444923,26.925689697265625,0.00016842923859831423
frozen,15803,-1,0.0022015655413269997,84,0.1643835616438356,26.49878692626953,0.013509624637663364,26.49878692626953,0.0005098204938683672
frozen,15803,-1,0.0022015655413269997,174,0.3405088062622309,26.129087448120117,0.0019887362141162157,26.129087448120117,7.611196594848158e-05
frozen,14876,-1,0.0059523810632526875,359,0.7025440313111546,13.300299644470215,0.001088873017579317,13.300298690795898,8.18683131028359e-05
frozen,14876,-1,0.0059523810632526875,324,0.6340508806262231,11.211511611938477,0.001445642439648509,11.211511611938477,0.00012894268763091052
frozen,14876,-1,0.0059523810632526875,197,0.38551859099804303,8.932644844055176,0.00014285370707511902,8.93264389038086,1.5992320843434877e-05
frozen,14876,-1,0.0059523810632526875,305,0.5968688845401174,8.427517890930176,0.00042413637856952846,8.427517890930176,5.0327555996765136e-05
frozen,14918,-1,0.002690802328288555,97,0.1898238747553816,30.366172790527344,0.009547507390379906,30.366174697875977,0.0003144125819393289
frozen,14918,-1,0.002690802328288555,208,0.4070450097847358,29.171796798706055,0.005867836065590382,29.171796798706055,0.00020114757092544452
frozen,14918,-1,0.002690802328288555,138,0.2700587084148728,29.135053634643555,0.018859736621379852,29.135053634643555,0.0006473211567715923
frozen,14918,-1,0.002690802328288555,305,0.5968688845401174,28.9720516204834,0.018055584281682968,28.97205352783203,0.0006232069212607885
frozen,1206,-1,0.0016919438494369388,478,0.9354207436399217,7.763591289520264,0.000881275802385062,7.7635908126831055,0.0001135139426649525
frozen,1206,-1,0.0016919438494369388,440,0.8610567514677103,7.577690124511719,0.0013992739841341972,7.5776896476745605,0.00018465707216758424
frozen,1206,-1,0.0016919438494369388,234,0.45792563600782776,6.721571445465088,0.000690244312863797,6.721571445465088,0.00010269091364482799
frozen,1206,-1,0.0016919438494369388,439,0.8590998043052838,6.159831523895264,0.0007251125643961132,6.1598310470581055,0.00011771630729099659
frozen,10704,-1,0.0009580887272022665,202,0.3953033268101761,19.483036041259766,0.0039348420687019825,19.4830379486084,0.00020196244954617224
frozen,10704,-1,0.0009580887272022665,411,0.8043052837573386,18.499372482299805,0.0008848919533193111,18.499372482299805,4.783361998716311e-05
frozen,10704,-1,0.0009580887272022665,379,0.7416829745596869,17.168060302734375,0.003921857103705406,17.168060302734375,0.00022843915005824904
frozen,10704,-1,0.0009580887272022665,415,0.812133072407045,15.864477157592773,0.0023625297471880913,15.86447811126709,0.00014891947472953443
frozen,13787,-1,0.0022423353511840105,293,0.5733855185909981,27.001075744628906,0.012694979086518288,27.001075744628906,0.0004701656780857552
frozen,13787,-1,0.0022423353511840105,53,0.10371819960861056,26.51165199279785,0.008399215526878834,26.51165199279785,0.00031681222766354066
frozen,13787,-1,0.0022423353511840105,359,0.7025440313111546,24.680023193359375,0.0025545244570821524,24.680023193359375,0.00010350575593338564
frozen,13787,-1,0.0022423353511840105,422,0.8258317025440313,24.50698471069336,0.013774880208075047,24.50698471069336,0.000562079765042026
frozen,7410,-1,0.0014677103608846664,474,0.9275929549902152,14.178546905517578,0.002446210477501154,14.178547859191895,0.00017252898546414158
frozen,7410,-1,0.0014677103608846664,206,0.40313111545988256,10.427135467529297,0.0007748238276690245,10.427136421203613,7.430840034790548e-05
frozen,7410,-1,0.0014677103608846664,357,0.6986301369863014,9.918930053710938,0.004875383339822292,9.918931007385254,0.0004915230619299872
frozen,7410,-1,0.0014677103608846664,359,0.7025440313111546,8.21106243133545,0.000720759155228734,8.211063385009766,8.777902708004449e-05
frozen,9339,-1,0.009682811796665192,381,0.7455968688845401,24.96881866455078,0.016705971211194992,24.968820571899414,0.0006690733013635552
frozen,9339,-1,0.009682811796665192,414,0.8101761252446184,24.091567993164062,0.0008626582566648722,24.091567993164062,3.580747657892794e-05
frozen,9339,-1,0.009682811796665192,282,0.5518590998043053,20.651138305664062,0.0023731039837002754,20.651138305664062,0.00011491395527816477
frozen,9339,-1,0.009682811796665192,184,0.36007827788649704,18.767059326171875,0.004255140200257301,18.767059326171875,0.00022673452064614268
frozen,16013,-1,0.0006930854287929833,11,0.021526418786692758,9.735979080200195,0.0003068886580877006,9.735978126525879,3.152109157389908e-05
frozen,16013,-1,0.0006930854287929833,17,0.033268101761252444,7.760006427764893,0.0035742120817303658,7.760006427764893,0.00046059395890988235
frozen,16013,-1,0.0006930854287929833,12,0.023483365949119372,7.193613529205322,0.0027436818927526474,7.193613052368164,0.00038140526502873504
frozen,16013,-1,0.0006930854287929833,263,0.5146771037181996,6.376161098480225,0.002180919051170349,6.376161098480225,0.00034204265191639796
frozen,15298,-1,0.0022219503298401833,114,0.22309197651663404,21.75809097290039,0.0006486620404757559,21.75809097290039,2.981245189587918e-05
frozen,15298,-1,0.0022219503298401833,275,0.538160469667319,20.49982452392578,0.000832821533549577,20.499826431274414,4.0625784630011766e-05
frozen,15298,-1,0.0022219503298401833,254,0.49706457925636005,20.22142219543457,0.00011480241664685309,20.22142219543457,5.677267184143569e-06
frozen,15298,-1,0.0022219503298401833,148,0.2896281800391389,19.69753074645996,1.1317484677419998e-05,19.69753074645996,5.745636254155346e-07
frozen,4160,-1,0.000448467064416036,446,0.87279843444227,16.605297088623047,0.0009024604223668575,16.60529899597168,5.434773698358504e-05
frozen,4160,-1,0.000448467064416036,388,0.7592954990215264,9.697484970092773,0.00044449145207181573,9.69748592376709,4.583574088851561e-05
frozen,4160,-1,0.000448467064416036,382,0.7475538160469667,7.963737487792969,0.0012229160638526082,7.963738441467285,0.00015356055109555947
frozen,4160,-1,0.000448467064416036,343,0.6712328767123288,6.615538120269775,0.0007388708763755858,6.615538597106934,0.00011168718397300323
frozen,7099,-1,0.0025481083430349827,356,0.6966731898238747,15.543326377868652,0.0007994910702109337,15.543325424194336,5.1436294897774366e-05
frozen,7099,-1,0.0025481083430349827,361,0.7064579256360078,14.064803123474121,0.0005154660902917385,14.064802169799805,3.6649366558354905e-05
frozen,7099,-1,0.0025481083430349827,24,0.046966731898238745,12.875356674194336,0.0029670940712094307,12.87535572052002,0.00023044754145942878
frozen,7099,-1,0.0025481083430349827,67,0.13111545988258316,11.997259140014648,0.0003725889837369323,11.997258186340332,3.105617783246086e-05
frozen,3675,-1,0.0029558055102825165,382,0.7475538160469667,9.802861213684082,5.789661372546107e-06,9.802861213684082,5.906093380638869e-07
frozen,3675,-1,0.0029558055102825165,472,0.923679060665362,7.4861273765563965,0.0006300339009612799,7.4861273765563965,8.416018981112958e-05
frozen,3675,-1,0.0029558055102825165,501,0.9804305283757339,7.449374675750732,9.514110570307821e-05,7.449374675750732,1.2771690221567503e-05
frozen,3675,-1,0.0029558055102825165,64,0.12524461839530332,7.258744239807129,0.0012883641757071018,7.258744239807129,0.0001774913308891201
frozen,7832,-1,0.01820368506014347,94,0.18395303326810175,9.727404594421387,0.0006552119739353657,9.727404594421387,6.735732718582777e-05
frozen,7832,-1,0.01820368506014347,392,0.7671232876712328,8.783626556396484,0.0001872289867606014,8.7836275100708,2.1315679261892134e-05
frozen,7832,-1,0.01820368506014347,196,0.3835616438356164,7.8246283531188965,0.00017343892250210047,7.824628829956055,2.2165769938901313e-05
frozen,7832,-1,0.01820368506014347,443,0.8669275929549902,7.764947414398193,0.0010257476242259145,7.764947891235352,0.00013209974343597622
frozen,9456,-1,0.0035469667054712772,387,0.7573385518590998,15.082358360290527,0.05607791244983673,15.082358360290527,0.0037181129840729043
frozen,9456,-1,0.0035469667054712772,9,0.01761252446183953,14.595547676086426,0.04337044432759285,14.595547676086426,0.00297148454378671
frozen,9456,-1,0.0035469667054712772,94,0.18395303326810175,14.554347038269043,0.002338096033781767,14.554347038269043,0.00016064589003093044
frozen,9456,-1,0.0035469667054712772,428,0.837573385518591,12.986784934997559,0.00019889490795321763,12.986783981323242,1.5315177971640668e-05
frozen,769,-1,0.0012638616608455777,17,0.033268101761252444,19.31203842163086,0.05164195969700813,19.31203842163086,0.002674081242463015
frozen,769,-1,0.0012638616608455777,360,0.7045009784735812,15.1308012008667,0.039852388203144073,15.1308012008667,0.002633858423892405
frozen,769,-1,0.0012638616608455777,274,0.5362035225048923,14.665014266967773,0.0005381554365158081,14.665014266967773,3.669655049214489e-05
frozen,769,-1,0.0012638616608455777,23,0.04500978473581213,14.511533737182617,0.021499138325452805,14.5115327835083,0.0014815208459498918
frozen,2975,-1,0.0053204502910375595,360,0.7045009784735812,10.995984077453613,0.0043107736855745316,10.995984077453613,0.00039203164129833804
frozen,2975,-1,0.0053204502910375595,363,0.7103718199608611,10.508674621582031,1.1655843081825878e-06,10.508674621582031,1.1091639527869544e-07
frozen,2975,-1,0.0053204502910375595,359,0.7025440313111546,10.277555465698242,0.0019156539347022772,10.277555465698242,0.00018639198212997728
frozen,2975,-1,0.0053204502910375595,136,0.26614481409001955,10.099898338317871,0.0013809355441480875,10.099898338317871,0.0001367276677339389
frozen,11496,-1,0.006625081412494183,317,0.6203522504892368,9.914743423461914,0.0013447271194308996,9.91474437713623,0.000135629025649102
frozen,11496,-1,0.006625081412494183,331,0.6477495107632094,8.055310249328613,0.000684352358803153,8.05531120300293,8.495666294655806e-05
frozen,11496,-1,0.006625081412494183,129,0.25244618395303325,8.022740364074707,0.0020436011254787445,8.022741317749023,0.00025472603995813824
frozen,11496,-1,0.006625081412494183,325,0.6360078277886497,7.894378185272217,0.0010002549970522523,7.894379138946533,0.00012670470716532264
frozen,1837,-1,0.006441617850214243,101,0.19765166340508805,13.83520221710205,0.0028967992402613163,13.835203170776367,0.00020937887246788884
frozen,1837,-1,0.006441617850214243,174,0.3405088062622309,12.029560089111328,0.001956770196557045,12.029560089111328,0.00016266348744774418
frozen,1837,-1,0.006441617850214243,48,0.09393346379647749,9.972396850585938,0.0022546867839992046,9.972397804260254,0.00022609274401749117
frozen,1837,-1,0.006441617850214243,279,0.5459882583170255,8.803104400634766,0.0013862187042832375,8.803105354309082,0.00015746928481376055
frozen,1374,-1,0.0004892367869615555,220,0.43052837573385516,9.927632331848145,0.002162412740290165,9.927631378173828,0.00021781758990813146
frozen,1374,-1,0.0004892367869615555,406,0.7945205479452054,6.792420387268066,0.0008748513646423817,6.792419910430908,0.000128798186239767
frozen,1374,-1,0.0004892367869615555,100,0.19569471624266144,6.458810329437256,0.0005195061676204205,6.458809852600098,8.043372997136383e-05
frozen,1374,-1,0.0004892367869615555,7,0.0136986301369863,5.67588472366333,0.0008245226927101612,5.675884246826172,0.00014526770752437665
frozen,14944,-1,0.006645466201007366,337,0.6594911937377691,16.740432739257812,0.005938250571489334,16.740432739257812,0.00035472503393317936
frozen,14944,-1,0.006645466201007366,179,0.350293542074364,15.641987800598145,0.0026185093447566032,15.641986846923828,0.00016740260494922757
frozen,14944,-1,0.006645466201007366,338,0.6614481409001957,15.085572242736816,0.0007725136820226908,15.0855712890625,5.120877872108077e-05
frozen,14944,-1,0.006645466201007366,348,0.6810176125244618,12.542834281921387,0.0024384839925915003,12.54283332824707,0.0001944125325415842
frozen,6219,-1,0.03284002095460892,415,0.812133072407045,34.99972152709961,0.015525659546256065,34.99972152709961,0.0004435938021459641
frozen,6219,-1,0.03284002095460892,300,0.5870841487279843,34.97273254394531,0.020464593544602394,34.97273254394531,0.0005851585522774756
frozen,6219,-1,0.03284002095460892,100,0.19569471624266144,33.96144485473633,0.057733699679374695,33.96144485473633,0.0016999777225709832
frozen,6219,-1,0.03284002095460892,199,0.38943248532289626,33.66122055053711,0.020534180104732513,33.66122055053711,0.0006100248228938585
frozen,8234,-1,0.0012638616608455777,277,0.5420743639921722,13.441338539123535,0.0019579045474529266,13.441338539123535,0.0001456629145790859
frozen,8234,-1,0.0012638616608455777,226,0.44227005870841485,12.124807357788086,6.529749225592241e-05,12.124807357788086,5.385445750111658e-06
frozen,8234,-1,0.0012638616608455777,236,0.461839530332681,11.184990882873535,0.0005673469859175384,11.184990882873535,5.072395604597769e-05
frozen,8234,-1,0.0012638616608455777,40,0.07827788649706457,9.390810012817383,0.00018970563542097807,9.390810012817383,2.0201200446186384e-05
frozen,13241,-1,0.0021200261544436216,1,0.0019569471624266144,41.40279006958008,0.039027392864227295,41.40279006958008,0.0009426271224388315
frozen,13241,-1,0.0021200261544436216,1,0.0019569471624266144,41.40279006958008,0.039027392864227295,41.40279006958008,0.0009426271224388315
frozen,13241,-1,0.0021200261544436216,1,0.0019569471624266144,41.40279006958008,0.039027392864227295,41.40279006958008,0.0009426271224388315
frozen,13241,-1,0.0021200261544436216,1,0.0019569471624266144,41.40279006958008,0.039027392864227295,41.40279006958008,0.0009426271224388315
