arm,fid,bin,freq,pos,rel_pos,act,kl,pnorm,kl_per_norm
trained,10933,-1,0.00042808218859136105,460,0.9001956947162426,9.8179349899292,0.00038252040394581854,9.8179349899292,3.8961390999043176e-05
trained,10933,-1,0.00042808218859136105,165,0.32289628180039137,6.166350841522217,0.0015770113095641136,6.166350841522217,0.00025574466164737634
trained,10933,-1,0.00042808218859136105,151,0.29549902152641877,5.981255054473877,0.0020070828031748533,5.981255054473877,0.00033556214956484583
trained,10933,-1,0.00042808218859136105,445,0.8708414872798435,5.271902084350586,0.0034431000240147114,5.271902084350586,0.0006531039402714639
trained,13837,-1,0.016695205122232437,414,0.8101761252446184,20.626445770263672,0.005989464465528727,20.626445770263672,0.0002903779222188391
trained,13837,-1,0.016695205122232437,110,0.21526418786692758,19.674787521362305,0.011099882423877716,19.674787521362305,0.0005641678423121872
trained,13837,-1,0.016695205122232437,439,0.8590998043052838,16.124069213867188,0.003277239389717579,16.124069213867188,0.00020325138438993142
trained,13837,-1,0.016695205122232437,423,0.8277886497064579,15.866423606872559,0.0046288929879665375,15.866422653198242,0.0002917414397147348
trained,4158,-1,0.007481245789676905,152,0.2974559686888454,16.486040115356445,0.0036582257598638535,16.486042022705078,0.00022189836437549012
trained,4158,-1,0.007481245789676905,350,0.684931506849315,13.040411949157715,0.0002996929979417473,13.040412902832031,2.2981864161422524e-05
trained,4158,-1,0.007481245789676905,137,0.26810176125244617,12.634765625,0.005212090909481049,12.634766578674316,0.0004125197625952437
trained,4158,-1,0.007481245789676905,214,0.4187866927592955,12.615487098693848,0.0011527275200933218,12.615488052368164,9.137399324609825e-05
trained,10565,-1,0.0004688519111368805,149,0.29158512720156554,13.36677074432373,0.018274277448654175,13.36677074432373,0.0013671422812734663
trained,10565,-1,0.0004688519111368805,390,0.7632093933463796,10.26425552368164,0.003269362263381481,10.26425552368164,0.0003185191810393286
trained,10565,-1,0.0004688519111368805,313,0.6125244618395304,10.17563247680664,0.0008075545774772763,10.17563247680664,7.936161013263192e-05
trained,10565,-1,0.0004688519111368805,153,0.299412915851272,9.97201156616211,0.003096578177064657,9.97201156616211,0.00031052693396107096
trained,13970,-1,0.002507338533177972,241,0.47162426614481406,19.178865432739258,0.012418137863278389,19.178865432739258,0.0006474907447903578
trained,13970,-1,0.002507338533177972,135,0.26418786692759294,15.763618469238281,0.0028303759172558784,15.763618469238281,0.00017955115589603874
trained,13970,-1,0.002507338533177972,159,0.3111545988258317,15.324260711669922,0.02692919597029686,15.324260711669922,0.0017572916877999474
trained,13970,-1,0.002507338533177972,242,0.4735812133072407,13.021673202514648,0.013209259137511253,13.021673202514648,0.0010144056706138486
trained,8589,-1,0.0022015655413269997,1,0.0019569471624266144,58.519203186035156,0.05537712201476097,58.519203186035156,0.0009463068360434545
trained,8589,-1,0.0022015655413269997,1,0.0019569471624266144,58.519203186035156,0.05537712201476097,58.519203186035156,0.0009463068360434545
trained,8589,-1,0.0022015655413269997,1,0.0019569471624266144,58.4315299987793,0.0819334015250206,58.4315299987793,0.001402212153724749
trained,8589,-1,0.0022015655413269997,1,0.0019569471624266144,58.4315299987793,0.0819334015250206,58.4315299987793,0.001402212153724749
trained,2851,-1,0.0013046314707025886,223,0.436399217221135,19.28297233581543,9.389265323989093e-05,19.28297233581543,4.8692002251903065e-06
trained,2851,-1,0.0013046314707025886,442,0.8649706457925636,16.92660903930664,6.960576138226315e-05,16.92660903930664,4.112209434307014e-06
trained,2851,-1,0.0013046314707025886,392,0.7671232876712328,13.679540634155273,0.0005399379879236221,13.679540634155273,3.9470476557926015e-05
trained,2851,-1,0.0013046314707025886,121,0.23679060665362034,13.314839363098145,0.00295079592615366,13.314839363098145,0.00022161708794863434
trained,11003,-1,0.0032208089251071215,246,0.48140900195694714,19.07603645324707,0.03467179089784622,19.07603645324707,0.0018175573832028657
trained,11003,-1,0.0032208089251071215,119,0.2328767123287671,18.766979217529297,0.013693463988602161,18.766979217529297,0.000729657332162002
trained,11003,-1,0.0032208089251071215,504,0.9863013698630136,18.56669044494629,0.0069856224581599236,18.56669044494629,0.0003762448929104302
trained,11003,-1,0.0032208089251071215,189,0.3698630136986301,18.26535987854004,0.013818393461406231,18.265361785888672,0.0007565354370413813
trained,4194,-1,0.0010803978657349944,72,0.14090019569471623,12.913806915283203,0.0030879070982337,12.913806915283203,0.00023911671581361733
trained,4194,-1,0.0010803978657349944,498,0.974559686888454,12.83226203918457,0.00026797980535775423,12.83226203918457,2.0883286558476722e-05
trained,4194,-1,0.0010803978657349944,227,0.44422700587084146,11.654024124145508,0.00024718709755688906,11.654024124145508,2.1210450134966853e-05
trained,4194,-1,0.0010803978657349944,49,0.0958904109589041,10.826624870300293,0.0018927890341728926,10.826624870300293,0.00017482724827431776
trained,11749,-1,0.006951239425688982,116,0.22700587084148727,20.28102684020996,0.0012709531001746655,20.28102684020996,6.266709817940894e-05
trained,11749,-1,0.006951239425688982,425,0.8317025440313112,19.62855339050293,0.0032921982929110527,19.62855339050293,0.00016772495799430377
trained,11749,-1,0.006951239425688982,98,0.1917808219178082,18.093700408935547,0.0057590194046497345,18.093700408935547,0.00031828864601989606
trained,11749,-1,0.006951239425688982,225,0.44031311154598823,17.989736557006836,0.004449381493031979,17.989736557006836,0.00024732888549715786
trained,6560,-1,0.0010803978657349944,429,0.8395303326810176,30.99907875061035,0.04193346947431564,30.99907875061035,0.0013527327638241508
trained,6560,-1,0.0010803978657349944,462,0.9041095890410958,29.86861801147461,0.036370620131492615,29.868619918823242,0.001217686663472918
trained,6560,-1,0.0010803978657349944,97,0.1898238747553816,22.777511596679688,0.05225113779306412,22.777511596679688,0.0022939791983546108
trained,6560,-1,0.0010803978657349944,302,0.5909980430528375,21.484628677368164,0.0028916557785123587,21.484628677368164,0.00013459184340283334
trained,10944,-1,0.01516634039580822,248,0.48532289628180036,22.070899963378906,0.006677037104964256,22.070899963378906,0.00030252672596238104
trained,10944,-1,0.01516634039580822,223,0.436399217221135,20.166208267211914,0.00253418181091547,20.166208267211914,0.00012566476440867554
trained,10944,-1,0.01516634039580822,114,0.22309197651663404,18.74852752685547,0.003897417336702347,18.74852752685547,0.00020787858305777187
trained,10944,-1,0.01516634039580822,390,0.7632093933463796,18.487327575683594,0.001774117350578308,18.487327575683594,9.596397009331987e-05
trained,958,-1,0.0001426940580131486,253,0.49510763209393344,5.422897815704346,0.0021930597722530365,5.422898292541504,0.00040440732131548677
trained,958,-1,0.0001426940580131486,509,0.9960861056751468,5.389416217803955,1.2122340194764547e-05,5.389416694641113,2.249286125308926e-06
trained,958,-1,0.0001426940580131486,415,0.812133072407045,5.132754802703857,0.0012072599492967129,5.132755279541016,0.0002352069957647911
trained,958,-1,0.0001426940580131486,258,0.5048923679060665,5.0571160316467285,0.001796068623661995,5.0571160316467285,0.0003551566965089287
trained,11245,-1,0.0034246575087308884,14,0.0273972602739726,19.442096710205078,0.0013249118346720934,19.442096710205078,6.814655098267526e-05
trained,11245,-1,0.0034246575087308884,36,0.07045009784735812,18.72256088256836,0.0027937334962189198,18.72256088256836,0.0001492174875938059
trained,11245,-1,0.0034246575087308884,66,0.12915851272015655,13.770973205566406,0.0010453001596033573,13.770973205566406,7.590604846873375e-05
trained,11245,-1,0.0034246575087308884,19,0.03718199608610567,13.692630767822266,0.001414670841768384,13.692631721496582,0.00010331621199943898
trained,87,-1,0.0057689170353114605,155,0.30332681017612523,7.440169811248779,0.0002749645500443876,7.4401702880859375,3.69567549394256e-05
trained,87,-1,0.0057689170353114605,463,0.9060665362035225,7.048934459686279,0.0001957087661139667,7.0489349365234375,2.7764303100588845e-05
trained,87,-1,0.0057689170353114605,235,0.4598825831702544,6.718981742858887,0.0012488036882132292,6.718982219696045,0.00018586203198342783
trained,87,-1,0.0057689170353114605,157,0.30724070450097846,6.631448745727539,0.00014890714373905212,6.631449222564697,2.245469108507516e-05
trained,10048,-1,0.0033838876988738775,281,0.5499021526418787,29.89427375793457,0.061142437160015106,29.894275665283203,0.0020452891330971766
trained,10048,-1,0.0033838876988738775,461,0.9021526418786693,28.02529525756836,0.00443637277930975,28.025297164916992,0.00015829886667047906
trained,10048,-1,0.0033838876988738775,277,0.5420743639921722,21.10957145690918,0.0018099986482411623,21.10957145690918,8.574303139861934e-05
trained,10048,-1,0.0033838876988738775,85,0.16634050880626222,17.40117645263672,0.0035098260268568993,17.40117645263672,0.00020170050205571427
trained,7846,-1,0.0023646445479243994,151,0.29549902152641877,7.72887659072876,0.0009935330599546432,7.72887659072876,0.00012854818527526294
trained,7846,-1,0.0023646445479243994,257,0.50293542074364,7.496284008026123,0.0005828684661537409,7.496283531188965,7.775432502368193e-05
trained,7846,-1,0.0023646445479243994,223,0.436399217221135,7.180484294891357,0.00838485173881054,7.180483818054199,0.0011677279625264452
trained,7846,-1,0.0023646445479243994,76,0.1487279843444227,7.072969913482666,0.00016701743879821151,7.072969913482666,2.3613480735983176e-05
trained,7942,-1,0.002058871556073427,1,0.0019569471624266144,57.503787994384766,0.30079275369644165,57.50379180908203,0.005230833380433446
trained,7942,-1,0.002058871556073427,1,0.0019569471624266144,57.048377990722656,0.2404802143573761,57.04838180541992,0.004215373105193478
trained,7942,-1,0.002058871556073427,1,0.0019569471624266144,56.362525939941406,0.13226495683193207,56.36252975463867,0.002346682404209271
trained,7942,-1,0.002058871556073427,1,0.0019569471624266144,56.362525939941406,0.13226495683193207,56.36252975463867,0.002346682404209271
trained,12570,-1,0.0002853881160262972,82,0.16046966731898238,6.042593002319336,0.0008941660635173321,6.042593002319336,0.0001479772116331719
trained,12570,-1,0.0002853881160262972,130,0.25440313111545987,5.072799205780029,0.00043507752707228065,5.072799205780029,8.57667550839675e-05
trained,12570,-1,0.0002853881160262972,70,0.136986301369863,4.819607257843018,0.0011622351594269276,4.819607257843018,0.00024114727554524392
trained,12570,-1,0.0002853881160262972,327,0.639921722113503,4.763793468475342,5.422563845058903e-06,4.763793468475342,1.1382869305613287e-06
trained,12965,-1,0.004464285913854837,169,0.33072407045009783,24.34779167175293,0.00870706606656313,24.34779167175293,0.000357612147497739
trained,12965,-1,0.004464285913854837,141,0.2759295499021526,23.950027465820312,0.004438468720763922,23.950027465820312,0.00018532207226476763
trained,12965,-1,0.004464285913854837,81,0.15851272015655576,23.808795928955078,0.001550018205307424,23.808795928955078,6.510275487818217e-05
trained,12965,-1,0.004464285913854837,174,0.3405088062622309,23.533878326416016,0.006372483912855387,23.533878326416016,0.0002707791645927939
trained,14070,-1,0.006360078230500221,424,0.8297455968688845,22.014842987060547,0.008766056969761848,22.014842987060547,0.0003981884846925408
trained,14070,-1,0.006360078230500221,229,0.4481409001956947,21.1446533203125,0.01536059845238924,21.1446533203125,0.0007264530763260688
trained,14070,-1,0.006360078230500221,505,0.9882583170254403,19.828222274780273,0.0038193166255950928,19.828222274780273,0.00019262022447937363
trained,14070,-1,0.006360078230500221,391,0.7651663405088063,19.14641761779785,0.009046077728271484,19.14641761779785,0.00047246842249291384
trained,2027,-1,0.00012230919674038887,508,0.9941291585127201,5.511194705963135,5.946523742750287e-05,5.511194705963135,1.0789899577157244e-05
trained,2027,-1,0.00012230919674038887,244,0.4774951076320939,4.109202861785889,0.0019354362739250064,4.109202861785889,0.00047100042003860867
trained,2027,-1,0.00012230919674038887,157,0.30724070450097846,3.9654808044433594,0.00011817226186394691,3.9654805660247803,2.980023729694114e-05
trained,2027,-1,0.00012230919674038887,308,0.6027397260273972,3.6836609840393066,0.002301907166838646,3.6836607456207275,0.0006248966247978288
trained,5364,-1,0.004810828249901533,247,0.48336594911937375,9.0067777633667,0.005718298256397247,9.0067777633667,0.0006348883481565742
trained,5364,-1,0.004810828249901533,322,0.6301369863013698,7.748044013977051,0.001946246367879212,7.748044013977051,0.0002511919607540031
trained,5364,-1,0.004810828249901533,145,0.2837573385518591,7.039203643798828,0.0008664494380354881,7.039203643798828,0.00012308912795821512
trained,5364,-1,0.004810828249901533,491,0.9608610567514677,7.003089427947998,0.00040234928019344807,7.003089427947998,5.745311184914312e-05
trained,11767,-1,0.006033920217305422,413,0.8082191780821918,10.728273391723633,0.00022103259107097983,10.72827434539795,2.0602809357293795e-05
trained,11767,-1,0.006033920217305422,422,0.8258317025440313,8.689310073852539,0.001302110031247139,8.689311027526855,0.0001498519303915105
trained,11767,-1,0.006033920217305422,173,0.3385518590998043,8.664252281188965,0.0020340033806860447,8.664252281188965,0.00023475809737235923
trained,11767,-1,0.006033920217305422,116,0.22700587084148727,8.583712577819824,0.0025262250564992428,8.58371353149414,0.0002943044461153529
trained,6421,-1,0.000896934128832072,21,0.0410958904109589,11.493688583374023,0.0003976756415795535,11.493687629699707,3.459948228904003e-05
trained,6421,-1,0.000896934128832072,95,0.18590998043052837,10.931077003479004,0.0015885725151747465,10.931076049804688,0.00014532627052788006
trained,6421,-1,0.000896934128832072,123,0.24070450097847357,8.662397384643555,0.0013725105673074722,8.662396430969238,0.00015844467270056603
trained,6421,-1,0.000896934128832072,82,0.16046966731898238,7.708315372467041,0.0006164298392832279,7.708314895629883,7.996946772798603e-05
trained,9125,-1,0.004423515871167183,247,0.48336594911937375,15.372170448303223,0.0029824934899806976,15.372169494628906,0.00019401903492039898
trained,9125,-1,0.004423515871167183,252,0.4931506849315068,13.749916076660156,0.00017058590310625732,13.74991512298584,1.240632408130924e-05
trained,9125,-1,0.004423515871167183,510,0.9980430528375733,10.755755424499512,0.0019746478646993637,10.755754470825195,0.00018358989785937965
trained,9125,-1,0.004423515871167183,86,0.16829745596868884,10.691222190856934,7.651458872715011e-05,10.691222190856934,7.156767239631865e-06
trained,13291,-1,0.004647749476134777,29,0.05675146771037182,22.562232971191406,0.018265990540385246,22.562232971191406,0.000809582569407389
trained,13291,-1,0.004647749476134777,453,0.8864970645792564,22.097238540649414,0.0035461541265249252,22.097238540649414,0.00016047951512138166
trained,13291,-1,0.004647749476134777,407,0.7964774951076321,21.70736312866211,0.0076593877747654915,21.707365036010742,0.00035284742123510587
trained,13291,-1,0.004647749476134777,43,0.08414872798434442,21.581647872924805,0.0017840206855908036,21.581647872924805,8.266378434563108e-05
trained,15228,-1,0.028416503220796585,282,0.5518590998043053,19.698467254638672,0.0042226011864840984,19.698467254638672,0.00021436191617851607
trained,15228,-1,0.028416503220796585,387,0.7573385518590998,18.72087860107422,0.08162243664264679,18.72087860107422,0.004359968267619834
trained,15228,-1,0.028416503220796585,30,0.05870841487279843,17.90099334716797,0.3590507507324219,17.90099334716797,0.020057588077324523
trained,15228,-1,0.028416503220796585,178,0.34833659491193736,17.708223342895508,0.0032234578393399715,17.708223342895508,0.000182031690978938
trained,6261,-1,0.0020181017462164164,1,0.0019569471624266144,42.951698303222656,0.03821974992752075,42.951698303222656,0.0008898309365488612
trained,6261,-1,0.0020181017462164164,1,0.0019569471624266144,42.85953903198242,0.03518343344330788,42.85953903198242,0.0008209008831628702
trained,6261,-1,0.0020181017462164164,1,0.0019569471624266144,42.72406768798828,0.043103575706481934,42.72406768798828,0.0010088827688708197
trained,6261,-1,0.0020181017462164164,1,0.0019569471624266144,42.72406768798828,0.043103575706481934,42.72406768798828,0.0010088827688708197
trained,6196,-1,0.000448467064416036,131,0.2563600782778865,11.245058059692383,0.0016752267256379128,11.245058059692383,0.00014897448432416008
trained,6196,-1,0.000448467064416036,23,0.04500978473581213,8.523384094238281,0.000602061627432704,8.523384094238281,7.063645387513292e-05
trained,6196,-1,0.000448467064416036,196,0.3835616438356164,7.971519947052002,0.0014100605621933937,7.971519947052002,0.0001768872901980076
trained,6196,-1,0.000448467064416036,438,0.8571428571428571,7.871279239654541,0.000777779147028923,7.871279239654541,9.881229255729703e-05
trained,9726,-1,0.013984018005430698,250,0.4892367906066536,20.946548461914062,0.007126841694116592,20.946548461914062,0.0003402394292823436
trained,9726,-1,0.013984018005430698,387,0.7573385518590998,20.92758560180664,0.00375664746388793,20.92758560180664,0.00017950696919207085
trained,9726,-1,0.013984018005430698,359,0.7025440313111546,20.079601287841797,0.0028193616308271885,20.079601287841797,0.0001404092437101484
trained,9726,-1,0.013984018005430698,230,0.4500978473581213,19.47994613647461,0.0051102545112371445,19.47994613647461,0.0002623341191723631
trained,12467,-1,0.00024461839348077774,21,0.0410958904109589,7.80639123916626,0.0006456349510699511,7.80639123916626,8.270594328281532e-05
trained,12467,-1,0.00024461839348077774,206,0.40313111545988256,7.6597676277160645,0.001317227492108941,7.6597676277160645,0.0001719670303499406
trained,12467,-1,0.00024461839348077774,44,0.08610567514677103,5.867310523986816,0.0002514868974685669,5.867310523986816,4.2862380717781144e-05
trained,12467,-1,0.00024461839348077774,53,0.10371819960861056,5.422379493713379,0.0003554467111825943,5.422379493713379,6.555179540544767e-05
trained,8320,-1,0.0003057729918509722,387,0.7573385518590998,12.329453468322754,0.00017905210552271456,12.329453468322754,1.452230676588717e-05
trained,8320,-1,0.0003057729918509722,388,0.7592954990215264,10.951033592224121,0.0005481034168042243,10.951033592224121,5.005038220259044e-05
trained,8320,-1,0.0003057729918509722,302,0.5909980430528375,7.7798027992248535,0.0001297359704039991,7.7798027992248535,1.6675997290950026e-05
trained,8320,-1,0.0003057729918509722,223,0.436399217221135,7.644836902618408,0.0014827796258032322,7.644836902618408,0.0001939583073767565
trained,4314,-1,0.0006523157353512943,329,0.6438356164383562,11.14666748046875,0.002018693834543228,11.14666748046875,0.00018110290255633752
trained,4314,-1,0.0006523157353512943,462,0.9041095890410958,5.5618438720703125,0.0009518268052488565,5.5618438720703125,0.00017113511762324127
trained,4314,-1,0.0006523157353512943,144,0.28180039138943247,5.183653354644775,0.000715952250175178,5.183653354644775,0.00013811730862243213
trained,4314,-1,0.0006523157353512943,37,0.07240704500978473,4.772605895996094,0.0006253488827496767,4.772605895996094,0.000131028812430187
trained,666,-1,0.006625081412494183,478,0.9354207436399217,33.64247512817383,0.09682290256023407,33.64247512817383,0.002877995813071135
trained,666,-1,0.006625081412494183,414,0.8101761252446184,32.91786575317383,0.12764813005924225,32.91786193847656,0.0038777770651634794
trained,666,-1,0.006625081412494183,441,0.863013698630137,32.72841262817383,0.11913726478815079,32.72841262817383,0.0036401785244418797
trained,666,-1,0.006625081412494183,407,0.7964774951076321,26.071109771728516,0.07621824741363525,26.071109771728516,0.002923475374887426
trained,547,-1,0.01147667970508337,215,0.4207436399217221,8.702068328857422,0.002342852996662259,8.702068328857422,0.0002692294415677008
trained,547,-1,0.01147667970508337,312,0.6105675146771037,7.707284927368164,0.0010828068479895592,7.707284927368164,0.0001404913478862795
trained,547,-1,0.01147667970508337,344,0.6731898238747553,7.687938690185547,0.0030354862101376057,7.687938690185547,0.00039483746326082433
trained,547,-1,0.01147667970508337,451,0.8825831702544031,7.553839683532715,0.0005613658577203751,7.553839683532715,7.431529940252058e-05
trained,15509,-1,0.0012434768723323941,157,0.30724070450097846,24.626344680786133,0.0025360393337905407,24.6263427734375,0.00010298075346071959
trained,15509,-1,0.0012434768723323941,191,0.37377690802348335,19.345006942749023,0.024542443454265594,19.34500503540039,0.0012686708227448973
trained,15509,-1,0.0012434768723323941,378,0.7397260273972602,19.18427848815918,0.005707122385501862,19.184276580810547,0.0002974895801497422
trained,15509,-1,0.0012434768723323941,63,0.1232876712328767,19.159822463989258,0.006018124986439943,19.159820556640625,0.00031410132306036205
trained,1455,-1,0.004668134264647961,17,0.033268101761252444,18.725149154663086,0.008027708157896996,18.72515106201172,0.00042871259790170936
trained,1455,-1,0.004668134264647961,152,0.2974559686888454,14.2004976272583,0.01285242848098278,14.200498580932617,0.0009050688190793578
trained,1455,-1,0.004668134264647961,38,0.07436399217221135,14.182266235351562,0.007828040979802608,14.182267189025879,0.0005519597731073549
trained,1455,-1,0.004668134264647961,28,0.0547945205479452,13.439407348632812,0.00043125543743371964,13.439408302307129,3.208887085897126e-05
trained,14352,-1,0.010294357314705849,179,0.350293542074364,27.78696632385254,0.005152450874447823,27.78696632385254,0.0001854268945518144
trained,14352,-1,0.010294357314705849,480,0.9393346379647749,25.25477409362793,0.0038588102906942368,25.25477409362793,0.00015279528046413445
trained,14352,-1,0.010294357314705849,287,0.5616438356164384,22.76289176940918,0.0029286518692970276,22.762893676757812,0.00012865903214613462
trained,14352,-1,0.010294357314705849,504,0.9863013698630136,22.251991271972656,0.008539175614714622,22.25199317932129,0.00038374879705832613
trained,14858,-1,0.004953522700816393,441,0.863013698630137,17.811561584472656,9.360852709505707e-05,17.811561584472656,5.255492431200468e-06
trained,14858,-1,0.004953522700816393,261,0.5107632093933464,11.404251098632812,0.0027748807333409786,11.404250144958496,0.00024331987619262077
trained,14858,-1,0.004953522700816393,197,0.38551859099804303,10.855365753173828,0.00077368866186589,10.855365753173828,7.127246372511064e-05
trained,14858,-1,0.004953522700816393,422,0.8258317025440313,10.346695899963379,0.00018037942936643958,10.346695899963379,1.7433529612779864e-05
trained,1222,-1,0.0003057729918509722,155,0.30332681017612523,7.58831262588501,0.00011242611799389124,7.58831262588501,1.481569402008911e-05
trained,1222,-1,0.0003057729918509722,454,0.8884540117416829,6.579704284667969,0.0013736439868807793,6.579704284667969,0.00020876986676766695
trained,1222,-1,0.0003057729918509722,173,0.3385518590998043,6.1745171546936035,0.0013980928342789412,6.1745171546936035,0.00022642950035634297
trained,1222,-1,0.0003057729918509722,255,0.49902152641878667,6.120652675628662,0.00015508313663303852,6.120652675628662,2.5337679631871887e-05
trained,4386,-1,0.0018957925494760275,273,0.5342465753424658,22.832000732421875,0.012958139181137085,22.831998825073242,0.0005675429155552927
trained,4386,-1,0.0018957925494760275,141,0.2759295499021526,21.384204864501953,0.021310728043317795,21.38420295715332,0.0009965640564680973
trained,4386,-1,0.0018957925494760275,281,0.5499021526418787,21.2220516204834,0.011537674814462662,21.222049713134766,0.0005436644890772146
trained,4386,-1,0.0018957925494760275,12,0.023483365949119372,20.906253814697266,0.009576007723808289,20.906251907348633,0.0004580451707100249
trained,360,-1,0.0001834637951105833,270,0.5283757338551859,6.731392860412598,0.00033760908991098404,6.731393337249756,5.015441424923787e-05
trained,360,-1,0.0001834637951105833,241,0.47162426614481406,4.5729241371154785,0.000643956707790494,4.572924613952637,0.00014081944535575578
trained,360,-1,0.0001834637951105833,110,0.21526418786692758,4.004607200622559,0.000209580990485847,4.004607200622559,5.233496819694711e-05
trained,360,-1,0.0001834637951105833,336,0.6575342465753424,3.89228892326355,0.0005398220382630825,3.892289161682129,0.00013869011675118914
trained,44,-1,0.0004076973127666861,388,0.7592954990215264,5.847221374511719,0.0014881110982969403,5.847221374511719,0.000254498847056429
trained,44,-1,0.0004076973127666861,175,0.3424657534246575,5.354732036590576,1.9714294467121363e-05,5.354732036590576,3.681658453197538e-06
trained,44,-1,0.0004076973127666861,54,0.10567514677103718,5.202683448791504,0.0011168461060151458,5.202683448791504,0.00021466731870349912
trained,44,-1,0.0004076973127666861,390,0.7632093933463796,5.0014777183532715,0.0005295228329487145,5.00147819519043,0.0001058732663191293
trained,5525,-1,2.0384866729727946e-05,48,0.09393346379647749,4.162631511688232,0.0021979056764394045,4.162631988525391,0.0005280086451307964
trained,12470,-1,0.0077870190143585205,229,0.4481409001956947,11.188859939575195,0.0003531556576490402,11.188859939575195,3.1563149378599546e-05
trained,12470,-1,0.0077870190143585205,305,0.5968688845401174,9.857336044311523,0.0021879577543586493,9.857336044311523,0.00022196237852936717
trained,12470,-1,0.0077870190143585205,259,0.5068493150684932,9.646286010742188,0.0019302100408822298,9.646286010742188,0.00020009877778170076
trained,12470,-1,0.0077870190143585205,132,0.2583170254403131,9.563146591186523,0.0019288465846329927,9.563146591186523,0.00020169580861707526
trained,11500,-1,0.002813111525028944,103,0.20156555772994128,29.09014320373535,0.03369790315628052,29.09014320373535,0.0011583959185169463
trained,11500,-1,0.002813111525028944,376,0.735812133072407,23.152690887451172,0.03044341877102852,23.152690887451172,0.0013148976470604954
trained,11500,-1,0.002813111525028944,369,0.7221135029354208,21.538589477539062,0.023801811039447784,21.538589477539062,0.0011050775197822894
trained,11500,-1,0.002813111525028944,275,0.538160469667319,18.36516761779785,0.0011446167482063174,18.36516761779785,6.232541798840207e-05
trained,2206,-1,0.013270547613501549,509,0.9960861056751468,29.595090866088867,0.011293711140751839,29.595090866088867,0.0003816075845772308
trained,2206,-1,0.013270547613501549,493,0.9647749510763209,25.175050735473633,0.006767348852008581,25.175050735473633,0.0002688117264634884
trained,2206,-1,0.013270547613501549,140,0.273972602739726,22.822229385375977,0.007778553292155266,22.822229385375977,0.00034083231575700513
trained,2206,-1,0.013270547613501549,58,0.11350293542074363,21.274124145507812,0.0192409660667181,21.274124145507812,0.0009044304684468513
trained,8691,-1,0.013780169188976288,232,0.45401174168297453,29.449783325195312,0.0008382421219721437,29.449785232543945,2.8463437520957914e-05
trained,8691,-1,0.013780169188976288,447,0.8747553816046967,28.909578323364258,0.0016165978740900755,28.90958023071289,5.591910574933351e-05
trained,8691,-1,0.013780169188976288,343,0.6712328767123288,28.650941848754883,0.0005408960860222578,28.650941848754883,1.887882391013837e-05
trained,8691,-1,0.013780169188976288,417,0.8160469667318982,28.39858055114746,0.00019960501231253147,28.39858055114746,7.028696802399383e-06
trained,4883,-1,0.0006115459837019444,379,0.7416829745596869,33.399044036865234,0.0006554760620929301,33.399044036865234,1.9625593516072734e-05
trained,4883,-1,0.0006115459837019444,368,0.7201565557729941,26.36969757080078,0.0003978912136517465,26.36969757080078,1.5088956275794844e-05
trained,4883,-1,0.0006115459837019444,77,0.1506849315068493,12.54466438293457,0.0009329797467216849,12.544663429260254,7.437264076336417e-05
trained,4883,-1,0.0006115459837019444,465,0.9099804305283757,12.006525993347168,0.0008088172180578113,12.006525993347168,6.736479965195411e-05
trained,8201,-1,0.004158512689173222,52,0.10176125244618395,32.628265380859375,0.07413265854120255,32.628265380859375,0.002272037991473821
trained,8201,-1,0.004158512689173222,425,0.8317025440313112,32.52186965942383,0.05307509005069733,32.52186965942383,0.001631981512948405
trained,8201,-1,0.004158512689173222,154,0.3013698630136986,29.923852920532227,0.018083279952406883,29.923852920532227,0.0006043098794941295
trained,8201,-1,0.004158512689173222,49,0.0958904109589041,25.29359245300293,0.19329935312271118,25.293594360351562,0.007642225552004324
trained,14087,-1,0.0008357795304618776,163,0.31898238747553814,19.3963565826416,0.005051216576248407,19.3963565826416,0.0002604208968177507
trained,14087,-1,0.0008357795304618776,322,0.6301369863013698,16.62668228149414,0.005368529818952084,16.62668228149414,0.0003228864140218385
trained,14087,-1,0.0008357795304618776,157,0.30724070450097846,16.333724975585938,0.004451117943972349,16.333724975585938,0.00027251089084856316
trained,14087,-1,0.0008357795304618776,206,0.40313111545988256,14.223142623901367,0.003187967464327812,14.223142623901367,0.00022413945698404042
trained,793,-1,0.00012230919674038887,26,0.050880626223091974,5.602784633636475,5.475754733197391e-06,5.602784633636475,9.773273633120831e-07
trained,793,-1,0.00012230919674038887,82,0.16046966731898238,5.317850112915039,0.0007844811771064997,5.317850112915039,0.00014751848217784338
trained,793,-1,0.00012230919674038887,153,0.299412915851272,5.061099052429199,0.0003955701249651611,5.061099052429199,7.815893758793309e-05
trained,793,-1,0.00012230919674038887,379,0.7416829745596869,5.0040717124938965,8.280370821012184e-05,5.0040717124938965,1.6547266499675056e-05
trained,11787,-1,0.000896934128832072,162,0.31702544031311153,14.61118221282959,0.0011132238432765007,14.61118221282959,7.618985425416269e-05
trained,11787,-1,0.000896934128832072,166,0.324853228962818,13.778149604797363,0.0015062637394294143,13.778148651123047,0.0001093226512189386
trained,11787,-1,0.000896934128832072,58,0.11350293542074363,13.690424919128418,0.01431080512702465,13.690423965454102,0.0010453149707515264
trained,11787,-1,0.000896934128832072,163,0.31898238747553814,13.019981384277344,0.002910532057285309,13.019980430603027,0.00022354350475398572
trained,5849,-1,0.004586595110595226,67,0.13111545988258316,14.718283653259277,6.59292345517315e-05,14.718284606933594,4.479410224250799e-06
trained,5849,-1,0.004586595110595226,492,0.9628180039138943,14.228639602661133,8.725811494514346e-05,14.228639602661133,6.132569056624632e-06
trained,5849,-1,0.004586595110595226,493,0.9647749510763209,13.277009963989258,0.0006019748980179429,13.277010917663574,4.533964020599567e-05
trained,5849,-1,0.004586595110595226,340,0.6653620352250489,13.164159774780273,0.00022279210679698735,13.16416072845459,1.6924140580828512e-05
trained,13797,-1,0.003913894295692444,236,0.461839530332681,16.26811981201172,0.004156145267188549,16.26812171936035,0.0002554778811522173
trained,13797,-1,0.003913894295692444,363,0.7103718199608611,14.981712341308594,0.005362619645893574,14.981714248657227,0.00035794432845855486
trained,13797,-1,0.003913894295692444,400,0.7827788649706457,14.84791374206543,0.001959285931661725,14.847914695739746,0.00013195697657287156
trained,13797,-1,0.003913894295692444,265,0.5185909980430529,14.790931701660156,0.004971987567842007,14.790932655334473,0.00033615105170861675
trained,8833,-1,0.00016307893383782357,191,0.37377690802348335,3.1352896690368652,1.575339069859183e-06,3.1352896690368652,5.024540747914734e-07
trained,8833,-1,0.00016307893383782357,469,0.9178082191780822,2.1241559982299805,1.692983823886607e-05,2.1241559982299805,7.970148262638613e-06
trained,8833,-1,0.00016307893383782357,218,0.42661448140900193,1.7423659563064575,1.632276689633727e-05,1.7423659563064575,9.368162203386352e-06
trained,8833,-1,0.00016307893383782357,431,0.8434442270058709,1.729204535484314,4.421141056809574e-06,1.729204535484314,2.556748473697072e-06
trained,6405,-1,0.0011211676755920053,215,0.4207436399217221,7.502405166625977,0.0021099280565977097,7.502405643463135,0.0002812335345311667
trained,6405,-1,0.0011211676755920053,409,0.8003913894324853,6.415976524353027,0.002058034297078848,6.415976524353027,0.00032076711772045883
trained,6405,-1,0.0011211676755920053,56,0.1095890410958904,6.321203708648682,0.0015678778290748596,6.321203708648682,0.00024803469423548025
trained,6405,-1,0.0011211676755920053,62,0.12133072407045009,6.087780952453613,0.0005798034253530204,6.0877814292907715,9.52405128349964e-05
trained,10302,-1,0.004688519053161144,334,0.6536203522504892,18.283830642700195,0.004852743819355965,18.283832550048828,0.0002654117404582665
trained,10302,-1,0.004688519053161144,372,0.7279843444227005,16.56159210205078,0.004200803115963936,16.561594009399414,0.00025364727052117086
trained,10302,-1,0.004688519053161144,335,0.6555772994129159,14.119938850402832,0.0025875293649733067,14.119939804077148,0.00018325356912825893
trained,10302,-1,0.004688519053161144,403,0.7886497064579256,13.181042671203613,0.0062185125425457954,13.18104362487793,0.00047177694873939735
trained,13049,-1,0.00032615786767564714,352,0.6888454011741683,8.358373641967773,0.0027291402220726013,8.358373641967773,0.0003265157001799327
trained,13049,-1,0.00032615786767564714,64,0.12524461839530332,7.403963088989258,0.00021045525500085205,7.403963088989258,2.842467641604384e-05
trained,13049,-1,0.00032615786767564714,291,0.5694716242661448,7.083367347717285,0.0018788930028676987,7.083367347717285,0.0002652542089989443
trained,13049,-1,0.00032615786767564714,274,0.5362035225048923,6.87368631362915,0.0009764374699443579,6.87368631362915,0.00014205441234760408
trained,1308,-1,0.0005911611369810998,445,0.8708414872798435,9.901263236999512,0.00039050186751410365,9.901262283325195,3.943960439991084e-05
trained,1308,-1,0.0005911611369810998,34,0.06653620352250489,7.8138508796691895,0.0006436838302761316,7.8138508796691895,8.237728620479931e-05
trained,1308,-1,0.0005911611369810998,14,0.0273972602739726,7.7891154289245605,0.0007257686229422688,7.7891154289245605,9.31772843225762e-05
trained,1308,-1,0.0005911611369810998,22,0.043052837573385516,6.876407146453857,0.00021961529273539782,6.876407146453857,3.193750574362846e-05
trained,14538,-1,0.0006727005820721388,358,0.700587084148728,5.577600002288818,0.0018763731932267547,5.577600002288818,0.0003364122906728285
trained,14538,-1,0.0006727005820721388,432,0.8454011741682974,5.2288079261779785,0.004033071920275688,5.228808403015137,0.0007713175946454761
trained,14538,-1,0.0006727005820721388,216,0.4227005870841487,5.0533623695373535,1.3918368495069444e-05,5.0533623695373535,2.7542787311220867e-06
trained,14538,-1,0.0006727005820721388,355,0.6947162426614482,4.831784725189209,0.0003503906773403287,4.831784725189209,7.251785774181147e-05
trained,6134,-1,0.004851598292589188,331,0.6477495107632094,18.31787109375,0.01715151034295559,18.31787109375,0.0009363266208815953
trained,6134,-1,0.004851598292589188,296,0.5792563600782779,18.06332015991211,0.0077222902327775955,18.06332015991211,0.0004275122272324918
trained,6134,-1,0.004851598292589188,59,0.11545988258317025,15.710309028625488,0.008442945778369904,15.710309028625488,0.0005374143667693713
trained,6134,-1,0.004851598292589188,317,0.6203522504892368,15.274015426635742,0.006773738190531731,15.274016380310059,0.000443481139594943
trained,13628,-1,0.006013535428792238,270,0.5283757338551859,17.61728286743164,0.008810709230601788,17.617284774780273,0.0005001173190555794
trained,13628,-1,0.006013535428792238,287,0.5616438356164384,15.887250900268555,0.0035481909289956093,15.887250900268555,0.00022333573953538
trained,13628,-1,0.006013535428792238,496,0.9706457925636007,14.37807846069336,0.0013150367885828018,14.378079414367676,9.146122723934301e-05
trained,13628,-1,0.006013535428792238,286,0.5596868884540117,14.130783081054688,0.0009726617718115449,14.130784034729004,6.883282409674151e-05
trained,850,-1,0.0025277233216911554,115,0.22504892367906065,31.47945213317871,0.0011777851032093167,31.47945213317871,3.7414409190684576e-05
trained,850,-1,0.0025277233216911554,158,0.30919765166340507,25.22867774963379,0.003980023320764303,25.22867774963379,0.00015775790393224537
trained,850,-1,0.0025277233216911554,317,0.6203522504892368,23.226791381835938,0.002193427411839366,23.226789474487305,9.443523885419737e-05
trained,850,-1,0.0025277233216911554,318,0.6223091976516634,21.353076934814453,0.007391239050775766,21.353076934814453,0.0003461439807171281
trained,14293,-1,0.011741682887077332,492,0.9628180039138943,10.821608543395996,0.0007721949368715286,10.821609497070312,7.135675493378149e-05
trained,14293,-1,0.011741682887077332,172,0.33659491193737767,9.795372009277344,0.00012731360038742423,9.79537296295166,1.2997320354105288e-05
trained,14293,-1,0.011741682887077332,39,0.07632093933463796,7.720831394195557,0.0005666835932061076,7.720831871032715,7.33967016342126e-05
trained,14293,-1,0.011741682887077332,188,0.3679060665362035,7.658883094787598,0.002710971049964428,7.658883571624756,0.0003539642592307122
trained,9401,-1,0.0012434768723323941,68,0.13307240704500978,11.668085098266602,0.0034162625670433044,11.668085098266602,0.0002927869087577036
trained,9401,-1,0.0012434768723323941,176,0.34442270058708413,8.198062896728516,0.0024469043128192425,8.198062896728516,0.0002984734739953866
trained,9401,-1,0.0012434768723323941,73,0.14285714285714285,7.951381206512451,0.005133640021085739,7.951381206512451,0.0006456287137737923
trained,9401,-1,0.0012434768723323941,448,0.8767123287671232,7.423146724700928,0.0034668187145143747,7.4231462478637695,0.0004670282113210493
trained,269,-1,0.002079256344586611,220,0.43052837573385516,28.696971893310547,0.6159363985061646,28.696971893310547,0.021463463141549906
trained,269,-1,0.002079256344586611,44,0.08610567514677103,26.207286834716797,0.026562362909317017,26.207286834716797,0.0010135487537050135
trained,269,-1,0.002079256344586611,77,0.1506849315068493,26.03013801574707,0.3201880156993866,26.03013801574707,0.012300665309791564
trained,269,-1,0.002079256344586611,347,0.6790606653620352,25.760583877563477,0.02295266091823578,25.760583877563477,0.0008909992501461391
trained,13239,-1,0.0013250162592157722,90,0.1761252446183953,16.9465389251709,0.0064764623530209064,16.9465389251709,0.0003821702107798153
trained,13239,-1,0.0013250162592157722,295,0.5772994129158513,16.874326705932617,0.0016238136449828744,16.874326705932617,9.622983324199712e-05
trained,13239,-1,0.0013250162592157722,403,0.7886497064579256,16.753477096557617,0.006184776313602924,16.753477096557617,0.00036916374302226057
trained,13239,-1,0.0013250162592157722,256,0.5009784735812133,16.603866577148438,0.0018864162266254425,16.603866577148438,0.0001136130682489149
trained,10626,-1,0.0004892367869615555,499,0.9765166340508806,7.175276279449463,0.0021684858947992325,7.175275802612305,0.0003022163822622332
trained,10626,-1,0.0004892367869615555,371,0.726027397260274,5.366151332855225,0.0013631506590172648,5.366151332855225,0.00025402762137383833
trained,10626,-1,0.0004892367869615555,228,0.4461839530332681,4.982644557952881,0.0001876544556580484,4.982644081115723,3.766162154131396e-05
trained,10626,-1,0.0004892367869615555,228,0.4461839530332681,4.951293468475342,0.00043852441012859344,4.951292991638184,8.856765512951464e-05
trained,6574,-1,0.010314742103219032,185,0.36203522504892366,18.84320831298828,0.002299712738022208,18.84320831298828,0.00012204464865131582
trained,6574,-1,0.010314742103219032,188,0.3679060665362035,17.27522850036621,0.0007574810879305005,17.275226593017578,4.38478235785726e-05
trained,6574,-1,0.010314742103219032,456,0.8923679060665362,16.392854690551758,0.0052857547998428345,16.392852783203125,0.00032244264434918023
trained,6574,-1,0.010314742103219032,231,0.4520547945205479,15.505934715270996,0.0002336383331567049,15.50593376159668,1.506767259224037e-05
trained,6173,-1,0.0003669275902211666,179,0.350293542074364,6.9410080909729,0.0010082990629598498,6.941008567810059,0.0001452669382423736
trained,6173,-1,0.0003669275902211666,186,0.3639921722113503,4.5248589515686035,0.004638314712792635,4.5248589515686035,0.0010250738779790474
trained,6173,-1,0.0003669275902211666,78,0.15264187866927592,4.444035053253174,0.0021147127263247967,4.444035053253174,0.00047585419578919844
trained,6173,-1,0.0003669275902211666,286,0.5596868884540117,4.012438774108887,2.4262167244160082e-06,4.012438774108887,6.046738308062635e-07
trained,16272,-1,0.03290117532014847,171,0.33463796477495106,32.6123046875,0.006395020522177219,32.6123046875,0.00019609225976072682
trained,16272,-1,0.03290117532014847,355,0.6947162426614482,31.233295440673828,0.006540537811815739,31.233295440673828,0.00020940914877967912
trained,16272,-1,0.03290117532014847,111,0.2172211350293542,30.613618850708008,0.0182118471711874,30.61362075805664,0.000594893603573323
trained,16272,-1,0.03290117532014847,142,0.27788649706457924,30.307151794433594,0.004296672530472279,30.307151794433594,0.00014177091135503643
trained,6351,-1,0.00042808218859136105,64,0.12524461839530332,5.78943395614624,0.0004695348907262087,5.78943395614624,8.11020376573665e-05
trained,6351,-1,0.00042808218859136105,395,0.7729941291585127,5.356874942779541,0.0005108438199386001,5.356874465942383,9.536229067647795e-05
trained,6351,-1,0.00042808218859136105,283,0.5538160469667319,5.229541778564453,0.0011832648888230324,5.229541778564453,0.0002262655006741044
trained,6351,-1,0.00042808218859136105,131,0.2563600782778865,4.9753570556640625,0.0007152047473937273,4.9753570556640625,0.00014374943132564155
trained,2461,-1,0.00258887792006135,261,0.5107632093933464,33.412322998046875,0.06460689008235931,33.41231918334961,0.0019336248324406922
trained,2461,-1,0.00258887792006135,198,0.38747553816046965,32.32783508300781,0.07545267045497894,32.32783508300781,0.0023339846377352516
trained,2461,-1,0.00258887792006135,388,0.7592954990215264,30.33591651916504,0.10518407076597214,30.335914611816406,0.0034673116704053808
trained,2461,-1,0.00258887792006135,382,0.7475538160469667,26.222274780273438,0.01511620543897152,26.222274780273438,0.0005764643062295716
trained,10369,-1,0.002609262941405177,239,0.46771037181996084,28.652616500854492,0.0202740840613842,28.652618408203125,0.0007075822451039872
trained,10369,-1,0.002609262941405177,503,0.9843444227005871,24.410602569580078,0.03932937607169151,24.410602569580078,0.001611159575417563
trained,10369,-1,0.002609262941405177,254,0.49706457925636005,24.22191047668457,0.042375173419713974,24.22191047668457,0.0017494562809363572
trained,10369,-1,0.002609262941405177,502,0.9823874755381604,21.8823184967041,0.0169123075902462,21.8823184967041,0.0007728754881615273
trained,7523,-1,0.0018957925494760275,25,0.04892367906066536,9.041949272155762,0.00012315076310187578,9.041949272155762,1.3619935192637334e-05
trained,7523,-1,0.0018957925494760275,391,0.7651663405088063,8.80345630645752,0.00015658687334507704,8.80345630645752,1.7786976829795507e-05
trained,7523,-1,0.0018957925494760275,24,0.046966731898238745,8.393207550048828,0.0002520133275538683,8.393206596374512,3.0025869691176996e-05
trained,7523,-1,0.0018957925494760275,386,0.7553816046966731,8.134171485900879,0.00024710060097277164,8.134171485900879,3.037809092186906e-05
trained,6893,-1,0.007868558168411255,331,0.6477495107632094,25.661346435546875,0.0002676465956028551,25.661346435546875,1.0429951377457845e-05
trained,6893,-1,0.007868558168411255,123,0.24070450097847357,24.680374145507812,0.00120651931501925,24.680374145507812,4.8885778955618226e-05
trained,6893,-1,0.007868558168411255,87,0.17025440313111545,24.48067283630371,0.027424750849604607,24.48067283630371,0.0011202613193267697
trained,6893,-1,0.007868558168411255,281,0.5499021526418787,21.706218719482422,0.002902605105191469,21.706218719482422,0.0001337222822041425
trained,8253,-1,8.153946691891178e-05,26,0.050880626223091974,6.848970890045166,0.0014472451293841004,6.848970890045166,0.000211308407148823
trained,8253,-1,8.153946691891178e-05,194,0.3796477495107632,6.374599456787109,8.78508435562253e-05,6.374599456787109,1.3781390368408087e-05
trained,8253,-1,8.153946691891178e-05,375,0.7338551859099804,5.310626983642578,0.0016403226181864738,5.310626983642578,0.0003088755100365514
trained,8253,-1,8.153946691891178e-05,83,0.162426614481409,4.092798709869385,0.002336173551157117,4.092799186706543,0.0005708009224457028
trained,6912,-1,0.0013046314707025886,249,0.487279843444227,9.91390609741211,0.0007463789661414921,9.913907051086426,7.528605647555466e-05
trained,6912,-1,0.0013046314707025886,156,0.30528375733855184,9.784497261047363,0.0008233287371695042,9.78449821472168,8.414624021605219e-05
trained,6912,-1,0.0013046314707025886,254,0.49706457925636005,6.656628131866455,3.474970071692951e-06,6.656628608703613,5.220315381797612e-07
trained,6912,-1,0.0013046314707025886,441,0.863013698630137,5.677807807922363,0.000761068775318563,5.677807807922363,0.0001340427152635614
trained,9462,-1,0.0021200261544436216,392,0.7671232876712328,14.195878982543945,3.6067907785763964e-05,14.195878982543945,2.540730857885947e-06
trained,9462,-1,0.0021200261544436216,393,0.7690802348336595,9.970274925231934,0.01500774547457695,9.970274925231934,0.001505248911100396
trained,9462,-1,0.0021200261544436216,411,0.8043052837573386,9.10336971282959,9.516335558146238e-05,9.10336971282959,1.0453640638954437e-05
trained,9462,-1,0.0021200261544436216,379,0.7416829745596869,8.042837142944336,6.006303010508418e-05,8.042837142944336,7.4678908745249316e-06
trained,3712,-1,0.007032779045403004,164,0.32093933463796476,32.2843132019043,0.02157602086663246,32.2843132019043,0.0006683128345242232
trained,3712,-1,0.007032779045403004,254,0.49706457925636005,27.558353424072266,0.040807683020830154,27.558351516723633,0.0014807737319144883
trained,3712,-1,0.007032779045403004,414,0.8101761252446184,27.34998893737793,0.03221695125102997,27.34998893737793,0.0011779511620569833
trained,3712,-1,0.007032779045403004,501,0.9804305283757339,23.945053100585938,0.0001428637478966266,23.945051193237305,5.966316243958374e-06
trained,5065,-1,0.0002650032693054527,310,0.6066536203522505,8.636242866516113,0.0007611664477735758,8.636242866516113,8.813629486089622e-05
trained,5065,-1,0.0002650032693054527,237,0.4637964774951076,8.025228500366211,0.00036156014539301395,8.025228500366211,4.5052940907105025e-05
trained,5065,-1,0.0002650032693054527,175,0.3424657534246575,5.3822550773620605,0.0013347812928259373,5.3822550773620605,0.00024799666192709273
trained,5065,-1,0.0002650032693054527,367,0.7181996086105675,5.074152946472168,0.0022686170414090157,5.074152946472168,0.0004470927591936865
trained,11559,-1,0.01700097881257534,441,0.863013698630137,24.068498611450195,0.02865961566567421,24.068498611450195,0.0011907521166293217
trained,11559,-1,0.01700097881257534,89,0.17416829745596868,19.003889083862305,0.00675910385325551,19.003889083862305,0.0003556695065640641
trained,11559,-1,0.01700097881257534,208,0.4070450097847358,18.412429809570312,0.00017230387311428785,18.412431716918945,9.358018308682174e-06
trained,11559,-1,0.01700097881257534,211,0.41291585127201563,17.485279083251953,0.0022652463521808386,17.485279083251953,0.00012955162690829312
trained,4513,-1,0.0004076973127666861,484,0.9471624266144814,10.266180992126465,0.0016848200466483831,10.266181945800781,0.00016411359700648322
trained,4513,-1,0.0004076973127666861,32,0.06262230919765166,8.280868530273438,0.0010633403435349464,8.280868530273438,0.0001284092773176577
trained,4513,-1,0.0004076973127666861,247,0.48336594911937375,6.190257549285889,0.0008904720889404416,6.190257549285889,0.00014385057194319273
trained,4513,-1,0.0004076973127666861,475,0.9295499021526419,6.075406074523926,0.0003957068547606468,6.075406074523926,6.513257713257541e-05
trained,14565,-1,0.0010803978657349944,503,0.9843444227005871,15.241657257080078,0.0012427770998328924,15.241658210754395,8.153818191225405e-05
trained,14565,-1,0.0010803978657349944,427,0.8356164383561644,13.057679176330566,0.0001295890542678535,13.057680130004883,9.92435509046315e-06
trained,14565,-1,0.0010803978657349944,180,0.3522504892367906,7.889144420623779,0.0008006503339856863,7.8891448974609375,0.00010148759395246622
trained,14565,-1,0.0010803978657349944,400,0.7827788649706457,6.676095962524414,4.1630912164691836e-05,6.676095962524414,6.235816920305329e-06
trained,461,-1,0.005626223050057888,342,0.6692759295499021,20.474973678588867,0.00631649699062109,20.474973678588867,0.0003084984181067051
trained,461,-1,0.005626223050057888,342,0.6692759295499021,20.067638397216797,0.008184218779206276,20.067638397216797,0.0004078316848853204
trained,461,-1,0.005626223050057888,203,0.3972602739726027,16.633312225341797,0.008195491507649422,16.633312225341797,0.0004927155455642277
trained,461,-1,0.005626223050057888,321,0.6281800391389433,16.202241897583008,0.001335852313786745,16.202241897583008,8.244860941040652e-05
trained,7378,-1,0.0015288649592548609,86,0.16829745596868884,12.043693542480469,0.00020419107750058174,12.043694496154785,1.6954189394772032e-05
trained,7378,-1,0.0015288649592548609,373,0.7299412915851272,9.753568649291992,0.0031890948303043842,9.753568649291992,0.0003269669743428606
trained,7378,-1,0.0015288649592548609,337,0.6594911937377691,8.502701759338379,0.0019329497590661049,8.502701759338379,0.00022733359510618818
trained,7378,-1,0.0015288649592548609,160,0.3131115459882583,8.407000541687012,7.490342250093818e-05,8.407000541687012,8.909648825347582e-06
trained,5258,-1,0.02105756662786007,132,0.2583170254403131,18.926044464111328,0.004066952969878912,18.926044464111328,0.00021488658010874412
trained,5258,-1,0.02105756662786007,244,0.4774951076320939,16.696414947509766,0.001932541374117136,16.696414947509766,0.00011574588797611133
trained,5258,-1,0.02105756662786007,45,0.08806262230919765,16.529882431030273,0.0010132589377462864,16.529882431030273,6.129861733584829e-05
trained,5258,-1,0.02105756662786007,472,0.923679060665362,15.665157318115234,0.0016156574711203575,15.665157318115234,0.00010313700898822168
trained,10998,-1,0.006054305471479893,246,0.48140900195694714,17.821903228759766,0.0019112520385533571,17.8219051361084,0.00010724173560328462
trained,10998,-1,0.006054305471479893,158,0.30919765166340507,17.127853393554688,0.00010407809168100357,17.12785530090332,6.076539639817865e-06
trained,10998,-1,0.006054305471479893,164,0.32093933463796476,15.977705955505371,2.035780426012934e-06,15.977706909179688,1.2741380459565917e-07
trained,10998,-1,0.006054305471479893,192,0.37573385518590996,15.05626106262207,2.310735908395145e-06,15.05626106262207,1.5347342203913187e-07
trained,9883,-1,0.0035061968956142664,251,0.4911937377690802,38.05830001831055,0.02182508073747158,38.05830001831055,0.0005734644145159172
trained,9883,-1,0.0035061968956142664,74,0.14481409001956946,34.808753967285156,0.023252319544553757,34.808753967285156,0.0006680020654116876
trained,9883,-1,0.0035061968956142664,224,0.4383561643835616,33.60319900512695,0.009113544598221779,33.60319900512695,0.00027121062482269307
trained,9883,-1,0.0035061968956142664,189,0.3698630136986301,33.17088317871094,0.015664363279938698,33.17088317871094,0.0004722323248237201
trained,10577,-1,0.020976027473807335,231,0.4520547945205479,27.047563552856445,0.0011121956631541252,27.047563552856445,4.111999444906261e-05
trained,10577,-1,0.020976027473807335,400,0.7827788649706457,23.652759552001953,0.007031645625829697,23.652759552001953,0.0002972864798447817
trained,10577,-1,0.020976027473807335,29,0.05675146771037182,22.74517822265625,0.0577227957546711,22.74517822265625,0.0025378036254371478
trained,10577,-1,0.020976027473807335,357,0.6986301369863014,22.16229248046875,0.0022626107092946768,22.16229248046875,0.0001020928097257392
trained,8580,-1,0.0011415524641051888,193,0.3776908023483366,10.834425926208496,0.00022690823243465275,10.834426879882812,2.0943261231101413e-05
trained,8580,-1,0.0011415524641051888,428,0.837573385518591,10.452982902526855,0.002010488882660866,10.452983856201172,0.00019233636159001193
trained,8580,-1,0.0011415524641051888,398,0.7788649706457925,9.782366752624512,0.0050256322138011456,9.782367706298828,0.0005137439487748104
trained,8580,-1,0.0011415524641051888,345,0.675146771037182,9.313186645507812,0.0004905778914690018,9.313187599182129,5.267561575932215e-05
trained,11892,-1,0.002813111525028944,113,0.22113502935420742,12.894976615905762,0.012331679463386536,12.894976615905762,0.0009563165433100198
trained,11892,-1,0.002813111525028944,289,0.5655577299412916,10.286396026611328,0.0033316854387521744,10.286396026611328,0.0003238923943947878
trained,11892,-1,0.002813111525028944,290,0.5675146771037182,10.008899688720703,0.0005280164768919349,10.00890064239502,5.2754692623823106e-05
trained,11892,-1,0.002813111525028944,448,0.8767123287671232,9.737964630126953,0.00014982778520788997,9.73796558380127,1.538594318479855e-05
trained,11688,-1,0.006849315017461777,303,0.5929549902152642,20.36989974975586,0.0002422548277536407,20.369901657104492,1.1892783373804287e-05
trained,11688,-1,0.006849315017461777,30,0.05870841487279843,19.915603637695312,0.009068014100193977,19.915605545043945,0.00045532203777005306
trained,11688,-1,0.006849315017461777,52,0.10176125244618395,19.864831924438477,0.0029077650979161263,19.86483383178711,0.00014637751931572708
trained,11688,-1,0.006849315017461777,70,0.136986301369863,18.949764251708984,0.010643498972058296,18.949766159057617,0.0005616691458206154
trained,15265,-1,0.0021404109429568052,308,0.6027397260273972,16.746749877929688,0.005149226635694504,16.74675178527832,0.000307476142341888
trained,15265,-1,0.0021404109429568052,277,0.5420743639921722,15.439522743225098,0.0028259840328246355,15.439522743225098,0.00018303571164883867
trained,15265,-1,0.0021404109429568052,239,0.46771037181996084,13.972407341003418,0.003028515726327896,13.972407341003418,0.00021674974486611307
trained,15265,-1,0.0021404109429568052,442,0.8649706457925636,13.842100143432617,0.002826472744345665,13.842101097106934,0.00020419390990695854
trained,9037,-1,0.0007542400271631777,282,0.5518590998043053,24.679548263549805,0.013714420609176159,24.679548263549805,0.0005556998232999072
trained,9037,-1,0.0007542400271631777,330,0.6457925636007827,22.142406463623047,0.004265647381544113,22.14240837097168,0.00019264604419166545
trained,9037,-1,0.0007542400271631777,331,0.6477495107632094,12.221495628356934,0.0038793631829321384,12.22149658203125,0.00031742128771985274
trained,9037,-1,0.0007542400271631777,333,0.6516634050880626,11.010700225830078,0.003288913518190384,11.010700225830078,0.00029870157671488495
trained,8858,-1,0.0001426940580131486,380,0.7436399217221135,6.146359443664551,0.000179712864337489,6.146359920501709,2.9238909966538305e-05
trained,8858,-1,0.0001426940580131486,153,0.299412915851272,5.095149040222168,0.0005086413584649563,5.095149517059326,9.982854414025508e-05
trained,8858,-1,0.0001426940580131486,162,0.31702544031311153,4.859138011932373,0.0002100644342135638,4.859138488769531,4.3230797948868084e-05
trained,8858,-1,0.0001426940580131486,488,0.9549902152641878,4.553155899047852,1.031544161378406e-05,4.55315637588501,2.2655583867968996e-06
trained,1190,-1,0.0006115459837019444,249,0.487279843444227,19.366273880004883,0.0018071632366627455,19.366275787353516,9.331495928829288e-05
trained,1190,-1,0.0006115459837019444,312,0.6105675146771037,18.4814395904541,0.001263464568182826,18.481441497802734,6.836396221220298e-05
trained,1190,-1,0.0006115459837019444,235,0.4598825831702544,16.29391098022461,0.004332475829869509,16.293912887573242,0.0002658953598048094
trained,1190,-1,0.0006115459837019444,198,0.38747553816046965,11.38267707824707,0.007692353799939156,11.382678031921387,0.000675794727599854
trained,3913,-1,0.0004688519111368805,152,0.2974559686888454,10.477980613708496,0.0007742684683762491,10.477980613708496,7.38948178013674e-05
trained,3913,-1,0.0004688519111368805,285,0.5577299412915852,7.485471248626709,0.0002150475629605353,7.485471725463867,2.8728658773633802e-05
trained,3913,-1,0.0004688519111368805,95,0.18590998043052837,7.073385238647461,0.0011831369483843446,7.073385715484619,0.00016726600188001826
trained,3913,-1,0.0004688519111368805,94,0.18395303326810175,6.0297441482543945,0.0018708864226937294,6.029744625091553,0.00031027622876571206
trained,16008,-1,4.076973345945589e-05,478,0.9354207436399217,6.687511920928955,0.0010946727124974132,6.687511920928955,0.00016368908578264684
trained,16008,-1,4.076973345945589e-05,88,0.17221135029354206,1.8465200662612915,0.000584382563829422,1.8465200662612915,0.0003164777759564997
trained,13141,-1,0.0012638616608455777,328,0.6418786692759295,30.18964385986328,0.05756254494190216,30.18964385986328,0.0019066983767380833
trained,13141,-1,0.0012638616608455777,347,0.6790606653620352,30.130067825317383,0.12130652368068695,30.13006591796875,0.00402609552899594
trained,13141,-1,0.0012638616608455777,321,0.6281800391389433,29.90108871459961,0.004519605543464422,29.90108871459961,0.0001511518723148587
trained,13141,-1,0.0012638616608455777,423,0.8277886497064579,29.31178092956543,0.11273686587810516,29.311779022216797,0.003846128404306559
trained,135,-1,0.00913241971284151,85,0.16634050880626222,14.217791557312012,0.009566168300807476,14.217791557312012,0.0006728308163926999
trained,135,-1,0.00913241971284151,288,0.5636007827788649,13.757198333740234,0.004898805171251297,13.757198333740234,0.0003560903210384578
trained,135,-1,0.00913241971284151,81,0.15851272015655576,13.501684188842773,0.0033028433099389076,13.501684188842773,0.0002446245419270167
trained,135,-1,0.00913241971284151,165,0.32289628180039137,12.324965476989746,0.00012009147758362815,12.32496452331543,9.743758479502981e-06
trained,12444,-1,0.02868150733411312,151,0.29549902152641877,31.4005069732666,0.016884813085198402,31.4005069732666,0.0005377242188979178
trained,12444,-1,0.02868150733411312,338,0.6614481409001957,24.235666275024414,0.008724063634872437,24.235666275024414,0.00035996797182600454
trained,12444,-1,0.02868150733411312,58,0.11350293542074363,23.191177368164062,0.0022112345322966576,23.191177368164062,9.534809281964931e-05
trained,12444,-1,0.02868150733411312,442,0.8649706457925636,22.133636474609375,0.004701457917690277,22.133636474609375,0.00021241235813570714
trained,12887,-1,0.00010192432819167152,31,0.060665362035225046,5.474728584289551,1.6725978639442474e-05,5.474728584289551,3.0551247211487076e-06
trained,12887,-1,0.00010192432819167152,65,0.12720156555772993,3.873353958129883,1.2940372471348383e-06,3.873354196548462,3.340869906211914e-07
trained,12887,-1,0.00010192432819167152,57,0.11154598825831702,3.526700019836426,0.0025001501198858023,3.526700019836426,0.0007089205506063324
trained,12887,-1,0.00010192432819167152,315,0.6164383561643836,2.8088531494140625,6.238286732695997e-05,2.8088531494140625,2.220937301046631e-05
trained,11195,-1,0.0002853881160262972,419,0.8199608610567515,5.840897083282471,0.0017912447219714522,5.840897083282471,0.00030667287857172917
trained,11195,-1,0.0002853881160262972,480,0.9393346379647749,5.483740329742432,0.00020202342420816422,5.483740329742432,3.684044321217032e-05
trained,11195,-1,0.0002853881160262972,147,0.2876712328767123,5.408885478973389,0.0027052555233240128,5.408885478973389,0.0005001502682651497
trained,11195,-1,0.0002853881160262972,428,0.837573385518591,5.404824256896973,0.00045385933481156826,5.404824256896973,8.397300508567115e-05
trained,1374,-1,0.0013454011641442776,125,0.2446183953033268,12.380763053894043,0.005086581222712994,12.380763053894043,0.0004108455351718522
trained,1374,-1,0.0013454011641442776,220,0.43052837573385516,11.11107063293457,0.0030639558099210262,11.11107063293457,0.00027575702748564
trained,1374,-1,0.0013454011641442776,136,0.26614481409001955,8.667553901672363,0.0009148763492703438,8.667553901672363,0.00010555184999701274
trained,1374,-1,0.0013454011641442776,483,0.9452054794520548,8.179532051086426,0.010865911841392517,8.179532051086426,0.0013284270754766808
trained,5176,-1,0.0014269406674429774,448,0.8767123287671232,23.469499588012695,0.03696116805076599,23.469499588012695,0.0015748596561319234
trained,5176,-1,0.0014269406674429774,408,0.7984344422700587,18.37725067138672,0.0028283046558499336,18.377248764038086,0.0001539025069620085
trained,5176,-1,0.0014269406674429774,325,0.6360078277886497,17.063392639160156,0.02258796989917755,17.063390731811523,0.0013237679576232452
trained,5176,-1,0.0014269406674429774,22,0.043052837573385516,16.91836929321289,0.020903486758470535,16.91836929321289,0.0012355497386415573
trained,2861,-1,0.0011823222739621997,48,0.09393346379647749,45.27326583862305,0.03787034749984741,45.27326965332031,0.000836483598154922
trained,2861,-1,0.0011823222739621997,64,0.12524461839530332,43.173583984375,0.03454916551709175,43.173583984375,0.0008002385331177389
trained,2861,-1,0.0011823222739621997,370,0.7240704500978473,41.495731353759766,0.01674553193151951,41.49573516845703,0.0004035482649852802
trained,2861,-1,0.0011823222739621997,336,0.6575342465753424,39.533302307128906,0.43895402550697327,39.533302307128906,0.011103398903961994
trained,1296,-1,0.0001834637951105833,74,0.14481409001956946,5.4684648513793945,0.0012484121834859252,5.4684648513793945,0.000228292988510481
trained,1296,-1,0.0001834637951105833,359,0.7025440313111546,5.165343761444092,0.0011790087446570396,5.165343761444092,0.00022825368438351921
trained,1296,-1,0.0001834637951105833,386,0.7553816046966731,4.231499671936035,0.0019441917538642883,4.231499671936035,0.0004594569076203576
trained,1296,-1,0.0001834637951105833,132,0.2583170254403131,3.869436025619507,3.9062801079126075e-05,3.869436264038086,1.0095217601119167e-05
trained,3775,-1,0.0004076973127666861,386,0.7553816046966731,6.406475067138672,0.0010383520275354385,6.406475067138672,0.00016207852471970962
trained,3775,-1,0.0004076973127666861,73,0.14285714285714285,5.067659854888916,0.00343996100127697,5.067659854888916,0.0006788066089239083
trained,3775,-1,0.0004076973127666861,228,0.4461839530332681,4.90666389465332,8.015584899112582e-05,4.90666389465332,1.6336119757146973e-05
trained,3775,-1,0.0004076973127666861,189,0.3698630136986301,4.376974105834961,0.0005329614505171776,4.376974105834961,0.0001217648168872383
trained,9349,-1,0.002853881334885955,131,0.2563600782778865,13.298575401306152,0.002026644069701433,13.298576354980469,0.0001523955659315692
trained,9349,-1,0.002853881334885955,141,0.2759295499021526,10.187165260314941,0.0002717454917728901,10.187165260314941,2.6675280593660355e-05
trained,9349,-1,0.002853881334885955,47,0.09197651663405088,8.273932456970215,0.00037459220038726926,8.273932456970215,4.527378031370093e-05
trained,9349,-1,0.002853881334885955,485,0.949119373776908,6.69473123550415,0.0006497987196780741,6.69473123550415,9.706121079693211e-05
trained,15804,-1,0.004199282266199589,42,0.0821917808219178,20.964792251586914,0.009640073403716087,20.964792251586914,0.0004598220334373401
trained,15804,-1,0.004199282266199589,136,0.26614481409001955,17.557371139526367,0.0013827541843056679,17.557371139526367,7.875633392477056e-05
trained,15804,-1,0.004199282266199589,300,0.5870841487279843,17.18850326538086,0.00437554344534874,17.18850326538086,0.0002545622139282752
trained,15804,-1,0.004199282266199589,334,0.6536203522504892,15.896110534667969,0.006848542019724846,15.896111488342285,0.00043083127749496186
trained,13721,-1,0.015940966084599495,421,0.8238747553816047,16.063709259033203,0.007768203504383564,16.063709259033203,0.0004835871578051142
trained,13721,-1,0.015940966084599495,434,0.8493150684931506,14.874651908874512,0.0015410962514579296,14.874652862548828,0.00010360552718094538
trained,13721,-1,0.015940966084599495,499,0.9765166340508806,14.825303077697754,0.003516583936288953,14.82530403137207,0.00023720147181113127
trained,13721,-1,0.015940966084599495,139,0.2720156555772994,14.80565071105957,0.002855076687410474,14.805651664733887,0.00019283694848846696
trained,11879,-1,0.004199282266199589,423,0.8277886497064579,11.671806335449219,0.001576356589794159,11.671805381774902,0.00013505679183578421
trained,11879,-1,0.004199282266199589,342,0.6692759295499021,8.949363708496094,0.0006885189795866609,8.949363708496094,7.693496454200584e-05
trained,11879,-1,0.004199282266199589,132,0.2583170254403131,8.778458595275879,0.0021730391308665276,8.778457641601562,0.0002475422471219071
trained,11879,-1,0.004199282266199589,110,0.21526418786692758,8.723886489868164,0.002367587760090828,8.723885536193848,0.0002713914287696839
trained,13812,-1,0.0003057729918509722,5,0.009784735812133072,6.652595043182373,4.153300324105658e-06,6.652595520019531,6.243127680928757e-07
trained,13812,-1,0.0003057729918509722,263,0.5146771037181996,6.333260536193848,0.0024862727150321007,6.333260536193848,0.00039257388841392853
trained,13812,-1,0.0003057729918509722,492,0.9628180039138943,5.845038414001465,0.0033943913877010345,5.845038890838623,0.0005807303340652402
trained,13812,-1,0.0003057729918509722,224,0.4383561643835616,5.531014442443848,0.0001802718616090715,5.531014919281006,3.259290821665432e-05
trained,14662,-1,0.0022423353511840105,221,0.4324853228962818,24.803571701049805,0.17657729983329773,24.803571701049805,0.007119027128896285
trained,14662,-1,0.0022423353511840105,225,0.44031311154598823,22.24664306640625,0.01368703506886959,22.24664306640625,0.0006152404669780415
trained,14662,-1,0.0022423353511840105,222,0.4344422700587084,19.326234817504883,0.02133115381002426,19.326234817504883,0.0011037407964588843
trained,14662,-1,0.0022423353511840105,477,0.9334637964774951,17.60657501220703,0.04980526864528656,17.60657501220703,0.0028287880300828217
trained,10204,-1,0.008969341404736042,496,0.9706457925636007,33.51564407348633,0.10125300288200378,33.51564407348633,0.003021066898192279
trained,10204,-1,0.008969341404736042,497,0.9726027397260274,29.088598251342773,0.0009404234006069601,29.088598251342773,3.232962250298701e-05
trained,10204,-1,0.008969341404736042,77,0.1506849315068493,28.471210479736328,0.002606044989079237,28.471210479736328,9.153263753692609e-05
trained,10204,-1,0.008969341404736042,74,0.14481409001956946,28.33123779296875,0.026429127901792526,28.33123779296875,0.0009328617441611291
trained,5005,-1,0.004770058672875166,368,0.7201565557729941,37.881004333496094,0.02098136581480503,37.88100814819336,0.0005538755920308231
trained,5005,-1,0.004770058672875166,493,0.9647749510763209,30.934741973876953,0.007732095662504435,30.934743881225586,0.0002499485915316426
trained,5005,-1,0.004770058672875166,229,0.4481409001956947,30.63052749633789,0.011091990396380424,30.63052749633789,0.00036212208221704815
trained,5005,-1,0.004770058672875166,328,0.6418786692759295,29.110618591308594,0.028637968003749847,29.110620498657227,0.0009837635719606465
trained,5502,-1,0.007970483042299747,314,0.6144814090019569,18.572370529174805,2.0415445760590956e-05,18.572370529174805,1.0992374790563712e-06
trained,5502,-1,0.007970483042299747,353,0.6908023483365949,17.87618064880371,0.00019762528245337307,17.876178741455078,1.1055230836055449e-05
trained,5502,-1,0.007970483042299747,423,0.8277886497064579,16.583587646484375,0.00913946982473135,16.583587646484375,0.0005511153569154781
trained,5502,-1,0.007970483042299747,427,0.8356164383561644,16.238203048706055,0.0027747275307774544,16.238201141357422,0.00017087653408298051
frozen,7903,-1,0.004770058672875166,309,0.6046966731898239,11.84013843536377,0.0007936537731438875,11.84013843536377,6.703078494195864e-05
frozen,7903,-1,0.004770058672875166,329,0.6438356164383562,10.806830406188965,0.0005404603434726596,10.806830406188965,5.0010995190888096e-05
frozen,7903,-1,0.004770058672875166,355,0.6947162426614482,10.640361785888672,0.0009874318493530154,10.640361785888672,9.280058979409469e-05
frozen,7903,-1,0.004770058672875166,406,0.7945205479452054,10.597406387329102,0.002401280216872692,10.597406387329102,0.0002265913119783542
frozen,87,-1,0.015492497943341732,422,0.8258317025440313,11.531017303466797,0.000894894590601325,11.531018257141113,7.760759463260068e-05
frozen,87,-1,0.015492497943341732,261,0.5107632093933464,9.739225387573242,0.0026258546859025955,9.739226341247559,0.00026961635286999947
frozen,87,-1,0.015492497943341732,155,0.30332681017612523,8.762458801269531,0.00026865804102271795,8.762459754943848,3.066011696899823e-05
frozen,87,-1,0.015492497943341732,279,0.5459882583170255,8.609427452087402,2.6569177862256765e-05,8.609428405761719,3.086055962144453e-06
frozen,12728,-1,0.0007338551804423332,442,0.8649706457925636,18.813405990600586,0.005250034853816032,18.813405990600586,0.00027905818098216854
frozen,12728,-1,0.0007338551804423332,335,0.6555772994129159,18.387388229370117,0.005239230580627918,18.387386322021484,0.0002849361235399292
frozen,12728,-1,0.0007338551804423332,163,0.31898238747553814,14.96373176574707,0.0008710069814696908,14.963730812072754,5.820787558988708e-05
frozen,12728,-1,0.0007338551804423332,242,0.4735812133072407,9.884881019592285,0.006429951637983322,9.884880065917969,0.0006504835258601793
frozen,13033,-1,0.0029965753201395273,122,0.23874755381604695,15.321508407592773,0.0017151040956377983,15.32150936126709,0.00011194093579145645
frozen,13033,-1,0.0029965753201395273,82,0.16046966731898238,14.709858894348145,0.002323307329788804,14.709859848022461,0.00015794217985708008
frozen,13033,-1,0.0029965753201395273,77,0.1506849315068493,14.22626781463623,0.003952064085751772,14.226268768310547,0.0002778004654709685
frozen,13033,-1,0.0029965753201395273,68,0.13307240704500978,14.019010543823242,0.0008643969194963574,14.019010543823242,6.165891071943088e-05
frozen,6886,-1,0.007909327745437622,34,0.06653620352250489,15.918662071228027,0.00232405005954206,15.918661117553711,0.00014599532224348317
frozen,6886,-1,0.007909327745437622,475,0.9295499021526419,15.360712051391602,0.0020333677530288696,15.360711097717285,0.00013237458475024916
frozen,6886,-1,0.007909327745437622,472,0.923679060665362,13.454855918884277,0.002378572477027774,13.454854965209961,0.0001767817254944789
frozen,6886,-1,0.007909327745437622,281,0.5499021526418787,12.829740524291992,0.0014963478315621614,12.829739570617676,0.0001166311929658383
frozen,6843,-1,0.000896934128832072,497,0.9726027397260274,43.95573806762695,0.002862710040062666,43.95573806762695,6.512710662845242e-05
frozen,6843,-1,0.000896934128832072,2,0.003913894324853229,26.173458099365234,0.005553221795707941,26.173458099365234,0.00021216996908187
frozen,6843,-1,0.000896934128832072,498,0.974559686888454,22.95265769958496,0.007659755181521177,22.95265769958496,0.00033371974965930345
frozen,6843,-1,0.000896934128832072,501,0.9804305283757339,21.805885314941406,0.0057394858449697495,21.805885314941406,0.00026320810928217854
frozen,12868,-1,0.0032615785021334887,485,0.949119373776908,14.933053970336914,0.005837723612785339,14.933053970336914,0.00039092630512026677
frozen,12868,-1,0.0032615785021334887,452,0.8845401174168297,11.992379188537598,0.0005573555827140808,11.992379188537598,4.647581384407902e-05
frozen,12868,-1,0.0032615785021334887,437,0.8551859099804305,11.478486061096191,0.001615304034203291,11.478485107421875,0.0001407244962280651
frozen,12868,-1,0.0032615785021334887,68,0.13307240704500978,11.102377891540527,0.0021456992253661156,11.102377891540527,0.00019326483446406866
frozen,13032,-1,0.0013046314707025886,432,0.8454011741682974,27.667783737182617,0.0017386316321790218,27.667783737182617,6.28395699740302e-05
frozen,13032,-1,0.0013046314707025886,249,0.487279843444227,24.514022827148438,0.023953665047883987,24.514020919799805,0.000977141413326313
frozen,13032,-1,0.0013046314707025886,227,0.44422700587084146,12.421608924865723,0.0004433408903423697,12.421607971191406,3.5691103065768953e-05
frozen,13032,-1,0.0013046314707025886,474,0.9275929549902152,11.783096313476562,0.00012558756861835718,11.783096313476562,1.065828244777395e-05
frozen,5055,-1,0.011252446100115776,418,0.8180039138943248,18.979869842529297,0.006398149766027927,18.979869842529297,0.0003371018778901856
frozen,5055,-1,0.011252446100115776,321,0.6281800391389433,18.741151809692383,0.005732632242143154,18.741151809692383,0.00030588473431917895
frozen,5055,-1,0.011252446100115776,164,0.32093933463796476,17.838369369506836,0.004846374038606882,17.838369369506836,0.00027168257020685664
frozen,5055,-1,0.011252446100115776,426,0.8336594911937377,17.788562774658203,0.002319823019206524,17.788562774658203,0.0001304109302473481
frozen,10664,-1,0.011211676523089409,319,0.62426614481409,40.07307434082031,0.00186463154386729,40.07307434082031,4.653078343849174e-05
frozen,10664,-1,0.011211676523089409,39,0.07632093933463796,35.60282897949219,0.0016081518260762095,35.60282897949219,4.5169214699273795e-05
frozen,10664,-1,0.011211676523089409,116,0.22700587084148727,33.62484359741211,0.00024701037909835577,33.624847412109375,7.346066915069464e-06
frozen,10664,-1,0.011211676523089409,44,0.08610567514677103,33.05900955200195,0.0005384497344493866,33.05900955200195,1.62875337690442e-05
frozen,13598,-1,0.0036488911136984825,355,0.6947162426614482,22.101547241210938,0.005214310251176357,22.101547241210938,0.0002359251229911027
frozen,13598,-1,0.0036488911136984825,397,0.776908023483366,19.05588150024414,0.0016301344148814678,19.05588150024414,8.554494919904823e-05
frozen,13598,-1,0.0036488911136984825,171,0.33463796477495106,18.80858612060547,0.0053769429214298725,18.80858612060547,0.00028587703971747467
frozen,13598,-1,0.0036488911136984825,375,0.7338551859099804,17.547016143798828,0.0033002099953591824,17.547016143798828,0.00018807813068123764
frozen,14470,-1,0.007318167015910149,275,0.538160469667319,9.919402122497559,0.001007860992103815,9.919402122497559,0.00010160501405804996
frozen,14470,-1,0.007318167015910149,239,0.46771037181996084,8.830649375915527,0.0006096282158978283,8.830649375915527,6.903549104333275e-05
frozen,14470,-1,0.007318167015910149,213,0.41682974559686886,8.701400756835938,0.0021364600397646427,8.701400756835938,0.0002455305874845738
frozen,14470,-1,0.007318167015910149,6,0.011741682974559686,8.607486724853516,0.00034400110598653555,8.607486724853516,3.996533680304803e-05
frozen,2009,-1,0.004158512689173222,498,0.974559686888454,19.669340133666992,0.008818368427455425,19.669340133666992,0.0004483306693324948
frozen,2009,-1,0.004158512689173222,455,0.8904109589041096,19.1466064453125,0.002070336602628231,19.1466064453125,0.00010813073369119643
frozen,2009,-1,0.004158512689173222,368,0.7201565557729941,18.99332618713379,0.0012347402516752481,18.99332618713379,6.500916371939474e-05
frozen,2009,-1,0.004158512689173222,465,0.9099804305283757,18.94788932800293,0.002053904114291072,18.94788932800293,0.00010839751482269974
frozen,7910,-1,0.006971624214202166,263,0.5146771037181996,20.09432029724121,0.02644316852092743,20.09432029724121,0.001315952375087694
frozen,7910,-1,0.006971624214202166,290,0.5675146771037182,15.109551429748535,0.0048608556389808655,15.109551429748535,0.0003217074750088569
frozen,7910,-1,0.006971624214202166,477,0.9334637964774951,14.917510986328125,0.0038865760434418917,14.917510032653809,0.000260537853497959
frozen,7910,-1,0.006971624214202166,303,0.5929549902152642,14.573883056640625,0.000959615979809314,14.573883056640625,6.584490736475771e-05
frozen,341,-1,0.003465427318587899,414,0.8101761252446184,12.679795265197754,0.0023287623189389706,12.679794311523438,0.0001836593135286575
frozen,341,-1,0.003465427318587899,374,0.7318982387475538,12.398380279541016,0.0035095252096652985,12.3983793258667,0.00028306322281521
frozen,341,-1,0.003465427318587899,430,0.8414872798434442,11.251243591308594,0.0020986550953239202,11.251242637634277,0.00018652651648486628
frozen,341,-1,0.003465427318587899,242,0.4735812133072407,10.50900650024414,0.003124193986877799,10.509005546569824,0.0002972873097300388
frozen,11326,-1,0.007562785409390926,63,0.1232876712328767,11.468894958496094,0.006101732142269611,11.46889591217041,0.0005320243717439842
frozen,11326,-1,0.007562785409390926,77,0.1506849315068493,10.776802062988281,0.02054677903652191,10.776803016662598,0.0019065746125964654
frozen,11326,-1,0.007562785409390926,91,0.1780821917808219,10.620612144470215,0.002457917435094714,10.620613098144531,0.00023142895917412936
frozen,11326,-1,0.007562785409390926,172,0.33659491193737767,10.44649600982666,0.002814706414937973,10.44649600982666,0.0002694402421912836
frozen,12560,-1,0.013698630034923553,482,0.9432485322896281,10.283439636230469,0.0020740656182169914,10.283439636230469,0.00020168987144239878
frozen,12560,-1,0.013698630034923553,375,0.7338551859099804,9.963706970214844,0.000435445923358202,9.963706970214844,4.370320450610488e-05
frozen,12560,-1,0.013698630034923553,80,0.15655577299412915,9.477645874023438,0.002981115598231554,9.477645874023438,0.00031454177945203335
frozen,12560,-1,0.013698630034923553,377,0.7377690802348337,9.44603443145752,0.0018774215131998062,9.44603443145752,0.00019875234701109603
frozen,16195,-1,0.019141389057040215,126,0.2465753424657534,11.685277938842773,0.0024880836717784405,11.68527603149414,0.0002129246810321434
frozen,16195,-1,0.019141389057040215,378,0.7397260273972602,10.087749481201172,0.0023350724950432777,10.087748527526855,0.0002314760809779773
frozen,16195,-1,0.019141389057040215,360,0.7045009784735812,9.617860794067383,0.001718125306069851,9.617859840393066,0.00017863904596052358
frozen,16195,-1,0.019141389057040215,121,0.23679060665362034,8.880495071411133,0.002996069146320224,8.880494117736816,0.0003373764012000459
frozen,7794,-1,0.012128995731472969,24,0.046966731898238745,14.4740629196167,0.0004193595377728343,14.474064826965332,2.8973169789288435e-05
frozen,7794,-1,0.012128995731472969,188,0.3679060665362035,13.897878646850586,0.004298129118978977,13.897880554199219,0.00030926507838494163
frozen,7794,-1,0.012128995731472969,113,0.22113502935420742,13.214800834655762,0.01365157961845398,13.214802742004395,0.001033052092034734
frozen,7794,-1,0.012128995731472969,158,0.30919765166340507,12.868732452392578,0.0007886718958616257,12.868735313415527,6.1285889922644e-05
frozen,4566,-1,0.02146526426076889,230,0.4500978473581213,11.072548866271973,0.0030686254613101482,11.072548866271973,0.0002771381276679185
frozen,4566,-1,0.02146526426076889,229,0.4481409001956947,11.013961791992188,7.354345143539831e-05,11.013961791992188,6.677293132510122e-06
frozen,4566,-1,0.02146526426076889,81,0.15851272015655576,10.590250968933105,5.718854663427919e-05,10.590250968933105,5.400112499887294e-06
frozen,4566,-1,0.02146526426076889,294,0.5753424657534246,9.923733711242676,9.4166214694269e-05,9.923733711242676,9.488990478209563e-06
frozen,6938,-1,0.0030781147070229053,346,0.6771037181996086,16.75706672668457,0.0027937497943639755,16.75706672668457,0.0001667206940171161
frozen,6938,-1,0.0030781147070229053,234,0.45792563600782776,16.419347763061523,0.00913836807012558,16.419347763061523,0.0005565609670978584
frozen,6938,-1,0.0030781147070229053,289,0.5655577299412916,15.418194770812988,0.003201120998710394,15.418195724487305,0.0002076196888346895
frozen,6938,-1,0.0030781147070229053,262,0.512720156555773,14.18304443359375,0.0014660730957984924,14.183045387268066,0.00010336800424502392
frozen,228,-1,0.004871983081102371,476,0.9315068493150684,18.478673934936523,0.0035632397048175335,18.478675842285156,0.0001928298182851227
frozen,228,-1,0.004871983081102371,374,0.7318982387475538,17.098054885864258,0.0029867219273000956,17.098054885864258,0.00017468197097491803
frozen,228,-1,0.004871983081102371,188,0.3679060665362035,15.61973762512207,0.006350239738821983,15.619738578796387,0.0004065522420101422
frozen,228,-1,0.004871983081102371,406,0.7945205479452054,14.889924049377441,0.005944659002125263,14.889924049377441,0.0003992403844648095
frozen,237,-1,0.0013046314707025886,407,0.7964774951076321,12.105527877807617,0.0014079834800213575,12.105527877807617,0.00011630913531681129
frozen,237,-1,0.0013046314707025886,242,0.4735812133072407,9.059272766113281,0.004456870723515749,9.059272766113281,0.0004919678255176204
frozen,237,-1,0.0013046314707025886,425,0.8317025440313112,7.882919788360596,0.001909752143546939,7.8829193115234375,0.00024226458093452996
frozen,237,-1,0.0013046314707025886,414,0.8101761252446184,7.657675743103027,0.000625082291662693,7.657675743103027,8.162820059672551e-05
frozen,14376,-1,0.0014880952658131719,67,0.13111545988258316,14.433324813842773,0.00032340572215616703,14.433326721191406,2.240687323188866e-05
frozen,14376,-1,0.0014880952658131719,432,0.8454011741682974,14.230765342712402,0.0001674418745096773,14.230767250061035,1.1766187414031323e-05
frozen,14376,-1,0.0014880952658131719,284,0.5557729941291585,10.479718208312988,0.00023010256700217724,10.479720115661621,2.1956938206612597e-05
frozen,14376,-1,0.0014880952658131719,336,0.6575342465753424,8.438298225402832,0.004692207556217909,8.438299179077148,0.0005560608194424164
frozen,8834,-1,0.005972765851765871,99,0.19373776908023482,12.46218204498291,0.000832931196782738,12.46218204498291,6.683670594573474e-05
frozen,8834,-1,0.005972765851765871,483,0.9452054794520548,11.187573432922363,0.0016970504075288773,11.187573432922363,0.00015169066086617695
frozen,8834,-1,0.005972765851765871,100,0.19569471624266144,10.70744514465332,0.0003718939842656255,10.70744514465332,3.4732280132327165e-05
frozen,8834,-1,0.005972765851765871,454,0.8884540117416829,10.376530647277832,0.0008360388455912471,10.376530647277832,8.057017070638851e-05
frozen,6386,-1,0.0011007827706634998,398,0.7788649706457925,8.393905639648438,5.011065513826907e-05,8.393905639648438,5.969885448982466e-06
frozen,6386,-1,0.0011007827706634998,383,0.7495107632093934,8.376696586608887,0.0008276901207864285,8.376696586608887,9.880865472787762e-05
frozen,6386,-1,0.0011007827706634998,390,0.7632093933463796,7.005927085876465,3.6837547668255866e-05,7.005927562713623,5.25805431736258e-06
frozen,6386,-1,0.0011007827706634998,382,0.7475538160469667,6.982324600219727,0.00016163843974936754,6.982325077056885,2.314965831088169e-05
frozen,8907,-1,0.0064620026387274265,24,0.046966731898238745,25.491907119750977,0.0061508659273386,25.49190902709961,0.0002412869872083655
frozen,8907,-1,0.0064620026387274265,463,0.9060665362035225,20.608722686767578,0.0024735480546951294,20.608722686767578,0.0001200243262181087
frozen,8907,-1,0.0064620026387274265,373,0.7299412915851272,14.332764625549316,0.002791742328554392,14.332765579223633,0.0001947804359963315
frozen,8907,-1,0.0064620026387274265,217,0.4246575342465753,14.310935020446777,0.003216283395886421,14.310935020446777,0.00022474306474672338
frozen,5927,-1,0.0021404109429568052,30,0.05870841487279843,8.728010177612305,0.0015135332942008972,8.728010177612305,0.00017341103681147975
frozen,5927,-1,0.0021404109429568052,306,0.598825831702544,8.480278968811035,0.002157749142497778,8.480278968811035,0.000254443179338038
frozen,5927,-1,0.0021404109429568052,107,0.20939334637964774,8.280757904052734,0.0006731422618031502,8.280757904052734,8.128993379624149e-05
frozen,5927,-1,0.0021404109429568052,222,0.4344422700587084,8.095189094543457,0.0020442516542971134,8.095189094543457,0.00025252673290547794
frozen,7160,-1,0.0018957925494760275,490,0.958904109589041,16.4334774017334,0.001821058802306652,16.4334774017334,0.00011081396577175853
frozen,7160,-1,0.0018957925494760275,372,0.7279843444227005,15.651876449584961,0.002052918542176485,15.651877403259277,0.00013116116931435933
frozen,7160,-1,0.0018957925494760275,7,0.0136986301369863,14.426716804504395,0.00048733799485489726,14.426717758178711,3.3780240455499206e-05
frozen,7160,-1,0.0018957925494760275,353,0.6908023483365949,13.688578605651855,0.006060760468244553,13.688579559326172,0.00044276036399374204
frozen,1414,-1,0.003363502910360694,248,0.48532289628180036,16.629140853881836,0.0018422416178509593,16.629140853881836,0.00011078393249768608
frozen,1414,-1,0.003363502910360694,187,0.3659491193737769,15.089929580688477,0.0005885627469979227,15.089929580688477,3.900367750894895e-05
frozen,1414,-1,0.003363502910360694,437,0.8551859099804305,14.790600776672363,0.0015445821918547153,14.790599822998047,0.00010442999001656643
frozen,1414,-1,0.003363502910360694,393,0.7690802348336595,13.860872268676758,0.006085234694182873,13.860872268676758,0.00043902249268500083
frozen,6929,-1,0.004158512689173222,190,0.37181996086105673,8.26289176940918,0.0026221098378300667,8.26289176940918,0.00031733561457716577
frozen,6929,-1,0.004158512689173222,73,0.14285714285714285,8.179468154907227,0.0008594770915806293,8.179468154907227,0.00010507738098656094
frozen,6929,-1,0.004158512689173222,491,0.9608610567514677,8.156805038452148,7.449786062352359e-05,8.156805038452148,9.133215796176546e-06
frozen,6929,-1,0.004158512689173222,162,0.31702544031311153,8.134737014770508,0.0006540978793054819,8.134737014770508,8.040799329072532e-05
frozen,4902,-1,0.009458578191697598,302,0.5909980430528375,18.156204223632812,1.2746530956064817e-05,18.156206130981445,7.020481516958739e-07
frozen,4902,-1,0.009458578191697598,311,0.6086105675146771,17.403366088867188,4.6143691179167945e-06,17.40336799621582,2.651423057261181e-07
frozen,4902,-1,0.009458578191697598,397,0.776908023483366,16.29311752319336,8.040077773330268e-06,16.293119430541992,4.93464606799535e-07
frozen,4902,-1,0.009458578191697598,408,0.7984344422700587,16.095918655395508,0.00041042492375709116,16.095918655395508,2.5498695199948266e-05
frozen,14129,-1,0.0064008478075265884,494,0.9667318982387475,21.86377716064453,0.004993235692381859,21.86377716064453,0.00022837937176609338
frozen,14129,-1,0.0064008478075265884,65,0.12720156555772993,21.39389991760254,0.021865542978048325,21.39389991760254,0.0010220456794816416
frozen,14129,-1,0.0064008478075265884,394,0.7710371819960861,20.598403930664062,0.00920689757913351,20.598403930664062,0.000446971406625712
frozen,14129,-1,0.0064008478075265884,483,0.9452054794520548,20.412841796875,0.01036706380546093,20.412841796875,0.0005078696983311762
frozen,8323,-1,0.005870841443538666,336,0.6575342465753424,17.582233428955078,0.0016155221965163946,17.582233428955078,9.188378729268219e-05
frozen,8323,-1,0.005870841443538666,144,0.28180039138943247,16.4351863861084,0.0019183517433702946,16.43518829345703,0.00011672222484569917
frozen,8323,-1,0.005870841443538666,78,0.15264187866927592,15.340188026428223,0.003937612287700176,15.340188980102539,0.00025668603514647547
frozen,8323,-1,0.005870841443538666,133,0.2602739726027397,14.46219539642334,0.0007416731677949429,14.462196350097656,5.128357753142625e-05
frozen,3258,-1,0.005035061854869127,387,0.7573385518590998,25.8957576751709,0.0056796446442604065,25.8957576751709,0.00021932722399955513
frozen,3258,-1,0.005035061854869127,430,0.8414872798434442,25.502079010009766,0.004818895366042852,25.502079010009766,0.00018896088292061984
frozen,3258,-1,0.005035061854869127,295,0.5772994129158513,23.09531021118164,0.0011725920485332608,23.09531021118164,5.077186830621344e-05
frozen,3258,-1,0.005035061854869127,391,0.7651663405088063,22.31429672241211,0.00025863712653517723,22.31429672241211,1.1590646559584662e-05
frozen,5910,-1,0.004892367869615555,308,0.6027397260273972,16.872106552124023,0.012269183993339539,16.872108459472656,0.0007271873591146305
frozen,5910,-1,0.004892367869615555,178,0.34833659491193736,16.078189849853516,0.00257050059735775,16.07819175720215,0.0001598749807301127
frozen,5910,-1,0.004892367869615555,394,0.7710371819960861,15.18453598022461,0.0019415970891714096,15.184537887573242,0.00012786672228994064
frozen,5910,-1,0.004892367869615555,21,0.0410958904109589,15.068918228149414,0.0020437766797840595,15.06891918182373,0.0001356286177610722
frozen,15921,-1,0.00034654271439649165,304,0.5949119373776908,9.614983558654785,0.0016123661771416664,9.614983558654785,0.00016769307688418447
frozen,15921,-1,0.00034654271439649165,420,0.821917808219178,9.191842079162598,0.0012142310151830316,9.191842079162598,0.00013209876809520333
frozen,15921,-1,0.00034654271439649165,308,0.6027397260273972,7.640221118927002,0.0024215220473706722,7.64022159576416,0.0003169439547032505
frozen,15921,-1,0.00034654271439649165,268,0.5244618395303327,7.47380256652832,0.00043666758574545383,7.4738030433654785,5.842642403228503e-05
frozen,11334,-1,0.0018957925494760275,226,0.44227005870841485,28.413753509521484,0.005971595644950867,28.41375160217285,0.00021016568767688557
frozen,11334,-1,0.0018957925494760275,192,0.37573385518590996,27.761642456054688,0.010497428476810455,27.761640548706055,0.0003781270944126438
frozen,11334,-1,0.0018957925494760275,105,0.2054794520547945,27.25742530822754,0.009355866350233555,27.257423400878906,0.0003432410397943878
frozen,11334,-1,0.0018957925494760275,250,0.4892367906066536,26.853012084960938,0.004589187912642956,26.853010177612305,0.00017090031554335835
frozen,12432,-1,0.00538160465657711,228,0.4461839530332681,22.406879425048828,0.01517014391720295,22.406879425048828,0.0006770306399847953
frozen,12432,-1,0.00538160465657711,436,0.8532289628180039,21.779253005981445,0.015010080300271511,21.779253005981445,0.00068919169524084
frozen,12432,-1,0.00538160465657711,442,0.8649706457925636,20.155702590942383,0.0015570970717817545,20.155702590942383,7.725342566234761e-05
frozen,12432,-1,0.00538160465657711,504,0.9863013698630136,19.864431381225586,0.01225336268544197,19.86443328857422,0.0006168493461371463
frozen,9812,-1,0.0005096216336824,483,0.9452054794520548,10.160009384155273,0.0011074959766119719,10.160009384155273,0.00010900540882758758
frozen,9812,-1,0.0005096216336824,102,0.19960861056751467,7.919723033905029,0.0003209519200026989,7.919723033905029,4.0525649524443666e-05
frozen,9812,-1,0.0005096216336824,170,0.33268101761252444,7.630085468292236,0.001018548384308815,7.630085468292236,0.0001334910845417812
frozen,9812,-1,0.0005096216336824,372,0.7279843444227005,7.144717216491699,0.00010690093040466309,7.144717216491699,1.4962233936692473e-05
frozen,10621,-1,0.007970483042299747,351,0.6868884540117417,10.279654502868652,0.0018024444580078125,10.279654502868652,0.0001753409569849668
frozen,10621,-1,0.007970483042299747,402,0.786692759295499,10.218667984008789,0.002918766811490059,10.218667984008789,0.00028563084895777435
frozen,10621,-1,0.007970483042299747,388,0.7592954990215264,9.074763298034668,0.0018549934029579163,9.074763298034668,0.00020441231820995863
frozen,10621,-1,0.007970483042299747,183,0.35812133072407043,8.998880386352539,0.0013208379969000816,8.998881340026855,0.00014677802128860385
frozen,13413,-1,0.015981735661625862,349,0.6829745596868885,12.131586074829102,0.0014746240340173244,12.131585121154785,0.00012155246155309978
frozen,13413,-1,0.015981735661625862,506,0.9902152641878669,11.719114303588867,0.0002532226499170065,11.71911334991455,2.1607662828762795e-05
frozen,13413,-1,0.015981735661625862,104,0.2035225048923679,9.962376594543457,0.002366091823205352,9.96237564086914,0.00023750277127664387
frozen,13413,-1,0.015981735661625862,270,0.5283757338551859,9.832385063171387,7.15175992809236e-05,9.83238410949707,7.273678335231531e-06
frozen,5301,-1,0.0042808218859136105,279,0.5459882583170255,30.718883514404297,0.02187688648700714,30.718881607055664,0.0007121641590617788
frozen,5301,-1,0.0042808218859136105,367,0.7181996086105675,29.646146774291992,0.011259809136390686,29.646146774291992,0.000379806833654172
frozen,5301,-1,0.0042808218859136105,4,0.007827788649706457,26.981298446655273,0.014849979430437088,26.981298446655273,0.0005503804592576218
frozen,5301,-1,0.0042808218859136105,122,0.23874755381604695,24.153154373168945,0.01451798528432846,24.153154373168945,0.0006010803003211903
frozen,13336,-1,0.01070205494761467,188,0.3679060665362035,8.808069229125977,0.0005219513550400734,8.808070182800293,5.925831018686692e-05
frozen,13336,-1,0.01070205494761467,58,0.11350293542074363,8.479018211364746,0.0025466647930443287,8.479018211364746,0.00030034901795952487
frozen,13336,-1,0.01070205494761467,467,0.913894324853229,8.287970542907715,0.0006521911127492785,8.287970542907715,7.86912923221451e-05
frozen,13336,-1,0.01070205494761467,314,0.6144814090019569,7.75862455368042,0.0016570971347391605,7.75862455368042,0.00021358130210761284
frozen,4891,-1,0.0021200261544436216,19,0.03718199608610567,11.57213020324707,4.844216164201498e-05,11.572129249572754,4.1861061691653225e-06
frozen,4891,-1,0.0021200261544436216,18,0.03522504892367906,10.540088653564453,0.00018887571059167385,10.540088653564453,1.7919745914831538e-05
frozen,4891,-1,0.0021200261544436216,290,0.5675146771037182,8.845894813537598,1.5934569091768935e-05,8.845894813537598,1.8013518618131156e-06
frozen,4891,-1,0.0021200261544436216,446,0.87279843444227,8.239596366882324,0.000760367140173912,8.239596366882324,9.22820859563073e-05
frozen,5004,-1,0.007379321381449699,170,0.33268101761252444,16.46198081970215,0.0014141644351184368,16.46198081970215,8.590487685576247e-05
frozen,5004,-1,0.007379321381449699,475,0.9295499021526419,13.49792194366455,0.002183147706091404,13.49792194366455,0.00016173954147927908
frozen,5004,-1,0.007379321381449699,118,0.2309197651663405,13.170226097106934,0.003942488227039576,13.170226097106934,0.00029934856075899946
frozen,5004,-1,0.007379321381449699,317,0.6203522504892368,12.518377304077148,0.000997945200651884,12.518377304077148,7.97184152874878e-05
frozen,13911,-1,0.008255871012806892,78,0.15264187866927592,9.933479309082031,0.00020162970758974552,9.933480262756348,2.0297992471552684e-05
frozen,13911,-1,0.008255871012806892,298,0.5831702544031311,9.728861808776855,0.0019955122843384743,9.728862762451172,0.00020511259466422034
frozen,13911,-1,0.008255871012806892,24,0.046966731898238745,9.501254081726074,0.0008307106327265501,9.50125503540039,8.743167398742952e-05
frozen,13911,-1,0.008255871012806892,242,0.4735812133072407,9.488923072814941,0.0006504699122160673,9.488924026489258,6.855043948083229e-05
frozen,12319,-1,0.0037712003104388714,509,0.9960861056751468,17.579147338867188,0.0023353714495897293,17.579147338867188,0.00013284896045135611
frozen,12319,-1,0.0037712003104388714,479,0.9373776908023483,16.231672286987305,0.0012396525125950575,16.231672286987305,7.637244583781234e-05
frozen,12319,-1,0.0037712003104388714,478,0.9354207436399217,16.100122451782227,0.0025298623368144035,16.100122451782227,0.00015713311152700934
frozen,12319,-1,0.0037712003104388714,500,0.9784735812133072,15.974808692932129,0.0014763415092602372,15.974809646606445,9.241684514055283e-05
frozen,12994,-1,0.006951239425688982,145,0.2837573385518591,15.521288871765137,0.003944093361496925,15.521288871765137,0.0002541086242310487
frozen,12994,-1,0.006951239425688982,149,0.29158512720156554,15.475735664367676,0.0011298841563984752,15.475736618041992,7.301004044493937e-05
frozen,12994,-1,0.006951239425688982,188,0.3679060665362035,15.440695762634277,0.008454403840005398,15.440695762634277,0.0005475403420916199
frozen,12994,-1,0.006951239425688982,383,0.7495107632093934,13.708633422851562,0.004233852028846741,13.708634376525879,0.00030884564520129157
frozen,16042,-1,0.00758317019790411,359,0.7025440313111546,14.965010643005371,0.0019394487608224154,14.965011596679688,0.00012959888124996336
frozen,16042,-1,0.00758317019790411,321,0.6281800391389433,13.47723388671875,0.0026469994336366653,13.477234840393066,0.00019640523185833757
frozen,16042,-1,0.00758317019790411,229,0.4481409001956947,12.558491706848145,0.006828085519373417,12.558492660522461,0.0005437026324693774
frozen,16042,-1,0.00758317019790411,320,0.6262230919765166,12.02287769317627,0.00582133699208498,12.022878646850586,0.00048418828494205
frozen,4034,-1,0.004851598292589188,385,0.7534246575342466,21.254901885986328,0.0008471771143376827,21.254899978637695,3.9857967583434444e-05
frozen,4034,-1,0.004851598292589188,390,0.7632093933463796,20.883956909179688,0.00039243686478585005,20.883956909179688,1.8791307916046874e-05
frozen,4034,-1,0.004851598292589188,211,0.41291585127201563,17.80495262145996,0.0003310533647891134,17.80495262145996,1.859333028441206e-05
frozen,4034,-1,0.004851598292589188,405,0.7925636007827789,15.108317375183105,3.804259540629573e-05,15.108316421508789,2.517990379929878e-06
frozen,6641,-1,0.012679386883974075,125,0.2446183953033268,19.023771286010742,0.0005015169153921306,19.023773193359375,2.6362641642888963e-05
frozen,6641,-1,0.012679386883974075,65,0.12720156555772993,13.137388229370117,0.00023653644893784076,13.137389183044434,1.8004829242869872e-05
frozen,6641,-1,0.012679386883974075,54,0.10567514677103718,12.807347297668457,0.0015036563854664564,12.807348251342773,0.00011740575456818761
frozen,6641,-1,0.012679386883974075,295,0.5772994129158513,12.626094818115234,0.0006009633070789278,12.62609577178955,4.759692290800283e-05
frozen,6405,-1,0.0040769730694592,283,0.5538160469667319,7.816036701202393,1.3088578270981088e-05,7.816037178039551,1.6745798379459624e-06
frozen,6405,-1,0.0040769730694592,284,0.5557729941291585,7.334885597229004,0.0001747059286572039,7.33488655090332,2.381849091254018e-05
frozen,6405,-1,0.0040769730694592,330,0.6457925636007827,7.1860222816467285,0.0010407386580482125,7.186023235321045,0.00014482817880865316
frozen,6405,-1,0.0040769730694592,289,0.5655577299412916,7.123150825500488,0.00031712919007986784,7.123151779174805,4.452090870884212e-05
frozen,9674,-1,0.00012230919674038887,178,0.34833659491193736,12.879172325134277,0.0040337201207876205,12.87917423248291,0.0003131971078249774
frozen,9674,-1,0.00012230919674038887,474,0.9275929549902152,5.765002250671387,0.0012939275475218892,5.765003204345703,0.00022444524342094324
frozen,9674,-1,0.00012230919674038887,207,0.4050880626223092,5.648979187011719,0.00101086322683841,5.648980140686035,0.0001789461463243251
frozen,9674,-1,0.00012230919674038887,96,0.18786692759295498,4.546632766723633,5.715020961361006e-06,4.546633720397949,1.2569785280307981e-06
frozen,2246,-1,0.004056588280946016,342,0.6692759295499021,20.334442138671875,0.008943233639001846,20.334444046020508,0.00043980713801477426
frozen,2246,-1,0.004056588280946016,130,0.25440313111545987,19.191181182861328,0.008493317291140556,19.191181182861328,0.0004425635509462809
frozen,2246,-1,0.004056588280946016,78,0.15264187866927592,19.070114135742188,0.0029503880068659782,19.070114135742188,0.00015471265593194376
frozen,2246,-1,0.004056588280946016,422,0.8258317025440313,19.059362411499023,0.0120084248483181,19.059364318847656,0.0006300537965184422
frozen,15019,-1,0.0027111871168017387,316,0.6183953033268101,22.393630981445312,0.009148800745606422,22.39362907409668,0.0004085448015296944
frozen,15019,-1,0.0027111871168017387,256,0.5009784735812133,12.614590644836426,0.00046107859816402197,12.61458969116211,3.655121644480102e-05
frozen,15019,-1,0.0027111871168017387,152,0.2974559686888454,11.803080558776855,0.0013806151691824198,11.803079605102539,0.0001169707580880478
frozen,15019,-1,0.0027111871168017387,494,0.9667318982387475,11.619898796081543,0.0015864309389144182,11.619897842407227,0.0001365270986397731
frozen,2863,-1,0.004892367869615555,212,0.41487279843444225,12.112142562866211,0.0005077775567770004,12.112143516540527,4.192301355111683e-05
frozen,2863,-1,0.004892367869615555,213,0.41682974559686886,11.706860542297363,0.0007064476376399398,11.70686149597168,6.0344750630476643e-05
frozen,2863,-1,0.004892367869615555,320,0.6262230919765166,10.627937316894531,0.017799001187086105,10.627938270568848,0.0016747369747503657
frozen,2863,-1,0.004892367869615555,392,0.7671232876712328,10.507503509521484,5.569262430071831e-05,10.507503509521484,5.300271777235368e-06
frozen,12153,-1,0.002609262941405177,476,0.9315068493150684,11.922786712646484,0.001451096381060779,11.922786712646484,0.00012170782016268084
frozen,12153,-1,0.002609262941405177,337,0.6594911937377691,11.259602546691895,0.0008026245050132275,11.259602546691895,7.128355567479963e-05
frozen,12153,-1,0.002609262941405177,75,0.14677103718199608,9.035709381103516,8.8244560174644e-06,9.035709381103516,9.76620168408591e-07
frozen,12153,-1,0.002609262941405177,420,0.821917808219178,8.845717430114746,0.0007598298834636807,8.845717430114746,8.589805060660007e-05
frozen,11656,-1,0.006380463019013405,364,0.7123287671232876,11.419520378112793,0.00035679712891578674,11.419520378112793,3.124449338517241e-05
frozen,11656,-1,0.006380463019013405,412,0.8062622309197651,9.700034141540527,0.001594853587448597,9.700034141540527,0.00016441731690599055
frozen,11656,-1,0.006380463019013405,424,0.8297455968688845,9.391251564025879,0.0022057045716792345,9.391252517700195,0.0002348679867272257
frozen,11656,-1,0.006380463019013405,341,0.6673189823874756,9.273749351501465,0.0008597832056693733,9.273750305175781,9.271148967527398e-05
frozen,6810,-1,0.0007134703337214887,220,0.43052837573385516,8.457386016845703,0.00030464993324130774,8.457386016845703,3.602176046292505e-05
frozen,6810,-1,0.0007134703337214887,92,0.18003913894324852,8.398826599121094,0.00012142298510298133,8.398826599121094,1.4457136800001061e-05
frozen,6810,-1,0.0007134703337214887,230,0.4500978473581213,8.314624786376953,0.002868290990591049,8.314624786376953,0.00034496938398117296
frozen,6810,-1,0.0007134703337214887,286,0.5596868884540117,7.583244800567627,0.0006444284226745367,7.583244800567627,8.498056433919942e-05
frozen,702,-1,0.0002650032693054527,21,0.0410958904109589,8.220121383666992,3.345199365867302e-05,8.220121383666992,4.06952550909292e-06
frozen,702,-1,0.0002650032693054527,493,0.9647749510763209,8.11331558227539,2.630136805237271e-06,8.11331558227539,3.2417533603440156e-07
frozen,702,-1,0.0002650032693054527,78,0.15264187866927592,7.19594669342041,0.0003560808836482465,7.195947170257568,4.948353221935913e-05
frozen,702,-1,0.0002650032693054527,334,0.6536203522504892,7.0367326736450195,0.002056910889223218,7.0367326736450195,0.0002923105061141594
frozen,5254,-1,0.007481245789676905,154,0.3013698630136986,13.870750427246094,0.0006350817275233567,13.870750427246094,4.578567907010105e-05
frozen,5254,-1,0.007481245789676905,41,0.08023483365949119,12.37386703491211,0.0015403555007651448,12.37386703491211,0.0001244845686816519
frozen,5254,-1,0.007481245789676905,140,0.273972602739726,10.859972953796387,0.0006272871396504343,10.859972953796387,5.776139059638723e-05
frozen,5254,-1,0.007481245789676905,152,0.2974559686888454,10.202644348144531,0.0003741035470739007,10.202644348144531,3.6667312346522764e-05
frozen,1062,-1,0.004036203492432833,52,0.10176125244618395,27.744308471679688,0.0320655032992363,27.744306564331055,0.0011557507564618937
frozen,1062,-1,0.004036203492432833,453,0.8864970645792564,27.379230499267578,0.004834527615457773,27.379228591918945,0.00017657647289904646
frozen,1062,-1,0.004036203492432833,481,0.9412915851272016,26.457239151000977,0.013062057085335255,26.45723533630371,0.0004937045356138155
frozen,1062,-1,0.004036203492432833,491,0.9608610567514677,25.220272064208984,0.04620734602212906,25.22027015686035,0.0018321511123686302
frozen,8210,-1,0.001956947147846222,223,0.436399217221135,16.66329574584961,0.001908416859805584,16.663293838500977,0.0001145281886223561
frozen,8210,-1,0.001956947147846222,92,0.18003913894324852,16.458927154541016,0.0019977285992354155,16.458925247192383,0.00012137661294598775
frozen,8210,-1,0.001956947147846222,167,0.3268101761252446,15.569439888000488,0.004184268414974213,15.569437980651855,0.0002687488411703752
frozen,8210,-1,0.001956947147846222,331,0.6477495107632094,12.480435371398926,0.0036551584489643574,12.480433464050293,0.00029287111377124746
frozen,10535,-1,0.0002650032693054527,57,0.11154598825831702,8.640629768371582,0.00037088882527314126,8.640629768371582,4.292381865853734e-05
frozen,10535,-1,0.0002650032693054527,282,0.5518590998043053,7.234561920166016,0.0021532364189624786,7.234561443328857,0.0002976319208606658
frozen,10535,-1,0.0002650032693054527,208,0.4070450097847358,6.106823921203613,5.440362656372599e-06,6.106823921203613,8.908661403324596e-07
frozen,10535,-1,0.0002650032693054527,239,0.46771037181996084,5.12891149520874,0.0005038096569478512,5.12891149520874,9.822935283997268e-05
frozen,7949,-1,0.0006319308304227889,54,0.10567514677103718,7.571592807769775,0.0007801475003361702,7.571593284606934,0.0001030361075947135
frozen,7949,-1,0.0006319308304227889,273,0.5342465753424658,7.163533687591553,0.0014053962659090757,7.163533687591553,0.0001961875698781816
frozen,7949,-1,0.0006319308304227889,275,0.538160469667319,6.9471564292907715,0.0008633632096461952,6.9471564292907715,0.00012427576929260756
frozen,7949,-1,0.0006319308304227889,320,0.6262230919765166,6.529994964599609,0.0007759097497910261,6.529995441436768,0.00011882240297863147
frozen,4807,-1,0.008052022196352482,360,0.7045009784735812,23.784908294677734,0.0026894016191363335,23.7849063873291,0.00011307177650146458
frozen,4807,-1,0.008052022196352482,403,0.7886497064579256,21.689300537109375,0.0023637753911316395,21.689300537109375,0.00010898347722589443
frozen,4807,-1,0.008052022196352482,391,0.7651663405088063,21.270706176757812,0.002010083058848977,21.270706176757812,9.450006229907709e-05
frozen,4807,-1,0.008052022196352482,16,0.03131115459882583,20.31183624267578,0.0039544375613331795,20.31183624267578,0.00019468636484104706
frozen,11548,-1,0.00034654271439649165,29,0.05675146771037182,7.513312816619873,0.0033295885659754276,7.513313293457031,0.00044315848892857956
frozen,11548,-1,0.00034654271439649165,442,0.8649706457925636,6.380049705505371,0.000589697272516787,6.380050182342529,9.242831257798524e-05
frozen,11548,-1,0.00034654271439649165,88,0.17221135029354206,4.869254112243652,0.0006434442475438118,4.8692545890808105,0.00013214430171441856
frozen,11548,-1,0.00034654271439649165,78,0.15264187866927592,4.428145408630371,0.0016790393274277449,4.428145885467529,0.00037917434765148206
frozen,8192,-1,0.012230919674038887,164,0.32093933463796476,15.125595092773438,0.004179536830633879,15.125592231750488,0.0002763221939740326
frozen,8192,-1,0.012230919674038887,131,0.2563600782778865,14.523119926452637,0.015836801379919052,14.523117065429688,0.0010904547080747846
frozen,8192,-1,0.012230919674038887,228,0.4461839530332681,14.41627025604248,0.00722726434469223,14.416267395019531,0.0005013270180594093
frozen,8192,-1,0.012230919674038887,6,0.011741682974559686,13.908998489379883,0.002587296534329653,13.90899658203125,0.000186016045015938
frozen,4854,-1,0.004015818703919649,276,0.5401174168297456,13.869478225708008,0.001545427367091179,13.869476318359375,0.0001114265118319902
frozen,4854,-1,0.004015818703919649,251,0.4911937377690802,12.59396743774414,0.0055778007954359055,12.593965530395508,0.0004428947166779118
frozen,4854,-1,0.004015818703919649,490,0.958904109589041,11.985515594482422,0.0022172899916768074,11.985514640808105,0.0001849974788840031
frozen,4854,-1,0.004015818703919649,277,0.5420743639921722,10.578963279724121,0.0018668806878849864,10.578961372375488,0.00017647107520024733
frozen,3138,-1,0.003587736515328288,441,0.863013698630137,15.32555866241455,6.235537875909358e-05,15.325556755065918,4.068718660970133e-06
frozen,3138,-1,0.003587736515328288,467,0.913894324853229,14.921425819396973,0.0010300369467586279,14.92142391204834,6.903074082138515e-05
frozen,3138,-1,0.003587736515328288,272,0.5322896281800391,13.443365097045898,4.559523949865252e-05,13.44336223602295,3.391654461000472e-06
frozen,3138,-1,0.003587736515328288,455,0.8904109589041096,12.65380859375,0.00307378894649446,12.653806686401367,0.00024291416983616168
frozen,8284,-1,0.0032004239037632942,227,0.44422700587084146,31.8852481842041,0.02900615893304348,31.885250091552734,0.0009097046079223947
frozen,8284,-1,0.0032004239037632942,310,0.6066536203522505,29.697900772094727,0.022332513704895973,29.69790267944336,0.0007519895915193484
frozen,8284,-1,0.0032004239037632942,44,0.08610567514677103,29.599153518676758,0.02956695295870304,29.59915542602539,0.00099891204776424
frozen,8284,-1,0.0032004239037632942,414,0.8101761252446184,28.33100700378418,0.036377836018800735,28.331008911132812,0.00128402896391402
frozen,15693,-1,0.002058871556073427,1,0.0019569471624266144,61.364200592041016,0.11251663416624069,61.36420440673828,0.001833587435118534
frozen,15693,-1,0.002058871556073427,1,0.0019569471624266144,61.364200592041016,0.11251663416624069,61.36420440673828,0.001833587435118534
frozen,15693,-1,0.002058871556073427,1,0.0019569471624266144,61.364200592041016,0.11251663416624069,61.36420440673828,0.001833587435118534
frozen,15693,-1,0.002058871556073427,1,0.0019569471624266144,61.364200592041016,0.11251663416624069,61.36420440673828,0.001833587435118534
frozen,6720,-1,0.0025481083430349827,257,0.50293542074364,24.651634216308594,0.008604687638580799,24.651636123657227,0.00034905138123157725
frozen,6720,-1,0.0025481083430349827,213,0.41682974559686886,18.94120216369629,0.0046505313366651535,18.94120216369629,0.0002455246132992872
frozen,6720,-1,0.0025481083430349827,187,0.3659491193737769,18.80388832092285,0.004856908228248358,18.80388832092285,0.0002582927608033141
frozen,6720,-1,0.0025481083430349827,256,0.5009784735812133,18.64544105529785,0.006041869055479765,18.64544105529785,0.0003240400180162565
frozen,7785,-1,0.003587736515328288,408,0.7984344422700587,9.991594314575195,0.0010452090064063668,9.991594314575195,0.00010460883153368955
frozen,7785,-1,0.003587736515328288,268,0.5244618395303327,9.583276748657227,0.00019618391525000334,9.583276748657227,2.0471485943207465e-05
frozen,7785,-1,0.003587736515328288,255,0.49902152641878667,8.610255241394043,0.002052389783784747,8.610255241394043,0.0002383657308923696
frozen,7785,-1,0.003587736515328288,194,0.3796477495107632,8.21181869506836,0.0008419537916779518,8.21181869506836,0.00010252951543896001
frozen,6775,-1,0.016674820333719254,468,0.9158512720156555,24.676912307739258,0.010072307661175728,24.67691421508789,0.00040816722761135774
frozen,6775,-1,0.016674820333719254,27,0.05283757338551859,24.627849578857422,0.015619853511452675,24.627851486206055,0.0006342353298744425
frozen,6775,-1,0.016674820333719254,5,0.009784735812133072,22.07056999206543,0.007179297041147947,22.070571899414062,0.0003252882197102716
frozen,6775,-1,0.016674820333719254,271,0.5303326810176126,21.944744110107422,0.0020887646824121475,21.944746017456055,9.518290531823105e-05
frozen,14305,-1,0.0029558055102825165,55,0.10763209393346379,12.978092193603516,0.0068288217298686504,12.978093147277832,0.0005261806686370565
frozen,14305,-1,0.0029558055102825165,105,0.2054794520547945,12.580391883850098,0.0044732172973454,12.580391883850098,0.00035557058465625623
frozen,14305,-1,0.0029558055102825165,450,0.8806262230919765,12.064376831054688,0.0005842952523380518,12.064376831054688,4.8431449093502143e-05
frozen,14305,-1,0.0029558055102825165,273,0.5342465753424658,11.042512893676758,0.0008444060804322362,11.042513847351074,7.6468645826946e-05
frozen,11293,-1,0.004586595110595226,213,0.41682974559686886,12.091087341308594,0.002536934334784746,12.091087341308594,0.00020981854345865464
frozen,11293,-1,0.004586595110595226,186,0.3639921722113503,11.862069129943848,0.0013930127024650574,11.862069129943848,0.00011743420875440906
frozen,11293,-1,0.004586595110595226,340,0.6653620352250489,11.532870292663574,0.0013853202108293772,11.53287124633789,0.00012011928176769225
frozen,11293,-1,0.004586595110595226,349,0.6829745596868885,11.265241622924805,0.0004075592732988298,11.265242576599121,3.617847290261089e-05
frozen,4467,-1,0.0054223742336034775,488,0.9549902152641878,12.550110816955566,0.001235565752722323,12.55010986328125,9.845059255913812e-05
frozen,4467,-1,0.0054223742336034775,237,0.4637964774951076,11.217706680297852,0.0021930320654064417,11.217705726623535,0.00019549737877341624
frozen,4467,-1,0.0054223742336034775,346,0.6771037181996086,10.69351577758789,0.0012696912745013833,10.693514823913574,0.00011873469999424439
frozen,4467,-1,0.0054223742336034775,307,0.6007827788649707,10.19460391998291,0.002615543082356453,10.194602966308594,0.0002565615444760696
frozen,16083,-1,0.0023238747380673885,381,0.7455968688845401,32.058021545410156,0.010220615193247795,32.058021545410156,0.0003188161558494901
frozen,16083,-1,0.0023238747380673885,389,0.761252446183953,29.88081169128418,0.004127684980630875,29.88081169128418,0.00013813831509252016
frozen,16083,-1,0.0023238747380673885,338,0.6614481409001957,26.735292434692383,0.00850751344114542,26.735292434692383,0.00031821284401235345
frozen,16083,-1,0.0023238747380673885,245,0.4794520547945205,25.029312133789062,0.0029055385384708643,25.029312133789062,0.00011608543306903134
frozen,8498,-1,0.574853241443634,467,0.913894324853229,92.92618560791016,0.20769722759723663,92.92618560791016,0.0022350775105909096
frozen,8498,-1,0.574853241443634,444,0.8688845401174168,89.66779327392578,0.13462579250335693,89.66779327392578,0.0015013840263927221
frozen,8498,-1,0.574853241443634,447,0.8747553816046967,89.22557067871094,0.17170201241970062,89.2255630493164,0.001924358967898002
frozen,8498,-1,0.574853241443634,267,0.5225048923679061,85.80425262451172,0.007068667560815811,85.80425262451172,8.238131962700067e-05
frozen,15099,-1,0.007888942956924438,51,0.09980430528375733,11.898155212402344,0.003243071958422661,11.898155212402344,0.0002725693101601299
frozen,15099,-1,0.007888942956924438,57,0.11154598825831702,11.603425025939941,0.0015705423429608345,11.603425025939941,0.0001353516172552347
frozen,15099,-1,0.007888942956924438,52,0.10176125244618395,10.363763809204102,0.003122626570984721,10.363763809204102,0.0003013023674093676
frozen,15099,-1,0.007888942956924438,187,0.3659491193737769,10.056496620178223,0.0015292649623006582,10.056496620178223,0.00015206736700256121
frozen,1908,-1,0.007542400620877743,9,0.01761252446183953,17.196632385253906,0.00033060950227081776,17.196632385253906,1.9225246831136256e-05
frozen,1908,-1,0.007542400620877743,417,0.8160469667318982,13.112960815429688,0.0032041631639003754,13.112960815429688,0.00024435085325124424
frozen,1908,-1,0.007542400620877743,442,0.8649706457925636,12.415082931518555,0.0012295243795961142,12.415082931518555,9.903472948011347e-05
frozen,1908,-1,0.007542400620877743,317,0.6203522504892368,12.155251502990723,0.00012564982171170413,12.155252456665039,1.0337080382300665e-05
frozen,4686,-1,0.0006319308304227889,200,0.3913894324853229,8.590255737304688,9.123088966589421e-05,8.590255737304688,1.0620276328876696e-05
frozen,4686,-1,0.0006319308304227889,159,0.3111545988258317,8.221327781677246,0.00025182447279803455,8.221327781677246,3.0630632847320856e-05
frozen,4686,-1,0.0006319308304227889,367,0.7181996086105675,7.560093879699707,0.0019544828683137894,7.560093879699707,0.00025852626956947565
frozen,4686,-1,0.0006319308304227889,102,0.19960861056751467,6.63620662689209,0.0001244060113094747,6.636207103729248,1.8746553470214056e-05
frozen,7015,-1,0.002181180752813816,333,0.6516634050880626,19.969301223754883,0.014717095531523228,19.969303131103516,0.0007369859346068203
frozen,7015,-1,0.002181180752813816,337,0.6594911937377691,16.632259368896484,0.0026191244833171368,16.632259368896484,0.00015747256131750127
frozen,7015,-1,0.002181180752813816,342,0.6692759295499021,11.89573860168457,0.0023091714829206467,11.895739555358887,0.0001941175218383453
frozen,7015,-1,0.002181180752813816,338,0.6614481409001957,11.610879898071289,0.0029825549572706223,11.610880851745605,0.0002568758559624887
frozen,13565,-1,0.0003873124660458416,436,0.8532289628180039,35.60755157470703,0.0007407807279378176,35.6075553894043,2.0804032173414828e-05
frozen,13565,-1,0.0003873124660458416,390,0.7632093933463796,12.012459754943848,1.3413970009423792e-05,12.01246166229248,1.116671202500541e-06
frozen,13565,-1,0.0003873124660458416,20,0.03913894324853229,6.457531452178955,0.000177509878994897,6.4575324058532715,2.7488809631678742e-05
frozen,13565,-1,0.0003873124660458416,347,0.6790606653620352,5.621495723724365,0.0009353053756058216,5.621496200561523,0.00016638014902729904
frozen,15669,-1,0.0053204502910375595,26,0.050880626223091974,7.484764099121094,0.0011124701704829931,7.484764575958252,0.00014863128414971781
frozen,15669,-1,0.0053204502910375595,362,0.7084148727984344,7.390222072601318,0.00016359216533601284,7.390222549438477,2.2136297552831193e-05
frozen,15669,-1,0.0053204502910375595,102,0.19960861056751467,7.317677021026611,0.0012041867012158036,7.317677021026611,0.00016455860210223735
frozen,15669,-1,0.0053204502910375595,165,0.32289628180039137,7.110433578491211,0.0024618851020932198,7.110433578491211,0.0003462355811241002
frozen,1535,-1,0.0005300065386109054,420,0.821917808219178,23.74791145324707,0.0027043959125876427,23.747909545898438,0.00011387932514063016
frozen,1535,-1,0.0005300065386109054,500,0.9784735812133072,21.143781661987305,0.0017049824818968773,21.143779754638672,8.063754454890339e-05
frozen,1535,-1,0.0005300065386109054,12,0.023483365949119372,11.320978164672852,0.0018193591386079788,11.320977210998535,0.00016070689876845952
frozen,1535,-1,0.0005300065386109054,260,0.5088062622309197,7.864483833312988,0.0003171774442307651,7.864482879638672,4.033036234994482e-05
frozen,57,-1,0.0016715590609237552,484,0.9471624266144814,17.219362258911133,0.004176388029009104,17.219362258911133,0.0002425402268802258
frozen,57,-1,0.0016715590609237552,190,0.37181996086105673,14.517730712890625,0.00829216931015253,14.517730712890625,0.0005711753079143233
frozen,57,-1,0.0016715590609237552,372,0.7279843444227005,12.949227333068848,0.0007602731930091977,12.949227333068848,5.871185773900688e-05
frozen,57,-1,0.0016715590609237552,85,0.16634050880626222,12.908592224121094,0.0003542851482052356,12.908592224121094,2.7445684397963682e-05
frozen,4,-1,0.0008153946255333722,138,0.2700587084148728,12.771263122558594,0.00015893721138127148,12.771261215209961,1.2444911172279905e-05
frozen,4,-1,0.0008153946255333722,117,0.22896281800391388,8.392333030700684,0.0025958968326449394,8.392332077026367,0.00030931769725260166
frozen,4,-1,0.0008153946255333722,115,0.22504892367906065,7.698789596557617,0.0008242675103247166,7.698788642883301,0.00010706457191634465
frozen,4,-1,0.0008153946255333722,45,0.08806262230919765,7.2414164543151855,0.0005637187277898192,7.241415500640869,7.784648287892468e-05
frozen,9891,-1,0.008113176561892033,161,0.3150684931506849,32.37570571899414,0.006505468860268593,32.375709533691406,0.00020093671934815057
frozen,9891,-1,0.008113176561892033,220,0.43052837573385516,30.138540267944336,0.00940217450261116,30.138545989990234,0.0003119650996346625
frozen,9891,-1,0.008113176561892033,423,0.8277886497064579,29.963665008544922,0.03660234808921814,29.963668823242188,0.0012215576238389896
frozen,9891,-1,0.008113176561892033,278,0.5440313111545988,29.76823616027832,0.00504886731505394,29.768239974975586,0.0001696058389511179
frozen,9601,-1,0.008418949320912361,405,0.7925636007827789,28.139507293701172,8.140587306115776e-05,28.139507293701172,2.8929388212628686e-06
frozen,9601,-1,0.008418949320912361,444,0.8688845401174168,28.006126403808594,0.007914990186691284,28.006128311157227,0.00028261636520239997
frozen,9601,-1,0.008418949320912361,136,0.26614481409001955,26.022262573242188,2.7484311431180686e-05,26.02226448059082,1.056184462796478e-06
frozen,9601,-1,0.008418949320912361,327,0.639921722113503,25.88178253173828,0.00011537467071320862,25.88178253173828,4.457755974563464e-06
frozen,16067,-1,0.009336268529295921,207,0.4050880626223092,13.185415267944336,0.00014201615704223514,13.185416221618652,1.0770699586213072e-05
frozen,16067,-1,0.009336268529295921,255,0.49902152641878667,12.643951416015625,3.7569174310192466e-05,12.643951416015625,2.9713159339259234e-06
frozen,16067,-1,0.009336268529295921,299,0.5851272015655578,12.351101875305176,0.001119817839935422,12.351101875305176,9.066542007676161e-05
frozen,16067,-1,0.009336268529295921,440,0.8610567514677103,11.82521915435791,3.002106950589223e-06,11.82521915435791,2.5387326115498385e-07
frozen,11474,-1,0.004586595110595226,313,0.6125244618395304,21.482973098754883,0.004252862185239792,21.482975006103516,0.0001979643035488108
frozen,11474,-1,0.004586595110595226,98,0.1917808219178082,20.278772354125977,0.005282297730445862,20.278772354125977,0.00026048409825810343
frozen,11474,-1,0.004586595110595226,287,0.5616438356164384,19.099111557006836,0.006849920377135277,19.099111557006836,0.000358651257504293
frozen,11474,-1,0.004586595110595226,309,0.6046966731898239,18.781564712524414,0.0019609411247074604,18.781564712524414,0.00010440776126601498
frozen,2268,-1,0.0012842465657740831,54,0.10567514677103718,20.432424545288086,0.004057987127453089,20.432424545288086,0.00019860526676404147
frozen,2268,-1,0.0012842465657740831,117,0.22896281800391388,19.844804763793945,0.006189199164509773,19.844802856445312,0.00031188010328354605
frozen,2268,-1,0.0012842465657740831,353,0.6908023483365949,19.640127182006836,0.0055852727964520454,19.640125274658203,0.00028438071134193646
frozen,2268,-1,0.0012842465657740831,402,0.786692759295499,16.252700805664062,0.0011848879512399435,16.25269889831543,7.290407326519508e-05
frozen,4836,-1,0.0008765492239035666,330,0.6457925636007827,29.277591705322266,0.027740919962525368,29.2775936126709,0.0009475136628209607
frozen,4836,-1,0.0008765492239035666,210,0.410958904109589,23.940351486206055,0.015152489766478539,23.940351486206055,0.0006329267878631229
frozen,4836,-1,0.0008765492239035666,331,0.6477495107632094,11.238451957702637,0.004120762459933758,11.238451957702637,0.0003666663767788285
frozen,4836,-1,0.0008765492239035666,33,0.06457925636007827,9.802237510681152,0.0018857778050005436,9.802238464355469,0.00019238236366702594
frozen,15803,-1,0.0019773319363594055,320,0.6262230919765166,23.93355941772461,0.003146253526210785,23.933557510375977,0.00013145782965389837
frozen,15803,-1,0.0019773319363594055,84,0.1643835616438356,23.167556762695312,0.011325517669320107,23.16755485534668,0.0004888525241456963
frozen,15803,-1,0.0019773319363594055,174,0.3405088062622309,22.8985538482666,0.0025406794156879187,22.8985538482666,0.00011095370618263938
frozen,15803,-1,0.0019773319363594055,362,0.7084148727984344,22.364608764648438,0.007564107421785593,22.364606857299805,0.00033821776837166575
frozen,14878,-1,0.0076035549864172935,2,0.003913894324853229,20.754579544067383,0.0018835070077329874,20.754581451416016,9.075138480349755e-05
frozen,14878,-1,0.0076035549864172935,4,0.007827788649706457,19.676424026489258,0.0028280140832066536,19.67642593383789,0.0001437260045455343
frozen,14878,-1,0.0076035549864172935,9,0.01761252446183953,17.07230567932129,0.008324732072651386,17.072307586669922,0.00048761610171265584
frozen,14878,-1,0.0076035549864172935,3,0.005870841487279843,16.855255126953125,0.002866866998374462,16.855257034301758,0.00017008740908193597
frozen,14918,-1,0.002181180752813816,97,0.1898238747553816,28.250885009765625,0.008292082697153091,28.25088882446289,0.00029351581639345967
frozen,14918,-1,0.002181180752813816,305,0.5968688845401174,27.478437423706055,0.01642400026321411,27.47844123840332,0.0005977049469698542
frozen,14918,-1,0.002181180752813816,208,0.4070450097847358,27.372867584228516,0.005375721491873264,27.37287139892578,0.00019638865844685293
frozen,14918,-1,0.002181180752813816,160,0.3131115459882583,27.134706497192383,0.003024918492883444,27.13471031188965,0.0001114778251956503
frozen,1206,-1,0.001365786069072783,440,0.8610567514677103,8.82787799835205,0.001513878465630114,8.827877044677734,0.00017148839499784617
frozen,1206,-1,0.001365786069072783,259,0.5068493150684932,8.402420043945312,0.0001414986909367144,8.402419090270996,1.6840232487397956e-05
frozen,1206,-1,0.001365786069072783,383,0.7495107632093934,7.910970211029053,0.00022131453442852944,7.910969257354736,2.7975653453940032e-05
frozen,1206,-1,0.001365786069072783,178,0.34833659491193736,7.535624980926514,0.0032827057875692844,7.5356245040893555,0.00043562491546491727
frozen,10702,-1,0.004260437097400427,66,0.12915851272015655,20.11079216003418,0.004419481847435236,20.11079216003418,0.0002197567262525836
frozen,10702,-1,0.004260437097400427,354,0.6927592954990215,19.68128204345703,0.006753312423825264,19.68128204345703,0.0003431337658244869
frozen,10702,-1,0.004260437097400427,360,0.7045009784735812,18.75760841369629,0.0038182740099728107,18.75760841369629,0.00020355868007057936
frozen,10702,-1,0.004260437097400427,345,0.675146771037182,18.388164520263672,0.0009180553606711328,18.388164520263672,4.992642738536737e-05
frozen,13788,-1,0.004382746294140816,495,0.9686888454011742,23.192453384399414,0.012960842810571194,23.192455291748047,0.0005588387537037834
frozen,13788,-1,0.004382746294140816,264,0.5166340508806262,20.73311424255371,0.003707636147737503,20.733116149902344,0.00017882676781102037
frozen,13788,-1,0.004382746294140816,411,0.8043052837573386,19.080533981323242,0.002286058384925127,19.080535888671875,0.00011981101570015973
frozen,13788,-1,0.004382746294140816,484,0.9471624266144814,18.79181480407715,0.005994103848934174,18.79181671142578,0.000318974154600478
frozen,7408,-1,0.0007338551804423332,149,0.29158512720156554,16.208444595336914,0.003351749386638403,16.208446502685547,0.00020679029209141406
frozen,7408,-1,0.0007338551804423332,150,0.29354207436399216,10.9462251663208,0.0027914245147258043,10.946227073669434,0.0002550124801851066
frozen,7408,-1,0.0007338551804423332,347,0.6790606653620352,9.407225608825684,0.003736183512955904,9.407227516174316,0.0003971609601800421
frozen,7408,-1,0.0007338551804423332,233,0.45596868884540115,7.843579292297363,0.0006104892236180604,7.843580722808838,7.783297516691332e-05
frozen,9336,-1,0.0001426940580131486,253,0.49510763209393344,6.6134443283081055,1.0040625056717545e-05,6.6134443283081055,1.5182141949452538e-06
frozen,9336,-1,0.0001426940580131486,415,0.812133072407045,6.514265537261963,0.0005609658546745777,6.514265537261963,8.611344616915317e-05
frozen,9336,-1,0.0001426940580131486,344,0.6731898238747553,5.036019325256348,0.0006797887617722154,5.036019325256348,0.00013498533620849682
frozen,9336,-1,0.0001426940580131486,134,0.2622309197651663,5.022884368896484,0.0004050373681820929,5.022884368896484,8.063840184938971e-05
frozen,16013,-1,0.0005503913853317499,11,0.021526418786692758,8.14639949798584,0.00018749100854620337,8.14639949798584,2.3015199364155866e-05
frozen,16013,-1,0.0005503913853317499,114,0.22309197651663404,6.633316993713379,0.0005892437184229493,6.633316993713379,8.883093013365647e-05
frozen,16013,-1,0.0005503913853317499,17,0.033268101761252444,6.320267677307129,0.0040608420968055725,6.320267677307129,0.0006425110935389641
frozen,16013,-1,0.0005503913853317499,97,0.1898238747553816,6.245567321777344,0.001845007878728211,6.245567798614502,0.00029541075178745186
frozen,15298,-1,0.0033838876988738775,114,0.22309197651663404,16.024478912353516,0.0004111824673600495,16.024478912353516,2.5659646694849007e-05
frozen,15298,-1,0.0033838876988738775,275,0.538160469667319,15.880553245544434,0.0008225854253396392,15.880553245544434,5.1798285149192135e-05
frozen,15298,-1,0.0033838876988738775,148,0.2896281800391389,15.395572662353516,2.03369818336796e-05,15.395572662353516,1.3209629988892336e-06
frozen,15298,-1,0.0033838876988738775,261,0.5107632093933464,15.011996269226074,1.2857689398515504e-05,15.01199722290039,8.564942564005708e-07
frozen,4159,-1,0.0014269406674429774,305,0.5968688845401174,7.0176591873168945,0.0019143279641866684,7.0176591873168945,0.0002727872518583487
frozen,4159,-1,0.0014269406674429774,399,0.7808219178082192,6.849958419799805,0.0010669504990801215,6.849958419799805,0.0001557601424259892
frozen,4159,-1,0.0014269406674429774,155,0.30332681017612523,6.030912399291992,0.0005739511689171195,6.030912399291992,9.516821517495418e-05
frozen,4159,-1,0.0014269406674429774,391,0.7651663405088063,5.812981605529785,0.0006333915516734123,5.812981605529785,0.00010896156132179711
frozen,7097,-1,0.006421233061701059,383,0.7495107632093934,18.536333084106445,0.003942566923797131,18.536333084106445,0.0002126940051146143
frozen,7097,-1,0.006421233061701059,438,0.8571428571428571,15.503562927246094,0.002737026195973158,15.503561973571777,0.00017654176508849018
frozen,7097,-1,0.006421233061701059,486,0.9510763209393346,12.149675369262695,0.003148392541334033,12.149674415588379,0.00025913390216404116
frozen,7097,-1,0.006421233061701059,394,0.7710371819960861,11.6156644821167,0.001567755825817585,11.615663528442383,0.00013496911493508242
frozen,3674,-1,0.004892367869615555,306,0.598825831702544,12.164130210876465,0.004942936822772026,12.164130210876465,0.0004063534948312487
frozen,3674,-1,0.004892367869615555,271,0.5303326810176126,10.873916625976562,7.790344534441829e-05,10.873916625976562,7.16424891085846e-06
frozen,3674,-1,0.004892367869615555,240,0.46966731898238745,9.62148380279541,0.0022624563425779343,9.62148380279541,0.00023514630268572546
frozen,3674,-1,0.004892367869615555,220,0.43052837573385516,9.445777893066406,0.001598231727257371,9.445778846740723,0.00016920062952869606
frozen,7830,-1,0.01826483942568302,105,0.2054794520547945,12.56678295135498,0.0015818941174075007,12.56678295135498,0.00012587900368223813
frozen,7830,-1,0.01826483942568302,313,0.6125244618395304,12.474577903747559,0.0017898846417665482,12.474578857421875,0.0001434825706121244
frozen,7830,-1,0.01826483942568302,343,0.6712328767123288,11.991814613342285,0.002818981185555458,11.991815567016602,0.0002350754287206555
frozen,7830,-1,0.01826483942568302,461,0.9021526418786693,11.78328800201416,0.00041473624878562987,11.783288955688477,3.519698535317787e-05
frozen,9455,-1,0.008418949320912361,216,0.4227005870841487,21.630020141601562,0.006597422994673252,21.630020141601562,0.0003050123370890563
frozen,9455,-1,0.008418949320912361,506,0.9902152641878669,21.293140411376953,0.003022091696038842,21.293140411376953,0.00014192794663694299
frozen,9455,-1,0.008418949320912361,215,0.4207436399217221,20.240964889526367,0.008480770513415337,20.240964889526367,0.00041899042657811674
frozen,9455,-1,0.008418949320912361,445,0.8708414872798435,18.871091842651367,0.00046429343638010323,18.871091842651367,2.460342200925193e-05
frozen,769,-1,0.0027111871168017387,17,0.033268101761252444,20.74335289001465,0.06536471843719482,20.743349075317383,0.0031511169290870506
frozen,769,-1,0.0027111871168017387,360,0.7045009784735812,18.216867446899414,0.059273116290569305,18.21686553955078,0.0032537494533228547
frozen,769,-1,0.0027111871168017387,23,0.04500978473581213,17.526065826416016,0.044740449637174606,17.526063919067383,0.002552795073884187
frozen,769,-1,0.0027111871168017387,249,0.487279843444227,16.743192672729492,0.0746009573340416,16.74319076538086,0.004455599794532033
frozen,2975,-1,0.002894650911912322,363,0.7103718199608611,11.283903121948242,1.8432701835990883e-06,11.283903121948242,1.6335395329775176e-07
frozen,2975,-1,0.002894650911912322,359,0.7025440313111546,10.067402839660645,0.001860559917986393,10.067402839660645,0.00018481031777696396
frozen,2975,-1,0.002894650911912322,360,0.7045009784735812,9.469148635864258,0.003966853022575378,9.469148635864258,0.00041892393657767525
frozen,2975,-1,0.002894650911912322,471,0.9217221135029354,8.360881805419922,0.0011734047438949347,8.360881805419922,0.00014034461570001838
frozen,11494,-1,0.013841324485838413,348,0.6810176125244618,13.268095970153809,0.0023329348769038916,13.268095970153809,0.00017583041923662293
frozen,11494,-1,0.013841324485838413,306,0.598825831702544,11.773942947387695,0.0006995773874223232,11.773942947387695,5.9417426307262654e-05
frozen,11494,-1,0.013841324485838413,268,0.5244618395303327,11.24665355682373,0.002007780596613884,11.246654510498047,0.00017852247481593274
frozen,11494,-1,0.013841324485838413,401,0.7847358121330724,11.024168968200684,0.00041296076960861683,11.024168968200684,3.74595827404139e-05
frozen,1837,-1,0.006258153822273016,101,0.19765166340508805,13.244394302368164,0.0036207707598805428,13.24439525604248,0.0002733813579165603
frozen,1837,-1,0.006258153822273016,174,0.3405088062622309,12.304994583129883,0.001976529136300087,12.304996490478516,0.00016062817554068426
frozen,1837,-1,0.006258153822273016,48,0.09393346379647749,10.68695068359375,0.002132962690666318,10.686951637268066,0.00019958569693795047
frozen,1837,-1,0.006258153822273016,279,0.5459882583170255,10.34355640411377,0.0015881378203630447,10.343557357788086,0.00015353884214382694
frozen,1374,-1,0.0005503913853317499,220,0.43052837573385516,9.531746864318848,0.002044991124421358,9.531746864318848,0.00021454526159067234
frozen,1374,-1,0.0005503913853317499,100,0.19569471624266144,7.172440528869629,0.0003969687968492508,7.172440528869629,5.534640479086869e-05
frozen,1374,-1,0.0005503913853317499,250,0.4892367906066536,6.261756420135498,0.00030091055668890476,6.261756420135498,4.805529575077169e-05
frozen,1374,-1,0.0005503913853317499,406,0.7945205479452054,5.976224899291992,0.00038248079363256693,5.976224899291992,6.400040160434385e-05
frozen,14944,-1,0.005830071866512299,337,0.6594911937377691,16.99306869506836,0.005058528855443001,16.99306869506836,0.0002976818929067862
frozen,14944,-1,0.005830071866512299,338,0.6614481409001957,15.837453842163086,0.0006083541084080935,15.837454795837402,3.841236589151867e-05
frozen,14944,-1,0.005830071866512299,179,0.350293542074364,14.335932731628418,0.0027121040038764477,14.335933685302734,0.00018918223698655284
frozen,14944,-1,0.005830071866512299,348,0.6810176125244618,13.47779369354248,0.003210386261343956,13.477794647216797,0.00023819818786205576
frozen,6218,-1,0.0010192432673648,368,0.7201565557729941,27.75870704650879,0.011952586472034454,27.758703231811523,0.00043058879127814476
frozen,6218,-1,0.0010192432673648,510,0.9980430528375733,22.35638427734375,0.006734938360750675,22.356382369995117,0.00030125349662071224
frozen,6218,-1,0.0010192432673648,494,0.9667318982387475,21.576414108276367,0.0002924256259575486,21.576412200927734,1.3553023701733646e-05
frozen,6218,-1,0.0010192432673648,509,0.9960861056751468,20.534343719482422,0.00283207930624485,20.53434181213379,0.0001379191664459081
frozen,8232,-1,0.00843933504074812,425,0.8317025440313112,14.767451286315918,0.00012392485223244876,14.767451286315918,8.391756290896469e-06
frozen,8232,-1,0.00843933504074812,424,0.8297455968688845,14.074915885925293,0.002156343776732683,14.074914932250977,0.00015320474667961798
frozen,8232,-1,0.00843933504074812,295,0.5772994129158513,12.636948585510254,0.001891065388917923,12.636948585510254,0.0001496457294355262
frozen,8232,-1,0.00843933504074812,436,0.8532289628180039,12.619894981384277,0.00175562035292387,12.619894027709961,0.00013911530073620196
frozen,13241,-1,0.002058871556073427,1,0.0019569471624266144,49.08781433105469,0.053427278995513916,49.08781433105469,0.0010884020754151592
frozen,13241,-1,0.002058871556073427,1,0.0019569471624266144,49.08781433105469,0.053427278995513916,49.08781433105469,0.0010884020754151592
frozen,13241,-1,0.002058871556073427,1,0.0019569471624266144,49.08781433105469,0.053427278995513916,49.08781433105469,0.0010884020754151592
frozen,13241,-1,0.002058871556073427,1,0.0019569471624266144,49.08781433105469,0.053427278995513916,49.08781433105469,0.0010884020754151592
