arm,fid,bin,freq,pos,rel_pos,act,kl,pnorm,kl_per_norm
trained,10926,-1,0.0019365622429177165,287,0.5616438356164384,8.07595157623291,0.00024316506460309029,8.07595157623291,3.0109772490304667e-05
trained,10926,-1,0.0019365622429177165,57,0.11154598825831702,7.943813800811768,0.0008789062267169356,7.943814277648926,0.00011064032919171661
trained,10926,-1,0.0019365622429177165,24,0.046966731898238745,7.577823638916016,0.0011922013945877552,7.577824115753174,0.0001573276677284374
trained,10926,-1,0.0019365622429177165,302,0.5909980430528375,7.243345737457275,0.0010485734092071652,7.243345737457275,0.00014476368341562271
trained,13835,-1,0.0006930854287929833,101,0.19765166340508805,8.512584686279297,0.001993826124817133,8.512584686279297,0.00023422100317319717
trained,13835,-1,0.0006930854287929833,292,0.5714285714285714,7.596775054931641,0.001443289453163743,7.596775054931641,0.00018998712515869411
trained,13835,-1,0.0006930854287929833,65,0.12720156555772993,6.210734844207764,0.0008886866271495819,6.210734844207764,0.00014308880501932652
trained,13835,-1,0.0006930854287929833,224,0.4383561643835616,5.6943535804748535,0.0017279020976275206,5.694353103637695,0.00030344133322601535
trained,4162,-1,0.0011007827706634998,205,0.40117416829745595,8.062359809875488,0.00025259246467612684,8.062359809875488,3.13298427052002e-05
trained,4162,-1,0.0011007827706634998,170,0.33268101761252444,7.297537803649902,0.00036820414243265986,7.297537803649902,5.045594176278205e-05
trained,4162,-1,0.0011007827706634998,214,0.4187866927592955,6.119029521942139,0.0005896373186260462,6.119029521942139,9.636124756575766e-05
trained,4162,-1,0.0011007827706634998,185,0.36203522504892366,6.002355098724365,0.0018201847560703754,6.002355098724365,0.0003032450973214173
trained,10556,-1,0.002181180752813816,308,0.6027397260273972,6.779621124267578,0.00017783479415811598,6.779621124267578,2.6230786484742978e-05
trained,10556,-1,0.002181180752813816,12,0.023483365949119372,6.468572616577148,0.0026089902967214584,6.468572616577148,0.0004033332315131384
trained,10556,-1,0.002181180752813816,181,0.3542074363992172,6.463885307312012,0.002293960191309452,6.463885307312012,0.00035488875223613594
trained,10556,-1,0.002181180752813816,453,0.8864970645792564,6.373514652252197,0.0008041173568926752,6.3735151290893555,0.0001261654425550202
trained,13967,-1,0.0037712003104388714,407,0.7964774951076321,8.692317008972168,0.0018782266415655613,8.692317962646484,0.00021607891584694307
trained,13967,-1,0.0037712003104388714,296,0.5792563600782779,8.499184608459473,0.0005204956978559494,8.499185562133789,6.124065583117763e-05
trained,13967,-1,0.0037712003104388714,135,0.26418786692759294,8.340755462646484,0.004407202824950218,8.340755462646484,0.0005283937222098863
trained,13967,-1,0.0037712003104388714,134,0.2622309197651663,7.520059108734131,0.00014105919399298728,7.520060062408447,1.8757721723277072e-05
trained,8581,-1,0.001793868257664144,28,0.0547945205479452,7.774986267089844,0.0022887391969561577,7.774986267089844,0.0002943721208414207
trained,8581,-1,0.001793868257664144,384,0.7514677103718199,7.6361403465271,0.0003088203084189445,7.6361403465271,4.0441937209731264e-05
trained,8581,-1,0.001793868257664144,290,0.5675146771037182,7.5734477043151855,0.0002476023801136762,7.5734477043151855,3.269348251689884e-05
trained,8581,-1,0.001793868257664144,133,0.2602739726027397,7.449603080749512,0.006246195174753666,7.4496026039123535,0.0008384601846376763
trained,2852,-1,0.008133561350405216,327,0.639921722113503,25.136384963989258,0.018872655928134918,25.136384963989258,0.0007508102678715397
trained,2852,-1,0.008133561350405216,200,0.3913894324853229,24.23580551147461,0.012454027310013771,24.23580551147461,0.0005138689243944182
trained,2852,-1,0.008133561350405216,505,0.9882583170254403,24.084747314453125,0.015565570443868637,24.084747314453125,0.0006462833195068575
trained,2852,-1,0.008133561350405216,481,0.9412915851272016,23.37975311279297,0.011106886900961399,23.37975311279297,0.00047506433653843485
trained,10995,-1,0.00258887792006135,375,0.7338551859099804,9.09323787689209,0.001095553394407034,9.09323787689209,0.00012048001044722201
trained,10995,-1,0.00258887792006135,480,0.9393346379647749,8.877394676208496,0.00038209580816328526,8.877394676208496,4.304143525209099e-05
trained,10995,-1,0.00258887792006135,233,0.45596868884540115,8.354695320129395,0.0008314659935422242,8.354695320129395,9.952080377352968e-05
trained,10995,-1,0.00258887792006135,292,0.5714285714285714,8.267682075500488,0.003260541707277298,8.267683029174805,0.00039437188094555334
trained,4197,-1,0.006584311835467815,485,0.949119373776908,17.401933670043945,0.0008580702124163508,17.401933670043945,4.930890030304224e-05
trained,4197,-1,0.006584311835467815,2,0.003913894324853229,16.75560188293457,0.0036126417107880116,16.75560188293457,0.00021560799403257813
trained,4197,-1,0.006584311835467815,17,0.033268101761252444,16.202363967895508,0.0015258422354236245,16.202363967895508,9.417405006127714e-05
trained,4197,-1,0.006584311835467815,66,0.12915851272015655,13.92019271850586,0.0014539211988449097,13.92019271850586,0.00010444691594765278
trained,11744,-1,0.0009988584788516164,485,0.949119373776908,10.805920600891113,0.0059471409767866135,10.805920600891113,0.0005503594923968052
trained,11744,-1,0.0009988584788516164,221,0.4324853228962818,7.928393840789795,0.0006948409136384726,7.928393840789795,8.763955570214903e-05
trained,11744,-1,0.0009988584788516164,267,0.5225048923679061,7.559475421905518,0.0007943896343931556,7.559475898742676,0.00010508527906349722
trained,11744,-1,0.0009988584788516164,320,0.6262230919765166,7.392427921295166,0.0014342052163556218,7.392428398132324,0.00019401002473259932
trained,6559,-1,0.0005503913853317499,148,0.2896281800391389,5.913510799407959,0.001791548915207386,5.913510799407959,0.0003029585936304961
trained,6559,-1,0.0005503913853317499,133,0.2602739726027397,5.493099689483643,0.003172691445797682,5.493099689483643,0.0005775776201316161
trained,6559,-1,0.0005503913853317499,189,0.3698630136986301,5.465418338775635,0.00028220959939062595,5.465418338775635,5.163549830914621e-05
trained,6559,-1,0.0005503913853317499,421,0.8238747553816047,5.413899898529053,0.0013110642321407795,5.413899898529053,0.00024216632311524516
trained,10937,-1,0.0014880952658131719,217,0.4246575342465753,6.092828750610352,0.001566044520586729,6.092828750610352,0.00025703077908267977
trained,10937,-1,0.0014880952658131719,462,0.9041095890410958,5.807843208312988,0.0021602411288768053,5.807843208312988,0.00037195238428350984
trained,10937,-1,0.0014880952658131719,381,0.7455968688845401,5.6428751945495605,0.0008245264180004597,5.6428751945495605,0.00014611813828469355
trained,10937,-1,0.0014880952658131719,413,0.8082191780821918,5.632266044616699,0.0009595490992069244,5.632266044616699,0.00017036643716858123
trained,958,-1,0.000448467064416036,384,0.7514677103718199,5.778961181640625,0.000407338491640985,5.778961181640625,7.04864557552441e-05
trained,958,-1,0.000448467064416036,303,0.5929549902152642,4.993050575256348,0.0004934573080390692,4.993051052093506,9.882881286226194e-05
trained,958,-1,0.000448467064416036,380,0.7436399217221135,4.738160610198975,0.001408618874847889,4.738160610198975,0.00029729234416744167
trained,958,-1,0.000448467064416036,204,0.39921722113502933,4.595547676086426,0.00024741911329329014,4.595547676086426,5.383887421748882e-05
trained,11239,-1,0.0009580887272022665,319,0.62426614481409,6.773078441619873,0.0011004521511495113,6.773078441619873,0.00016247444358348867
trained,11239,-1,0.0009580887272022665,167,0.3268101761252446,6.617589473724365,0.0014003405813127756,6.617589473724365,0.0002116088625432165
trained,11239,-1,0.0009580887272022665,443,0.8669275929549902,6.410581588745117,0.0019566165283322334,6.410581588745117,0.0003052166954348435
trained,11239,-1,0.0009580887272022665,467,0.913894324853229,6.359657287597656,0.001189237693324685,6.359657287597656,0.00018699713515127423
trained,87,-1,0.004566209856420755,155,0.30332681017612523,8.928986549377441,0.00021621116320602596,8.928986549377441,2.4214524460348853e-05
trained,87,-1,0.004566209856420755,116,0.22700587084148727,8.746795654296875,0.001958589069545269,8.746795654296875,0.00022392075303406792
trained,87,-1,0.004566209856420755,132,0.2583170254403131,7.417913436889648,0.0017348391702398658,7.417913436889648,0.0002338715846443321
trained,87,-1,0.004566209856420755,148,0.2896281800391389,6.935783386230469,0.0009500607848167419,6.935783386230469,0.00013697959291849955
trained,10039,-1,0.0025481083430349827,293,0.5733855185909981,7.05027437210083,4.607462324202061e-05,7.05027437210083,6.535153216780606e-06
trained,10039,-1,0.0025481083430349827,307,0.6007827788649707,6.796703815460205,0.00012429527123458683,6.796703815460205,1.8287580952381223e-05
trained,10039,-1,0.0025481083430349827,346,0.6771037181996086,5.636538505554199,2.2261434423853643e-05,5.636538505554199,3.949486799729551e-06
trained,10039,-1,0.0025481083430349827,434,0.8493150684931506,5.372694492340088,0.0015752065228298306,5.372694492340088,0.0002931874360389597
trained,7842,-1,0.0029558055102825165,436,0.8532289628180039,8.28654670715332,0.0031036389991641045,8.28654670715332,0.000374539492607325
trained,7842,-1,0.0029558055102825165,26,0.050880626223091974,6.764408588409424,0.002736815717071295,6.764408588409424,0.00040459053903998824
trained,7842,-1,0.0029558055102825165,343,0.6712328767123288,6.722494602203369,0.00016785541083663702,6.722494602203369,2.4969214669450328e-05
trained,7842,-1,0.0029558055102825165,491,0.9608610567514677,6.692561626434326,0.0012168711982667446,6.692561626434326,0.0001818244292977951
trained,7937,-1,0.0007542400271631777,414,0.8101761252446184,6.46789026260376,4.036555765196681e-05,6.46789026260376,6.24091566385311e-06
trained,7937,-1,0.0007542400271631777,110,0.21526418786692758,4.904026031494141,0.0016885048244148493,4.904026031494141,0.00034430992282078116
trained,7937,-1,0.0007542400271631777,399,0.7808219178082192,4.792257308959961,0.00012438965495675802,4.792257308959961,2.5956380665159584e-05
trained,7937,-1,0.0007542400271631777,402,0.786692759295499,4.76704216003418,2.0449251678655855e-05,4.767042636871338,4.2897144490566004e-06
trained,12565,-1,0.0002853881160262972,126,0.2465753424657534,7.051369667053223,0.0006184966769069433,7.051369667053223,8.771298430102218e-05
trained,12565,-1,0.0002853881160262972,473,0.9256360078277887,7.003872394561768,0.002959986450150609,7.003872394561768,0.0004226214133268508
trained,12565,-1,0.0002853881160262972,248,0.48532289628180036,5.058847904205322,0.00262350682169199,5.058847904205322,0.0005185976869379923
trained,12565,-1,0.0002853881160262972,458,0.8962818003913894,4.8766608238220215,0.0004232872452121228,4.8766608238220215,8.679858216597823e-05
trained,12959,-1,0.008520874194800854,104,0.2035225048923679,12.536396980285645,0.0018159467726945877,12.536398887634277,0.0001448539400326366
trained,12959,-1,0.008520874194800854,84,0.1643835616438356,11.820252418518066,0.0038637984544038773,11.820253372192383,0.00032687949511248354
trained,12959,-1,0.008520874194800854,353,0.6908023483365949,10.655994415283203,0.0030982368625700474,10.65599536895752,0.0002907505826809635
trained,12959,-1,0.008520874194800854,425,0.8317025440313112,10.627401351928711,8.75394616741687e-05,10.627402305603027,8.237145744262995e-06
trained,14068,-1,0.002935420721769333,433,0.8473581213307241,10.280824661254883,0.0008889962919056416,10.280824661254883,8.647130178729556e-05
trained,14068,-1,0.002935420721769333,449,0.8786692759295499,10.000956535339355,0.007195914164185524,10.000956535339355,0.0007195225915399251
trained,14068,-1,0.002935420721769333,156,0.30528375733855184,9.806818008422852,0.001628112862817943,9.806818008422852,0.0001660184640338583
trained,14068,-1,0.002935420721769333,499,0.9765166340508806,8.678229331970215,0.0006023869500495493,8.678229331970215,6.941357816281512e-05
trained,2026,-1,0.0004688519111368805,50,0.09784735812133072,7.24222469329834,0.002219671383500099,7.242224216461182,0.0003064902876736275
trained,2026,-1,0.0004688519111368805,360,0.7045009784735812,6.405643939971924,0.00014369626296684146,6.405643939971924,2.2432758410151546e-05
trained,2026,-1,0.0004688519111368805,351,0.6868884540117417,6.164821624755859,0.0015666699036955833,6.164821624755859,0.0002541306138371241
trained,2026,-1,0.0004688519111368805,39,0.07632093933463796,5.862863540649414,0.0005266889929771423,5.862863540649414,8.983476919178002e-05
trained,5367,-1,0.007522015832364559,300,0.5870841487279843,13.597917556762695,0.002366436645388603,13.597917556762695,0.00017402934203051524
trained,5367,-1,0.007522015832364559,126,0.2465753424657534,13.584449768066406,0.001346459612250328,13.58444881439209,9.911772134794434e-05
trained,5367,-1,0.007522015832364559,414,0.8101761252446184,13.483160972595215,0.0016866384539753199,13.483160972595215,0.00012509221371779548
trained,5367,-1,0.007522015832364559,506,0.9902152641878669,12.806492805480957,0.004012394696474075,12.806492805480957,0.00031330940932999547
trained,11763,-1,0.011435910128057003,78,0.15264187866927592,15.709908485412598,0.006933961529284716,15.709907531738281,0.0004413750695397939
trained,11763,-1,0.011435910128057003,122,0.23874755381604695,15.2090425491333,0.004847765900194645,15.209041595458984,0.0003187423658333645
trained,11763,-1,0.011435910128057003,461,0.9021526418786693,15.208181381225586,0.0011821205262094736,15.208181381225586,7.772924957804585e-05
trained,11763,-1,0.011435910128057003,111,0.2172211350293542,14.773552894592285,0.005328574683517218,14.773552894592285,0.0003606833590765895
trained,6420,-1,0.00941780861467123,128,0.25048923679060664,22.658708572387695,0.015723537653684616,22.658708572387695,0.0006939291179571284
trained,6420,-1,0.00941780861467123,251,0.4911937377690802,21.900365829467773,0.005428995005786419,21.90036392211914,0.00024789519594709523
trained,6420,-1,0.00941780861467123,318,0.6223091976516634,21.01137924194336,0.005632108077406883,21.01137924194336,0.00026805037463528095
trained,6420,-1,0.00941780861467123,348,0.6810176125244618,20.988800048828125,0.04017740488052368,20.988800048828125,0.0019142306747910974
trained,9117,-1,0.012292074039578438,304,0.5949119373776908,19.417631149291992,0.006246039643883705,19.417631149291992,0.0003216684669649546
trained,9117,-1,0.012292074039578438,125,0.2446183953033268,19.415700912475586,0.005987411364912987,19.415700912475586,0.0003083798721407872
trained,9117,-1,0.012292074039578438,484,0.9471624266144814,19.07965660095215,0.007582845166325569,19.07965660095215,0.000397430903758884
trained,9117,-1,0.012292074039578438,418,0.8180039138943248,18.726764678955078,0.0049360767006874084,18.726764678955078,0.00026358406191938295
trained,13286,-1,0.005687377881258726,253,0.49510763209393344,9.223958015441895,0.001704847440123558,9.223958015441895,0.0001848281873431623
trained,13286,-1,0.005687377881258726,252,0.4931506849315068,8.53209114074707,0.0059839095920324326,8.53209114074707,0.000701341499208186
trained,13286,-1,0.005687377881258726,503,0.9843444227005871,7.616016387939453,0.002306282054632902,7.616016387939453,0.0003028199963284056
trained,13286,-1,0.005687377881258726,128,0.25048923679060664,7.233349800109863,0.0019030040130019188,7.233349800109863,0.0002630875134744645
trained,15226,-1,0.0038527396973222494,189,0.3698630136986301,6.387802600860596,0.003430807963013649,6.387802600860596,0.0005370873487154149
trained,15226,-1,0.0038527396973222494,249,0.487279843444227,5.636767864227295,0.0017340832855552435,5.636767864227295,0.00030763787463384515
trained,15226,-1,0.0038527396973222494,208,0.4070450097847358,5.63425874710083,0.0019459440372884274,5.634259223937988,0.00034537708684413996
trained,15226,-1,0.0038527396973222494,392,0.7671232876712328,5.6174798011779785,0.0016774561954662204,5.6174798011779785,0.00029861365858662456
trained,6260,-1,0.0006930854287929833,100,0.19569471624266144,5.391752243041992,0.005044000223278999,5.391752243041992,0.0009355029674793081
trained,6260,-1,0.0006930854287929833,175,0.3424657534246575,5.277529239654541,0.00010471773566678166,5.277529239654541,1.9842189576127546e-05
trained,6260,-1,0.0006930854287929833,511,1.0,4.905683994293213,0.0008543191943317652,4.905683994293213,0.00017414884353040178
trained,6260,-1,0.0006930854287929833,83,0.162426614481409,4.8685455322265625,0.00039477224345318973,4.8685455322265625,8.108627943192842e-05
trained,6194,-1,0.005891226232051849,89,0.17416829745596868,9.66007137298584,0.0010859125759452581,9.66007137298584,0.00011241247957877277
trained,6194,-1,0.005891226232051849,274,0.5362035225048923,9.628464698791504,0.0019476525485515594,9.628464698791504,0.00020228069681722102
trained,6194,-1,0.005891226232051849,57,0.11154598825831702,8.965641021728516,0.0017645065672695637,8.965641021728516,0.0001968076307085267
trained,6194,-1,0.005891226232051849,94,0.18395303326810175,8.303110122680664,0.003292655572295189,8.303110122680664,0.00039655689538562367
trained,9716,-1,0.0038119698874652386,35,0.0684931506849315,18.246864318847656,0.003071499988436699,18.246864318847656,0.00016833029142788482
trained,9716,-1,0.0038119698874652386,320,0.6262230919765166,17.355161666870117,0.0029191947542130947,17.355161666870117,0.00016820325907915043
trained,9716,-1,0.0038119698874652386,64,0.12524461839530332,15.79398250579834,0.006105211563408375,15.79398250579834,0.0003865530154390768
trained,9716,-1,0.0038119698874652386,33,0.06457925636007827,15.331829071044922,0.00253950129263103,15.331829071044922,0.00016563589907397485
trained,12462,-1,0.005340835079550743,283,0.5538160469667319,9.54559326171875,0.001036861096508801,9.545594215393066,0.00010862195407770173
trained,12462,-1,0.005340835079550743,118,0.2309197651663405,8.224964141845703,0.00228793453425169,8.224964141845703,0.0002781695451547916
trained,12462,-1,0.005340835079550743,478,0.9354207436399217,7.879634857177734,0.0011193235404789448,7.879634857177734,0.00014205271700621104
trained,12462,-1,0.005340835079550743,219,0.42857142857142855,7.851022243499756,0.002029556781053543,7.851022720336914,0.00025850858586821767
trained,8314,-1,0.004668134264647961,240,0.46966731898238745,29.216638565063477,0.040689144283533096,29.21664047241211,0.0013926701915627133
trained,8314,-1,0.004668134264647961,343,0.6712328767123288,28.03959083557129,0.011835353448987007,28.039592742919922,0.0004220943420077122
trained,8314,-1,0.004668134264647961,392,0.7671232876712328,25.034486770629883,0.00014846879639662802,25.034488677978516,5.930570354617547e-06
trained,8314,-1,0.004668134264647961,321,0.6281800391389433,24.86762046813965,0.0002367481793044135,24.86762046813965,9.520339093470356e-06
trained,4317,-1,0.0006930854287929833,500,0.9784735812133072,5.617059230804443,0.00041046831756830215,5.617059230804443,7.307530519123922e-05
trained,4317,-1,0.0006930854287929833,374,0.7318982387475538,5.478559970855713,4.356117642601021e-06,5.478559970855713,7.951209196895266e-07
trained,4317,-1,0.0006930854287929833,192,0.37573385518590996,5.274037837982178,2.2301741410046816e-05,5.274037837982178,4.228589573141811e-06
trained,4317,-1,0.0006930854287929833,409,0.8003913894324853,5.13176965713501,0.0010371035896241665,5.13176965713501,0.0002020947273387882
trained,666,-1,0.005809687077999115,478,0.9354207436399217,28.18435287475586,0.03858894482254982,28.184354782104492,0.001369161902796216
trained,666,-1,0.005809687077999115,441,0.863013698630137,27.866798400878906,0.049646154046058655,27.86680030822754,0.001781552008014385
trained,666,-1,0.005809687077999115,414,0.8101761252446184,25.922874450683594,0.1533985137939453,25.922876358032227,0.005917495870261119
trained,666,-1,0.005809687077999115,243,0.4755381604696673,24.111989974975586,0.12711159884929657,24.111989974975586,0.005271717472561087
trained,547,-1,0.00538160465657711,327,0.639921722113503,7.000308990478516,0.0008603754686191678,7.000308990478516,0.00012290535600491481
trained,547,-1,0.00538160465657711,181,0.3542074363992172,6.988520622253418,3.508660302031785e-05,6.988521099090576,5.020604863721984e-06
trained,547,-1,0.00538160465657711,347,0.6790606653620352,6.79511833190918,0.0010137194767594337,6.79511833190918,0.00014918349133069705
trained,547,-1,0.00538160465657711,141,0.2759295499021526,6.675614356994629,0.0009122567134909332,6.675614356994629,0.00013665509490300043
trained,15508,-1,0.0006115459837019444,372,0.7279843444227005,14.759843826293945,0.004891863092780113,14.759843826293945,0.0003314305456312144
trained,15508,-1,0.0006115459837019444,133,0.2602739726027397,7.1039862632751465,0.0003618922200985253,7.1039862632751465,5.0942133991638986e-05
trained,15508,-1,0.0006115459837019444,235,0.4598825831702544,5.455237865447998,1.720167711027898e-05,5.455237865447998,3.15324052489622e-06
trained,15508,-1,0.0006115459837019444,379,0.7416829745596869,5.30448579788208,1.1570475180633366e-05,5.30448579788208,2.1812623544497197e-06
trained,1455,-1,0.006054305471479893,38,0.07436399217221135,16.347766876220703,0.004313632845878601,16.347766876220703,0.0002638667946845491
trained,1455,-1,0.006054305471479893,351,0.6868884540117417,14.929753303527832,0.030170945450663567,14.929754257202148,0.002020860151539938
trained,1455,-1,0.006054305471479893,17,0.033268101761252444,14.776906967163086,0.007104471791535616,14.776908874511719,0.00048078199925763384
trained,1455,-1,0.006054305471479893,476,0.9315068493150684,14.322358131408691,0.00013975324691273272,14.322359085083008,9.757697463282304e-06
trained,14348,-1,0.0020384865347296,284,0.5557729941291585,14.653879165649414,0.002276597311720252,14.653879165649414,0.00015535799674511376
trained,14348,-1,0.0020384865347296,32,0.06262230919765166,12.201151847839355,0.0016984217800199986,12.201151847839355,0.0001392017574406931
trained,14348,-1,0.0020384865347296,260,0.5088062622309197,10.345439910888672,0.0011198378633707762,10.345439910888672,0.00010824458631209451
trained,14348,-1,0.0020384865347296,470,0.9197651663405088,9.811309814453125,0.0020254626870155334,9.811309814453125,0.00020644161944940388
trained,14856,-1,0.0003669275902211666,21,0.0410958904109589,6.1956892013549805,0.001715496415272355,6.1956892013549805,0.00027688548594354613
trained,14856,-1,0.0003669275902211666,24,0.046966731898238745,5.9261555671691895,0.0018154904246330261,5.9261555671691895,0.0003063521374111093
trained,14856,-1,0.0003669275902211666,115,0.22504892367906065,5.659826278686523,4.4456086470745504e-05,5.659826278686523,7.854673320655776e-06
trained,14856,-1,0.0003669275902211666,311,0.6086105675146771,5.122461318969727,0.00010961131192743778,5.122461318969727,2.1398172695130034e-05
trained,1224,-1,0.0020181017462164164,367,0.7181996086105675,12.079808235168457,0.002150237560272217,12.079808235168457,0.00017800262375127274
trained,1224,-1,0.0020181017462164164,98,0.1917808219178082,8.953897476196289,2.9646729672094807e-05,8.953897476196289,3.311041895544358e-06
trained,1224,-1,0.0020181017462164164,318,0.6223091976516634,6.8800787925720215,5.69702751818113e-06,6.8800787925720215,8.280468421861454e-07
trained,1224,-1,0.0020181017462164164,358,0.700587084148728,6.727344036102295,0.00017485106945969164,6.727344036102295,2.59910996853072e-05
trained,4388,-1,0.0013046314707025886,417,0.8160469667318982,6.770179748535156,0.0007765316404402256,6.770179748535156,0.00011469882178656209
trained,4388,-1,0.0013046314707025886,156,0.30528375733855184,6.622831344604492,0.0011771772988140583,6.622831344604492,0.00017774532334619762
trained,4388,-1,0.0013046314707025886,325,0.6360078277886497,6.597422122955322,0.002225338015705347,6.5974225997924805,0.00033730414901348663
trained,4388,-1,0.0013046314707025886,168,0.3287671232876712,6.270013809204102,0.0004552386817522347,6.270013809204102,7.26056904506278e-05
trained,360,-1,0.0006115459837019444,416,0.8140900195694716,6.165042877197266,0.0002195326378569007,6.165042877197266,3.560926375206396e-05
trained,360,-1,0.0006115459837019444,484,0.9471624266144814,5.6734771728515625,0.0012063877657055855,5.673476696014404,0.0002126364186096099
trained,360,-1,0.0006115459837019444,349,0.6829745596868885,4.918652534484863,0.0014571596402674913,4.918652057647705,0.000296251823302249
trained,360,-1,0.0006115459837019444,75,0.14677103718199608,4.785281181335449,2.3849697754485533e-05,4.785281181335449,4.983969980177778e-06
trained,44,-1,0.0014880952658131719,436,0.8532289628180039,8.141907691955566,0.0011467919684946537,8.141907691955566,0.00014085052445727387
trained,44,-1,0.0014880952658131719,388,0.7592954990215264,7.319580554962158,0.0020546456798911095,7.319581031799316,0.0002807053670100612
trained,44,-1,0.0014880952658131719,219,0.42857142857142855,6.917537212371826,0.0020803348161280155,6.917537689208984,0.00030073342706512965
trained,44,-1,0.0014880952658131719,90,0.1761252446183953,6.890522003173828,0.000951058347709477,6.890522480010986,0.00013802412668537735
trained,5525,-1,0.0014269406674429774,222,0.4344422700587084,6.781343460083008,0.0015636822208762169,6.781343460083008,0.00023058590529745509
trained,5525,-1,0.0014269406674429774,403,0.7886497064579256,6.504047870635986,0.00022037576127331704,6.5040483474731445,3.388286025870858e-05
trained,5525,-1,0.0014269406674429774,227,0.44422700587084146,6.337613582611084,0.0019050766713917255,6.337613582611084,0.0003005984266094743
trained,5525,-1,0.0014269406674429774,92,0.18003913894324852,6.3106560707092285,0.0023100306279957294,6.3106560707092285,0.00036605237270300405
trained,12465,-1,0.004851598292589188,436,0.8532289628180039,8.299471855163574,0.0030403193086385727,8.299471855163574,0.00036632684123713447
trained,12465,-1,0.004851598292589188,323,0.6320939334637965,7.944575786590576,0.0018824650906026363,7.944575786590576,0.0002369497303783036
trained,12465,-1,0.004851598292589188,374,0.7318982387475538,7.752002239227295,9.755814971867949e-05,7.752002239227295,1.2584896999256272e-05
trained,12465,-1,0.004851598292589188,352,0.6888454011741683,7.702437400817871,0.0020910415332764387,7.702436923980713,0.00027147791717270736
trained,11494,-1,0.0037712003104388714,467,0.913894324853229,8.26183032989502,1.623091520741582e-06,8.26183032989502,1.9645665136313758e-07
trained,11494,-1,0.0037712003104388714,401,0.7847358121330724,8.186901092529297,0.0019217003136873245,8.186901092529297,0.00023472865886225408
trained,11494,-1,0.0037712003104388714,404,0.7906066536203522,7.564700126647949,4.701345460489392e-05,7.564700603485107,6.2148467030188235e-06
trained,11494,-1,0.0037712003104388714,97,0.1898238747553816,7.500750541687012,0.0007384297205135226,7.50075101852417,9.844743795519483e-05
trained,2206,-1,0.019610241055488586,509,0.9960861056751468,23.66162109375,0.005296534392982721,23.66162109375,0.00022384495009861147
trained,2206,-1,0.019610241055488586,493,0.9647749510763209,21.33170509338379,0.004231194034218788,21.33170509338379,0.00019835235934942346
trained,2206,-1,0.019610241055488586,168,0.3287671232876712,21.016027450561523,0.013945931568741798,21.016027450561523,0.0006635855230751128
trained,2206,-1,0.019610241055488586,162,0.31702544031311153,20.822097778320312,0.0024726130068302155,20.822097778320312,0.00011874946670381439
trained,8683,-1,0.07430283725261688,88,0.17221135029354206,33.64639663696289,0.023221448063850403,33.64639663696289,0.000690161514601538
trained,8683,-1,0.07430283725261688,209,0.4090019569471624,32.025123596191406,0.019367897883057594,32.025123596191406,0.0006047719948647107
trained,8683,-1,0.07430283725261688,414,0.8101761252446184,31.476383209228516,0.01929502747952938,31.476383209228516,0.0006130001452604091
trained,8683,-1,0.07430283725261688,75,0.14677103718199608,31.38849639892578,0.02131464332342148,31.38849639892578,0.0006790590747810059
trained,4885,-1,0.0020996411330997944,72,0.14090019569471623,9.988022804260254,0.0005828968714922667,9.988022804260254,5.835958556718953e-05
trained,4885,-1,0.0020996411330997944,495,0.9686888454011742,9.716578483581543,0.00040107977110892534,9.716578483581543,4.127788107579684e-05
trained,4885,-1,0.0020996411330997944,496,0.9706457925636007,9.095309257507324,0.0006302143447101116,9.095309257507324,6.929004026882635e-05
trained,4885,-1,0.0020996411330997944,506,0.9902152641878669,7.97620964050293,0.001224710838869214,7.97620964050293,0.00015354546759279906
trained,8197,-1,0.012067840434610844,463,0.9060665362035225,19.118486404418945,0.00010266542085446417,19.118486404418945,5.369955480928377e-06
trained,8197,-1,0.012067840434610844,391,0.7651663405088063,16.970611572265625,0.039388470351696014,16.970611572265625,0.0023209811964624173
trained,8197,-1,0.012067840434610844,421,0.8238747553816047,15.029747009277344,0.00010529575229156762,15.029746055603027,7.005823777861756e-06
trained,8197,-1,0.012067840434610844,473,0.9256360078277887,13.377199172973633,2.572421362856403e-05,13.377199172973633,1.9229895059449703e-06
trained,14084,-1,0.0004688519111368805,90,0.1761252446183953,10.683375358581543,0.0017033894546329975,10.683374404907227,0.00015944301772767363
trained,14084,-1,0.0004688519111368805,181,0.3542074363992172,6.791526794433594,0.0009336952352896333,6.7915263175964355,0.00013747944005907555
trained,14084,-1,0.0004688519111368805,44,0.08610567514677103,6.334445476531982,2.379503712290898e-05,6.334444999694824,3.756451768711443e-06
trained,14084,-1,0.0004688519111368805,474,0.9275929549902152,6.222163200378418,0.00033226993400603533,6.22216272354126,5.340103574419674e-05
trained,794,-1,0.002058871556073427,346,0.6771037181996086,7.2426862716674805,0.0011568590998649597,7.2426862716674805,0.0001597279043261136
trained,794,-1,0.002058871556073427,213,0.41682974559686886,6.9224066734313965,0.001467043301090598,6.922407150268555,0.0002119267574479037
trained,794,-1,0.002058871556073427,290,0.5675146771037182,6.351099967956543,0.00145228230394423,6.351100444793701,0.00022866624714378984
trained,794,-1,0.002058871556073427,138,0.2700587084148728,6.303393840789795,0.0006541121983900666,6.303394317626953,0.00010377142305073516
trained,11783,-1,0.004688519053161144,89,0.17416829745596868,11.554802894592285,0.00211893767118454,11.554803848266602,0.00018338153542108056
trained,11783,-1,0.004688519053161144,41,0.08023483365949119,8.251750946044922,0.0017011156305670738,8.251750946044922,0.0002061520811389032
trained,11783,-1,0.004688519053161144,317,0.6203522504892368,8.176971435546875,0.0007903240621089935,8.176971435546875,9.665241811574664e-05
trained,11783,-1,0.004688519053161144,128,0.25048923679060664,8.015498161315918,0.0003506553184706718,8.015498161315918,4.3747164731818e-05
trained,5847,-1,0.0017123287543654442,136,0.26614481409001955,14.372251510620117,0.009020278230309486,14.372252464294434,0.0006276175744003194
trained,5847,-1,0.0017123287543654442,266,0.5205479452054794,13.089447021484375,0.0032590022310614586,13.089447975158691,0.00024897934865140465
trained,5847,-1,0.0017123287543654442,266,0.5205479452054794,12.817008972167969,0.002034311881288886,12.817010879516602,0.00015871968124330803
trained,5847,-1,0.0017123287543654442,228,0.4461839530332681,8.122931480407715,8.004117262316868e-06,8.122932434082031,9.853728720841453e-07
trained,13794,-1,0.0010396281722933054,450,0.8806262230919765,6.953750133514404,0.0018303454853594303,6.953750133514404,0.0002632170340055603
trained,13794,-1,0.0010396281722933054,95,0.18590998043052837,6.712549686431885,3.068841760978103e-05,6.712550163269043,4.57179713571565e-06
trained,13794,-1,0.0010396281722933054,281,0.5499021526418787,6.5213117599487305,0.0018360074609518051,6.5213117599487305,0.0002815395933419137
trained,13794,-1,0.0010396281722933054,492,0.9628180039138943,6.486752510070801,0.000839663262013346,6.486752510070801,0.00012944277752384626
trained,8825,-1,0.013637475669384003,241,0.47162426614481406,15.984199523925781,0.0029911035671830177,15.984200477600098,0.00018712875701069212
trained,8825,-1,0.013637475669384003,110,0.21526418786692758,14.496942520141602,0.0037585217505693436,14.496943473815918,0.000259263047921647
trained,8825,-1,0.013637475669384003,144,0.28180039138943247,13.592727661132812,0.0015508111100643873,13.592728614807129,0.00011409122877470118
trained,8825,-1,0.013637475669384003,3,0.005870841487279843,12.924098014831543,0.004496279172599316,12.924098014831543,0.00034789887599424255
trained,6404,-1,0.0011823222739621997,205,0.40117416829745595,27.40727996826172,0.004630901385098696,27.40728187561035,0.00016896609470856428
trained,6404,-1,0.0011823222739621997,421,0.8238747553816047,24.324867248535156,0.0002993335947394371,24.324867248535156,1.2305662007568118e-05
trained,6404,-1,0.0011823222739621997,169,0.33072407045009783,19.549169540405273,0.0004817379522137344,19.549169540405273,2.4642374256259456e-05
trained,6404,-1,0.0011823222739621997,35,0.0684931506849315,15.635207176208496,0.0009070707019418478,15.635207176208496,5.8014626331405635e-05
trained,10294,-1,0.0047904434613883495,56,0.1095890410958904,16.511550903320312,0.012509437277913094,16.511550903320312,0.000757617340197738
trained,10294,-1,0.0047904434613883495,55,0.10763209393346379,16.4079532623291,0.0002299154584761709,16.4079532623291,1.4012439869878962e-05
trained,10294,-1,0.0047904434613883495,62,0.12133072407045009,15.712499618530273,0.0018004612065851688,15.712499618530273,0.00011458782818119054
trained,10294,-1,0.0047904434613883495,368,0.7201565557729941,15.128194808959961,0.0017465590499341488,15.128193855285645,0.00011545059949928642
trained,13043,-1,0.0012027070624753833,109,0.21330724070450097,7.2303266525268555,0.001856500282883644,7.230327129364014,0.0002567657382117569
trained,13043,-1,0.0012027070624753833,297,0.5812133072407045,7.047600269317627,0.0010134908370673656,7.047600746154785,0.000143806505727546
trained,13043,-1,0.0012027070624753833,360,0.7045009784735812,7.003154277801514,0.0004825021605938673,7.003154754638672,6.889782926391465e-05
trained,13043,-1,0.0012027070624753833,308,0.6027397260273972,6.6719279289245605,8.099641127046198e-05,6.671928405761719,1.2139880158263599e-05
trained,1310,-1,0.0013861708575859666,232,0.45401174168297453,9.634622573852539,0.001884719356894493,9.634622573852539,0.00019561942800016313
trained,1310,-1,0.0013861708575859666,324,0.6340508806262231,9.069068908691406,0.0014166540931910276,9.069068908691406,0.00015620722562085366
trained,1310,-1,0.0013861708575859666,417,0.8160469667318982,8.15532398223877,0.00448264367878437,8.15532398223877,0.0005496585651958135
trained,1310,-1,0.0013861708575859666,56,0.1095890410958904,8.063998222351074,0.0022180425003170967,8.06399917602539,0.00027505490165616965
trained,14534,-1,0.006788160651922226,282,0.5518590998043053,19.521738052368164,0.015938902273774147,19.521738052368164,0.0008164694265959897
trained,14534,-1,0.006788160651922226,417,0.8160469667318982,18.278688430786133,0.021300192922353745,18.278688430786133,0.0011653020402973007
trained,14534,-1,0.006788160651922226,318,0.6223091976516634,17.407678604125977,0.015415918081998825,17.407678604125977,0.0008855814972563278
trained,14534,-1,0.006788160651922226,406,0.7945205479452054,16.096054077148438,0.0010182198602706194,16.096054077148438,6.325897362113027e-05
trained,6132,-1,0.005809687077999115,147,0.2876712328767123,9.485288619995117,0.002046499866992235,9.485288619995117,0.00021575514978829276
trained,6132,-1,0.005809687077999115,455,0.8904109589041096,8.78912353515625,0.0034334813244640827,8.78912353515625,0.0003906511622837309
trained,6132,-1,0.005809687077999115,159,0.3111545988258317,8.269641876220703,0.002477779984474182,8.269641876220703,0.00029962361388333165
trained,6132,-1,0.005809687077999115,297,0.5812133072407045,8.049637794494629,0.0021143166813999414,8.049638748168945,0.0002626598220797034
trained,13625,-1,0.001365786069072783,279,0.5459882583170255,17.94268226623535,0.005737796425819397,17.94268226623535,0.00031978476465677696
trained,13625,-1,0.001365786069072783,249,0.487279843444227,17.80320167541504,0.013587132096290588,17.80320167541504,0.000763184754293575
trained,13625,-1,0.001365786069072783,254,0.49706457925636005,17.67397117614746,0.004891284741461277,17.67397117614746,0.0002767507479056255
trained,13625,-1,0.001365786069072783,234,0.45792563600782776,16.975248336791992,0.02233901619911194,16.975248336791992,0.0013159758111281688
trained,852,-1,0.004708904307335615,249,0.487279843444227,14.473855972290039,0.00265089375898242,14.473855972290039,0.0001831504862323843
trained,852,-1,0.004708904307335615,61,0.11937377690802348,14.410131454467773,0.0011019104858860373,14.410131454467773,7.646776085060603e-05
trained,852,-1,0.004708904307335615,337,0.6594911937377691,14.390992164611816,0.0011884046252816916,14.390993118286133,8.25797507867353e-05
trained,852,-1,0.004708904307335615,92,0.18003913894324852,14.043624877929688,0.001541756559163332,14.043625831604004,0.00010978336917049855
trained,14290,-1,0.003363502910360694,298,0.5831702544031311,22.642993927001953,0.008632056415081024,22.642993927001953,0.00038122416332882675
trained,14290,-1,0.003363502910360694,50,0.09784735812133072,21.34996795654297,0.0033490872010588646,21.34996795654297,0.00015686614649145148
trained,14290,-1,0.003363502910360694,31,0.060665362035225046,19.513200759887695,0.012555861845612526,19.513200759887695,0.0006434547566088173
trained,14290,-1,0.003363502910360694,428,0.837573385518591,17.66961097717285,0.00200926186516881,17.66961097717285,0.00011371285240883628
trained,9393,-1,0.0009173189755529165,422,0.8258317025440313,7.59022331237793,0.002039615996181965,7.59022331237793,0.00026871620402206276
trained,9393,-1,0.0009173189755529165,482,0.9432485322896281,6.420119762420654,0.0027198728639632463,6.420119762420654,0.0004236483063577213
trained,9393,-1,0.0009173189755529165,343,0.6712328767123288,5.994510173797607,0.004296076949685812,5.994510173797607,0.0007166685559170861
trained,9393,-1,0.0009173189755529165,489,0.9569471624266145,5.977043151855469,7.931463187560439e-05,5.977043151855469,1.3269877740632096e-05
trained,268,-1,0.005279680248349905,374,0.7318982387475538,17.11482810974121,0.0003771449555642903,17.11482810974121,2.203615211008935e-05
trained,268,-1,0.005279680248349905,349,0.6829745596868885,12.757853507995605,2.0011917513329536e-05,12.757853507995605,1.5685959633246817e-06
trained,268,-1,0.005279680248349905,218,0.42661448140900193,12.03596019744873,0.00012338371016085148,12.03596019744873,1.025125608067441e-05
trained,268,-1,0.005279680248349905,98,0.1917808219178082,11.469843864440918,0.00014664696936961263,11.469843864440918,1.2785437282564154e-05
trained,13235,-1,0.0010192432673648,240,0.46966731898238745,6.944812297821045,0.0005971139762550592,6.944812297821045,8.597985815144429e-05
trained,13235,-1,0.0010192432673648,147,0.2876712328767123,6.402835369110107,3.171097341692075e-05,6.402835369110107,4.952645443596354e-06
trained,13235,-1,0.0010192432673648,125,0.2446183953033268,6.039758205413818,0.0026638275012373924,6.039758682250977,0.0004410486645874736
trained,13235,-1,0.0010192432673648,102,0.19960861056751467,6.003112316131592,0.00014811879373155534,6.00311279296875,2.4673664953462487e-05
trained,10618,-1,0.005503913853317499,412,0.8062622309197651,12.342560768127441,0.0005258173332549632,12.342561721801758,4.260196101155934e-05
trained,10618,-1,0.005503913853317499,221,0.4324853228962818,12.074873924255371,0.0005470432806760073,12.074874877929688,4.530426080653527e-05
trained,10618,-1,0.005503913853317499,495,0.9686888454011742,11.690360069274902,0.010110792703926563,11.690361022949219,0.0008648828452840915
trained,10618,-1,0.005503913853317499,239,0.46771037181996084,11.586512565612793,0.015655193477869034,11.586512565612793,0.0013511566478019916
trained,6574,-1,0.0076035549864172935,491,0.9608610567514677,10.707498550415039,0.004920915700495243,10.707498550415039,0.0004595765927331833
trained,6574,-1,0.0076035549864172935,188,0.3679060665362035,10.340568542480469,0.00010177884541917592,10.340568542480469,9.84267402716345e-06
trained,6574,-1,0.0076035549864172935,231,0.4520547945205479,10.227954864501953,6.652189767919481e-05,10.227954864501953,6.5039295304354155e-06
trained,6574,-1,0.0076035549864172935,455,0.8904109589041096,8.743511199951172,0.00028455699793994427,8.743511199951172,3.25449343441721e-05
trained,6171,-1,0.0005707762320525944,290,0.5675146771037182,5.795928955078125,0.0010822092881426215,5.795929431915283,0.00018671885171400406
trained,6171,-1,0.0005707762320525944,336,0.6575342465753424,5.645152568817139,0.00016357493586838245,5.645152568817139,2.8976176263497737e-05
trained,6171,-1,0.0005707762320525944,242,0.4735812133072407,5.581918239593506,0.0019901753403246403,5.581918239593506,0.0003565396795331011
trained,6171,-1,0.0005707762320525944,334,0.6536203522504892,5.530634880065918,0.00016157158825080842,5.530635356903076,2.9213928929366577e-05
trained,16272,-1,0.029293052852153778,142,0.27788649706457924,33.69957733154297,0.008633563295006752,33.69957733154297,0.0002561920349940322
trained,16272,-1,0.029293052852153778,111,0.2172211350293542,31.08285140991211,0.017367469146847725,31.08285140991211,0.0005587476167424381
trained,16272,-1,0.029293052852153778,171,0.33463796477495106,29.93687629699707,0.007293774746358395,29.93687629699707,0.00024363847029324243
trained,16272,-1,0.029293052852153778,228,0.4461839530332681,28.488449096679688,0.016569046303629875,28.48845100402832,0.0005816057286262065
trained,6350,-1,0.0028334963135421276,218,0.42661448140900193,15.924598693847656,0.0023169219493865967,15.924599647521973,0.00014549326203922074
trained,6350,-1,0.0028334963135421276,494,0.9667318982387475,13.910844802856445,0.004042565822601318,13.910845756530762,0.00029060532287933995
trained,6350,-1,0.0028334963135421276,490,0.958904109589041,12.07896900177002,0.0003115184372290969,12.078969955444336,2.579014919137924e-05
trained,6350,-1,0.0028334963135421276,408,0.7984344422700587,10.737716674804688,7.3562579927966e-05,10.737716674804688,6.850858721256403e-06
trained,2460,-1,0.003159654326736927,186,0.3639921722113503,44.742862701416016,0.004947703331708908,44.74285888671875,0.0001105808492084881
trained,2460,-1,0.003159654326736927,236,0.461839530332681,37.70766830444336,0.008040100336074829,37.707664489746094,0.0002132219124380187
trained,2460,-1,0.003159654326736927,3,0.005870841487279843,37.35588073730469,0.025688976049423218,37.35587692260742,0.0006876823184379991
trained,2460,-1,0.003159654326736927,187,0.3659491193737769,37.25941467285156,0.04057721421122551,37.25941467285156,0.00108904593825494
trained,10360,-1,0.003832354908809066,202,0.3953033268101761,11.956192970275879,0.0032710181549191475,11.956192970275879,0.0002735835866024561
trained,10360,-1,0.003832354908809066,461,0.9021526418786693,8.752655029296875,0.0004157721996307373,8.752655029296875,4.750240906777031e-05
trained,10360,-1,0.003832354908809066,469,0.9178082191780822,8.736897468566895,0.0010318139102309942,8.736897468566895,0.00011809843413445044
trained,10360,-1,0.003832354908809066,422,0.8258317025440313,8.536465644836426,0.000545699498616159,8.536466598510742,6.392568779117121e-05
trained,7520,-1,0.018224069848656654,305,0.5968688845401174,33.2446174621582,0.1265401393175125,33.2446174621582,0.0038063346483547616
trained,7520,-1,0.018224069848656654,82,0.16046966731898238,32.41014862060547,0.2173340916633606,32.4101448059082,0.006705742691521134
trained,7520,-1,0.018224069848656654,283,0.5538160469667319,32.276588439941406,0.049097757786512375,32.276588439941406,0.0015211569797059228
trained,7520,-1,0.018224069848656654,67,0.13111545988258316,31.702835083007812,0.11185633391141891,31.70283317565918,0.0035282756368064934
trained,6891,-1,0.003465427318587899,204,0.39921722113502933,16.203758239746094,0.001381515758112073,16.203758239746094,8.525897126281246e-05
trained,6891,-1,0.003465427318587899,345,0.675146771037182,15.357463836669922,0.0018366838339716196,15.357463836669922,0.00011959551743081832
trained,6891,-1,0.003465427318587899,21,0.0410958904109589,14.92031478881836,0.006747926585376263,14.92031478881836,0.00045226435774889417
trained,6891,-1,0.003465427318587899,312,0.6105675146771037,12.932586669921875,0.0014128182083368301,12.932585716247559,0.00010924483620950359
trained,8247,-1,0.0025277233216911554,140,0.273972602739726,15.673297882080078,0.0047406698577106,15.673297882080078,0.00030246792304833314
trained,8247,-1,0.0025277233216911554,152,0.2974559686888454,14.952888488769531,0.004817090928554535,14.952888488769531,0.0003221511972200183
trained,8247,-1,0.0025277233216911554,40,0.07827788649706457,14.244986534118652,0.0009766574949026108,14.244986534118652,6.856148951516276e-05
trained,8247,-1,0.0025277233216911554,90,0.1761252446183953,12.774249076843262,0.003908276092261076,12.774249076843262,0.00030594957627261786
trained,6909,-1,0.0011007827706634998,336,0.6575342465753424,7.247352123260498,2.252900230814703e-06,7.247352600097656,3.1085837203289176e-07
trained,6909,-1,0.0011007827706634998,334,0.6536203522504892,7.2134199142456055,0.002875778591260314,7.213420391082764,0.00039867059388571806
trained,6909,-1,0.0011007827706634998,510,0.9980430528375733,6.9451751708984375,0.0007550909649580717,6.945175647735596,0.00010872165129535083
trained,6909,-1,0.0011007827706634998,102,0.19960861056751467,6.914279937744141,0.0006971580442041159,6.914279937744141,0.00010082872699417653
trained,9454,-1,0.001406555762514472,480,0.9393346379647749,19.055923461914062,0.00015628407709300518,19.055923461914062,8.201338413504905e-06
trained,9454,-1,0.001406555762514472,497,0.9726027397260274,17.078638076782227,0.0029014903120696545,17.078638076782227,0.0001698900286442701
trained,9454,-1,0.001406555762514472,170,0.33268101761252444,17.00680923461914,0.0046652089804410934,17.00680923461914,0.0002743141829888097
trained,9454,-1,0.001406555762514472,386,0.7553816046966731,16.935232162475586,0.0009741764515638351,16.935232162475586,5.752365495894273e-05
trained,3715,-1,0.0006319308304227889,284,0.5557729941291585,8.254034042358398,8.405017979384866e-07,8.254034042358398,1.0182921388804118e-07
trained,3715,-1,0.0006319308304227889,240,0.46966731898238745,7.494453430175781,0.0005846573039889336,7.494453430175781,7.801200039950352e-05
trained,3715,-1,0.0006319308304227889,386,0.7553816046966731,6.628420829772949,0.00013414869317784905,6.628420829772949,2.0238409211330083e-05
trained,3715,-1,0.0006319308304227889,146,0.2857142857142857,5.514954090118408,0.0002264189242850989,5.514954090118408,4.105545043263227e-05
trained,5068,-1,0.009030495770275593,288,0.5636007827788649,11.745315551757812,0.001015211222693324,11.745314598083496,8.643542190508698e-05
trained,5068,-1,0.009030495770275593,189,0.3698630136986301,9.918919563293457,0.001562276971526444,9.918919563293457,0.0001575047525647752
trained,5068,-1,0.009030495770275593,219,0.42857142857142855,9.550545692443848,0.0018689025891944766,9.550545692443848,0.0001956854246216638
trained,5068,-1,0.009030495770275593,385,0.7534246575342466,9.427234649658203,0.0007348207873292267,9.427234649658203,7.79465892848937e-05
trained,11554,-1,0.0016307892510667443,44,0.08610567514677103,6.4731855392456055,0.0011992882937192917,6.4731855392456055,0.00018527018674936027
trained,11554,-1,0.0016307892510667443,17,0.033268101761252444,6.356400012969971,0.0002312806318514049,6.3563995361328125,3.638547742895884e-05
trained,11554,-1,0.0016307892510667443,131,0.2563600782778865,6.0936808586120605,0.0003303563571535051,6.093680381774902,5.421294463384415e-05
trained,11554,-1,0.0016307892510667443,120,0.23483365949119372,5.524378776550293,0.001565528567880392,5.524378776550293,0.0002833854504194567
trained,4516,-1,0.00258887792006135,57,0.11154598825831702,7.794273853302002,0.0017377794720232487,7.794273853302002,0.00022295591670634562
trained,4516,-1,0.00258887792006135,509,0.9960861056751468,7.548116207122803,0.0011503651039674878,7.548116207122803,0.0001524042651704199
trained,4516,-1,0.00258887792006135,300,0.5870841487279843,7.154738903045654,8.45066097099334e-05,7.154738903045654,1.1811277931324696e-05
trained,4516,-1,0.00258887792006135,217,0.4246575342465753,7.136288642883301,2.7051937649957836e-05,7.136288642883301,3.7907572134060908e-06
trained,14561,-1,0.016409818083047867,464,0.9080234833659491,40.11669921875,0.007098195143043995,40.11669921875,0.00017693866348122666
trained,14561,-1,0.016409818083047867,284,0.5557729941291585,40.01167297363281,0.012612111866474152,40.01167297363281,0.0003152108104748675
trained,14561,-1,0.016409818083047867,262,0.512720156555773,39.57041549682617,0.027584612369537354,39.57041549682617,0.0006971019137201082
trained,14561,-1,0.016409818083047867,17,0.033268101761252444,36.41169738769531,0.06580757349729538,36.41169738769531,0.001807319576360477
trained,461,-1,0.007297782227396965,342,0.6692759295499021,17.178861618041992,0.0036405352875590324,17.178861618041992,0.00021191947222716918
trained,461,-1,0.007297782227396965,491,0.9608610567514677,16.943401336669922,0.004933476448059082,16.943401336669922,0.00029117391189818287
trained,461,-1,0.007297782227396965,342,0.6692759295499021,15.566328048706055,0.001951456069946289,15.566328048706055,0.00012536393064827535
trained,461,-1,0.007297782227396965,263,0.5146771037181996,15.093523025512695,0.0020216996781527996,15.093523979187012,0.00013394484157182855
trained,7375,-1,0.0012638616608455777,367,0.7181996086105675,7.2572922706604,0.0016107233241200447,7.257292747497559,0.0002219454802447442
trained,7375,-1,0.0012638616608455777,405,0.7925636007827789,5.528713226318359,0.0019383681938052177,5.528713226318359,0.00035060024176656414
trained,7375,-1,0.0012638616608455777,433,0.8473581213307241,5.472528457641602,0.0018315892666578293,5.472528457641602,0.0003346879382783798
trained,7375,-1,0.0012638616608455777,268,0.5244618395303327,5.254467487335205,0.0020024124532938004,5.254467964172363,0.00038108757479297
trained,5261,-1,0.01147667970508337,214,0.4187866927592955,27.54471778869629,0.027896882966160774,27.544719696044922,0.0010127851462640375
trained,5261,-1,0.01147667970508337,59,0.11545988258317025,27.260656356811523,0.012138379737734795,27.260656356811523,0.00044527100077331117
trained,5261,-1,0.01147667970508337,184,0.36007827788649704,20.4190616607666,0.02346900850534439,20.4190616607666,0.0011493676298768415
trained,5261,-1,0.01147667970508337,198,0.38747553816046965,20.1663818359375,0.009249994531273842,20.1663818359375,0.0004586838931508224
trained,10990,-1,0.0006319308304227889,467,0.913894324853229,8.079654693603516,0.00017464591655880213,8.079655647277832,2.16155148416063e-05
trained,10990,-1,0.0006319308304227889,452,0.8845401174168297,8.069441795349121,0.0015950386878103018,8.069441795349121,0.0001976640675107928
trained,10990,-1,0.0006319308304227889,288,0.5636007827788649,6.0696330070495605,0.0014521757839247584,6.0696330070495605,0.00023925265040540875
trained,10990,-1,0.0006319308304227889,453,0.8864970645792564,5.764305114746094,0.00039520018617622554,5.764305591583252,6.855989501203353e-05
trained,9874,-1,0.0007746249320916831,481,0.9412915851272016,5.657253265380859,0.0014370093122124672,5.657253265380859,0.00025401184016387223
trained,9874,-1,0.0007746249320916831,121,0.23679060665362034,5.641895771026611,0.0015965274069458246,5.641895771026611,0.0002829771182843594
trained,9874,-1,0.0007746249320916831,485,0.949119373776908,5.5473856925964355,0.0008508354076184332,5.5473856925964355,0.0001533759242221001
trained,9874,-1,0.0007746249320916831,264,0.5166340508806262,5.344700336456299,0.0020376117900013924,5.344700336456299,0.00038123966952886113
trained,10569,-1,0.0038119698874652386,135,0.26418786692759294,27.097780227661133,0.009948347695171833,27.097780227661133,0.00036712777251830624
trained,10569,-1,0.0038119698874652386,21,0.0410958904109589,25.0539493560791,0.014294200576841831,25.053951263427734,0.0005705367758780489
trained,10569,-1,0.0038119698874652386,98,0.1917808219178082,24.67862319946289,0.02249087020754814,24.67862319946289,0.0009113502818114115
trained,10569,-1,0.0038119698874652386,59,0.11545988258317025,23.34540367126465,0.029950864613056183,23.34540557861328,0.0012829447109924772
trained,8573,-1,0.0015900195576250553,379,0.7416829745596869,7.378440856933594,0.0012509310618042946,7.378440856933594,0.00016953867165971553
trained,8573,-1,0.0015900195576250553,378,0.7397260273972602,7.370880603790283,0.0012523892801254988,7.370880603790283,0.00016991040113734717
trained,8573,-1,0.0015900195576250553,361,0.7064579256360078,6.910916805267334,0.001658054068684578,6.910916805267334,0.00023991810571657426
trained,8573,-1,0.0015900195576250553,98,0.1917808219178082,6.873415946960449,0.0003047016216441989,6.873415946960449,4.433044995319155e-05
trained,11889,-1,0.021485649049282074,282,0.5518590998043053,28.009639739990234,0.04416948929429054,28.009641647338867,0.0015769387502494873
trained,11889,-1,0.021485649049282074,509,0.9960861056751468,27.34269142150879,0.052443359047174454,27.34269142150879,0.001918002812478092
trained,11889,-1,0.021485649049282074,118,0.2309197651663405,25.720251083374023,0.004746988881379366,25.720252990722656,0.0001845622935004416
trained,11889,-1,0.021485649049282074,502,0.9823874755381604,23.118797302246094,0.0319831483066082,23.118797302246094,0.001383426131060066
trained,11683,-1,0.004708904307335615,508,0.9941291585127201,9.630285263061523,0.0046136099845170975,9.63028621673584,0.00047907298710389405
trained,11683,-1,0.004708904307335615,252,0.4931506849315068,9.44727611541748,0.003375248983502388,9.447277069091797,0.0003572721492995085
trained,11683,-1,0.004708904307335615,460,0.9001956947162426,8.350982666015625,0.0026533950585871935,8.350983619689941,0.00031773443457978065
trained,11683,-1,0.004708904307335615,267,0.5225048923679061,8.299553871154785,0.002097723074257374,8.299553871154785,0.0002527513052897987
trained,15264,-1,0.0020384865347296,271,0.5303326810176126,6.520815372467041,0.0019612484611570835,6.520815372467041,0.00030076736560248266
trained,15264,-1,0.0020384865347296,213,0.41682974559686886,5.203902244567871,6.8914785515517e-05,5.203902244567871,1.3242905472994648e-05
trained,15264,-1,0.0020384865347296,433,0.8473581213307241,5.1245622634887695,0.0003919763257727027,5.1245622634887695,7.648971865664243e-05
trained,15264,-1,0.0020384865347296,272,0.5322896281800391,5.049703121185303,0.001810296787880361,5.049703121185303,0.00035849568666433505
trained,9030,-1,0.002344259526580572,200,0.3913894324853229,8.696473121643066,0.0006866732146590948,8.696473121643066,7.895996515531785e-05
trained,9030,-1,0.002344259526580572,355,0.6947162426614482,8.40651798248291,0.0014759032055735588,8.40651798248291,0.0001755665316661397
trained,9030,-1,0.002344259526580572,349,0.6829745596868885,8.121939659118652,0.004265530966222286,8.121939659118652,0.0005251862418644413
trained,9030,-1,0.002344259526580572,329,0.6438356164383562,7.664422512054443,0.0016731780488044024,7.664422512054443,0.00021830451624670522
trained,8851,-1,0.0005911611369810998,387,0.7573385518590998,7.5435051918029785,4.338751023169607e-05,7.543505668640137,5.75163751941841e-06
trained,8851,-1,0.0005911611369810998,270,0.5283757338551859,7.304542541503906,0.00028246722649782896,7.3045430183410645,3.8670075018872313e-05
trained,8851,-1,0.0005911611369810998,343,0.6712328767123288,5.717425346374512,0.0013730970676988363,5.71742582321167,0.00024016001434147539
trained,8851,-1,0.0005911611369810998,8,0.015655577299412915,5.592963695526123,0.0006923480541445315,5.592963695526123,0.00012378912001491244
trained,1192,-1,0.0032208089251071215,196,0.3835616438356164,19.532176971435547,0.002385465893894434,19.532176971435547,0.00012213005736037578
trained,1192,-1,0.0032208089251071215,133,0.2602739726027397,17.822599411010742,0.006236449349671602,17.822599411010742,0.0003499180566118063
trained,1192,-1,0.0032208089251071215,116,0.22700587084148727,16.923145294189453,0.0033738715574145317,16.923145294189453,0.00019936433202951626
trained,1192,-1,0.0032208089251071215,108,0.21135029354207435,16.395278930664062,0.012863952666521072,16.395278930664062,0.0007846132243875182
trained,3917,-1,0.4139554798603058,59,0.11545988258317025,33.43727111816406,0.006113821640610695,33.43727111816406,0.00018284451560072126
trained,3917,-1,0.4139554798603058,8,0.015655577299412915,31.132417678833008,0.006930571049451828,31.13241958618164,0.0002226158821438991
trained,3917,-1,0.4139554798603058,4,0.007827788649706457,28.668119430541992,0.003099852241575718,28.668121337890625,0.00010812889359020002
trained,3917,-1,0.4139554798603058,5,0.009784735812133072,28.132312774658203,0.002298439620062709,28.132314682006836,8.170104899092321e-05
trained,16007,-1,0.00032615786767564714,400,0.7827788649706457,7.7042436599731445,0.0011757391039282084,7.7042436599731445,0.00015260928337932484
trained,16007,-1,0.00032615786767564714,331,0.6477495107632094,6.050479888916016,0.00023507606238126755,6.050479888916016,3.885246570472991e-05
trained,16007,-1,0.00032615786767564714,72,0.14090019569471623,5.719770431518555,8.664611959829926e-05,5.719770431518555,1.514853098313867e-05
trained,16007,-1,0.00032615786767564714,77,0.1506849315068493,5.403005123138428,0.00025245529832318425,5.403005123138428,4.6724978520201975e-05
trained,13136,-1,0.022301044315099716,451,0.8825831702544031,16.21120262145996,0.003119782544672489,16.21120262145996,0.0001924460891348433
trained,13136,-1,0.022301044315099716,288,0.5636007827788649,15.760744094848633,0.0004553800681605935,15.760744094848633,2.88933102028751e-05
trained,13136,-1,0.022301044315099716,352,0.6888454011741683,15.532028198242188,0.0038784053176641464,15.532028198242188,0.0002497037262720833
trained,13136,-1,0.022301044315099716,448,0.8767123287671232,14.247204780578613,0.00279176514595747,14.247204780578613,0.00019595178064423733
trained,135,-1,0.005585453473031521,85,0.16634050880626222,9.477046966552734,0.004350898787379265,9.47704792022705,0.00045909853194822995
trained,135,-1,0.005585453473031521,81,0.15851272015655576,9.363283157348633,0.0009360023541375995,9.36328411102295,9.99651770724001e-05
trained,135,-1,0.005585453473031521,165,0.32289628180039137,9.351371765136719,0.0003449996293056756,9.351372718811035,3.6892939644217285e-05
trained,135,-1,0.005585453473031521,278,0.5440313111545988,9.207910537719727,0.002833922393620014,9.207911491394043,0.0003077703772748764
trained,12439,-1,0.017184441909193993,148,0.2896281800391389,23.058151245117188,0.0008406555280089378,23.058151245117188,3.645806288077652e-05
trained,12439,-1,0.017184441909193993,511,1.0,22.180768966674805,0.0014204399194568396,22.180768966674805,6.403925497763222e-05
trained,12439,-1,0.017184441909193993,84,0.1643835616438356,21.075103759765625,0.0007099712966009974,21.075103759765625,3.368767739859958e-05
trained,12439,-1,0.017184441909193993,68,0.13307240704500978,19.839933395385742,0.001875812653452158,19.839933395385742,9.454732614618675e-05
trained,12881,-1,0.0039954339154064655,456,0.8923679060665362,22.37641716003418,0.0061573488637804985,22.37641716003418,0.0002751713475729237
trained,12881,-1,0.0039954339154064655,133,0.2602739726027397,21.606616973876953,0.011542944237589836,21.606616973876953,0.0005342319092130712
trained,12881,-1,0.0039954339154064655,174,0.3405088062622309,17.52556610107422,0.021682946011424065,17.52556610107422,0.001237218009756331
trained,12881,-1,0.0039954339154064655,503,0.9843444227005871,15.788753509521484,0.012662217952311039,15.788753509521484,0.0008019770493392672
trained,11189,-1,0.006033920217305422,181,0.3542074363992172,18.41935157775879,0.0017650581430643797,18.419353485107422,9.582628100880306e-05
trained,11189,-1,0.006033920217305422,448,0.8767123287671232,17.333505630493164,0.0036862166598439217,17.333505630493164,0.0002126642318308142
trained,11189,-1,0.006033920217305422,436,0.8532289628180039,17.19508171081543,0.0013418211601674557,17.195083618164062,7.803516342020111e-05
trained,11189,-1,0.006033920217305422,370,0.7240704500978473,15.237034797668457,0.001794131938368082,15.237035751342773,0.00011774809534131159
trained,1374,-1,0.0020384865347296,125,0.2446183953033268,8.15726375579834,0.004419879987835884,8.15726375579834,0.0005418336491441935
trained,1374,-1,0.0020384865347296,220,0.43052837573385516,7.601748943328857,0.0008864013943821192,7.601748943328857,0.00011660492881181077
trained,1374,-1,0.0020384865347296,32,0.06262230919765166,7.539849758148193,0.0011952528730034828,7.539849758148193,0.00015852475995450604
trained,1374,-1,0.0020384865347296,91,0.1780821917808219,6.914132595062256,0.0009697461500763893,6.914132595062256,0.0001402556483757537
trained,5179,-1,0.0004688519111368805,457,0.8943248532289628,6.166863918304443,0.000562325119972229,6.166863918304443,9.118494058270679e-05
trained,5179,-1,0.0004688519111368805,282,0.5518590998043053,5.655697822570801,0.001046745222993195,5.655697822570801,0.00018507799670905976
trained,5179,-1,0.0004688519111368805,434,0.8493150684931506,5.5851969718933105,0.0008099776459857821,5.5851969718933105,0.0001450222167744265
trained,5179,-1,0.0004688519111368805,276,0.5401174168297456,5.214382648468018,0.002202490344643593,5.214382648468018,0.00042238755632762837
trained,2862,-1,0.004953522700816393,314,0.6144814090019569,6.6046833992004395,0.0018477775156497955,6.6046833992004395,0.00027976776538198435
trained,2862,-1,0.004953522700816393,344,0.6731898238747553,6.223538398742676,0.0006956103607080877,6.223538398742676,0.00011177087954476507
trained,2862,-1,0.004953522700816393,340,0.6653620352250489,6.173327922821045,0.0004615620127879083,6.173327445983887,7.476713600996196e-05
trained,2862,-1,0.004953522700816393,427,0.8356164383561644,6.003909587860107,0.0008936203084886074,6.003909587860107,0.00014883973441164166
trained,1298,-1,0.007950098253786564,486,0.9510763209393346,10.607912063598633,0.002536349929869175,10.607912063598633,0.00023909982611684116
trained,1298,-1,0.007950098253786564,316,0.6183953033268101,9.898063659667969,0.003980780020356178,9.898063659667969,0.0004021776538553515
trained,1298,-1,0.007950098253786564,231,0.4520547945205479,9.719399452209473,1.6038491594372317e-05,9.719399452209473,1.650152529817709e-06
trained,1298,-1,0.007950098253786564,22,0.043052837573385516,9.464119911193848,0.0015753707848489285,9.464119911193848,0.00016645718773973184
trained,3778,-1,0.002813111525028944,237,0.4637964774951076,10.770236015319824,0.0018565452191978693,10.770236015319824,0.0001723773941961047
trained,3778,-1,0.002813111525028944,391,0.7651663405088063,10.147358894348145,6.409200432244688e-05,10.147359848022461,6.316126094112773e-06
trained,3778,-1,0.002813111525028944,492,0.9628180039138943,9.224421501159668,6.023695459589362e-05,9.224422454833984,6.530160006313125e-06
trained,3778,-1,0.002813111525028944,301,0.589041095890411,8.896076202392578,0.00184569600969553,8.896077156066895,0.00020747302179554647
trained,9342,-1,0.0013046314707025886,420,0.821917808219178,13.22961711883545,7.256011303979903e-05,13.22961711883545,5.484672185750015e-06
trained,9342,-1,0.0013046314707025886,436,0.8532289628180039,11.245134353637695,0.000313983007799834,11.245134353637695,2.7921676871585215e-05
trained,9342,-1,0.0013046314707025886,421,0.8238747553816047,8.964557647705078,9.835534729063511e-05,8.964557647705078,1.097157842649537e-05
trained,9342,-1,0.0013046314707025886,271,0.5303326810176126,8.530518531799316,0.001547392806969583,8.530518531799316,0.00018139492941740275
trained,15802,-1,0.03602005913853645,183,0.35812133072407043,24.303874969482422,0.015769604593515396,24.303874969482422,0.0006488514532483718
trained,15802,-1,0.03602005913853645,128,0.25048923679060664,23.1895809173584,0.02400127798318863,23.18958282470703,0.0010350025770026697
trained,15802,-1,0.03602005913853645,24,0.046966731898238745,22.8809814453125,0.032770827412605286,22.8809814453125,0.0014322299719061599
trained,15802,-1,0.03602005913853645,92,0.18003913894324852,22.699167251586914,0.012745101004838943,22.699167251586914,0.0005614787918683635
trained,13718,-1,0.0018142530461773276,444,0.8688845401174168,7.153507709503174,0.0016720021376386285,7.153507232666016,0.00023373180221354105
trained,13718,-1,0.0018142530461773276,432,0.8454011741682974,6.482307434082031,6.562517228303477e-05,6.482307434082031,1.0123736485868793e-05
trained,13718,-1,0.0018142530461773276,472,0.923679060665362,6.367661476135254,0.0017470872262492776,6.367661476135254,0.0002743687353351019
trained,13718,-1,0.0018142530461773276,420,0.821917808219178,5.828039169311523,3.3132128010038286e-05,5.828039169311523,5.684952871370671e-06
trained,11876,-1,0.00570776266977191,452,0.8845401174168297,8.456926345825195,0.0005530121270567179,8.456926345825195,6.539162154696015e-05
trained,11876,-1,0.00570776266977191,255,0.49902152641878667,7.8563385009765625,0.0019038026221096516,7.8563385009765625,0.00024232695954648647
trained,11876,-1,0.00570776266977191,376,0.735812133072407,7.62777042388916,0.0007190539035946131,7.62777042388916,9.426790053127872e-05
trained,11876,-1,0.00570776266977191,276,0.5401174168297456,7.379075050354004,0.0011464605340734124,7.379075527191162,0.00015536641817105937
trained,13809,-1,0.0029150359332561493,405,0.7925636007827789,7.7621049880981445,0.0007568930741399527,7.7621049880981445,9.751131623451605e-05
trained,13809,-1,0.0029150359332561493,384,0.7514677103718199,7.585068225860596,0.00018137958250008523,7.585068225860596,2.391271602300005e-05
trained,13809,-1,0.0029150359332561493,329,0.6438356164383562,7.083903789520264,0.00201461766846478,7.083903789520264,0.0002843937083737855
trained,13809,-1,0.0029150359332561493,426,0.8336594911937377,7.039008140563965,0.0010270290076732635,7.039008140563965,0.00014590535870455436
trained,14659,-1,0.0016511741559952497,302,0.5909980430528375,6.802318572998047,0.0017087822780013084,6.802318572998047,0.00025120585865889275
trained,14659,-1,0.0016511741559952497,103,0.20156555772994128,6.4168314933776855,0.0012496218550950289,6.4168314933776855,0.0001947412607584704
trained,14659,-1,0.0016511741559952497,358,0.700587084148728,6.365879535675049,0.0003388331097085029,6.365879535675049,5.3226440715638274e-05
trained,14659,-1,0.0016511741559952497,316,0.6183953033268101,6.245696067810059,0.0007533752359449863,6.245696067810059,0.00012062310233567672
trained,10195,-1,0.003241193713620305,143,0.27984344422700586,15.481319427490234,0.006267120596021414,15.481319427490234,0.00040481824726727527
trained,10195,-1,0.003241193713620305,285,0.5577299412915852,12.108555793762207,0.000493678729981184,12.108555793762207,4.0771066210514176e-05
trained,10195,-1,0.003241193713620305,113,0.22113502935420742,11.424748420715332,0.001181027153506875,11.424748420715332,0.00010337445605064168
trained,10195,-1,0.003241193713620305,304,0.5949119373776908,10.957956314086914,0.010227386839687824,10.957956314086914,0.00093332976939688
trained,5008,-1,0.007216242607682943,30,0.05870841487279843,12.476197242736816,0.004399888217449188,12.476198196411133,0.000352662577828785
trained,5008,-1,0.007216242607682943,29,0.05675146771037182,11.965624809265137,0.004446244798600674,11.965625762939453,0.0003715848119178029
trained,5008,-1,0.007216242607682943,31,0.060665362035225046,11.738479614257812,0.002126956358551979,11.738480567932129,0.00018119520207432327
trained,5008,-1,0.007216242607682943,28,0.0547945205479452,8.454873085021973,0.0023878493811935186,8.454873085021973,0.00028242285332746815
trained,5503,-1,0.0011823222739621997,269,0.5264187866927593,6.307053089141846,0.0008133081719279289,6.307053565979004,0.0001289521586299837
trained,5503,-1,0.0011823222739621997,41,0.08023483365949119,6.236011981964111,0.0002016302605625242,6.236011981964111,3.2333206085184295e-05
trained,5503,-1,0.0011823222739621997,446,0.87279843444227,5.631553649902344,0.0009623941732570529,5.631554126739502,0.0001708931764834603
trained,5503,-1,0.0011823222739621997,210,0.410958904109589,5.394100189208984,1.7048130757757463e-05,5.394100189208984,3.160514295203975e-06
frozen,7905,-1,0.007073548622429371,231,0.4520547945205479,11.513900756835938,0.002262227237224579,11.513900756835938,0.00019647791699797898
frozen,7905,-1,0.007073548622429371,261,0.5107632093933464,11.448448181152344,0.005549721419811249,11.448448181152344,0.00048475752626000367
frozen,7905,-1,0.007073548622429371,159,0.3111545988258317,11.186954498291016,0.0002717227325774729,11.186954498291016,2.4289249823889322e-05
frozen,7905,-1,0.007073548622429371,170,0.33268101761252444,9.477009773254395,0.0017505607102066278,9.477009773254395,0.00018471656694361383
frozen,87,-1,0.008887801319360733,155,0.30332681017612523,11.051491737365723,0.00030588009394705296,11.051491737365723,2.7677720005241913e-05
frozen,87,-1,0.008887801319360733,420,0.821917808219178,8.899927139282227,4.9661059165373445e-05,8.899927139282227,5.579939968966822e-06
frozen,87,-1,0.008887801319360733,422,0.8258317025440313,8.325396537780762,0.0010358667932450771,8.325397491455078,0.00012442250286647067
frozen,87,-1,0.008887801319360733,116,0.22700587084148727,7.792942523956299,0.0031690550968050957,7.792943000793457,0.0004066570352795383
frozen,12729,-1,0.004321591462939978,345,0.675146771037182,13.901426315307617,0.0005062886630184948,13.901426315307617,3.6419907679616505e-05
frozen,12729,-1,0.004321591462939978,270,0.5283757338551859,12.158363342285156,0.00041609074105508626,12.158363342285156,3.422259471453518e-05
frozen,12729,-1,0.004321591462939978,423,0.8277886497064579,10.781515121459961,3.0863346182741225e-05,10.781515121459961,2.862616787626591e-06
frozen,12729,-1,0.004321591462939978,476,0.9315068493150684,10.088505744934082,0.00012948911171406507,10.088505744934082,1.2835311292664695e-05
frozen,13034,-1,0.0006523157353512943,313,0.6125244618395304,7.384578704833984,4.740907752420753e-05,7.384578704833984,6.420011136610041e-06
frozen,13034,-1,0.0006523157353512943,35,0.0684931506849315,6.617218971252441,0.0008503496646881104,6.617218971252441,0.00012850559553527434
frozen,13034,-1,0.0006523157353512943,269,0.5264187866927593,6.4644694328308105,0.0027651831042021513,6.464469909667969,0.00042775094367237577
frozen,13034,-1,0.0006523157353512943,262,0.512720156555773,6.067571640014648,0.0001765591441653669,6.067572116851807,2.9098812632980386e-05
frozen,6888,-1,0.015777885913848877,292,0.5714285714285714,19.329933166503906,0.009397638961672783,19.32993507385254,0.00048617022901359353
frozen,6888,-1,0.015777885913848877,304,0.5949119373776908,18.228422164916992,0.0010196304647251964,18.228422164916992,5.593629857265485e-05
frozen,6888,-1,0.015777885913848877,510,0.9980430528375733,18.0383243560791,0.0028014807030558586,18.0383243560791,0.0001553071475905538
frozen,6888,-1,0.015777885913848877,324,0.6340508806262231,16.91924285888672,0.008585339412093163,16.91924285888672,0.0005074304733195417
frozen,6845,-1,0.0024054141249507666,136,0.26614481409001955,9.708270072937012,0.00018647476099431515,9.708271026611328,1.9207823976398005e-05
frozen,6845,-1,0.0024054141249507666,118,0.2309197651663405,9.130693435668945,7.23097036825493e-06,9.130693435668945,7.919409866513785e-07
frozen,6845,-1,0.0024054141249507666,160,0.3131115459882583,8.201022148132324,0.0016779720317572355,8.20102310180664,0.0002046052072926837
frozen,6845,-1,0.0024054141249507666,193,0.3776908023483366,8.032227516174316,0.004121878184378147,8.032227516174316,0.0005131675087736264
frozen,12868,-1,0.0013454011641442776,251,0.4911937377690802,7.63260555267334,0.00033538974821567535,7.632606029510498,4.3941708365259995e-05
frozen,12868,-1,0.0013454011641442776,149,0.29158512720156554,7.3848557472229,0.0007926105754449964,7.384856224060059,0.0001073291816924817
frozen,12868,-1,0.0013454011641442776,223,0.436399217221135,7.1833815574646,0.0007812726544216275,7.183382034301758,0.00010876111707423188
frozen,12868,-1,0.0013454011641442776,104,0.2035225048923679,6.476921558380127,0.0026489952579140663,6.476922035217285,0.0004089898324405566
frozen,13033,-1,0.005238910671323538,68,0.13307240704500978,9.214873313903809,0.0029305529315024614,9.214873313903809,0.0003180242236299346
frozen,13033,-1,0.005238910671323538,184,0.36007827788649704,8.956708908081055,0.003382205031812191,8.956708908081055,0.00037761694239729594
frozen,13033,-1,0.005238910671323538,250,0.4892367906066536,7.893548965454102,0.0003803523723036051,7.89354944229126,4.8185214406308985e-05
frozen,13033,-1,0.005238910671323538,77,0.1506849315068493,7.873665809631348,0.002662704326212406,7.873666286468506,0.0003381784583362983
frozen,5057,-1,0.003791585098952055,30,0.05870841487279843,16.010944366455078,0.0006598144536837935,16.010944366455078,4.1210214624578106e-05
frozen,5057,-1,0.003791585098952055,491,0.9608610567514677,15.167122840881348,0.0024054378736764193,15.167121887207031,0.00015859553919094743
frozen,5057,-1,0.003791585098952055,50,0.09784735812133072,12.099408149719238,0.006757332012057304,12.099407196044922,0.0005584845523891579
frozen,5057,-1,0.003791585098952055,469,0.9178082191780822,12.018607139587402,0.0024948082864284515,12.018607139587402,0.00020757881986265656
frozen,10666,-1,0.0030781147070229053,291,0.5694716242661448,12.834707260131836,0.0035443229135125875,12.83470630645752,0.0002761514622059824
frozen,10666,-1,0.0030781147070229053,214,0.4187866927592955,9.753484725952148,0.00043693173211067915,9.753483772277832,4.479750439043771e-05
frozen,10666,-1,0.0030781147070229053,59,0.11545988258317025,9.285985946655273,0.0004590254102367908,9.285984992980957,4.9432064620366773e-05
frozen,10666,-1,0.0030781147070229053,342,0.6692759295499021,8.278583526611328,0.0016880931798368692,8.278582572937012,0.00020391089476540434
frozen,13599,-1,0.0081539461389184,423,0.8277886497064579,17.06328582763672,0.002817323198541999,17.06328582763672,0.00016511023884853958
frozen,13599,-1,0.0081539461389184,405,0.7925636007827789,16.51221466064453,0.004044828005135059,16.5122127532959,0.00024495978010746604
frozen,13599,-1,0.0081539461389184,271,0.5303326810176126,16.24313735961914,0.003554626600816846,16.24313735961914,0.00021883867150281815
frozen,13599,-1,0.0081539461389184,55,0.10763209393346379,15.893291473388672,0.005962102208286524,15.893291473388672,0.000375133257844627
frozen,14470,-1,0.0074404762126505375,279,0.5459882583170255,9.942394256591797,0.0010734791867434978,9.942392349243164,0.00010796990794928881
frozen,14470,-1,0.0074404762126505375,412,0.8062622309197651,9.263959884643555,0.004533011466264725,9.263957977294922,0.000489316928830496
frozen,14470,-1,0.0074404762126505375,275,0.538160469667319,9.165985107421875,0.001283203368075192,9.165984153747559,0.00013999624552596981
frozen,14470,-1,0.0074404762126505375,202,0.3953033268101761,8.78172492980957,0.0007933066226541996,8.781723022460938,9.033610154011532e-05
frozen,2009,-1,0.004871983081102371,275,0.538160469667319,15.521726608276367,0.004401679150760174,15.52172565460205,0.00028358181614008334
frozen,2009,-1,0.004871983081102371,455,0.8904109589041096,14.895734786987305,0.0017915666103363037,14.895734786987305,0.00012027379890660983
frozen,2009,-1,0.004871983081102371,498,0.974559686888454,14.560236930847168,0.006649956572800875,14.560236930847168,0.00045672035450964026
frozen,2009,-1,0.004871983081102371,368,0.7201565557729941,14.514089584350586,0.0010856559965759516,14.514089584350586,7.480014438842448e-05
frozen,7912,-1,0.0032004239037632942,115,0.22504892367906065,9.372650146484375,0.00019002046610694379,9.372650146484375,2.0273931400098117e-05
frozen,7912,-1,0.0032004239037632942,176,0.34442270058708413,8.896421432495117,0.00196627015247941,8.896421432495117,0.0002210180989512706
frozen,7912,-1,0.0032004239037632942,335,0.6555772994129159,7.678075313568115,0.00039936485700309277,7.678075313568115,5.201366757856169e-05
frozen,7912,-1,0.0032004239037632942,393,0.7690802348336595,7.097921848297119,0.0024081608280539513,7.097921848297119,0.00033927688688650457
frozen,341,-1,0.0040769730694592,369,0.7221135029354208,11.251129150390625,0.0023450632579624653,11.251128196716309,0.0002084291652322371
frozen,341,-1,0.0040769730694592,374,0.7318982387475538,11.209900856018066,0.003551226109266281,11.20989990234375,0.0003167937394805636
frozen,341,-1,0.0040769730694592,414,0.8101761252446184,10.613077163696289,0.0022136736661195755,10.613076210021973,0.00020857983324657503
frozen,341,-1,0.0040769730694592,364,0.7123287671232876,10.387458801269531,0.0014285461511462927,10.387458801269531,0.0001375260473689387
frozen,11328,-1,0.0019773319363594055,500,0.9784735812133072,9.66167163848877,0.0004333632532507181,9.66167163848877,4.4853858572914884e-05
frozen,11328,-1,0.0019773319363594055,74,0.14481409001956946,9.062976837158203,0.0006942942272871733,9.062976837158203,7.66077459715628e-05
frozen,11328,-1,0.0019773319363594055,324,0.6340508806262231,8.959184646606445,0.00480672949925065,8.959184646606445,0.0005365141682922386
frozen,11328,-1,0.0019773319363594055,277,0.5420743639921722,7.6343913078308105,0.0023917648941278458,7.634391784667969,0.0003132882044292239
frozen,12561,-1,0.011048597283661366,304,0.5949119373776908,17.35751724243164,0.003167850896716118,17.35751724243164,0.00018250599163871715
frozen,12561,-1,0.011048597283661366,273,0.5342465753424658,16.939786911010742,0.002538244239985943,16.939786911010742,0.00014983920714705697
frozen,12561,-1,0.011048597283661366,422,0.8258317025440313,16.813236236572266,0.003500109538435936,16.813236236572266,0.00020817583772614066
frozen,12561,-1,0.011048597283661366,429,0.8395303326810176,15.869017601013184,0.005242228973656893,15.869017601013184,0.00033034363597417613
frozen,16195,-1,0.014371330849826336,360,0.7045009784735812,8.976956367492676,0.002922148909419775,8.976956367492676,0.0003255166662056475
frozen,16195,-1,0.014371330849826336,378,0.7397260273972602,8.883313179016113,0.0023419782519340515,8.883313179016113,0.0002636379248078521
frozen,16195,-1,0.014371330849826336,126,0.2465753424657534,8.825382232666016,0.002558987122029066,8.825382232666016,0.00028995765334189206
frozen,16195,-1,0.014371330849826336,203,0.3972602739726027,8.723394393920898,0.0005606567137874663,8.723394393920898,6.427047643038735e-05
frozen,7796,-1,0.009336268529295921,86,0.16829745596868884,10.31969165802002,0.0020946525037288666,10.319690704345703,0.00020297628715236512
frozen,7796,-1,0.009336268529295921,126,0.2465753424657534,10.072113037109375,0.00046617211773991585,10.072112083435059,4.628345215762626e-05
frozen,7796,-1,0.009336268529295921,74,0.14481409001956946,9.124748229980469,0.0008615400874987245,9.124748229980469,9.441795716270065e-05
frozen,7796,-1,0.009336268529295921,410,0.8023483365949119,9.123873710632324,0.002725331811234355,9.123873710632324,0.0002987033685109477
frozen,4567,-1,0.001447325455956161,340,0.6653620352250489,6.844866752624512,0.00035490194568410516,6.844866752624512,5.1849357848788787e-05
frozen,4567,-1,0.001447325455956161,230,0.4500978473581213,6.209952354431152,0.00012532500841189176,6.209952354431152,2.0181315613873475e-05
frozen,4567,-1,0.001447325455956161,132,0.2583170254403131,5.904430389404297,0.0008655735873617232,5.904430389404297,0.0001465973057985449
frozen,4567,-1,0.001447325455956161,464,0.9080234833659491,5.896061420440674,0.0002828779397532344,5.896061420440674,4.797744113935841e-05
frozen,6939,-1,0.007522015832364559,86,0.16829745596868884,17.272464752197266,0.010441580787301064,17.272464752197266,0.000604521759754801
frozen,6939,-1,0.007522015832364559,49,0.0958904109589041,15.999918937683105,0.0075202882289886475,15.999919891357422,0.00047002036760514254
frozen,6939,-1,0.007522015832364559,511,1.0,14.705426216125488,0.0032617850229144096,14.705426216125488,0.00022180826145233676
frozen,6939,-1,0.007522015832364559,248,0.48532289628180036,14.682559967041016,0.004137367941439152,14.682559967041016,0.00028178791373756313
frozen,228,-1,0.007236627396196127,374,0.7318982387475538,19.13273048400879,0.0035901213996112347,19.13273048400879,0.00018764291916471997
frozen,228,-1,0.007236627396196127,188,0.3679060665362035,17.144245147705078,0.006473620422184467,17.144245147705078,0.00037759728506046376
frozen,228,-1,0.007236627396196127,406,0.7945205479452054,16.857757568359375,0.010282136499881744,16.857757568359375,0.0006099350081520018
frozen,228,-1,0.007236627396196127,476,0.9315068493150684,16.58150291442871,0.0020463557448238134,16.581504821777344,0.00012341194401947338
frozen,237,-1,0.001916177454404533,407,0.7964774951076321,14.703054428100586,0.0017008638242259622,14.703055381774902,0.00011568097786901213
frozen,237,-1,0.001916177454404533,242,0.4735812133072407,11.559185028076172,0.004795948043465614,11.559185981750488,0.0004149036144099942
frozen,237,-1,0.001916177454404533,425,0.8317025440313112,11.26540470123291,0.0028286301530897617,11.26540470123291,0.00025108997218539254
frozen,237,-1,0.001916177454404533,241,0.47162426614481406,10.824992179870605,0.005143235437572002,10.824992179870605,0.0004751260187638751
frozen,14375,-1,0.0006523157353512943,306,0.598825831702544,8.457015991210938,0.00163048948161304,8.457015991210938,0.00019279725653913236
frozen,14375,-1,0.0006523157353512943,65,0.12720156555772993,6.6561455726623535,0.0019983667880296707,6.6561455726623535,0.0003002288285636691
frozen,14375,-1,0.0006523157353512943,132,0.2583170254403131,6.170799732208252,0.0012116553261876106,6.170799732208252,0.00019635304640716538
frozen,14375,-1,0.0006523157353512943,122,0.23874755381604695,5.677518844604492,0.0007821852341294289,5.677518844604492,0.0001377688486006104
frozen,8836,-1,0.0018957925494760275,231,0.4520547945205479,8.094086647033691,1.2898699424113147e-06,8.094086647033691,1.5935954217688345e-07
frozen,8836,-1,0.0018957925494760275,232,0.45401174168297453,7.7638115882873535,0.00017332739662379026,7.763811111450195,2.2325040387466948e-05
frozen,8836,-1,0.0018957925494760275,65,0.12720156555772993,7.2613043785095215,0.0015497216954827309,7.2613043785095215,0.00021342194386855213
frozen,8836,-1,0.0018957925494760275,173,0.3385518590998043,7.024996280670166,0.0007609374588355422,7.024995803833008,0.00010831856417912112
frozen,6388,-1,0.0022219503298401833,243,0.4755381604696673,25.88405990600586,0.0032943501137197018,25.884061813354492,0.0001272733057691908
frozen,6388,-1,0.0022219503298401833,39,0.07632093933463796,24.607393264770508,0.002057150937616825,24.60739517211914,8.359889062730354e-05
frozen,6388,-1,0.0022219503298401833,393,0.7690802348336595,24.326194763183594,0.00903320498764515,24.326194763183594,0.00037133653970889134
frozen,6388,-1,0.0022219503298401833,438,0.8571428571428571,22.483396530151367,0.0071647996082901955,22.4833984375,0.0003186706684137237
frozen,8910,-1,0.0007134703337214887,442,0.8649706457925636,17.91374969482422,0.005656478460878134,17.91375160217285,0.0003157618005706873
frozen,8910,-1,0.0007134703337214887,48,0.09393346379647749,17.369590759277344,0.001697479048743844,17.369590759277344,9.772706060084901e-05
frozen,8910,-1,0.0007134703337214887,507,0.9921722113502935,16.008914947509766,0.0023549599573016167,16.008914947509766,0.0001471030338422741
frozen,8910,-1,0.0007134703337214887,395,0.7729941291585127,15.686875343322754,0.003302786499261856,15.68687629699707,0.00021054456201035425
frozen,5928,-1,0.005198141094297171,399,0.7808219178082192,14.296568870544434,0.0013753282837569714,14.296567916870117,9.619989159314719e-05
frozen,5928,-1,0.005198141094297171,397,0.776908023483366,12.595282554626465,0.00118607422336936,12.595281600952148,9.416813858927123e-05
frozen,5928,-1,0.005198141094297171,372,0.7279843444227005,11.3341703414917,0.00044013839215040207,11.3341703414917,3.8832872534053964e-05
frozen,5928,-1,0.005198141094297171,114,0.22309197651663404,11.21044921875,0.0015859100967645645,11.210448265075684,0.00014146714379880847
frozen,7162,-1,0.0040769730694592,380,0.7436399217221135,11.739115715026855,0.0004548250581137836,11.739114761352539,3.874440853165152e-05
frozen,7162,-1,0.0040769730694592,66,0.12915851272015655,11.34128189086914,0.0023708513472229242,11.34128189086914,0.00020904615281026523
frozen,7162,-1,0.0040769730694592,5,0.009784735812133072,9.594864845275879,0.001600888092070818,9.594863891601562,0.00016684844205784764
frozen,7162,-1,0.0040769730694592,54,0.10567514677103718,9.58399486541748,0.004218026529997587,9.58399486541748,0.00044011151813298154
frozen,1415,-1,0.0007134703337214887,130,0.25440313111545987,7.338563442230225,0.00029319696477614343,7.338563442230225,3.995291000537286e-05
frozen,1415,-1,0.0007134703337214887,81,0.15851272015655576,7.109647750854492,0.0008607311174273491,7.109647750854492,0.00012106522680028695
frozen,1415,-1,0.0007134703337214887,481,0.9412915851272016,7.001692771911621,7.151266618166119e-05,7.001692771911621,1.0213625263385644e-05
frozen,1415,-1,0.0007134703337214887,457,0.8943248532289628,6.847639560699463,0.00028535895398817956,6.847639560699463,4.1672601406466426e-05
frozen,6931,-1,0.006258153822273016,264,0.5166340508806262,15.597563743591309,0.004659109748899937,15.597562789916992,0.0002987075488429389
frozen,6931,-1,0.006258153822273016,334,0.6536203522504892,15.264566421508789,0.000689404085278511,15.264565467834473,4.5163688853850766e-05
frozen,6931,-1,0.006258153822273016,19,0.03718199608610567,13.500113487243652,0.0003741771215572953,13.500113487243652,2.771659082057775e-05
frozen,6931,-1,0.006258153822273016,489,0.9569471624266145,12.564057350158691,0.00015786211588419974,12.564055442810059,1.2564582877142455e-05
frozen,4904,-1,0.000224233532208018,254,0.49706457925636005,6.75531530380249,6.913094694027677e-06,6.755314826965332,1.023356404713002e-06
frozen,4904,-1,0.000224233532208018,467,0.913894324853229,6.3557515144348145,1.9202263501938432e-05,6.3557515144348145,3.0212420133681068e-06
frozen,4904,-1,0.000224233532208018,141,0.2759295499021526,6.261763572692871,0.0009240045910701156,6.261763572692871,0.00014756299568697184
frozen,4904,-1,0.000224233532208018,110,0.21526418786692758,5.580423355102539,0.00012062401947332546,5.580423355102539,2.161556781584164e-05
frozen,14128,-1,0.0014880952658131719,474,0.9275929549902152,10.080507278442383,0.0011376114562153816,10.080507278442383,0.0001128526000520048
frozen,14128,-1,0.0014880952658131719,90,0.1761252446183953,9.385876655578613,0.00015803832502570003,9.385876655578613,1.68378864143466e-05
frozen,14128,-1,0.0014880952658131719,46,0.09001956947162426,7.955498218536377,6.676795601379126e-05,7.955498218536377,8.39268065678418e-06
frozen,14128,-1,0.0014880952658131719,438,0.8571428571428571,7.529234409332275,0.001710895448923111,7.529234409332275,0.0002272336543012267
frozen,8325,-1,0.00421966752037406,353,0.6908023483365949,7.632576942443848,0.0014753006398677826,7.6325764656066895,0.000193289991461686
frozen,8325,-1,0.00421966752037406,68,0.13307240704500978,7.526869297027588,0.0006327783921733499,7.526869297027588,8.406926800538949e-05
frozen,8325,-1,0.00421966752037406,226,0.44227005870841485,7.319791316986084,0.0035014869645237923,7.319790840148926,0.0004783588822399401
frozen,8325,-1,0.00421966752037406,117,0.22896281800391388,7.030721664428711,0.0016991528682410717,7.030721187591553,0.00024167547295715397
frozen,3260,-1,0.01899869553744793,256,0.5009784735812133,23.749664306640625,0.005777016282081604,23.749666213989258,0.00024324620944267292
frozen,3260,-1,0.01899869553744793,455,0.8904109589041096,23.705774307250977,0.014124857261776924,23.705774307250977,0.0005958403669377929
frozen,3260,-1,0.01899869553744793,173,0.3385518590998043,23.322086334228516,0.007691994309425354,23.32208824157715,0.00032981584795278114
frozen,3260,-1,0.01899869553744793,484,0.9471624266144814,23.017850875854492,0.006854213774204254,23.017852783203125,0.0002977781567534395
frozen,5911,-1,0.007175473030656576,99,0.19373776908023482,12.461965560913086,0.0019988033454865217,12.461965560913086,0.0001603923021385777
frozen,5911,-1,0.007175473030656576,98,0.1917808219178082,11.982104301452637,0.0005191985401324928,11.982104301452637,4.333116513345226e-05
frozen,5911,-1,0.007175473030656576,253,0.49510763209393344,10.905792236328125,0.0037770518101751804,10.905792236328125,0.00034633447330800033
frozen,5911,-1,0.007175473030656576,213,0.41682974559686886,9.772706985473633,0.0025060903280973434,9.772706985473633,0.0002564376821920939
frozen,15921,-1,0.0009173189755529165,304,0.5949119373776908,8.902383804321289,1.5328969311667606e-06,8.902384757995605,1.7218947201647307e-07
frozen,15921,-1,0.0009173189755529165,420,0.821917808219178,7.836325168609619,0.0012134755961596966,7.836325645446777,0.00015485262494990557
frozen,15921,-1,0.0009173189755529165,356,0.6966731898238747,7.671450138092041,0.0018925280310213566,7.671450614929199,0.0002466975447040433
frozen,15921,-1,0.0009173189755529165,483,0.9452054794520548,7.4854512214660645,0.0013400460593402386,7.485451698303223,0.00017902006630327944
frozen,11336,-1,0.0004892367869615555,31,0.060665362035225046,13.240346908569336,6.486834899988025e-05,13.240345001220703,4.899294466564102e-06
frozen,11336,-1,0.0004892367869615555,17,0.033268101761252444,12.312273979187012,3.460965308477171e-05,12.312273025512695,2.810988110242181e-06
frozen,11336,-1,0.0004892367869615555,5,0.009784735812133072,8.289521217346191,0.0018718945793807507,8.289520263671875,0.0002258145851436266
frozen,11336,-1,0.0004892367869615555,15,0.029354207436399216,7.893831253051758,0.0013560093939304352,7.8938307762146,0.00017178090490821172
frozen,12433,-1,0.0012434768723323941,506,0.9902152641878669,7.661661624908447,0.0023991158232092857,7.661661624908447,0.0003131325736717006
frozen,12433,-1,0.0012434768723323941,99,0.19373776908023482,7.635659217834473,0.003972236067056656,7.635659217834473,0.000520221758689646
frozen,12433,-1,0.0012434768723323941,348,0.6810176125244618,7.351329326629639,0.00039872084744274616,7.351329326629639,5.4237924833323655e-05
frozen,12433,-1,0.0012434768723323941,504,0.9863013698630136,7.068390369415283,0.0010195339564234018,7.068390846252441,0.00014423848066691785
frozen,9813,-1,0.004566209856420755,487,0.9530332681017613,13.211708068847656,0.0014791497960686684,13.211709022521973,0.00011195749115781803
frozen,9813,-1,0.004566209856420755,421,0.8238747553816047,11.935700416564941,0.0008734609000384808,11.935701370239258,7.318052563013913e-05
frozen,9813,-1,0.004566209856420755,297,0.5812133072407045,11.904926300048828,0.0020120625849813223,11.904926300048828,0.00016901092323209677
frozen,9813,-1,0.004566209856420755,109,0.21330724070450097,10.875566482543945,0.0010410561226308346,10.875567436218262,9.572430392586843e-05
frozen,10623,-1,0.016185583546757698,103,0.20156555772994128,17.438289642333984,0.0023939134553074837,17.43828773498535,0.000137279157890297
frozen,10623,-1,0.016185583546757698,15,0.029354207436399216,16.060380935668945,0.0014822492375969887,16.060379028320312,9.229229490681646e-05
frozen,10623,-1,0.016185583546757698,118,0.2309197651663405,15.473522186279297,0.00017177523113787174,15.47352123260498,1.1101237304403352e-05
frozen,10623,-1,0.016185583546757698,476,0.9315068493150684,15.449952125549316,0.04247143119573593,15.449951171875,0.0027489686357747636
frozen,13414,-1,0.00648238742724061,297,0.5812133072407045,11.13326358795166,0.0022753749508410692,11.133264541625977,0.00020437625840414623
frozen,13414,-1,0.00648238742724061,97,0.1898238747553816,9.882427215576172,0.0029433646705001593,9.882428169250488,0.00029783820535711443
frozen,13414,-1,0.00648238742724061,138,0.2700587084148728,9.847119331359863,0.007555932737886906,9.84712028503418,0.0007673241028009519
frozen,13414,-1,0.00648238742724061,40,0.07827788649706457,9.772299766540527,0.0010051722638309002,9.772300720214844,0.00010285932582402167
frozen,5303,-1,0.008622798137366772,387,0.7573385518590998,14.388542175292969,0.00037294841604307294,14.388543128967285,2.59198177814296e-05
frozen,5303,-1,0.008622798137366772,414,0.8101761252446184,13.918628692626953,0.0015281540108844638,13.91862964630127,0.00010979198740951878
frozen,5303,-1,0.008622798137366772,391,0.7651663405088063,13.756241798400879,0.002167343394830823,13.756242752075195,0.0001575534420184515
frozen,5303,-1,0.008622798137366772,477,0.9334637964774951,13.514776229858398,0.00012236561451572925,13.514777183532715,9.054208800780489e-06
frozen,13337,-1,0.0009988584788516164,448,0.8767123287671232,6.588396072387695,4.910035931970924e-05,6.588395595550537,7.452551779505938e-06
frozen,13337,-1,0.0009988584788516164,449,0.8786692759295499,6.1118693351745605,0.0001477934274589643,6.1118693351745605,2.4181378781839283e-05
frozen,13337,-1,0.0009988584788516164,459,0.898238747553816,5.556115627288818,0.0001397427695337683,5.556115627288818,2.5151162954101022e-05
frozen,13337,-1,0.0009988584788516164,313,0.6125244618395304,5.431423187255859,0.0004886954557150602,5.431423187255859,8.997558077627273e-05
frozen,4893,-1,0.009621656499803066,90,0.1761252446183953,15.494086265563965,0.0017452826723456383,15.494086265563965,0.00011264185847632572
frozen,4893,-1,0.009621656499803066,139,0.2720156555772994,13.306992530822754,0.0007536074845120311,13.306992530822754,5.663244213645294e-05
frozen,4893,-1,0.009621656499803066,94,0.18395303326810175,13.227638244628906,0.007268199697136879,13.227638244628906,0.0005494707038944112
frozen,4893,-1,0.009621656499803066,118,0.2309197651663405,13.085122108459473,0.0038605856243520975,13.085122108459473,0.00029503627038040756
frozen,5006,-1,0.0030781147070229053,155,0.30332681017612523,16.755125045776367,0.0018361482070758939,16.755126953125,0.00010958724527798542
frozen,5006,-1,0.0030781147070229053,160,0.3131115459882583,14.827377319335938,0.003461153944954276,14.827378273010254,0.0002334299348964807
frozen,5006,-1,0.0030781147070229053,366,0.7162426614481409,14.270530700683594,0.00016044866060838103,14.27053165435791,1.1243355503113544e-05
frozen,5006,-1,0.0030781147070229053,158,0.30919765166340507,12.710464477539062,0.00480237090960145,12.710464477539062,0.0003778281209225535
frozen,13911,-1,0.002772341715171933,221,0.4324853228962818,12.904497146606445,4.897802136838436e-05,12.904498100280762,3.795422416879487e-06
frozen,13911,-1,0.002772341715171933,483,0.9452054794520548,12.56673812866211,0.0019408958032727242,12.566739082336426,0.00015444705190074417
frozen,13911,-1,0.002772341715171933,360,0.7045009784735812,12.011800765991211,0.00010829232633113861,12.011801719665527,9.015493999858836e-06
frozen,13911,-1,0.002772341715171933,339,0.6634050880626223,8.867300033569336,0.0017187357880175114,8.867300987243652,0.00019382851563176385
frozen,12319,-1,0.005014677066355944,509,0.9960861056751468,18.527544021606445,0.0012600691989064217,18.527542114257812,6.801059693377997e-05
frozen,12319,-1,0.005014677066355944,479,0.9373776908023483,17.064315795898438,0.0006311173783615232,17.064313888549805,3.6984632519271955e-05
frozen,12319,-1,0.005014677066355944,478,0.9354207436399217,17.064090728759766,0.0006610028794966638,17.064088821411133,3.873648844743891e-05
frozen,12319,-1,0.005014677066355944,494,0.9667318982387475,15.138155937194824,0.004861312918365002,15.138154983520508,0.00032112981559886646
frozen,12995,-1,0.0032615785021334887,61,0.11937377690802348,18.868240356445312,0.01641998440027237,18.868240356445312,0.0008702446062843042
frozen,12995,-1,0.0032615785021334887,157,0.30724070450097846,17.881568908691406,2.715474329306744e-05,17.881568908691406,1.5185884097602182e-06
frozen,12995,-1,0.0032615785021334887,280,0.547945205479452,17.091630935668945,0.00044216011883690953,17.091630935668945,2.586997814902232e-05
frozen,12995,-1,0.0032615785021334887,490,0.958904109589041,16.72892189025879,8.881295070750639e-05,16.72892189025879,5.308946463502944e-06
frozen,16042,-1,0.00927511416375637,320,0.6262230919765166,16.66025161743164,0.005386651493608952,16.660253524780273,0.00032332350078568173
frozen,16042,-1,0.00927511416375637,205,0.40117416829745595,14.567614555358887,0.001959211891517043,14.567615509033203,0.00013449091172828932
frozen,16042,-1,0.00927511416375637,119,0.2328767123287671,12.548652648925781,0.0028459420427680016,12.548652648925781,0.00022679263841219054
frozen,16042,-1,0.00927511416375637,421,0.8238747553816047,12.320449829101562,0.0011461284011602402,12.320449829101562,9.30265060982614e-05
frozen,4035,-1,0.001793868257664144,257,0.50293542074364,8.375748634338379,0.000889830756932497,8.375749588012695,0.00010623893988020076
frozen,4035,-1,0.001793868257664144,285,0.5577299412915852,8.220077514648438,0.00032027665292844176,8.220078468322754,3.8962724524184724e-05
frozen,4035,-1,0.001793868257664144,134,0.2622309197651663,7.77754545211792,0.00198487495072186,7.777546405792236,0.0002552057997678609
frozen,4035,-1,0.001793868257664144,163,0.31898238747553814,7.7481369972229,0.00039687869139015675,7.748137474060059,5.122246381389908e-05
frozen,6643,-1,0.007338551804423332,376,0.735812133072407,14.999845504760742,0.004654791206121445,14.999845504760742,0.0003103226099658212
frozen,6643,-1,0.007338551804423332,61,0.11937377690802348,10.54676628112793,0.0004628844326362014,10.54676628112793,4.388875417335008e-05
frozen,6643,-1,0.007338551804423332,296,0.5792563600782779,9.294035911560059,0.00025585119146853685,9.294035911560059,2.752853484784854e-05
frozen,6643,-1,0.007338551804423332,229,0.4481409001956947,8.93760871887207,0.0010985396802425385,8.93760871887207,0.00012291203551157188
frozen,6406,-1,0.0044439006596803665,65,0.12720156555772993,9.311400413513184,0.0012693400494754314,9.311400413513184,0.0001363210680568843
frozen,6406,-1,0.0044439006596803665,297,0.5812133072407045,8.428051948547363,0.0005735375452786684,8.428051948547363,6.805102160974717e-05
frozen,6406,-1,0.0044439006596803665,436,0.8532289628180039,8.30932331085205,3.386510070413351e-05,8.30932331085205,4.075554583356431e-06
frozen,6406,-1,0.0044439006596803665,472,0.923679060665362,8.189251899719238,0.0006590017583221197,8.189251899719238,8.047154567863678e-05
frozen,9676,-1,0.010722439736127853,419,0.8199608610567515,25.548110961914062,0.0059056151658296585,25.548110961914062,0.00023115662737779226
frozen,9676,-1,0.010722439736127853,220,0.43052837573385516,23.872194290161133,0.004065142013132572,23.8721923828125,0.00017028775354790594
frozen,9676,-1,0.010722439736127853,125,0.2446183953033268,17.70549774169922,0.007809286937117577,17.70549774169922,0.00044106565378986684
frozen,9676,-1,0.010722439736127853,113,0.22113502935420742,17.646635055541992,0.0008888738229870796,17.64663314819336,5.037073165869499e-05
frozen,2246,-1,0.007318167015910149,342,0.6692759295499021,18.73056411743164,0.009573888964951038,18.73056411743164,0.0005111372463171613
frozen,2246,-1,0.007318167015910149,422,0.8258317025440313,16.844999313354492,0.010752624832093716,16.844999313354492,0.0006383274129058099
frozen,2246,-1,0.007318167015910149,130,0.25440313111545987,16.742504119873047,0.005631570238620043,16.742504119873047,0.00033636367644284895
frozen,2246,-1,0.007318167015910149,325,0.6360078277886497,15.511100769042969,0.004539516754448414,15.511101722717285,0.00029266243208243023
frozen,15019,-1,0.002853881334885955,494,0.9667318982387475,8.66459846496582,0.0010707483161240816,8.664597511291504,0.0001235773865697405
frozen,15019,-1,0.002853881334885955,95,0.18590998043052837,8.66382884979248,0.0002659297315403819,8.663827896118164,3.0694253709671674e-05
frozen,15019,-1,0.002853881334885955,316,0.6183953033268101,8.586484909057617,0.0023945907596498728,8.5864839553833,0.0002788790815999351
frozen,15019,-1,0.002853881334885955,488,0.9549902152641878,8.448986053466797,0.0007293063681572676,8.44898509979248,8.631881338921764e-05
frozen,2864,-1,0.001916177454404533,151,0.29549902152641877,8.181720733642578,0.0003790870832744986,8.181721687316895,4.6333412179266634e-05
frozen,2864,-1,0.001916177454404533,53,0.10371819960861056,7.882072925567627,0.0014161420986056328,7.882073402404785,0.0001796661901389518
frozen,2864,-1,0.001916177454404533,163,0.31898238747553814,7.568210601806641,0.0020154097583144903,7.568211078643799,0.00026629935890684034
frozen,2864,-1,0.001916177454404533,303,0.5929549902152642,7.528147220611572,0.002152996137738228,7.5281476974487305,0.0002859928131415212
frozen,12154,-1,0.0010600130772218108,326,0.6379647749510763,12.358686447143555,0.001071886159479618,12.358687400817871,8.673139183119746e-05
frozen,12154,-1,0.0010600130772218108,314,0.6144814090019569,9.586861610412598,0.0040250737220048904,9.586861610412598,0.00041985311623077244
frozen,12154,-1,0.0010600130772218108,152,0.2974559686888454,8.498786926269531,0.0017411885783076286,8.498786926269531,0.0002048749537331804
frozen,12154,-1,0.0010600130772218108,395,0.7729941291585127,8.338417053222656,0.0018664761446416378,8.338417053222656,0.0002238405842173937
frozen,11658,-1,0.006135844625532627,317,0.6203522504892368,14.89903736114502,0.014672345481812954,14.899036407470703,0.000984784859942749
frozen,11658,-1,0.006135844625532627,353,0.6908023483365949,14.76915454864502,0.0025508366525173187,14.769153594970703,0.00017271380083594957
frozen,11658,-1,0.006135844625532627,384,0.7514677103718199,13.49163818359375,0.0022807514760643244,13.491636276245117,0.00016904928574750197
frozen,11658,-1,0.006135844625532627,315,0.6164383561643836,12.314438819885254,0.0022053259890526533,12.314437866210938,0.00017908458453501589
frozen,6812,-1,0.00829664058983326,374,0.7318982387475538,16.695770263671875,0.006507139652967453,16.695768356323242,0.00038974783993711695
frozen,6812,-1,0.00829664058983326,34,0.06653620352250489,16.084259033203125,0.006573442369699478,16.084257125854492,0.0004086879685063638
frozen,6812,-1,0.00829664058983326,307,0.6007827788649707,15.517228126525879,0.0020291681867092848,15.517226219177246,0.0001307687442360994
frozen,6812,-1,0.00829664058983326,9,0.01761252446183953,15.321301460266113,0.0029169688932597637,15.32129955291748,0.00019038651931482632
frozen,703,-1,0.005442759487777948,340,0.6653620352250489,17.426795959472656,0.0017987055471166968,17.426795959472656,0.00010321493126445755
frozen,703,-1,0.005442759487777948,175,0.3424657534246575,16.99652099609375,0.0008534578373655677,16.99652099609375,5.021367829108762e-05
frozen,703,-1,0.005442759487777948,199,0.38943248532289626,16.265426635742188,0.0024522868916392326,16.265426635742188,0.00015076683486742954
frozen,703,-1,0.005442759487777948,351,0.6868884540117417,15.032805442810059,0.0021877079270780087,15.032806396484375,0.00014552890986407126
frozen,5256,-1,0.007216242607682943,144,0.28180039138943247,13.786386489868164,0.0011440441012382507,13.78638744354248,8.29836029143457e-05
frozen,5256,-1,0.007216242607682943,277,0.5420743639921722,11.686984062194824,0.0030029499903321266,11.686984062194824,0.0002569482403972895
frozen,5256,-1,0.007216242607682943,14,0.0273972602739726,11.48972225189209,0.001268013147637248,11.48972225189209,0.00011036064404676413
frozen,5256,-1,0.007216242607682943,118,0.2309197651663405,11.32823371887207,0.001205895096063614,11.32823371887207,0.00010645040753835034
frozen,1062,-1,0.0032208089251071215,377,0.7377690802348337,13.004246711730957,0.002572072669863701,13.004246711730957,0.00019778713268669908
frozen,1062,-1,0.0032208089251071215,318,0.6223091976516634,11.903960227966309,0.0010156119242310524,11.903961181640625,8.531714012957484e-05
frozen,1062,-1,0.0032208089251071215,130,0.25440313111545987,11.783584594726562,0.0013510319404304028,11.783584594726562,0.00011465373117744002
frozen,1062,-1,0.0032208089251071215,440,0.8610567514677103,11.006826400756836,0.00012471911031752825,11.006826400756836,1.1331069081724818e-05
frozen,8212,-1,0.0027519569266587496,448,0.8767123287671232,20.43160057067871,0.01176971010863781,20.431602478027344,0.0005760541847510616
frozen,8212,-1,0.0027519569266587496,479,0.9373776908023483,16.971826553344727,0.0036535896360874176,16.97182846069336,0.00021527377822307754
frozen,8212,-1,0.0027519569266587496,375,0.7338551859099804,11.120504379272461,0.0009480621665716171,11.120505332946777,8.525351485267387e-05
frozen,8212,-1,0.0027519569266587496,413,0.8082191780821918,10.38205623626709,0.0011915506329387426,10.382057189941406,0.00011477018582532654
frozen,10537,-1,0.002344259526580572,1,0.0019569471624266144,90.77972412109375,0.18298719823360443,90.77972412109375,0.0020157276308695586
frozen,10537,-1,0.002344259526580572,1,0.0019569471624266144,90.65921783447266,0.1913001537322998,90.65921783447266,0.0021101015241669005
frozen,10537,-1,0.002344259526580572,1,0.0019569471624266144,90.58119201660156,0.3132445514202118,90.5811996459961,0.0034581629813296246
frozen,10537,-1,0.002344259526580572,1,0.0019569471624266144,90.58119201660156,0.3132445514202118,90.5811996459961,0.0034581629813296246
frozen,7951,-1,0.012475538067519665,231,0.4520547945205479,18.654306411743164,1.0233661669190042e-05,18.654306411743164,5.485951309745721e-07
frozen,7951,-1,0.012475538067519665,172,0.33659491193737767,17.082721710205078,8.347533730557188e-05,17.082721710205078,4.886536157508461e-06
frozen,7951,-1,0.012475538067519665,160,0.3131115459882583,16.051422119140625,0.000529391341842711,16.051422119140625,3.2980961930559085e-05
frozen,7951,-1,0.012475538067519665,411,0.8043052837573386,15.666902542114258,0.00024859965196810663,15.666902542114258,1.5867823987533274e-05
frozen,4808,-1,0.0037712003104388714,384,0.7514677103718199,12.48547649383545,0.00013011263217777014,12.48547649383545,1.0421118668719744e-05
frozen,4808,-1,0.0037712003104388714,85,0.16634050880626222,10.414031028747559,1.4979756997490767e-05,10.414031028747559,1.4384206227290554e-06
frozen,4808,-1,0.0037712003104388714,196,0.3835616438356164,9.578910827636719,0.0005205229390412569,9.578910827636719,5.434051411559897e-05
frozen,4808,-1,0.0037712003104388714,367,0.7181996086105675,9.185707092285156,0.0036384034901857376,9.185707092285156,0.00039609400274057734
frozen,11550,-1,0.0011007827706634998,218,0.42661448140900193,8.674260139465332,0.0002182401076424867,8.674261093139648,2.5159504112124285e-05
frozen,11550,-1,0.0011007827706634998,208,0.4070450097847358,8.366957664489746,0.0018238375196233392,8.366958618164062,0.0002179809418041007
frozen,11550,-1,0.0011007827706634998,378,0.7397260273972602,7.235898494720459,0.004413718823343515,7.235898971557617,0.0006099751863165397
frozen,11550,-1,0.0011007827706634998,406,0.7945205479452054,6.9918599128723145,0.0012133263517171144,6.991860389709473,0.00017353412169139877
frozen,8194,-1,0.0029761905316263437,76,0.1487279843444227,16.687421798706055,0.0036286506801843643,16.687421798706055,0.00021744825078165943
frozen,8194,-1,0.0029761905316263437,417,0.8160469667318982,16.080455780029297,0.004743082448840141,16.080453872680664,0.0002949594884817423
frozen,8194,-1,0.0029761905316263437,419,0.8199608610567515,11.8950834274292,0.007452842779457569,11.895082473754883,0.0006265482224189198
frozen,8194,-1,0.0029761905316263437,416,0.8140900195694716,11.456725120544434,0.004247626289725304,11.456724166870117,0.00037075399807637337
frozen,4856,-1,0.003873124485835433,453,0.8864970645792564,20.14473533630371,0.00012505825725384057,20.144737243652344,6.207986519816571e-06
frozen,4856,-1,0.003873124485835433,282,0.5518590998043053,18.903244018554688,0.00028979513444937766,18.90324592590332,1.5330443014142258e-05
frozen,4856,-1,0.003873124485835433,496,0.9706457925636007,16.566585540771484,0.0001314054534304887,16.566587448120117,7.931956647197119e-06
frozen,4856,-1,0.003873124485835433,61,0.11937377690802348,13.732438087463379,0.0010483369696885347,13.732439041137695,7.634018738754823e-05
frozen,3139,-1,0.01219015009701252,327,0.639921722113503,17.139970779418945,0.0011431901948526502,17.139970779418945,6.669732460835647e-05
frozen,3139,-1,0.01219015009701252,136,0.26614481409001955,11.199007034301758,0.0020884110126644373,11.199007987976074,0.000186481786146298
frozen,3139,-1,0.01219015009701252,39,0.07632093933463796,10.898807525634766,0.002617800608277321,10.898807525634766,0.00024019147068338154
frozen,3139,-1,0.01219015009701252,237,0.4637964774951076,10.568679809570312,0.007345766760408878,10.568680763244629,0.0006950504916333282
frozen,8286,-1,0.002425799146294594,282,0.5518590998043053,18.633460998535156,0.0001168603848782368,18.633460998535156,6.27153403693622e-06
frozen,8286,-1,0.002425799146294594,27,0.05283757338551859,17.6807918548584,0.0022446783259510994,17.6807918548584,0.00012695575765936626
frozen,8286,-1,0.002425799146294594,414,0.8101761252446184,17.034196853637695,0.008820616640150547,17.034196853637695,0.0005178181698814219
frozen,8286,-1,0.002425799146294594,422,0.8258317025440313,15.891165733337402,0.0011816350743174553,15.891166687011719,7.435798123514982e-05
frozen,15693,-1,0.0022219503298401833,1,0.0019569471624266144,86.46961975097656,0.21512463688850403,86.46961975097656,0.0024878638012754122
frozen,15693,-1,0.0022219503298401833,1,0.0019569471624266144,86.46961975097656,0.21512463688850403,86.46961975097656,0.0024878638012754122
frozen,15693,-1,0.0022219503298401833,1,0.0019569471624266144,86.46961975097656,0.21512463688850403,86.46961975097656,0.0024878638012754122
frozen,15693,-1,0.0022219503298401833,1,0.0019569471624266144,86.46961975097656,0.21512463688850403,86.46961975097656,0.0024878638012754122
frozen,6722,-1,0.0044439006596803665,142,0.27788649706457924,11.153607368469238,0.0026047155261039734,11.153608322143555,0.0002335311991306672
frozen,6722,-1,0.0044439006596803665,385,0.7534246575342466,10.835677146911621,0.0005786920082755387,10.835678100585938,5.3406164607662716e-05
frozen,6722,-1,0.0044439006596803665,473,0.9256360078277887,10.382986068725586,0.0005955048836767673,10.382987022399902,5.73539081183522e-05
frozen,6722,-1,0.0044439006596803665,42,0.0821917808219178,10.055427551269531,0.002266306895762682,10.055428504943848,0.00022538143398348769
frozen,7787,-1,0.010477821342647076,403,0.7886497064579256,17.285579681396484,0.00036133744288235903,17.285579681396484,2.090398178958653e-05
frozen,7787,-1,0.010477821342647076,445,0.8708414872798435,17.194730758666992,0.0032718651928007603,17.194730758666992,0.00019028301394900172
frozen,7787,-1,0.010477821342647076,133,0.2602739726027397,16.412311553955078,0.0003640512004494667,16.412311553955078,2.2181592108622674e-05
frozen,7787,-1,0.010477821342647076,258,0.5048923679060665,15.894144058227539,0.0014917044900357723,15.894144058227539,9.385245814879837e-05
frozen,6777,-1,0.0051777558401227,355,0.6947162426614482,13.790504455566406,0.004807530902326107,13.790504455566406,0.00034861167826138464
frozen,6777,-1,0.0051777558401227,397,0.776908023483366,12.687287330627441,0.0002469956234563142,12.687287330627441,1.9467961670581887e-05
frozen,6777,-1,0.0051777558401227,450,0.8806262230919765,12.133946418762207,0.0020582610741257668,12.13394546508789,0.00016962834389258217
frozen,6777,-1,0.0051777558401227,155,0.30332681017612523,11.42940902709961,0.000816762913018465,11.429408073425293,7.146152344647961e-05
frozen,14304,-1,0.004566209856420755,132,0.2583170254403131,10.915143966674805,0.0021707993000745773,10.915144920349121,0.00019887956741898615
frozen,14304,-1,0.004566209856420755,183,0.35812133072407043,10.100603103637695,0.002097445772960782,10.100603103637695,0.00020765549853210197
frozen,14304,-1,0.004566209856420755,9,0.01761252446183953,9.686286926269531,0.0015075723640620708,9.686286926269531,0.000155639862368054
frozen,14304,-1,0.004566209856420755,446,0.87279843444227,9.148271560668945,0.00024407777527812868,9.148271560668945,2.668020660071891e-05
frozen,11295,-1,0.009866274893283844,215,0.4207436399217221,10.695751190185547,0.000708827399648726,10.695751190185547,6.627186693526941e-05
frozen,11295,-1,0.009866274893283844,74,0.14481409001956946,10.006532669067383,0.002346607856452465,10.006532669067383,0.00023450758959758344
frozen,11295,-1,0.009866274893283844,511,1.0,8.867720603942871,0.001917435321956873,8.867720603942871,0.000216226402205807
frozen,11295,-1,0.009866274893283844,353,0.6908023483365949,8.860858917236328,0.002456679940223694,8.860858917236328,0.0002772507680316305
frozen,4469,-1,0.010253587737679482,13,0.025440313111545987,22.62150001525879,0.01438736729323864,22.62150001525879,0.0006360041236670418
frozen,4469,-1,0.010253587737679482,89,0.17416829745596868,22.43862533569336,0.00326773663982749,22.43862533569336,0.00014562998360819664
frozen,4469,-1,0.010253587737679482,126,0.2465753424657534,21.476659774780273,0.011998247355222702,21.476659774780273,0.0005586644981596285
frozen,4469,-1,0.010253587737679482,437,0.8551859099804305,21.249004364013672,0.016489991918206215,21.249004364013672,0.0007760359796496112
frozen,16083,-1,0.0030577299185097218,381,0.7455968688845401,24.191789627075195,0.004217628389596939,24.191791534423828,0.00017434130017181425
frozen,16083,-1,0.0030577299185097218,181,0.3542074363992172,18.69591522216797,0.0008508473983965814,18.69591522216797,4.550980191586029e-05
frozen,16083,-1,0.0030577299185097218,389,0.761252446183953,18.495555877685547,0.0017022315878421068,18.495555877685547,9.203462708010897e-05
frozen,16083,-1,0.0030577299185097218,294,0.5753424657534246,16.412200927734375,0.000420067721279338,16.412200927734375,2.5594843929157666e-05
frozen,8500,-1,0.006074690259993076,103,0.20156555772994128,9.255375862121582,0.0012061148881912231,9.255375862121582,0.00013031506296004157
frozen,8500,-1,0.006074690259993076,90,0.1761252446183953,9.088499069213867,0.0021130554378032684,9.088499069213867,0.0002324977338624564
frozen,8500,-1,0.006074690259993076,194,0.3796477495107632,8.96927547454834,0.002075430005788803,8.96927547454834,0.00023139327269835184
frozen,8500,-1,0.006074690259993076,111,0.2172211350293542,8.747207641601562,0.0025994963943958282,8.747207641601562,0.00029718014032645914
frozen,15098,-1,0.0014880952658131719,168,0.3287671232876712,13.39001178741455,0.0012072811368852854,13.39001178741455,9.016281359961347e-05
frozen,15098,-1,0.0014880952658131719,422,0.8258317025440313,13.268640518188477,0.0006888253847137094,13.268640518188477,5.191378753305409e-05
frozen,15098,-1,0.0014880952658131719,425,0.8317025440313112,11.651845932006836,0.0009481001761741936,11.651845932006836,8.136909651112244e-05
frozen,15098,-1,0.0014880952658131719,94,0.18395303326810175,11.60576057434082,0.001988182310014963,11.60576057434082,0.00017130995399048952
frozen,1909,-1,0.0029150359332561493,348,0.6810176125244618,10.43016242980957,0.0002909637405537069,10.430163383483887,2.789637418474638e-05
frozen,1909,-1,0.0029150359332561493,425,0.8317025440313112,9.434549331665039,0.00022868692758493125,9.434550285339355,2.4239303482254483e-05
frozen,1909,-1,0.0029150359332561493,415,0.812133072407045,8.84246826171875,0.00042665546061471105,8.842469215393066,4.8250714842409015e-05
frozen,1909,-1,0.0029150359332561493,95,0.18590998043052837,8.404104232788086,0.000600118946749717,8.404104232788086,7.140784194565205e-05
frozen,4688,-1,0.00739970663562417,6,0.011741682974559686,12.6928129196167,0.0012712163152173162,12.692813873291016,0.00010015244278436054
frozen,4688,-1,0.00739970663562417,7,0.0136986301369863,12.171613693237305,0.0010280577698722482,12.171614646911621,8.446354897812211e-05
frozen,4688,-1,0.00739970663562417,6,0.011741682974559686,11.975746154785156,0.0018061380833387375,11.975747108459473,0.00015081631792833293
frozen,4688,-1,0.00739970663562417,5,0.009784735812133072,11.687886238098145,0.0007774420082569122,11.687886238098145,6.651690411930445e-05
frozen,7017,-1,0.0002853881160262972,167,0.3268101761252446,9.14075756072998,9.702579700388014e-05,9.140758514404297,1.0614633003484756e-05
frozen,7017,-1,0.0002853881160262972,205,0.40117416829745595,8.932564735412598,0.00019646482542157173,8.932565689086914,2.1994221174504943e-05
frozen,7017,-1,0.0002853881160262972,337,0.6594911937377691,8.019864082336426,0.002319180639460683,8.019865036010742,0.0002891795097607147
frozen,7017,-1,0.0002853881160262972,252,0.4931506849315068,7.78227424621582,0.0009971815161406994,7.7822747230529785,0.00012813496716927852
frozen,13566,-1,0.07766634225845337,3,0.005870841487279843,34.51763916015625,0.019845524802803993,34.51763916015625,0.0005749386483450961
frozen,13566,-1,0.07766634225845337,2,0.003913894324853229,33.48771667480469,0.013211053796112537,33.48771667480469,0.00039450446635115615
frozen,13566,-1,0.07766634225845337,2,0.003913894324853229,32.99241256713867,0.02331787906587124,32.99241256713867,0.0007067648968810626
frozen,13566,-1,0.07766634225845337,3,0.005870841487279843,32.10707092285156,0.012955216690897942,32.10707092285156,0.00040350042275819455
frozen,15669,-1,0.0057689170353114605,165,0.32289628180039137,7.833993434906006,0.0017071934416890144,7.833993434906006,0.00021792122445268524
frozen,15669,-1,0.0057689170353114605,173,0.3385518590998043,7.416595935821533,0.0010477587347850204,7.416596412658691,0.00014127217883889428
frozen,15669,-1,0.0057689170353114605,413,0.8082191780821918,7.102838039398193,0.0024735908955335617,7.102838039398193,0.00034825387849377786
frozen,15669,-1,0.0057689170353114605,316,0.6183953033268101,6.990960121154785,0.002626196015626192,6.990960121154785,0.00037565598574640277
frozen,1535,-1,0.0007950097788125277,420,0.821917808219178,11.974453926086426,0.0008736774325370789,11.974453926086426,7.29617766229629e-05
frozen,1535,-1,0.0007950097788125277,500,0.9784735812133072,11.333728790283203,0.0020554866641759872,11.333728790283203,0.00018136014212182552
frozen,1535,-1,0.0007950097788125277,362,0.7084148727984344,8.726993560791016,0.0016439403407275677,8.726993560791016,0.00018837418972250975
frozen,1535,-1,0.0007950097788125277,26,0.050880626223091974,7.910179615020752,0.00010425552318338305,7.910179615020752,1.3179918567893295e-05
frozen,57,-1,0.0017327136592939496,85,0.16634050880626222,10.98691463470459,0.0018596331356093287,10.98691463470459,0.00016925890456409554
frozen,57,-1,0.0017327136592939496,350,0.684931506849315,10.526129722595215,0.0007522287778556347,10.526129722595215,7.146299710148099e-05
frozen,57,-1,0.0017327136592939496,41,0.08023483365949119,10.50486946105957,0.0013780134031549096,10.50486946105957,0.00013117853660752837
frozen,57,-1,0.0017327136592939496,251,0.4911937377690802,10.387264251708984,0.0015492395032197237,10.387264251708984,0.00014914798215178094
frozen,4,-1,0.002160795731469989,138,0.2700587084148728,10.125373840332031,0.0004913440207019448,10.125373840332031,4.852601281197067e-05
frozen,4,-1,0.002160795731469989,498,0.974559686888454,8.861145973205566,0.0024641011841595173,8.861145973205566,0.00027807929037739523
frozen,4,-1,0.002160795731469989,291,0.5694716242661448,8.491806983947754,0.00030107772909104824,8.491806983947754,3.54550839014808e-05
frozen,4,-1,0.002160795731469989,80,0.15655577299412915,8.360944747924805,0.0012728087604045868,8.360944747924805,0.00015223264819690373
frozen,9892,-1,0.0022423353511840105,443,0.8669275929549902,7.757082939147949,0.00012083016918040812,7.757082939147949,1.5576753546182956e-05
frozen,9892,-1,0.0022423353511840105,460,0.9001956947162426,7.586541652679443,0.0027089929208159447,7.586541652679443,0.0003570787645855964
frozen,9892,-1,0.0022423353511840105,227,0.44422700587084146,6.722313404083252,8.63316236063838e-05,6.722313404083252,1.2842546667631481e-05
frozen,9892,-1,0.0022423353511840105,192,0.37573385518590996,6.253885269165039,0.00031541349017061293,6.253884792327881,5.0434809825335255e-05
frozen,9603,-1,0.0013046314707025886,128,0.25048923679060664,7.988159656524658,0.00028032317641191185,7.988160610198975,3.509233102474255e-05
frozen,9603,-1,0.0013046314707025886,317,0.6203522504892368,7.073791027069092,0.001718919724225998,7.07379150390625,0.00024299835855732892
frozen,9603,-1,0.0013046314707025886,336,0.6575342465753424,6.870402812957764,0.002786237746477127,6.870403289794922,0.00040554209541319297
frozen,9603,-1,0.0013046314707025886,283,0.5538160469667319,6.8562798500061035,0.001565690734423697,6.856280326843262,0.00022835862301221944
frozen,16066,-1,0.009743966162204742,140,0.273972602739726,18.079389572143555,0.008211157284677029,18.079387664794922,0.00045417231141440704
frozen,16066,-1,0.009743966162204742,252,0.4931506849315068,17.078548431396484,0.006053824909031391,17.07854652404785,0.00035446956217891025
frozen,16066,-1,0.009743966162204742,496,0.9706457925636007,14.669443130493164,0.005185340531170368,14.669441223144531,0.0003534790761483989
frozen,16066,-1,0.009743966162204742,326,0.6379647749510763,14.470329284667969,0.0021704682148993015,14.470328330993652,0.00014999439993703718
frozen,11476,-1,0.004178897477686405,283,0.5538160469667319,8.647085189819336,0.004369653761386871,8.647085189819336,0.0005053325676184494
frozen,11476,-1,0.004178897477686405,163,0.31898238747553814,7.728830814361572,0.0005863436963409185,7.728830814361572,7.586447554931406e-05
frozen,11476,-1,0.004178897477686405,435,0.8512720156555773,7.103810787200928,0.0037183130625635386,7.103811264038086,0.0005234250917372914
frozen,11476,-1,0.004178897477686405,413,0.8082191780821918,6.833400726318359,0.0002799567300826311,6.833400726318359,4.0968873522139216e-05
frozen,2269,-1,0.003037345129996538,360,0.7045009784735812,11.10817813873291,0.0005086758174002171,11.10817813873291,4.579291140700421e-05
frozen,2269,-1,0.003037345129996538,403,0.7886497064579256,10.485595703125,0.002068048343062401,10.485595703125,0.00019722754926036913
frozen,2269,-1,0.003037345129996538,260,0.5088062622309197,9.126909255981445,0.0012631190475076437,9.126909255981445,0.00013839504832151598
frozen,2269,-1,0.003037345129996538,251,0.4911937377690802,8.581546783447266,0.00029489872395060956,8.581546783447266,3.4364285529437704e-05
frozen,4838,-1,0.0008357795304618776,63,0.1232876712328767,19.958524703979492,0.008865553885698318,19.958524703979492,0.0004441988582417934
frozen,4838,-1,0.0008357795304618776,95,0.18590998043052837,19.639474868774414,0.0029266257770359516,19.639474868774414,0.0001490175168425257
frozen,4838,-1,0.0008357795304618776,237,0.4637964774951076,18.367830276489258,0.009198005311191082,18.367830276489258,0.0005007671114516171
frozen,4838,-1,0.0008357795304618776,217,0.4246575342465753,17.803918838500977,0.0013087724801152945,17.803918838500977,7.351035982511186e-05
frozen,15802,-1,0.020874103531241417,24,0.046966731898238745,20.70193099975586,0.011712120845913887,20.701929092407227,0.0005657502155298899
frozen,15802,-1,0.020874103531241417,481,0.9412915851272016,19.48904800415039,0.008092819713056087,19.489046096801758,0.00041524965731309737
frozen,15802,-1,0.020874103531241417,146,0.2857142857142857,19.298141479492188,0.0069820168428123,19.298139572143555,0.0003617974062583053
frozen,15802,-1,0.020874103531241417,115,0.22504892367906065,18.273414611816406,0.018773822113871574,18.273412704467773,0.0010273845623418472
frozen,14877,-1,0.0006319308304227889,195,0.3816046966731898,7.108442783355713,5.762263754149899e-06,7.108443260192871,8.106224588467142e-07
frozen,14877,-1,0.0006319308304227889,313,0.6125244618395304,6.3608856201171875,0.0040594786405563354,6.360886096954346,0.00063819388976326
frozen,14877,-1,0.0006319308304227889,411,0.8043052837573386,6.2825469970703125,0.00018552131950855255,6.282547473907471,2.9529632729248025e-05
frozen,14877,-1,0.0006319308304227889,195,0.3816046966731898,6.204705715179443,4.778932634508237e-06,6.204706192016602,7.702109474026568e-07
frozen,14917,-1,0.009723581373691559,302,0.5909980430528375,13.795607566833496,0.001269477535970509,13.79560661315918,9.202042154199989e-05
frozen,14917,-1,0.009723581373691559,277,0.5420743639921722,12.202250480651855,0.0020957752130925655,12.202249526977539,0.00017175318439924435
frozen,14917,-1,0.009723581373691559,291,0.5694716242661448,11.614218711853027,0.0029610255733132362,11.614218711853027,0.0002549483221192767
frozen,14917,-1,0.009723581373691559,270,0.5283757338551859,11.41987133026123,0.0024962760508060455,11.41987133026123,0.00021859055838844928
frozen,1207,-1,0.012271689251065254,411,0.8043052837573386,21.37508773803711,0.022944189608097076,21.37508773803711,0.0010734079733047243
frozen,1207,-1,0.012271689251065254,50,0.09784735812133072,20.534278869628906,0.003979407250881195,20.534278869628906,0.0001937933772179802
frozen,1207,-1,0.012271689251065254,294,0.5753424657534246,18.8199462890625,0.01013147458434105,18.819948196411133,0.0005383370070207243
frozen,1207,-1,0.012271689251065254,350,0.684931506849315,18.477140426635742,0.007608398795127869,18.477142333984375,0.0004117735663665913
frozen,10704,-1,0.0030984997283667326,202,0.3953033268101761,21.386476516723633,0.007084540091454983,21.386476516723633,0.00033126261289067736
frozen,10704,-1,0.0030984997283667326,411,0.8043052837573386,20.225433349609375,0.0024742241948843002,20.225433349609375,0.00012233232050536442
frozen,10704,-1,0.0030984997283667326,379,0.7416829745596869,15.279828071594238,0.002484438940882683,15.279828071594238,0.00016259600103101592
frozen,10704,-1,0.0030984997283667326,371,0.726027397260274,13.535017013549805,0.0020349454134702682,13.535017967224121,0.00015034670943163975
frozen,13788,-1,0.0038527396973222494,495,0.9686888454011742,18.123899459838867,0.009131375700235367,18.1239013671875,0.0005038305779332538
frozen,13788,-1,0.0038527396973222494,264,0.5166340508806262,16.922035217285156,0.0023928601294755936,16.92203712463379,0.0001414049686720196
frozen,13788,-1,0.0038527396973222494,411,0.8043052837573386,16.794784545898438,0.0023449035361409187,16.794784545898438,0.00013962093587640472
frozen,13788,-1,0.0038527396973222494,55,0.10763209393346379,15.542401313781738,0.00699703861027956,15.542402267456055,0.00045019029168550913
frozen,7410,-1,0.0015900195576250553,357,0.6986301369863014,8.273686408996582,0.003117577638477087,8.273687362670898,0.0003768063140194212
frozen,7410,-1,0.0015900195576250553,319,0.62426614481409,8.260946273803711,0.0015142988413572311,8.260946273803711,0.0001833081575847097
frozen,7410,-1,0.0015900195576250553,317,0.6203522504892368,8.23649787902832,0.0016242738347500563,8.23649787902832,0.00019720442578948077
frozen,7410,-1,0.0015900195576250553,223,0.436399217221135,8.064189910888672,0.0035673407837748528,8.064190864562988,0.00044236809912957993
frozen,9339,-1,0.011395140551030636,414,0.8101761252446184,31.049823760986328,0.0013055172748863697,31.049821853637695,4.2045886158068876e-05
frozen,9339,-1,0.011395140551030636,354,0.6927592954990215,26.425954818725586,6.114751886343583e-05,26.425954818725586,2.3139189967927422e-06
frozen,9339,-1,0.011395140551030636,184,0.36007827788649704,25.521577835083008,0.005722224712371826,25.521577835083008,0.00022421124388735173
frozen,9339,-1,0.011395140551030636,313,0.6125244618395304,23.965742111206055,0.00027784856501966715,23.965742111206055,1.1593572347160865e-05
frozen,16013,-1,0.0011415524641051888,97,0.1898238747553816,7.4795660972595215,0.0018639458576217294,7.47956657409668,0.00024920506277422116
frozen,16013,-1,0.0011415524641051888,174,0.3405088062622309,7.294633865356445,0.0011895161587744951,7.2946343421936035,0.00016306727698386459
frozen,16013,-1,0.0011415524641051888,227,0.44422700587084146,7.218123435974121,0.000744653632864356,7.218123912811279,0.00010316442913132701
frozen,16013,-1,0.0011415524641051888,449,0.8786692759295499,6.90164041519165,9.693123865872622e-05,6.901640892028809,1.4044665634614362e-05
frozen,15297,-1,0.00921395979821682,365,0.7142857142857143,14.58394718170166,0.0022717537358403206,14.58394718170166,0.0001557708422511752
frozen,15297,-1,0.00921395979821682,355,0.6947162426614482,13.247875213623047,0.0022562756203114986,13.247875213623047,0.00017031226396149374
frozen,15297,-1,0.00921395979821682,332,0.649706457925636,12.570467948913574,0.005421651527285576,12.570467948913574,0.00043130069217145987
frozen,15297,-1,0.00921395979821682,344,0.6731898238747553,11.593672752380371,0.0018291957676410675,11.593672752380371,0.0001577753492537991
frozen,4161,-1,0.010131278075277805,250,0.4892367906066536,15.245186805725098,0.004018613137304783,15.245187759399414,0.00026359879594314004
frozen,4161,-1,0.010131278075277805,296,0.5792563600782779,15.049440383911133,0.012248160317540169,15.049440383911133,0.0008138615127931453
frozen,4161,-1,0.010131278075277805,399,0.7808219178082192,14.111544609069824,0.0020208749920129776,14.111544609069824,0.00014320721423465672
frozen,4161,-1,0.010131278075277805,270,0.5283757338551859,13.939468383789062,0.0008449465967714787,13.939468383789062,6.061541039499837e-05
frozen,7099,-1,0.0009580887272022665,67,0.13111545988258316,10.005840301513672,0.0012788604944944382,10.005838394165039,0.00012781142809983949
frozen,7099,-1,0.0009580887272022665,356,0.6966731898238747,9.550104141235352,0.0007779817096889019,9.550102233886719,8.146318129751345e-05
frozen,7099,-1,0.0009580887272022665,210,0.410958904109589,7.990022659301758,0.0008365551475435495,7.990021228790283,0.00010469999059942509
frozen,7099,-1,0.0009580887272022665,5,0.009784735812133072,7.972492218017578,0.001992464531213045,7.9724907875061035,0.0002499174454156144
frozen,3676,-1,0.003587736515328288,56,0.1095890410958904,10.686823844909668,0.0021926769986748695,10.686823844909668,0.0002051757407528788
frozen,3676,-1,0.003587736515328288,73,0.14285714285714285,10.562040328979492,0.0004639347898773849,10.562040328979492,4.392473191041209e-05
frozen,3676,-1,0.003587736515328288,241,0.47162426614481406,10.429115295410156,0.001704661175608635,10.429115295410156,0.0001634521363819666
frozen,3676,-1,0.003587736515328288,406,0.7945205479452054,10.107410430908203,0.0024009570479393005,10.107410430908203,0.0002375442319624456
frozen,7832,-1,0.008582028560340405,94,0.18395303326810175,10.118162155151367,0.0024201315827667713,10.118163108825684,0.00023918685207355314
frozen,7832,-1,0.008582028560340405,392,0.7671232876712328,7.675489902496338,0.0001526592532172799,7.675490379333496,1.9889185664061262e-05
frozen,7832,-1,0.008582028560340405,437,0.8551859099804305,7.100170612335205,0.0008374433382414281,7.100171089172363,0.00011794692377462771
frozen,7832,-1,0.008582028560340405,251,0.4911937377690802,7.063344955444336,0.004758571274578571,7.063345432281494,0.0006736993567991945
frozen,9456,-1,0.0051777558401227,511,1.0,12.905126571655273,0.01415475644171238,12.905126571655273,0.0010968320506675063
frozen,9456,-1,0.0051777558401227,247,0.48336594911937375,11.590130805969238,0.018362537026405334,11.590131759643555,0.0015843251316903114
frozen,9456,-1,0.0051777558401227,273,0.5342465753424658,11.536105155944824,0.012740064412355423,11.536105155944824,0.0011043644488443458
frozen,9456,-1,0.0051777558401227,36,0.07045009784735812,11.26399040222168,0.013242999091744423,11.263991355895996,0.0011756932931959807
frozen,770,-1,0.006849315017461777,332,0.649706457925636,13.88797664642334,0.01056167483329773,13.887974739074707,0.0007604906425687671
frozen,770,-1,0.006849315017461777,324,0.6340508806262231,13.853235244750977,0.008119712583720684,13.85323429107666,0.0005861239630481719
frozen,770,-1,0.006849315017461777,335,0.6555772994129159,13.820406913757324,0.012562327086925507,13.820405960083008,0.0009089694704489024
frozen,770,-1,0.006849315017461777,47,0.09197651663405088,11.738860130310059,0.007160598412156105,11.738859176635742,0.0006099909969452647
frozen,2976,-1,0.005096216686069965,490,0.958904109589041,12.771611213684082,0.00195682467892766,12.771611213684082,0.0001532167434623307
frozen,2976,-1,0.005096216686069965,493,0.9647749510763209,10.659412384033203,0.00047274265671148896,10.659412384033203,4.434978586808528e-05
frozen,2976,-1,0.005096216686069965,200,0.3913894324853229,10.534756660461426,0.0006920110899955034,10.534756660461426,6.56883791718444e-05
frozen,2976,-1,0.005096216686069965,201,0.3933463796477495,10.063085556030273,0.0029837468173354864,10.063085556030273,0.000296504168698783
frozen,11496,-1,0.0016307892510667443,413,0.8082191780821918,7.153811931610107,6.482686148956418e-05,7.153812408447266,9.061862093702125e-06
frozen,11496,-1,0.0016307892510667443,317,0.6203522504892368,6.979325294494629,0.0010381927713751793,6.979325294494629,0.00014875259821950376
frozen,11496,-1,0.0016307892510667443,421,0.8238747553816047,6.204836845397949,0.0020644606556743383,6.204836845397949,0.00033271795973257917
frozen,11496,-1,0.0016307892510667443,179,0.350293542074364,5.845930576324463,0.001116017228923738,5.845930576324463,0.00019090497472609678
frozen,1838,-1,0.0017530984478071332,336,0.6575342465753424,8.495750427246094,0.004363582469522953,8.495750427246094,0.0005136194273702803
frozen,1838,-1,0.0017530984478071332,392,0.7671232876712328,8.386136054992676,9.499836596660316e-05,8.386136054992676,1.1328025844518227e-05
frozen,1838,-1,0.0017530984478071332,84,0.1643835616438356,6.46254301071167,0.0010907441610470414,6.462543487548828,0.00016877939206885688
frozen,1838,-1,0.0017530984478071332,485,0.949119373776908,5.968199729919434,0.001953479368239641,5.968199729919434,0.00032731467722947865
frozen,1375,-1,0.008745107799768448,62,0.12133072407045009,11.083194732666016,0.002217689296230674,11.083194732666016,0.00020009476957888098
frozen,1375,-1,0.008745107799768448,142,0.27788649706457924,10.04948616027832,0.0032073119655251503,10.04948616027832,0.00031915183665831565
frozen,1375,-1,0.008745107799768448,505,0.9882583170254403,10.026166915893555,0.002695688046514988,10.026166915893555,0.0002688652671682299
frozen,1375,-1,0.008745107799768448,432,0.8454011741682974,9.830625534057617,0.0031606899574398994,9.830625534057617,0.00032151463266400263
frozen,14943,-1,0.0020181017462164164,345,0.675146771037182,11.741476058959961,0.00032855337485671043,11.741474151611328,2.7982293416846793e-05
frozen,14943,-1,0.0020181017462164164,191,0.37377690802348335,11.10680866241455,0.004542933311313391,11.106807708740234,0.000409022414940923
frozen,14943,-1,0.0020181017462164164,355,0.6947162426614482,10.501152992248535,0.005437341518700123,10.501152038574219,0.0005177852390601489
frozen,14943,-1,0.0020181017462164164,275,0.538160469667319,10.449580192565918,0.0035192016512155533,10.449579238891602,0.00033677926840514956
frozen,6219,-1,0.037222765386104584,415,0.812133072407045,29.944887161254883,0.016163665801286697,29.944889068603516,0.0005397804534942795
frozen,6219,-1,0.037222765386104584,300,0.5870841487279843,27.097396850585938,0.013900596648454666,27.09739875793457,0.0005129863856169714
frozen,6219,-1,0.037222765386104584,128,0.25048923679060664,26.67926788330078,0.027423348277807236,26.679269790649414,0.0010278897620885638
frozen,6219,-1,0.037222765386104584,176,0.34442270058708413,26.51512908935547,0.02346736751496792,26.515132904052734,0.0008850556246459931
frozen,8234,-1,0.002385029336437583,226,0.44227005870841485,13.635493278503418,0.00042385898996144533,13.635493278503418,3.1084976634447545e-05
frozen,8234,-1,0.002385029336437583,427,0.8356164383561644,11.313637733459473,1.9429871827014722e-05,11.313637733459473,1.71738500779037e-06
frozen,8234,-1,0.002385029336437583,102,0.19960861056751467,11.016661643981934,8.670322858961299e-05,11.016661643981934,7.870190752111946e-06
frozen,8234,-1,0.002385029336437583,225,0.44031311154598823,10.839024543762207,0.00208010571077466,10.839024543762207,0.0001919089399951353
frozen,13241,-1,0.002303489949554205,1,0.0019569471624266144,74.58837127685547,0.12273229658603668,74.58837127685547,0.0016454615442731905
frozen,13241,-1,0.002303489949554205,1,0.0019569471624266144,74.58837127685547,0.12273229658603668,74.58837127685547,0.0016454615442731905
frozen,13241,-1,0.002303489949554205,1,0.0019569471624266144,74.58837127685547,0.12273229658603668,74.58837127685547,0.0016454615442731905
frozen,13241,-1,0.002303489949554205,1,0.0019569471624266144,74.58837127685547,0.12273229658603668,74.58837127685547,0.0016454615442731905
