arm,fid,bin,freq,pos,rel_pos,act,kl,pnorm,kl_per_norm
trained,10927,-1,0.011293215677142143,460,0.9001956947162426,32.825279235839844,0.0005991848302073777,32.82528305053711,1.8253759740163867e-05
trained,10927,-1,0.011293215677142143,479,0.9373776908023483,31.21192741394043,0.00033188401721417904,31.211929321289062,1.0633242623287861e-05
trained,10927,-1,0.011293215677142143,274,0.5362035225048923,16.47220802307129,0.0039786407724022865,16.472209930419922,0.00024153655090655222
trained,10927,-1,0.011293215677142143,212,0.41487279843444225,11.968132019042969,0.01871240884065628,11.968132972717285,0.001563519463170516
trained,13835,-1,0.008969341404736042,501,0.9804305283757339,14.433156967163086,0.0009044695179909468,14.43315601348877,6.266609445263796e-05
trained,13835,-1,0.008969341404736042,415,0.812133072407045,13.451458930969238,0.00011491018813103437,13.451457977294922,8.542582397015578e-06
trained,13835,-1,0.008969341404736042,392,0.7671232876712328,11.305229187011719,0.0002313147997483611,11.305228233337402,2.046086951754312e-05
trained,13835,-1,0.008969341404736042,287,0.5616438356164384,9.83219051361084,5.502095154952258e-05,9.832189559936523,5.596001909251004e-06
trained,4163,-1,0.002303489949554205,365,0.7142857142857143,8.892148971557617,0.0022835442796349525,8.892148971557617,0.0002568045460033436
trained,4163,-1,0.002303489949554205,351,0.6868884540117417,7.040752410888672,0.0013732723891735077,7.040752410888672,0.00019504625486470921
trained,4163,-1,0.002303489949554205,74,0.14481409001956946,6.838443279266357,0.0003948579542338848,6.838443279266357,5.774091238441127e-05
trained,4163,-1,0.002303489949554205,90,0.1761252446183953,6.801376819610596,0.0007969787111505866,6.801376819610596,0.0001171790259955361
trained,10558,-1,6.115459837019444e-05,292,0.5714285714285714,3.9393482208251953,0.0002691865956876427,3.9393482208251953,6.83327750170953e-05
trained,10558,-1,6.115459837019444e-05,207,0.4050880626223092,3.1268324851989746,0.002439284697175026,3.1268327236175537,0.0007801135886645458
trained,10558,-1,6.115459837019444e-05,508,0.9941291585127201,3.0655293464660645,0.0004165973514318466,3.0655295848846436,0.00013589735146774754
trained,13967,-1,0.0020384865347296,264,0.5166340508806262,8.00471019744873,0.001071280101314187,8.00471019744873,0.00013383121623261596
trained,13967,-1,0.0020384865347296,296,0.5792563600782779,7.777520179748535,0.0008859324734658003,7.777519702911377,0.00011390938336474637
trained,13967,-1,0.0020384865347296,60,0.11741682974559686,7.0112433433532715,0.0010596601059660316,7.0112433433532715,0.00015113725969454476
trained,13967,-1,0.0020384865347296,94,0.18395303326810175,6.911871433258057,0.0018241608049720526,6.911871433258057,0.00026391706248971643
trained,8584,-1,0.01950831711292267,328,0.6418786692759295,18.48221778869629,0.0021788938902318478,18.48221778869629,0.00011789136537306999
trained,8584,-1,0.01950831711292267,334,0.6536203522504892,15.48871898651123,0.001047742087393999,15.488719940185547,6.764549242546686e-05
trained,8584,-1,0.01950831711292267,330,0.6457925636007827,14.518228530883789,2.7403104468248785e-05,14.518229484558105,1.8874963023139497e-06
trained,8584,-1,0.01950831711292267,283,0.5538160469667319,13.970104217529297,0.001378086395561695,13.970104217529297,9.864539119418385e-05
trained,2852,-1,0.00835779495537281,327,0.639921722113503,27.574132919311523,0.03569072112441063,27.574132919311523,0.0012943551562926811
trained,2852,-1,0.00835779495537281,481,0.9412915851272016,25.615642547607422,0.005952541716396809,25.615642547607422,0.00023237916852305522
trained,2852,-1,0.00835779495537281,200,0.3913894324853229,25.367008209228516,0.01104862242937088,25.367008209228516,0.0004355508674196507
trained,2852,-1,0.00835779495537281,505,0.9882583170254403,23.825443267822266,0.01793932542204857,23.825443267822266,0.0007529482335498343
trained,10996,-1,0.016899054870009422,492,0.9628180039138943,17.9022159576416,0.0008099174592643976,17.9022159576416,4.5241184732702465e-05
trained,10996,-1,0.016899054870009422,510,0.9980430528375733,17.627395629882812,0.0019484027288854122,17.62739372253418,0.00011053266067317992
trained,10996,-1,0.016899054870009422,24,0.046966731898238745,14.788793563842773,0.011197848245501518,14.788792610168457,0.0007571847506876334
trained,10996,-1,0.016899054870009422,206,0.40313111545988256,14.469327926635742,0.001865028403699398,14.469326972961426,0.00012889531124595798
trained,4198,-1,0.005931996274739504,202,0.3953033268101761,24.241785049438477,0.027900617569684982,24.241783142089844,0.001150930911564937
trained,4198,-1,0.005931996274739504,480,0.9393346379647749,14.693107604980469,0.0012598572066053748,14.693106651306152,8.574478063108451e-05
trained,4198,-1,0.005931996274739504,389,0.761252446183953,13.114673614501953,0.005305647850036621,13.114672660827637,0.0004045581607144584
trained,4198,-1,0.005931996274739504,479,0.9373776908023483,12.755016326904297,0.0016461411723867059,12.755016326904297,0.00012905833518334916
trained,11745,-1,0.0022015655413269997,156,0.30528375733855184,13.773065567016602,0.0026178937405347824,13.773065567016602,0.0001900734246705432
trained,11745,-1,0.0022015655413269997,213,0.41682974559686886,13.616559982299805,0.002139556920155883,13.616559982299805,0.00015712903427422915
trained,11745,-1,0.0022015655413269997,40,0.07827788649706457,13.611859321594238,0.002348567359149456,13.611858367919922,0.00017253833353750574
trained,11745,-1,0.0022015655413269997,157,0.30724070450097846,11.273332595825195,0.0010101658990606666,11.273332595825195,8.960667934473582e-05
trained,6562,-1,0.0007134703337214887,358,0.700587084148728,9.183148384094238,0.0006304976996034384,9.183149337768555,6.8658112420139e-05
trained,6562,-1,0.0007134703337214887,411,0.8043052837573386,7.7615790367126465,0.001344866119325161,7.761579513549805,0.00017327222081244627
trained,6562,-1,0.0007134703337214887,356,0.6966731898238747,7.303426265716553,0.0006457949057221413,7.303426742553711,8.842354808043616e-05
trained,6562,-1,0.0007134703337214887,346,0.6771037181996086,7.132149696350098,0.0029141907580196857,7.132149696350098,0.000408599213714069
trained,10938,-1,0.006013535428792238,214,0.4187866927592955,18.630756378173828,0.0023675323463976383,18.630756378173828,0.00012707655547314402
trained,10938,-1,0.006013535428792238,76,0.1487279843444227,16.44598388671875,0.006792124360799789,16.44598388671875,0.00041299592700470123
trained,10938,-1,0.006013535428792238,358,0.700587084148728,15.06871509552002,0.017165085300803185,15.068716049194336,0.0011391206287758627
trained,10938,-1,0.006013535428792238,191,0.37377690802348335,14.460440635681152,0.0016395649872720242,14.460440635681152,0.00011338278193448655
trained,959,-1,0.005687377881258726,173,0.3385518590998043,14.041719436645508,0.003968954551964998,14.041719436645508,0.0002826544548103548
trained,959,-1,0.005687377881258726,96,0.18786692759295498,12.324459075927734,0.004684907384216785,12.324459075927734,0.0003801308727104621
trained,959,-1,0.005687377881258726,267,0.5225048923679061,10.835029602050781,0.001027504913508892,10.835029602050781,9.483175877197537e-05
trained,959,-1,0.005687377881258726,255,0.49902152641878667,9.637828826904297,0.0025375541299581528,9.637828826904297,0.00026329105605968974
trained,11240,-1,0.005198141094297171,263,0.5146771037181996,20.15383529663086,0.0011790167773142457,20.153837203979492,5.850085844106362e-05
trained,11240,-1,0.005198141094297171,147,0.2876712328767123,19.686765670776367,0.003244026331230998,19.686767578125,0.0001647820709193319
trained,11240,-1,0.005198141094297171,286,0.5596868884540117,19.67776870727539,0.0016999084036797285,19.677770614624023,8.638724563728776e-05
trained,11240,-1,0.005198141094297171,422,0.8258317025440313,18.729921340942383,0.0015300854574888945,18.729923248291016,8.16920302985494e-05
trained,87,-1,0.006706621032208204,155,0.30332681017612523,9.351964950561523,0.0004137956420890987,9.351964950561523,4.424691968763773e-05
trained,87,-1,0.006706621032208204,116,0.22700587084148727,8.252555847167969,0.0012393109500408173,8.252555847167969,0.00015017298555648209
trained,87,-1,0.006706621032208204,157,0.30724070450097846,8.200531959533691,0.0002164432080462575,8.200531959533691,2.639380092831992e-05
trained,87,-1,0.006706621032208204,165,0.32289628180039137,7.522876262664795,0.00033236981835216284,7.522876262664795,4.41812156344612e-05
trained,10041,-1,0.009478962980210781,298,0.5831702544031311,11.086448669433594,0.0023618219420313835,11.086448669433594,0.0002130368355506984
trained,10041,-1,0.009478962980210781,297,0.5812133072407045,10.386847496032715,0.002787083387374878,10.386847496032715,0.00026832813213435665
trained,10041,-1,0.009478962980210781,60,0.11741682974559686,10.17209529876709,0.003290661610662937,10.17209529876709,0.00032349889713103474
trained,10041,-1,0.009478962980210781,129,0.25244618395303325,9.142581939697266,0.00259873503819108,9.142581939697266,0.00028424520068092834
trained,7846,-1,0.0011415524641051888,118,0.2309197651663405,7.659418106079102,0.00018893768719863147,7.659418106079102,2.466736827549289e-05
trained,7846,-1,0.0011415524641051888,151,0.29549902152641877,7.61501407623291,0.0011334139853715897,7.615013599395752,0.00014883939083989628
trained,7846,-1,0.0011415524641051888,117,0.22896281800391388,6.942013263702393,0.0020281062461435795,6.942012786865234,0.000292149598165664
trained,7846,-1,0.0011415524641051888,438,0.8571428571428571,6.527233600616455,1.3341646990738809e-05,6.527233123779297,2.0439973167396138e-06
trained,7941,-1,0.001406555762514472,118,0.2309197651663405,20.017574310302734,0.04320112615823746,20.017574310302734,0.002158159899324191
trained,7941,-1,0.001406555762514472,10,0.019569471624266144,19.86197280883789,0.009493537247180939,19.86197280883789,0.00047797554344433717
trained,7941,-1,0.001406555762514472,57,0.11154598825831702,16.646697998046875,0.0016480130143463612,16.646697998046875,9.899939402635402e-05
trained,7941,-1,0.001406555762514472,212,0.41487279843444225,15.568387985229492,0.0027117598801851273,15.568388938903809,0.00017418371874103924
trained,12566,-1,0.0002650032693054527,358,0.700587084148728,5.537395000457764,0.001266905339434743,5.537395000457764,0.00022879085550696866
trained,12566,-1,0.0002650032693054527,79,0.15459882583170254,5.485527992248535,0.0012934424448758364,5.485527992248535,0.0002357917864430859
trained,12566,-1,0.0002650032693054527,291,0.5694716242661448,4.962467670440674,0.001931618433445692,4.962467670440674,0.0003892455451048131
trained,12566,-1,0.0002650032693054527,180,0.3522504892367906,4.846709251403809,0.0013372238026931882,4.846709251403809,0.00027590344981099756
trained,12960,-1,0.00016307893383782357,427,0.8356164383561644,8.015056610107422,0.001674354076385498,8.015056610107422,0.0002089010917619779
trained,12960,-1,0.00016307893383782357,411,0.8043052837573386,6.964819431304932,0.0007739830762147903,6.964819431304932,0.00011112751505601869
trained,12960,-1,0.00016307893383782357,497,0.9726027397260274,6.854585647583008,0.0007413583807647228,6.854586124420166,0.00010815509022835931
trained,12960,-1,0.00016307893383782357,107,0.20939334637964774,6.281624794006348,0.0020186230540275574,6.281624794006348,0.00032135364976807265
trained,14068,-1,0.0051777558401227,156,0.30528375733855184,14.526023864746094,0.0034681472461670637,14.526023864746094,0.00023875406501183555
trained,14068,-1,0.0051777558401227,449,0.8786692759295499,14.090522766113281,0.007467226125299931,14.090522766113281,0.0005299467059702061
trained,14068,-1,0.0051777558401227,433,0.8473581213307241,13.975207328796387,0.0013433913700282574,13.975207328796387,9.612675779486678e-05
trained,14068,-1,0.0051777558401227,96,0.18786692759295498,12.916531562805176,0.004195146728307009,12.916531562805176,0.0003247889503392286
trained,2026,-1,0.0003873124660458416,39,0.07632093933463796,6.658422470092773,0.0007927461992949247,6.658422470092773,0.00011905916196451248
trained,2026,-1,0.0003873124660458416,394,0.7710371819960861,6.342033863067627,0.0005498614627867937,6.342033386230469,8.670113026850784e-05
trained,2026,-1,0.0003873124660458416,289,0.5655577299412916,4.658456802368164,0.0007836875738576055,4.658456802368164,0.00016822900954221827
trained,2026,-1,0.0003873124660458416,35,0.0684931506849315,4.616396427154541,0.0021446822211146355,4.616396427154541,0.00046457930010065815
trained,5368,-1,0.0062989238649606705,307,0.6007827788649707,18.4385929107666,0.004781424067914486,18.4385929107666,0.00025931610351473904
trained,5368,-1,0.0062989238649606705,308,0.6027397260273972,16.402509689331055,0.001361248316243291,16.402509689331055,8.299024612853662e-05
trained,5368,-1,0.0062989238649606705,280,0.547945205479452,15.705513954162598,0.008989028632640839,15.705513954162598,0.0005723485814520818
trained,5368,-1,0.0062989238649606705,300,0.5870841487279843,14.611416816711426,0.0011142087168991566,14.611416816711426,7.625603532333768e-05
trained,11763,-1,0.012088226154446602,387,0.7573385518590998,16.95330238342285,0.005119238048791885,16.95330238342285,0.0003019611125321247
trained,11763,-1,0.012088226154446602,77,0.1506849315068493,16.520061492919922,0.01892600953578949,16.520063400268555,0.0011456378270002174
trained,11763,-1,0.012088226154446602,461,0.9021526418786693,16.358057022094727,0.0025921370834112167,16.358057022094727,0.00015846240662384495
trained,11763,-1,0.012088226154446602,78,0.15264187866927592,15.681044578552246,0.012432742863893509,15.681045532226562,0.0007928516525471867
trained,6423,-1,0.0006523157353512943,237,0.4637964774951076,19.223316192626953,6.0294318245723844e-05,19.223316192626953,3.136520132194962e-06
trained,6423,-1,0.0006523157353512943,238,0.4657534246575342,18.58953857421875,0.0001223534345626831,18.58953857421875,6.581843550026102e-06
trained,6423,-1,0.0006523157353512943,329,0.6438356164383562,14.623189926147461,0.005001911893486977,14.623189926147461,0.00034205340413059594
trained,6423,-1,0.0006523157353512943,235,0.4598825831702544,14.158230781555176,0.00012027093907818198,14.158230781555176,8.494771764482505e-06
trained,9119,-1,0.0007134703337214887,323,0.6320939334637965,10.628031730651855,0.0019350629299879074,10.628031730651855,0.00018207161768317594
trained,9119,-1,0.0007134703337214887,433,0.8473581213307241,7.841451644897461,0.000274485326372087,7.841451644897461,3.500440209316324e-05
trained,9119,-1,0.0007134703337214887,6,0.011741682974559686,6.930877685546875,0.001965128816664219,6.930877685546875,0.0002835324623838261
trained,9119,-1,0.0007134703337214887,492,0.9628180039138943,6.833884239196777,0.0006248574936762452,6.833884239196777,9.143518851142963e-05
trained,13287,-1,0.0010803978657349944,410,0.8023483365949119,7.031122207641602,0.000831886543892324,7.031122207641602,0.00011831490327222711
trained,13287,-1,0.0010803978657349944,248,0.48532289628180036,6.591963768005371,0.0015877773985266685,6.591963768005371,0.00024086561370878197
trained,13287,-1,0.0010803978657349944,365,0.7142857142857143,6.136163234710693,0.001609025988727808,6.136163234710693,0.00026222020620735167
trained,13287,-1,0.0010803978657349944,272,0.5322896281800391,6.122766017913818,0.002730537671595812,6.122766017913818,0.0004459647263355942
trained,15227,-1,0.005300065036863089,159,0.3111545988258317,22.013042449951172,0.01662273146212101,22.013042449951172,0.0007551310319740868
trained,15227,-1,0.005300065036863089,4,0.007827788649706457,21.28912925720215,0.02179347351193428,21.28912925720215,0.0010236902246512272
trained,15227,-1,0.005300065036863089,165,0.32289628180039137,18.210025787353516,0.004641596227884293,18.210025787353516,0.00025489234787947333
trained,15227,-1,0.005300065036863089,364,0.7123287671232876,17.989152908325195,0.0039854394271969795,17.989152908325195,0.00022154680920815115
trained,6262,-1,0.0030984997283667326,508,0.9941291585127201,14.674262046813965,0.0012154998257756233,14.674263000488281,8.283208674501595e-05
trained,6262,-1,0.0030984997283667326,9,0.01761252446183953,12.91854190826416,0.001910611055791378,12.91854190826416,0.00014789680362991547
trained,6262,-1,0.0030984997283667326,79,0.15459882583170254,12.652244567871094,0.002386639127507806,12.652244567871094,0.00018863365426624766
trained,6262,-1,0.0030984997283667326,286,0.5596868884540117,12.404324531555176,0.002404262311756611,12.404325485229492,0.0001938245102177863
trained,6196,-1,0.001875407644547522,131,0.2563600782778865,11.525181770324707,0.001685173250734806,11.525182723999023,0.0001462166189544006
trained,6196,-1,0.001875407644547522,438,0.8571428571428571,8.71165943145752,0.0008719619363546371,8.71165943145752,0.00010009137102008498
trained,6196,-1,0.001875407644547522,23,0.04500978473581213,8.70314884185791,0.0005943830474279821,8.703149795532227,6.829516455445929e-05
trained,6196,-1,0.001875407644547522,196,0.3835616438356164,7.874022483825684,0.0009962408803403378,7.874022960662842,0.00012652247590810598
trained,9718,-1,0.000448467064416036,199,0.38943248532289626,5.124274253845215,0.0008528213948011398,5.124274253845215,0.00016642774226246563
trained,9718,-1,0.000448467064416036,111,0.2172211350293542,5.076312065124512,0.0003719455562531948,5.076312065124512,7.327082170707166e-05
trained,9718,-1,0.000448467064416036,294,0.5753424657534246,4.814662456512451,0.0010916898027062416,4.814662456512451,0.00022674274937583433
trained,9718,-1,0.000448467064416036,152,0.2974559686888454,4.482400417327881,0.0006048057693988085,4.482399940490723,0.00013492900620835628
trained,12462,-1,0.0010396281722933054,424,0.8297455968688845,6.866814613342285,0.0005593127571046352,6.866814613342285,8.145155921610077e-05
trained,12462,-1,0.0010396281722933054,118,0.2309197651663405,5.649868011474609,0.0004969481378793716,5.649868011474609,8.795747739063885e-05
trained,12462,-1,0.0010396281722933054,283,0.5538160469667319,5.622693061828613,0.001091170939616859,5.622693061828613,0.0001940655354325865
trained,12462,-1,0.0010396281722933054,451,0.8825831702544031,5.569927215576172,0.0015434511005878448,5.569927215576172,0.00027710435717573107
trained,8317,-1,0.014901337213814259,505,0.9882583170254403,17.744230270385742,0.006291569210588932,17.744230270385742,0.0003545698581859172
trained,8317,-1,0.014901337213814259,479,0.9373776908023483,17.107160568237305,0.004147201776504517,17.107160568237305,0.00024242490505435395
trained,8317,-1,0.014901337213814259,120,0.23483365949119372,14.5071382522583,0.011009423062205315,14.5071382522583,0.0007588969561582207
trained,8317,-1,0.014901337213814259,496,0.9706457925636007,13.293835639953613,0.001689752098172903,13.293835639953613,0.00012710794265384788
trained,4318,-1,0.00421966752037406,49,0.0958904109589041,21.118391036987305,0.014819043688476086,21.118389129638672,0.0007017127867806096
trained,4318,-1,0.00421966752037406,347,0.6790606653620352,20.554203033447266,0.011656094342470169,20.554201126098633,0.0005670906045416613
trained,4318,-1,0.00421966752037406,65,0.12720156555772993,20.24604034423828,0.018759964033961296,20.24604034423828,0.0009265991628481616
trained,4318,-1,0.00421966752037406,494,0.9667318982387475,19.74763298034668,0.005810604430735111,19.74763298034668,0.0002942430840454633
trained,667,-1,0.0003873124660458416,215,0.4207436399217221,12.11208724975586,0.0021247901022434235,12.11208724975586,0.00017542724539787742
trained,667,-1,0.0003873124660458416,135,0.26418786692759294,6.28584098815918,0.00017996590759139508,6.28584098815918,2.8630362735933357e-05
trained,667,-1,0.0003873124660458416,324,0.6340508806262231,5.697521209716797,0.0007249944610521197,5.697521209716797,0.00012724734746325878
trained,667,-1,0.0003873124660458416,474,0.9275929549902152,5.586784362792969,0.00017531751655042171,5.586784362792969,3.138075593502525e-05
trained,547,-1,0.0072570121847093105,181,0.3542074363992172,8.712964057922363,1.1742728020180948e-05,8.71296501159668,1.347730422944629e-06
trained,547,-1,0.0072570121847093105,215,0.4207436399217221,7.4308905601501465,0.0022964326199144125,7.430891036987305,0.00030903866151231463
trained,547,-1,0.0072570121847093105,61,0.11937377690802348,6.947976589202881,0.0005778389750048518,6.947977066040039,8.316650580629909e-05
trained,547,-1,0.0072570121847093105,481,0.9412915851272016,6.7591447830200195,0.00013358182332012802,6.759145259857178,1.9763123617637807e-05
trained,15509,-1,0.0011007827706634998,157,0.30724070450097846,20.00206184387207,0.002262847265228629,20.002063751220703,0.00011313068958149532
trained,15509,-1,0.0011007827706634998,372,0.7279843444227005,16.091659545898438,0.0028148414567112923,16.091659545898438,0.00017492549159907873
trained,15509,-1,0.0011007827706634998,378,0.7397260273972602,15.827786445617676,0.0028461208567023277,15.827786445617676,0.0001798179970699787
trained,15509,-1,0.0011007827706634998,63,0.1232876712328767,15.015348434448242,0.006201103329658508,15.015348434448242,0.000412984311135393
trained,1455,-1,0.004953522700816393,17,0.033268101761252444,18.384788513183594,0.01062407810240984,18.384788513183594,0.000577873283382694
trained,1455,-1,0.004953522700816393,38,0.07436399217221135,14.827522277832031,0.008846845477819443,14.827522277832031,0.0005966502907263183
trained,1455,-1,0.004953522700816393,152,0.2974559686888454,13.85424518585205,0.006597568746656179,13.854244232177734,0.0004762128223012505
trained,1455,-1,0.004953522700816393,90,0.1761252446183953,13.482671737670898,0.006530819460749626,13.482671737670898,0.0004843861504469003
trained,14347,-1,0.0015492498641833663,444,0.8688845401174168,5.807943820953369,3.6644792089646216e-06,5.807943820953369,6.309426058399959e-07
trained,14347,-1,0.0015492498641833663,445,0.8708414872798435,5.380119323730469,0.00022259345860220492,5.380119323730469,4.137333118624272e-05
trained,14347,-1,0.0015492498641833663,57,0.11154598825831702,5.326112747192383,0.0001806240907171741,5.326112747192383,3.3912930366032644e-05
trained,14347,-1,0.0015492498641833663,240,0.46966731898238745,5.106280326843262,0.00012133014388382435,5.106280326843262,2.3760964169162935e-05
trained,14856,-1,0.00034654271439649165,24,0.046966731898238745,8.942705154418945,0.00034355861134827137,8.942706108093262,3.8417745947990675e-05
trained,14856,-1,0.00034654271439649165,151,0.29549902152641877,8.08178424835205,2.789882455545012e-05,8.08178424835205,3.452062527051368e-06
trained,14856,-1,0.00034654271439649165,311,0.6086105675146771,7.8200883865356445,0.00030499137938022614,7.8200883865356445,3.900101434983135e-05
trained,14856,-1,0.00034654271439649165,58,0.11350293542074363,7.717094421386719,0.0016606332501396537,7.717094898223877,0.0002151889113767223
trained,1225,-1,0.013372472487390041,401,0.7847358121330724,13.208589553833008,0.0030316191259771585,13.208589553833008,0.00022951876228884796
trained,1225,-1,0.013372472487390041,498,0.974559686888454,12.502708435058594,0.0013143732212483883,12.502708435058594,0.0001051270793104941
trained,1225,-1,0.013372472487390041,96,0.18786692759295498,12.412949562072754,0.002984856255352497,12.412949562072754,0.00024046309383811564
trained,1225,-1,0.013372472487390041,474,0.9275929549902152,12.360824584960938,0.001738817896693945,12.360824584960938,0.00014067167483385493
trained,4390,-1,0.008826646953821182,163,0.31898238747553814,21.578227996826172,0.007346409372985363,21.57822608947754,0.0003404547409283002
trained,4390,-1,0.008826646953821182,65,0.12720156555772993,21.223316192626953,0.014347697608172894,21.223316192626953,0.0006760346723363302
trained,4390,-1,0.008826646953821182,50,0.09784735812133072,20.164480209350586,0.012175748124718666,20.164480209350586,0.0006038215713129357
trained,4390,-1,0.008826646953821182,180,0.3522504892367906,19.948225021362305,0.012298867106437683,19.948223114013672,0.0006165394800400894
trained,360,-1,0.000224233532208018,235,0.4598825831702544,6.547248363494873,0.0006145278457552195,6.547248363494873,9.386047567427074e-05
trained,360,-1,0.000224233532208018,442,0.8649706457925636,5.795854091644287,0.0013268619077280164,5.795854091644287,0.00022893293839831378
trained,360,-1,0.000224233532208018,241,0.47162426614481406,5.517026424407959,0.002006048336625099,5.517026424407959,0.0003636104274850145
trained,360,-1,0.000224233532208018,416,0.8140900195694716,4.634721755981445,0.00011043125414289534,4.634721755981445,2.3826943656407374e-05
trained,44,-1,0.002385029336437583,20,0.03913894324853229,8.31750774383545,0.0016465000808238983,8.31750774383545,0.00019795594203614753
trained,44,-1,0.002385029336437583,21,0.0410958904109589,6.664998531341553,0.0004701171419583261,6.664998531341553,7.053522063773049e-05
trained,44,-1,0.002385029336437583,51,0.09980430528375733,6.640508651733398,0.0038949481677263975,6.640509128570557,0.0005865436056654934
trained,44,-1,0.002385029336437583,188,0.3679060665362035,6.621525764465332,0.0006470620282925665,6.621525764465332,9.772098626649606e-05
trained,5526,-1,0.003322733100503683,355,0.6947162426614482,20.364864349365234,0.002088006818667054,20.364864349365234,0.0001025298662857107
trained,5526,-1,0.003322733100503683,461,0.9021526418786693,19.898954391479492,0.0073571959510445595,19.898954391479492,0.0003697277659068774
trained,5526,-1,0.003322733100503683,172,0.33659491193737767,19.679109573364258,0.0042359353974461555,19.679109573364258,0.0002152503588464952
trained,5526,-1,0.003322733100503683,338,0.6614481409001957,18.785696029663086,0.002646216657012701,18.785696029663086,0.00014086338099127433
trained,12466,-1,0.0029761905316263437,151,0.29549902152641877,13.770057678222656,0.0011717434972524643,13.770058631896973,8.509357356970412e-05
trained,12466,-1,0.0029761905316263437,218,0.42661448140900193,13.293351173400879,0.003619743976742029,13.293353080749512,0.0002722972868285493
trained,12466,-1,0.0029761905316263437,474,0.9275929549902152,12.80103588104248,0.001146433176472783,12.801036834716797,8.955783748419673e-05
trained,12466,-1,0.0029761905316263437,169,0.33072407045009783,11.106487274169922,0.0006546778604388237,11.106488227844238,5.894553228783246e-05
trained,11494,-1,0.003669275902211666,304,0.5949119373776908,9.257608413696289,0.0001751186791807413,9.257608413696289,1.89161899440097e-05
trained,11494,-1,0.003669275902211666,89,0.17416829745596868,7.9141740798950195,0.00013213406782597303,7.9141740798950195,1.6695875841503573e-05
trained,11494,-1,0.003669275902211666,450,0.8806262230919765,7.473775386810303,5.123631126480177e-05,7.473775386810303,6.855479140465402e-06
trained,11494,-1,0.003669275902211666,97,0.1898238747553816,7.232121467590332,0.0007005907827988267,7.232121467590332,9.687209844834869e-05
trained,2206,-1,0.016389433294534683,509,0.9960861056751468,29.104284286499023,0.011326873674988747,29.104286193847656,0.00038918232179090963
trained,2206,-1,0.016389433294534683,493,0.9647749510763209,26.180891036987305,0.006671202834695578,26.180892944335938,0.0002548118908273848
trained,2206,-1,0.016389433294534683,140,0.273972602739726,22.88943099975586,0.010629655793309212,22.88943099975586,0.0004643914387134651
trained,2206,-1,0.016389433294534683,58,0.11350293542074363,22.13794708251953,0.018244504928588867,22.137948989868164,0.0008241280588792935
trained,8686,-1,6.115459837019444e-05,167,0.3268101761252446,4.1169891357421875,0.00011374802852515131,4.116989612579346,2.762893260104359e-05
trained,8686,-1,6.115459837019444e-05,73,0.14285714285714285,3.7679855823516846,0.000516279716975987,3.7679858207702637,0.0001370174256309827
trained,8686,-1,6.115459837019444e-05,363,0.7103718199608611,2.971674919128418,0.00035553821362555027,2.971675157546997,0.00011964235482556355
trained,4887,-1,0.0011415524641051888,269,0.5264187866927593,11.213420867919922,0.00012088497169315815,11.213420867919922,1.0780382999713645e-05
trained,4887,-1,0.0011415524641051888,326,0.6379647749510763,6.544016361236572,0.0006080612074583769,6.5440168380737305,9.291864958546825e-05
trained,4887,-1,0.0011415524641051888,11,0.021526418786692758,5.794179916381836,0.00143919768743217,5.794180393218994,0.0002483867587409743
trained,4887,-1,0.0011415524641051888,64,0.12524461839530332,5.0527496337890625,0.0010416844161227345,5.0527496337890625,0.00020616189038077752
trained,8200,-1,0.0006319308304227889,449,0.8786692759295499,6.533210277557373,0.0024851709604263306,6.533210277557373,0.0003803904749497031
trained,8200,-1,0.0006319308304227889,492,0.9628180039138943,5.58457088470459,0.0007305496837943792,5.58457088470459,0.00013081572405057286
trained,8200,-1,0.0006319308304227889,443,0.8669275929549902,5.532843589782715,0.0017607472836971283,5.532843589782715,0.00031823550677424376
trained,8200,-1,0.0006319308304227889,481,0.9412915851272016,4.926056861877441,0.0002516243257559836,4.926056385040283,5.108027722137531e-05
trained,14084,-1,0.0007542400271631777,90,0.1761252446183953,16.648723602294922,0.003493012860417366,16.648723602294922,0.00020980664607440994
trained,14084,-1,0.0007542400271631777,181,0.3542074363992172,12.578006744384766,0.0018728537252172828,12.578007698059082,0.00014889907608390824
trained,14084,-1,0.0007542400271631777,471,0.9217221135029354,7.8896331787109375,0.00046992109855636954,7.8896331787109375,5.956184374000877e-05
trained,14084,-1,0.0007542400271631777,266,0.5205479452054794,7.372674465179443,0.0009900955483317375,7.372674465179443,0.0001342925898882258
trained,794,-1,0.0033838876988738775,387,0.7573385518590998,10.48453140258789,2.025607136602048e-05,10.48453140258789,1.931995869745851e-06
trained,794,-1,0.0033838876988738775,449,0.8786692759295499,8.785077095031738,0.002154627349227667,8.785077095031738,0.00024525992497506736
trained,794,-1,0.0033838876988738775,290,0.5675146771037182,8.760713577270508,0.0026356109883636236,8.760712623596191,0.0003008443606818973
trained,794,-1,0.0033838876988738775,113,0.22113502935420742,8.248135566711426,5.3696203394792974e-05,8.248135566711426,6.510101944917708e-06
trained,11783,-1,0.002344259526580572,89,0.17416829745596868,9.116891860961914,0.002504765521734953,9.116891860961914,0.00027473897463457217
trained,11783,-1,0.002344259526580572,212,0.41487279843444225,8.121773719787598,7.869872206356376e-06,8.121773719787598,9.68984421122507e-07
trained,11783,-1,0.002344259526580572,223,0.436399217221135,6.950358867645264,0.004290613811463118,6.950358867645264,0.0006173226294021203
trained,11783,-1,0.002344259526580572,280,0.547945205479452,6.492895126342773,0.0019445399520918727,6.492895126342773,0.000299487349518791
trained,5850,-1,0.005361219868063927,394,0.7710371819960861,14.138589859008789,0.0011167158372700214,14.138589859008789,7.898353714238874e-05
trained,5850,-1,0.005361219868063927,128,0.25048923679060664,13.426572799682617,0.0018985695205628872,13.426572799682617,0.00014140388235244712
trained,5850,-1,0.005361219868063927,198,0.38747553816046965,12.62983226776123,0.0008312516729347408,12.62983226776123,6.5816525137597e-05
trained,5850,-1,0.005361219868063927,329,0.6438356164383562,12.378116607666016,0.0041060782968997955,12.378116607666016,0.0003317207639130511
trained,13795,-1,0.0015492498641833663,325,0.6360078277886497,22.676549911499023,0.013657552190124989,22.67654800415039,0.0006022765099707992
trained,13795,-1,0.0015492498641833663,241,0.47162426614481406,22.672014236450195,0.010184722021222115,22.672012329101562,0.0004492200283496278
trained,13795,-1,0.0015492498641833663,274,0.5362035225048923,22.410846710205078,0.01592257060110569,22.410844802856445,0.0007104850683306784
trained,13795,-1,0.0015492498641833663,188,0.3679060665362035,22.0936336517334,0.010125674307346344,22.093631744384766,0.00045830737221008705
trained,8828,-1,0.0007746249320916831,335,0.6555772994129159,7.124187469482422,0.0021828869357705116,7.124186992645264,0.00030640505899466705
trained,8828,-1,0.0007746249320916831,30,0.05870841487279843,7.080382347106934,0.0002826337004080415,7.080382347106934,3.991785846473764e-05
trained,8828,-1,0.0007746249320916831,34,0.06653620352250489,6.0155134201049805,0.0020726355724036694,6.0155134201049805,0.0003445484080338896
trained,8828,-1,0.0007746249320916831,329,0.6438356164383562,5.127549648284912,0.00221237912774086,5.127549648284912,0.0004314690796764625
trained,6407,-1,0.00042808218859136105,328,0.6418786692759295,13.724676132202148,0.0019096294417977333,13.724676132202148,0.00013913839739483383
trained,6407,-1,0.00042808218859136105,20,0.03913894324853229,7.53834867477417,0.0015382063575088978,7.53834867477417,0.00020405083710922653
trained,6407,-1,0.00042808218859136105,256,0.5009784735812133,7.451636791229248,1.960108056664467e-05,7.451637268066406,2.6304394405567825e-06
trained,6407,-1,0.00042808218859136105,416,0.8140900195694716,6.3718695640563965,0.0009702160023152828,6.3718695640563965,0.00015226551525603319
trained,10295,-1,0.005279680248349905,355,0.6947162426614482,25.974863052368164,0.0070042964071035385,25.974863052368164,0.0002696567213071388
trained,10295,-1,0.005279680248349905,340,0.6653620352250489,23.65519142150879,0.00625772587954998,23.65519142150879,0.00026453921965983594
trained,10295,-1,0.005279680248349905,113,0.22113502935420742,22.83671760559082,0.00030834798235446215,22.836715698242188,1.350229106623229e-05
trained,10295,-1,0.005279680248349905,235,0.4598825831702544,22.63705062866211,0.003044805722311139,22.63705062866211,0.00013450540762832109
trained,13044,-1,0.0017327136592939496,364,0.7123287671232876,11.795175552368164,0.003852125257253647,11.79517650604248,0.00032658479127296354
trained,13044,-1,0.0017327136592939496,231,0.4520547945205479,9.910477638244629,0.005657582078129053,9.910477638244629,0.000570868759775653
trained,13044,-1,0.0017327136592939496,118,0.2309197651663405,9.85733699798584,0.0004133179900236428,9.85733699798584,4.1929984752281114e-05
trained,13044,-1,0.0017327136592939496,368,0.7201565557729941,9.784317970275879,0.0014465046115219593,9.784317970275879,0.00014783908453469584
trained,1311,-1,0.005300065036863089,401,0.7847358121330724,19.14643096923828,0.001366504468023777,19.14643096923828,7.13712372932208e-05
trained,1311,-1,0.005300065036863089,508,0.9941291585127201,18.076196670532227,0.009285186417400837,18.076194763183594,0.0005136693059045975
trained,1311,-1,0.005300065036863089,250,0.4892367906066536,18.057884216308594,0.005898578558117151,18.057884216308594,0.0003266483762693514
trained,1311,-1,0.005300065036863089,139,0.2720156555772994,17.99896812438965,0.0033852742053568363,17.99896812438965,0.00018808157123016364
trained,14534,-1,0.002772341715171933,282,0.5518590998043053,23.48807144165039,0.033114682883024216,23.48807144165039,0.0014098510797401344
trained,14534,-1,0.002772341715171933,417,0.8160469667318982,19.937557220458984,0.030817486345767975,19.937557220458984,0.0015457002081551154
trained,14534,-1,0.002772341715171933,318,0.6223091976516634,17.593233108520508,0.01662961021065712,17.593233108520508,0.0009452276399727405
trained,14534,-1,0.002772341715171933,114,0.22309197651663404,16.403636932373047,0.00089641148224473,16.403636932373047,5.464711794953449e-05
trained,6134,-1,0.003873124485835433,296,0.5792563600782779,19.938642501831055,0.007971701212227345,19.938644409179688,0.00039981159444105435
trained,6134,-1,0.003873124485835433,317,0.6203522504892368,16.249595642089844,0.010263725183904171,16.249595642089844,0.0006316295746657831
trained,6134,-1,0.003873124485835433,331,0.6477495107632094,14.991166114807129,0.01709248684346676,14.991167068481445,0.0011401705261095572
trained,6134,-1,0.003873124485835433,297,0.5812133072407045,13.543824195861816,0.003879500785842538,13.543825149536133,0.00028644055449692575
trained,13625,-1,0.0009173189755529165,178,0.34833659491193736,20.136125564575195,0.021348996087908745,20.136125564575195,0.0010602335597999703
trained,13625,-1,0.0009173189755529165,491,0.9608610567514677,17.43181800842285,0.0058343070559203625,17.43181800842285,0.0003346929765501965
trained,13625,-1,0.0009173189755529165,34,0.06653620352250489,17.059303283691406,0.01824766956269741,17.059303283691406,0.0010696608917283319
trained,13625,-1,0.0009173189755529165,375,0.7338551859099804,16.260581970214844,0.0065431129187345505,16.260581970214844,0.0004023910663664948
trained,852,-1,0.004158512689173222,491,0.9608610567514677,15.061156272888184,0.00011646690836641937,15.061156272888184,7.73293273479097e-06
trained,852,-1,0.004158512689173222,337,0.6594911937377691,13.854928016662598,0.0010990393348038197,13.854928970336914,7.932479027188358e-05
trained,852,-1,0.004158512689173222,259,0.5068493150684932,13.703239440917969,0.0022757500410079956,13.703239440917969,0.00016607387259195007
trained,852,-1,0.004158512689173222,61,0.11937377690802348,13.337549209594727,0.0009759780950844288,13.337549209594727,7.317521980592451e-05
trained,14290,-1,0.0022831049282103777,50,0.09784735812133072,21.92551612854004,0.0032661883160471916,21.92551612854004,0.00014896745403387128
trained,14290,-1,0.0022831049282103777,298,0.5831702544031311,19.33510398864746,0.006903526838868856,19.33510398864746,0.00035704627411997566
trained,14290,-1,0.0022831049282103777,31,0.060665362035225046,18.029600143432617,0.010025480762124062,18.029600143432617,0.0005560567445959637
trained,14290,-1,0.0022831049282103777,193,0.3776908023483366,16.30872344970703,0.008657058700919151,16.30872344970703,0.0005308238089643164
trained,9395,-1,0.0016919438494369388,21,0.0410958904109589,13.75358772277832,0.002888844348490238,13.75358772277832,0.00021004296527703912
trained,9395,-1,0.0016919438494369388,429,0.8395303326810176,13.280478477478027,0.0016627321019768715,13.280477523803711,0.00012520122857002827
trained,9395,-1,0.0016919438494369388,197,0.38551859099804303,13.24686050415039,0.002906068693846464,13.24686050415039,0.00021937791923874793
trained,9395,-1,0.0016919438494369388,217,0.4246575342465753,12.884217262268066,0.003118335735052824,12.884217262268066,0.0002420275653209444
trained,269,-1,0.0014677103608846664,220,0.43052837573385516,24.135631561279297,0.38045841455459595,24.135631561279297,0.015763350281041078
trained,269,-1,0.0014677103608846664,247,0.48336594911937375,22.342166900634766,0.010746069252490997,22.342166900634766,0.0004809770377369122
trained,269,-1,0.0014677103608846664,347,0.6790606653620352,22.290008544921875,0.01458934135735035,22.290008544921875,0.0006545238117763801
trained,269,-1,0.0014677103608846664,44,0.08610567514677103,22.03578758239746,0.014949188567698002,22.03578758239746,0.000678405004214129
trained,13235,-1,0.0012230919674038887,90,0.1761252446183953,8.942678451538086,0.002058611251413822,8.942678451538086,0.00023020074607063096
trained,13235,-1,0.0012230919674038887,244,0.4774951076320939,7.937747001647949,0.0005223184125497937,7.937747478485107,6.580184289882153e-05
trained,13235,-1,0.0012230919674038887,141,0.2759295499021526,7.268579959869385,0.00041719284490682185,7.268580436706543,5.739674322099895e-05
trained,13235,-1,0.0012230919674038887,96,0.18786692759295498,7.133005619049072,0.002265827264636755,7.1330060958862305,0.00031765390834917554
trained,10619,-1,0.006788160651922226,49,0.0958904109589041,9.856956481933594,0.0013028653338551521,9.856956481933594,0.00013217724317268924
trained,10619,-1,0.006788160651922226,196,0.3835616438356164,9.205416679382324,0.00264423037879169,9.205416679382324,0.0002872472231174565
trained,10619,-1,0.006788160651922226,224,0.4383561643835616,8.863399505615234,0.0020169189665466547,8.863399505615234,0.00022755591297321924
trained,10619,-1,0.006788160651922226,20,0.03913894324853229,8.375025749206543,0.001568616833537817,8.375025749206543,0.0001872969565122148
trained,6577,-1,0.0017734833527356386,197,0.38551859099804303,19.17445945739746,0.0006135004805400968,19.17445945739746,3.1995711894940005e-05
trained,6577,-1,0.0017734833527356386,104,0.2035225048923679,16.481796264648438,0.0013919644989073277,16.481796264648438,8.44546599506834e-05
trained,6577,-1,0.0017734833527356386,158,0.30919765166340507,16.28032112121582,0.0018221416976302862,16.280323028564453,0.00011192294492150239
trained,6577,-1,0.0017734833527356386,472,0.923679060665362,15.75623607635498,0.0004936300101689994,15.756237030029297,3.132918153161863e-05
trained,6173,-1,0.00016307893383782357,323,0.6320939334637965,4.8341240882873535,0.0003728730953298509,4.8341240882873535,7.71335382625549e-05
trained,6173,-1,0.00016307893383782357,51,0.09980430528375733,4.335072994232178,0.000556443352252245,4.335072994232178,0.00012835847354648788
trained,6173,-1,0.00016307893383782357,19,0.03718199608610567,3.8598437309265137,0.0015476305270567536,3.8598434925079346,0.0004009568082386626
trained,6173,-1,0.00016307893383782357,363,0.7103718199608611,3.828829050064087,0.000875130295753479,3.828829050064087,0.00022856342874300723
trained,16272,-1,0.03157615661621094,171,0.33463796477495106,31.95302391052246,0.007015703245997429,31.953025817871094,0.00021956303249608358
trained,16272,-1,0.03157615661621094,142,0.27788649706457924,31.76162338256836,0.006125537678599358,31.761625289916992,0.00019285970483834037
trained,16272,-1,0.03157615661621094,111,0.2172211350293542,30.722225189208984,0.016360267996788025,30.722227096557617,0.0005325222011206723
trained,16272,-1,0.03157615661621094,355,0.6947162426614482,29.711315155029297,0.006021490786224604,29.71131706237793,0.0002026665722553693
trained,6353,-1,0.0001426940580131486,473,0.9256360078277887,8.025715827941895,0.00048696156591176987,8.025715827941895,6.067515675254674e-05
trained,6353,-1,0.0001426940580131486,287,0.5616438356164384,5.428145885467529,8.58138082548976e-06,5.428145408630371,1.58090474360653e-06
trained,6353,-1,0.0001426940580131486,320,0.6262230919765166,5.001435279846191,9.162002243101597e-05,5.001435279846191,1.831874598082044e-05
trained,6353,-1,0.0001426940580131486,21,0.0410958904109589,4.47067928314209,0.0008260076865553856,4.47067928314209,0.00018476111441723673
trained,2460,-1,0.0019773319363594055,186,0.3639921722113503,54.29845428466797,0.015315951779484749,54.29845428466797,0.00028206975651992827
trained,2460,-1,0.0019773319363594055,236,0.461839530332681,45.58000946044922,0.028035441413521767,45.58000946044922,0.0006150819568795557
trained,2460,-1,0.0019773319363594055,3,0.005870841487279843,41.98614501953125,0.02766886167228222,41.98614501953125,0.0006589998119477539
trained,2460,-1,0.0019773319363594055,509,0.9960861056751468,41.460845947265625,0.0846734419465065,41.460845947265625,0.0020422507069489926
trained,10362,-1,0.009438193403184414,112,0.2191780821917808,16.053781509399414,0.00088072958169505,16.053781509399414,5.486119150054378e-05
trained,10362,-1,0.009438193403184414,432,0.8454011741682974,13.594474792480469,0.001688680611550808,13.594474792480469,0.00012421815754771714
trained,10362,-1,0.009438193403184414,454,0.8884540117416829,12.865724563598633,0.005139825865626335,12.865724563598633,0.0003994975829164409
trained,10362,-1,0.009438193403184414,425,0.8317025440313112,12.78156566619873,0.0017298092134296894,12.78156566619873,0.00013533625368011265
trained,7524,-1,0.0022423353511840105,322,0.6301369863013698,14.634799003601074,0.007346732076257467,14.63479995727539,0.0005020042704857875
trained,7524,-1,0.0022423353511840105,189,0.3698630136986301,12.060988426208496,0.0020013274624943733,12.060988426208496,0.0001659339509973738
trained,7524,-1,0.0022423353511840105,469,0.9178082191780822,11.12891960144043,0.00011255324352532625,11.12891960144043,1.0113582230458234e-05
trained,7524,-1,0.0022423353511840105,209,0.4090019569471624,10.181713104248047,0.00011219671432627365,10.181713104248047,1.1019433878908115e-05
trained,6895,-1,0.0013454011641442776,474,0.9275929549902152,7.897805213928223,0.0022982999216765165,7.897805213928223,0.00029100488799386137
trained,6895,-1,0.0013454011641442776,306,0.598825831702544,7.426083564758301,0.0019737649708986282,7.426084041595459,0.0002657881273418196
trained,6895,-1,0.0013454011641442776,61,0.11937377690802348,7.176242828369141,0.0009462651796638966,7.176242828369141,0.00013186080826628648
trained,6895,-1,0.0013454011641442776,39,0.07632093933463796,6.712559223175049,0.003819568082690239,6.712559700012207,0.0005690181172888925
trained,8251,-1,0.0004688519111368805,435,0.8512720156555773,5.5418829917907715,0.00023769703693687916,5.54188346862793,4.289102040532957e-05
trained,8251,-1,0.0004688519111368805,188,0.3679060665362035,5.485600471496582,0.00010721922444645315,5.48560094833374,1.9545574943620565e-05
trained,8251,-1,0.0004688519111368805,386,0.7553816046966731,5.323693752288818,0.00024976005079224706,5.323694229125977,4.6914800144945904e-05
trained,8251,-1,0.0004688519111368805,218,0.42661448140900193,5.001011371612549,0.00039560836739838123,5.001011371612549,7.91056724333781e-05
trained,6913,-1,0.0026296477299183607,287,0.5616438356164384,8.844907760620117,0.0018770759925246239,8.844907760620117,0.0002122210930092302
trained,6913,-1,0.0026296477299183607,30,0.05870841487279843,7.830336570739746,0.0024527357891201973,7.830337047576904,0.00031323502094704795
trained,6913,-1,0.0026296477299183607,202,0.3953033268101761,7.328639030456543,0.005426229443401098,7.328639507293701,0.0007404142935398498
trained,6913,-1,0.0026296477299183607,353,0.6908023483365949,7.246873378753662,0.00031684734858572483,7.246873378753662,4.372193800358868e-05
trained,9456,-1,0.001793868257664144,115,0.22504892367906065,9.358813285827637,1.567183790029958e-05,9.358813285827637,1.674553965515261e-06
trained,9456,-1,0.001793868257664144,282,0.5518590998043053,9.27285385131836,0.008109260350465775,9.27285385131836,0.0008745161393126936
trained,9456,-1,0.001793868257664144,36,0.07045009784735812,9.239693641662598,0.00993339717388153,9.239693641662598,0.0010750786291323516
trained,9456,-1,0.001793868257664144,129,0.25244618395303325,9.189505577087402,0.011905062943696976,9.189505577087402,0.001295506362538197
trained,3716,-1,0.0022015655413269997,341,0.6673189823874756,20.757844924926758,0.006387572735548019,20.75784683227539,0.00030771846363257126
trained,3716,-1,0.0022015655413269997,333,0.6516634050880626,20.731351852416992,0.018179308623075485,20.731353759765625,0.0008768992528773966
trained,3716,-1,0.0022015655413269997,95,0.18590998043052837,17.376346588134766,0.0051459032110869884,17.376346588134766,0.00029614413967783123
trained,3716,-1,0.0022015655413269997,355,0.6947162426614482,16.463336944580078,0.007137442007660866,16.46333885192871,0.00043353551013284897
trained,5069,-1,0.003710045712068677,230,0.4500978473581213,28.255342483520508,0.045510947704315186,28.25534439086914,0.001610702282539592
trained,5069,-1,0.003710045712068677,384,0.7514677103718199,27.949478149414062,0.0012852513464167714,27.949480056762695,4.598480343128209e-05
trained,5069,-1,0.003710045712068677,324,0.6340508806262231,27.493927001953125,0.006617485545575619,27.493928909301758,0.00024068897418792656
trained,5069,-1,0.003710045712068677,179,0.350293542074364,27.361299514770508,0.01781037077307701,27.361299514770508,0.000650932926758921
trained,11554,-1,0.0012842465657740831,44,0.08610567514677103,6.084218502044678,0.0006658746860921383,6.084218502044678,0.0001094429277759112
trained,11554,-1,0.0012842465657740831,47,0.09197651663405088,5.301423072814941,0.0034365099854767323,5.301423072814941,0.0006482240595169137
trained,11554,-1,0.0012842465657740831,131,0.2563600782778865,4.7125701904296875,0.0009858111152425408,4.7125701904296875,0.0002091875718359657
trained,11554,-1,0.0012842465657740831,316,0.6183953033268101,4.61477518081665,0.0005082975258119404,4.61477518081665,0.00011014567468528119
trained,4518,-1,0.00034654271439649165,152,0.2974559686888454,8.28889274597168,0.00038798159221187234,8.28889274597168,4.6807408914830945e-05
trained,4518,-1,0.00034654271439649165,217,0.4246575342465753,7.674145698547363,3.621858013502788e-06,7.6741461753845215,4.719558281441402e-07
trained,4518,-1,0.00034654271439649165,218,0.42661448140900193,7.562021255493164,0.0004254713421687484,7.562021255493164,5.626423515534021e-05
trained,4518,-1,0.00034654271439649165,242,0.4735812133072407,7.460019111633301,0.00011172865197295323,7.460019111633301,1.4976992726294945e-05
trained,14561,-1,0.013943248428404331,464,0.9080234833659491,40.85728454589844,0.008755387738347054,40.85728073120117,0.00021429198374577318
trained,14561,-1,0.013943248428404331,284,0.5557729941291585,39.78023147583008,0.008944948203861713,39.78023147583008,0.00022485912907008952
trained,14561,-1,0.013943248428404331,262,0.512720156555773,38.16080093383789,0.04567776247859001,38.160797119140625,0.0011969813506772645
trained,14561,-1,0.013943248428404331,302,0.5909980430528375,36.554954528808594,0.001422974281013012,36.55495071411133,3.892699219161306e-05
trained,462,-1,0.0023646445479243994,366,0.7162426614481409,30.11699867248535,0.004234525375068188,30.11699867248535,0.00014060250229837198
trained,462,-1,0.0023646445479243994,182,0.3561643835616438,25.052261352539062,0.005273119546473026,25.052261352539062,0.00021048477310167422
trained,462,-1,0.0023646445479243994,402,0.786692759295499,23.457321166992188,0.0029346663504838943,23.45732307434082,0.00012510661771521694
trained,462,-1,0.0023646445479243994,79,0.15459882583170254,22.874603271484375,0.002852414269000292,22.874603271484375,0.00012469786842406703
trained,7379,-1,0.0054223742336034775,405,0.7925636007827789,24.122943878173828,0.00039266838575713336,24.122943878173828,1.6277797093928297e-05
trained,7379,-1,0.0054223742336034775,260,0.5088062622309197,20.84207534790039,0.0016108404379338026,20.84207534790039,7.728790972325493e-05
trained,7379,-1,0.0054223742336034775,271,0.5303326810176126,19.844284057617188,0.0033749877475202084,19.844284057617188,0.00017007354549657973
trained,7379,-1,0.0054223742336034775,483,0.9452054794520548,19.439435958862305,0.0034094727598130703,19.439435958862305,0.0001753894900566143
trained,5263,-1,0.0018142530461773276,66,0.12915851272015655,17.765995025634766,0.0013812880497425795,17.7659969329834,7.774897490712464e-05
trained,5263,-1,0.0018142530461773276,248,0.48532289628180036,14.519840240478516,0.0007597351213917136,14.5198392868042,5.2323934610086893e-05
trained,5263,-1,0.0018142530461773276,219,0.42857142857142855,14.119841575622559,0.0017882820684462786,14.119841575622559,0.00012665029270113686
trained,5263,-1,0.0018142530461773276,486,0.9510763209393346,12.289106369018555,0.00545209925621748,12.289106369018555,0.00044365302834081506
trained,10991,-1,0.0037304305005818605,187,0.3659491193737769,8.966218948364258,0.001977709587663412,8.966218948364258,0.00022057342108785033
trained,10991,-1,0.0037304305005818605,274,0.5362035225048923,8.7893648147583,0.0022429218515753746,8.7893648147583,0.00025518588644873
trained,10991,-1,0.0037304305005818605,178,0.34833659491193736,8.781569480895996,0.004067426547408104,8.781569480895996,0.0004631776308616189
trained,10991,-1,0.0037304305005818605,90,0.1761252446183953,7.955538272857666,4.626900044968352e-05,7.955538272857666,5.8159484453166336e-06
trained,9876,-1,0.00020384865638334304,220,0.43052837573385516,5.385438442230225,0.001978730084374547,5.385438919067383,0.0003674222499059021
trained,9876,-1,0.00020384865638334304,160,0.3131115459882583,4.984511852264404,2.7194861104362644e-05,4.9845123291015625,5.455871970782025e-06
trained,9876,-1,0.00020384865638334304,204,0.39921722113502933,4.701381683349609,0.000586728798225522,4.701382160186768,0.0001247992139831095
trained,9876,-1,0.00020384865638334304,229,0.4481409001956947,4.420436859130859,0.00044378943857736886,4.420436859130859,0.00010039492763270148
trained,10570,-1,0.005014677066355944,1,0.0019569471624266144,14.618010520935059,0.00754992151632905,14.618010520935059,0.0005164807827656503
trained,10570,-1,0.005014677066355944,1,0.0019569471624266144,14.618010520935059,0.00754992151632905,14.618010520935059,0.0005164807827656503
trained,10570,-1,0.005014677066355944,280,0.547945205479452,11.477863311767578,0.0007692540530115366,11.477862358093262,6.70206724050076e-05
trained,10570,-1,0.005014677066355944,304,0.5949119373776908,11.13100814819336,0.0008917598752304912,11.13100814819336,8.011492430496784e-05
trained,8576,-1,0.00012230919674038887,247,0.48336594911937375,7.19315242767334,0.00121146475430578,7.19315242767334,0.00016841916899259065
trained,8576,-1,0.00012230919674038887,213,0.41682974559686886,5.253128528594971,8.924557914724573e-05,5.253128528594971,1.6989033994018005e-05
trained,8576,-1,0.00012230919674038887,191,0.37377690802348335,4.364896774291992,0.0015421658754348755,4.36489725112915,0.0003533109227338477
trained,8576,-1,0.00012230919674038887,465,0.9099804305283757,3.922532081604004,0.0008056373335421085,3.922532320022583,0.00020538704791028218
trained,11889,-1,0.024971460923552513,118,0.2309197651663405,33.004058837890625,0.00941658578813076,33.004058837890625,0.00028531599202337985
trained,11889,-1,0.024971460923552513,212,0.41487279843444225,28.1370792388916,0.2669437527656555,28.1370792388916,0.009487258805337578
trained,11889,-1,0.024971460923552513,509,0.9960861056751468,27.78156089782715,0.07263979315757751,27.78156089782715,0.0026146764548157127
trained,11889,-1,0.024971460923552513,282,0.5518590998043053,26.736495971679688,0.03428538888692856,26.736495971679688,0.0012823441382612346
trained,11683,-1,0.0044439006596803665,371,0.726027397260274,13.71618938446045,0.01712212525308132,13.716190338134766,0.0012483149351957537
trained,11683,-1,0.0044439006596803665,460,0.9001956947162426,13.609399795532227,0.004710132256150246,13.609399795532227,0.0003460940472699256
trained,11683,-1,0.0044439006596803665,300,0.5870841487279843,12.925188064575195,0.0024142805486917496,12.925188064575195,0.00018678881395224777
trained,11683,-1,0.0044439006596803665,374,0.7318982387475538,12.515867233276367,0.004769311286509037,12.515867233276367,0.00038106119197467235
trained,15265,-1,0.00156963465269655,308,0.6027397260273972,14.29841423034668,0.004335038363933563,14.29841423034668,0.00030318315682398967
trained,15265,-1,0.00156963465269655,247,0.48336594911937375,12.570823669433594,0.004658696241676807,12.570823669433594,0.00037059594217398763
trained,15265,-1,0.00156963465269655,277,0.5420743639921722,11.584961891174316,0.002127999672666192,11.584961891174316,0.0001836863765850926
trained,15265,-1,0.00156963465269655,239,0.46771037181996084,10.591431617736816,0.00279961246997118,10.591431617736816,0.0002643280503537257
trained,9033,-1,0.0070939334109425545,487,0.9530332681017613,15.456978797912598,0.004480510018765926,15.456978797912598,0.00028986971369663787
trained,9033,-1,0.0070939334109425545,38,0.07436399217221135,15.09699535369873,0.004954266361892223,15.09699535369873,0.0003281624088649162
trained,9033,-1,0.0070939334109425545,190,0.37181996086105673,14.965246200561523,0.0017563276924192905,14.96524715423584,0.00011736042006644512
trained,9033,-1,0.0070939334109425545,401,0.7847358121330724,14.934245109558105,0.0022602176759392023,14.934245109558105,0.00015134462166371132
trained,8854,-1,0.00020384865638334304,297,0.5812133072407045,6.939034938812256,0.0004579456872306764,6.939034938812256,6.599558746551899e-05
trained,8854,-1,0.00020384865638334304,423,0.8277886497064579,6.602624893188477,0.00019188295118510723,6.602624893188477,2.9061616294916452e-05
trained,8854,-1,0.00020384865638334304,82,0.16046966731898238,5.953438758850098,6.99530282872729e-05,5.953438758850098,1.1750020638624034e-05
trained,8854,-1,0.00020384865638334304,424,0.8297455968688845,4.559074401855469,0.0003357730165589601,4.559074401855469,7.364938295859044e-05
trained,1192,-1,0.0022015655413269997,196,0.3835616438356164,25.417762756347656,0.005659463349729776,25.417762756347656,0.0002226578083988301
trained,1192,-1,0.0022015655413269997,133,0.2602739726027397,23.589752197265625,0.008151938207447529,23.589752197265625,0.00034557116748316034
trained,1192,-1,0.0022015655413269997,177,0.34637964774951074,20.06966209411621,0.007552132476121187,20.06966209411621,0.0003762959456270683
trained,1192,-1,0.0022015655413269997,116,0.22700587084148727,19.63955307006836,0.004186804406344891,19.63955307006836,0.00021318226496334
trained,3919,-1,0.0011415524641051888,382,0.7475538160469667,17.00424575805664,0.0007725923787802458,17.00424575805664,4.543526303800862e-05
trained,3919,-1,0.0011415524641051888,330,0.6457925636007827,16.63639259338379,0.0005636030109599233,16.63639259338379,3.387771764799932e-05
trained,3919,-1,0.0011415524641051888,22,0.043052837573385516,14.452839851379395,0.0025930525735020638,14.452839851379395,0.00017941474479526458
trained,3919,-1,0.0011415524641051888,444,0.8688845401174168,14.250226020812988,0.005991851910948753,14.250226020812988,0.0004204741666691763
trained,16007,-1,0.0013454011641442776,400,0.7827788649706457,26.209796905517578,0.0024877856485545635,26.209794998168945,9.491816508783697e-05
trained,16007,-1,0.0013454011641442776,161,0.3150684931506849,19.531612396240234,0.0031815608963370323,19.5316104888916,0.00016289291137290044
trained,16007,-1,0.0013454011641442776,184,0.36007827788649704,18.722492218017578,0.002083454979583621,18.722490310668945,0.00011128086835736651
trained,16007,-1,0.0013454011641442776,246,0.48140900195694714,18.686941146850586,0.004467369057238102,18.686939239501953,0.00023906371182470687
trained,13137,-1,0.0007134703337214887,154,0.3013698630136986,33.02045440673828,0.011123348027467728,33.02045440673828,0.00033686235478327806
trained,13137,-1,0.0007134703337214887,473,0.9256360078277887,29.294414520263672,0.006271298509091139,29.294414520263672,0.00021407830167601152
trained,13137,-1,0.0007134703337214887,320,0.6262230919765166,27.139291763305664,0.009680790826678276,27.139291763305664,0.00035670757037836276
trained,13137,-1,0.0007134703337214887,398,0.7788649706457925,24.754091262817383,0.039795976132154465,24.754091262817383,0.0016076524769031287
trained,134,-1,0.002303489949554205,309,0.6046966731898239,24.942691802978516,1.3381652934185695e-05,24.94269371032715,5.364959009477482e-07
trained,134,-1,0.002303489949554205,308,0.6027397260273972,22.06629753112793,0.0012429176131263375,22.06629753112793,5.632651383282627e-05
trained,134,-1,0.002303489949554205,391,0.7651663405088063,18.556495666503906,0.01251407153904438,18.55649757385254,0.0006743768046335221
trained,134,-1,0.002303489949554205,232,0.45401174168297453,18.29545021057129,0.003762288251891732,18.29545021057129,0.00020564064882742515
trained,12439,-1,0.01620596833527088,511,1.0,25.379077911376953,0.0014850263250991702,25.379077911376953,5.851380141882387e-05
trained,12439,-1,0.01620596833527088,148,0.2896281800391389,23.668819427490234,0.0009598358883522451,23.668819427490234,4.055275723796516e-05
trained,12439,-1,0.01620596833527088,84,0.1643835616438356,21.526418685913086,0.00040389076457358897,21.526418685913086,1.8762561969395102e-05
trained,12439,-1,0.01620596833527088,436,0.8532289628180039,20.626543045043945,0.003134846454486251,20.626543045043945,0.00015198118500227685
trained,12882,-1,0.007297782227396965,392,0.7671232876712328,14.524925231933594,0.0007960065267980099,14.524925231933594,5.480279685350529e-05
trained,12882,-1,0.007297782227396965,298,0.5831702544031311,14.095161437988281,0.0021744787227362394,14.095161437988281,0.00015427128893151507
trained,12882,-1,0.007297782227396965,493,0.9647749510763209,13.244044303894043,0.0001271381916012615,13.244043350219727,9.599650819562758e-06
trained,12882,-1,0.007297782227396965,380,0.7436399217221135,13.114584922790527,0.00011849425209220499,13.114584922790527,9.03530327416506e-06
trained,11190,-1,0.007868558168411255,404,0.7906066536203522,13.278544425964355,0.007288116496056318,13.278545379638672,0.0005488640726590369
trained,11190,-1,0.007868558168411255,448,0.8767123287671232,11.162704467773438,0.0013110648142173886,11.162705421447754,0.00011745045351625424
trained,11190,-1,0.007868558168411255,447,0.8747553816046967,11.031765937805176,1.2029548088321462e-05,11.031766891479492,1.0904461820719415e-06
trained,11190,-1,0.007868558168411255,353,0.6908023483365949,10.350457191467285,0.01154355052858591,10.350458145141602,0.001115269523987625
trained,1375,-1,0.004403131082653999,105,0.2054794520547945,8.982099533081055,0.0018201842904090881,8.982100486755371,0.00020264572781088962
trained,1375,-1,0.004403131082653999,119,0.2328767123287671,7.597329139709473,0.00208495557308197,7.597330093383789,0.0002744326687736886
trained,1375,-1,0.004403131082653999,50,0.09784735812133072,7.3884711265563965,0.0007462720386683941,7.388471603393555,0.00010100492750430662
trained,1375,-1,0.004403131082653999,152,0.2974559686888454,7.351132869720459,0.001260125543922186,7.351133346557617,0.00017141921993732797
trained,5180,-1,0.0029761905316263437,157,0.30724070450097846,15.8948335647583,2.01460461539682e-05,15.8948335647583,1.2674587671452943e-06
trained,5180,-1,0.0029761905316263437,154,0.3013698630136986,13.903363227844238,0.00016843757475726306,13.903364181518555,1.2114879000376293e-05
trained,5180,-1,0.0029761905316263437,153,0.299412915851272,13.527437210083008,2.678136297618039e-06,13.527437210083008,1.9797809858779638e-07
trained,5180,-1,0.0029761905316263437,159,0.3111545988258317,13.103826522827148,0.0001504355313954875,13.103826522827148,1.1480274951246153e-05
trained,2862,-1,0.002425799146294594,334,0.6536203522504892,6.4033379554748535,0.0017085571307688951,6.403337478637695,0.0002668229085955328
trained,2862,-1,0.002425799146294594,119,0.2328767123287671,5.883009910583496,0.000936736585572362,5.883009433746338,0.0001592274491689608
trained,2862,-1,0.002425799146294594,340,0.6653620352250489,5.727539539337158,0.0002925802255049348,5.727539539337158,5.108305643208092e-05
trained,2862,-1,0.002425799146294594,199,0.38943248532289626,5.660065174102783,0.0004355532582849264,5.660064697265625,7.695199288010648e-05
trained,1299,-1,0.00020384865638334304,61,0.11937377690802348,6.951810836791992,0.0018990335520356894,6.951810836791992,0.00027317106242091366
trained,1299,-1,0.00020384865638334304,433,0.8473581213307241,6.62432336807251,0.0005235469434410334,6.624323844909668,7.903402002958276e-05
trained,1299,-1,0.00020384865638334304,300,0.5870841487279843,6.189019203186035,0.0018632179126143456,6.189019680023193,0.00030105218741320323
trained,1299,-1,0.00020384865638334304,118,0.2309197651663405,5.663673400878906,0.00019350365619175136,5.663673400878906,3.4165751182213806e-05
trained,3778,-1,0.01585942506790161,492,0.9628180039138943,17.694101333618164,9.391523781232536e-05,17.694101333618164,5.307714477360302e-06
trained,3778,-1,0.01585942506790161,237,0.4637964774951076,16.011354446411133,0.0011574289528653026,16.011354446411133,7.228801015798727e-05
trained,3778,-1,0.01585942506790161,460,0.9001956947162426,13.875253677368164,0.0027250999119132757,13.875253677368164,0.00019640000646317323
trained,3778,-1,0.01585942506790161,391,0.7651663405088063,13.014573097229004,6.082702020648867e-05,13.014573097229004,4.6737622319275036e-06
trained,9344,-1,0.0015492498641833663,337,0.6594911937377691,10.302812576293945,2.590446911199251e-06,10.302812576293945,2.514310429328482e-07
trained,9344,-1,0.0015492498641833663,406,0.7945205479452054,9.111383438110352,5.686994882125873e-06,9.111383438110352,6.24163709139797e-07
trained,9344,-1,0.0015492498641833663,387,0.7573385518590998,8.914753913879395,0.0004641369450837374,8.914753913879395,5.206390995954715e-05
trained,9344,-1,0.0015492498641833663,322,0.6301369863013698,8.648127555847168,4.283348971512169e-06,8.648127555847168,4.952920668493277e-07
trained,15803,-1,0.0023646445479243994,131,0.2563600782778865,25.816926956176758,0.014556766487658024,25.816926956176758,0.0005638458253520094
trained,15803,-1,0.0023646445479243994,452,0.8845401174168297,15.227482795715332,0.005447810515761375,15.227483749389648,0.00035776170281447427
trained,15803,-1,0.0023646445479243994,362,0.7084148727984344,14.660102844238281,0.005823302548378706,14.660102844238281,0.000397221125271122
trained,15803,-1,0.0023646445479243994,64,0.12524461839530332,13.495553970336914,0.013457240536808968,13.495553970336914,0.0009971610329140871
trained,13718,-1,0.0029965753201395273,295,0.5772994129158513,7.153591156005859,0.001956496387720108,7.153591156005859,0.0002734984911847408
trained,13718,-1,0.0029965753201395273,38,0.07436399217221135,5.9977850914001465,0.0003749577736016363,5.9977850914001465,6.251604015276658e-05
trained,13718,-1,0.0029965753201395273,296,0.5792563600782779,5.853877067565918,3.1548988772556186e-05,5.853877067565918,5.389417715543943e-06
trained,13718,-1,0.0029965753201395273,71,0.13894324853228962,5.74678897857666,0.0005933005595579743,5.74678897857666,0.00010324035940239456
trained,11876,-1,0.008194716647267342,255,0.49902152641878667,7.688000202178955,0.0018877454567700624,7.688000202178955,0.00024554440779476464
trained,11876,-1,0.008194716647267342,426,0.8336594911937377,7.648457050323486,0.0002995729446411133,7.648457050323486,3.916776189891045e-05
trained,11876,-1,0.008194716647267342,276,0.5401174168297456,6.680375576019287,0.0011630794033408165,6.680375576019287,0.00017410389432533584
trained,11876,-1,0.008194716647267342,194,0.3796477495107632,6.57118034362793,0.0017624149331822991,6.57118034362793,0.0002682037078606908
trained,13809,-1,0.0022219503298401833,67,0.13111545988258316,7.395135879516602,0.0003233533352613449,7.395135402679443,4.372514060313025e-05
trained,13809,-1,0.0022219503298401833,329,0.6438356164383562,7.370683193206787,0.00032375004957430065,7.370682716369629,4.3924024684345817e-05
trained,13809,-1,0.0022219503298401833,405,0.7925636007827789,7.2578206062316895,0.0005260524339973927,7.2578206062316895,7.248077109342094e-05
trained,13809,-1,0.0022219503298401833,340,0.6653620352250489,6.5613179206848145,0.001912931096740067,6.561317443847656,0.0002915467988115349
trained,14659,-1,0.000896934128832072,251,0.4911937377690802,6.804470062255859,0.000682464218698442,6.804470539093018,0.0001002964469869553
trained,14659,-1,0.000896934128832072,103,0.20156555772994128,6.645465850830078,0.0020040790550410748,6.645466327667236,0.00030157086895428876
trained,14659,-1,0.000896934128832072,316,0.6183953033268101,5.366489410400391,0.0010387825313955545,5.366489887237549,0.0001935683385644611
trained,14659,-1,0.000896934128832072,287,0.5616438356164384,5.319234848022461,0.0014533018693327904,5.319235324859619,0.00027321631410829613
trained,10196,-1,0.0027111871168017387,177,0.34637964774951074,9.141950607299805,0.0007382360054180026,9.141950607299805,8.075256989777703e-05
trained,10196,-1,0.0027111871168017387,405,0.7925636007827789,8.9437894821167,0.0015113630797713995,8.9437894821167,0.00016898464379035336
trained,10196,-1,0.0027111871168017387,335,0.6555772994129159,8.667101860046387,0.0021882308647036552,8.667101860046387,0.00025247549873516124
trained,10196,-1,0.0027111871168017387,439,0.8590998043052838,7.721548080444336,0.0017405524849891663,7.721547603607178,0.00022541497823260902
trained,5009,-1,0.008541258983314037,450,0.8806262230919765,14.127971649169922,0.0018968363292515278,14.127971649169922,0.00013426105150508106
trained,5009,-1,0.008541258983314037,428,0.837573385518591,13.59740161895752,0.016268469393253326,13.597400665283203,0.001196439657381714
trained,5009,-1,0.008541258983314037,460,0.9001956947162426,13.30698299407959,0.00697991531342268,13.306982040405273,0.000524530302380276
trained,5009,-1,0.008541258983314037,429,0.8395303326810176,12.799010276794434,0.0003198305203113705,12.799010276794434,2.498869157807047e-05
trained,5504,-1,0.0014677103608846664,76,0.1487279843444227,21.78494644165039,0.0025998817291110754,21.78494644165039,0.00011934303974878686
trained,5504,-1,0.0014677103608846664,443,0.8669275929549902,20.477237701416016,0.008067730814218521,20.477237701416016,0.0003939853085585187
trained,5504,-1,0.0014677103608846664,355,0.6947162426614482,19.817516326904297,0.005523379892110825,19.817516326904297,0.00027871201420998825
trained,5504,-1,0.0014677103608846664,371,0.726027397260274,19.386362075805664,0.007186805829405785,19.38636016845703,0.00037071455223963197
frozen,7904,-1,0.006380463019013405,473,0.9256360078277887,9.484501838684082,0.0011471894104033709,9.484501838684082,0.00012095410280004084
frozen,7904,-1,0.006380463019013405,464,0.9080234833659491,8.87253189086914,2.0560073608066887e-05,8.87253189086914,2.317272438234409e-06
frozen,7904,-1,0.006380463019013405,453,0.8864970645792564,8.603412628173828,0.0014355657622218132,8.603412628173828,0.00016686003848295352
frozen,7904,-1,0.006380463019013405,13,0.025440313111545987,8.582547187805176,0.0023926638532429934,8.582547187805176,0.0002787824873998592
frozen,87,-1,0.011374755762517452,155,0.30332681017612523,9.951485633850098,0.0003180985804647207,9.951485633850098,3.196493389717658e-05
frozen,87,-1,0.011374755762517452,422,0.8258317025440313,9.232906341552734,0.0005824223044328392,9.232906341552734,6.308114507905761e-05
frozen,87,-1,0.011374755762517452,452,0.8845401174168297,8.6573486328125,0.00507968757301569,8.6573486328125,0.0005867486442399928
frozen,87,-1,0.011374755762517452,109,0.21330724070450097,8.11948299407959,0.0015758676454424858,8.11948299407959,0.00019408472763494264
frozen,12730,-1,0.0032208089251071215,483,0.9452054794520548,12.959850311279297,0.0037779274862259626,12.959848403930664,0.0002915101603410835
frozen,12730,-1,0.0032208089251071215,398,0.7788649706457925,9.358826637268066,0.000970421708188951,9.358824729919434,0.00010369055262746704
frozen,12730,-1,0.0032208089251071215,289,0.5655577299412916,9.233779907226562,0.0027714697644114494,9.23377799987793,0.0003001447256418866
frozen,12730,-1,0.0032208089251071215,397,0.776908023483366,8.925088882446289,0.002846031915396452,8.925087928771973,0.000318879986181609
frozen,13034,-1,0.0012842465657740831,448,0.8767123287671232,11.947028160095215,0.0004137141222599894,11.947026252746582,3.462904604941986e-05
frozen,13034,-1,0.0012842465657740831,450,0.8806262230919765,9.81190013885498,0.00015537836588919163,9.811899185180664,1.5835707538033645e-05
frozen,13034,-1,0.0012842465657740831,270,0.5283757338551859,9.699236869812012,0.0005946464370936155,9.699235916137695,6.130858577264177e-05
frozen,13034,-1,0.0012842465657740831,85,0.16634050880626222,9.112990379333496,0.00030413392232730985,9.11298942565918,3.3373672251936207e-05
frozen,6888,-1,0.011456294916570187,292,0.5714285714285714,21.80035400390625,0.008372724056243896,21.80035400390625,0.00038406367413775243
frozen,6888,-1,0.011456294916570187,304,0.5949119373776908,20.36498260498047,0.0010210588807240129,20.36498260498047,5.013796969678247e-05
frozen,6888,-1,0.011456294916570187,510,0.9980430528375733,18.64903450012207,0.0028274799697101116,18.64903450012207,0.00015161535411882068
frozen,6888,-1,0.011456294916570187,324,0.6340508806262231,18.068714141845703,0.009299371391534805,18.06871223449707,0.0005146670814636308
frozen,6845,-1,0.003913894295692444,136,0.26614481409001955,12.018117904663086,0.00022312661167234182,12.018117904663086,1.8565853109642705e-05
frozen,6845,-1,0.003913894295692444,458,0.8962818003913894,11.383949279785156,2.7064223104389384e-05,11.383949279785156,2.377401940155179e-06
frozen,6845,-1,0.003913894295692444,459,0.898238747553816,10.082173347473145,0.000417354516685009,10.082172393798828,4.1395296607079276e-05
frozen,6845,-1,0.003913894295692444,49,0.0958904109589041,9.772980690002441,0.0014357678592205048,9.772979736328125,0.00014691198569495318
frozen,12869,-1,0.0034246575087308884,443,0.8669275929549902,9.797796249389648,0.0042700450867414474,9.797795295715332,0.00043581693206111156
frozen,12869,-1,0.0034246575087308884,464,0.9080234833659491,8.857534408569336,0.0026780213229358196,8.85753345489502,0.0003023439128480898
frozen,12869,-1,0.0034246575087308884,216,0.4227005870841487,8.792778015136719,0.00042271753773093224,8.792777061462402,4.807554368501485e-05
frozen,12869,-1,0.0034246575087308884,377,0.7377690802348337,8.762081146240234,0.0037224963307380676,8.762080192565918,0.00042484161853441777
frozen,13033,-1,0.0062785386107862,68,0.13307240704500978,13.369855880737305,0.003250612411648035,13.369855880737305,0.0002431299514852193
frozen,13033,-1,0.0062785386107862,122,0.23874755381604695,12.841547012329102,0.0007558465003967285,12.841547012329102,5.885945826239193e-05
frozen,13033,-1,0.0062785386107862,82,0.16046966731898238,12.781015396118164,0.0016718236729502678,12.78101634979248,0.00013080522136859737
frozen,13033,-1,0.0062785386107862,77,0.1506849315068493,12.61569881439209,0.0041387444362044334,12.61569881439209,0.00032806303456475364
frozen,5056,-1,0.002181180752813816,1,0.0019569471624266144,62.998207092285156,0.06700169295072556,62.998207092285156,0.0010635492031158245
frozen,5056,-1,0.002181180752813816,1,0.0019569471624266144,62.998207092285156,0.06700169295072556,62.998207092285156,0.0010635492031158245
frozen,5056,-1,0.002181180752813816,1,0.0019569471624266144,62.998207092285156,0.06700169295072556,62.998207092285156,0.0010635492031158245
frozen,5056,-1,0.002181180752813816,1,0.0019569471624266144,62.998207092285156,0.06700169295072556,62.998207092285156,0.0010635492031158245
frozen,10666,-1,0.0029558055102825165,291,0.5694716242661448,18.651418685913086,0.0036103299353271723,18.651418685913086,0.00019356864998446244
frozen,10666,-1,0.0029558055102825165,59,0.11545988258317025,14.214054107666016,5.599472569883801e-05,14.2140531539917,3.939391888591126e-06
frozen,10666,-1,0.0029558055102825165,264,0.5166340508806262,13.305988311767578,0.00017115530499722809,13.305988311767578,1.28630283588827e-05
frozen,10666,-1,0.0029558055102825165,342,0.6692759295499021,10.103094100952148,0.0007282369188033044,10.103094100952148,7.208058358425792e-05
frozen,13599,-1,0.0072570121847093105,423,0.8277886497064579,15.754528999328613,0.000714871333912015,15.75452995300293,4.537560536839471e-05
frozen,13599,-1,0.0072570121847093105,60,0.11741682974559686,15.66952896118164,0.005624337121844292,15.66952896118164,0.0003589346645822951
frozen,13599,-1,0.0072570121847093105,407,0.7964774951076321,14.943257331848145,0.0007813441334292293,14.943258285522461,5.2287400679289744e-05
frozen,13599,-1,0.0072570121847093105,44,0.08610567514677103,14.654800415039062,0.0011892910115420818,14.654801368713379,8.115367664287189e-05
frozen,14470,-1,0.006380463019013405,412,0.8062622309197651,10.544100761413574,0.0021793493069708347,10.544100761413574,0.00020668896819975614
frozen,14470,-1,0.006380463019013405,184,0.36007827788649704,9.554244995117188,6.371003109961748e-05,9.554244995117188,6.6682433967495355e-06
frozen,14470,-1,0.006380463019013405,275,0.538160469667319,9.31698989868164,0.0011697070440277457,9.31698989868164,0.0001255455953851855
frozen,14470,-1,0.006380463019013405,6,0.011741682974559686,8.906654357910156,0.00037119281478226185,8.906654357910156,4.1675897577927114e-05
frozen,2009,-1,0.0044439006596803665,455,0.8904109589041096,17.923131942749023,0.0018814336508512497,17.923131942749023,0.00010497237072521814
frozen,2009,-1,0.0044439006596803665,275,0.538160469667319,17.734907150268555,0.0045398627407848835,17.734907150268555,0.0002559845790180039
frozen,2009,-1,0.0044439006596803665,368,0.7201565557729941,17.622116088867188,0.0016328112687915564,17.622116088867188,9.265693521466975e-05
frozen,2009,-1,0.0044439006596803665,79,0.15459882583170254,17.16322135925293,0.011183731257915497,17.16322135925293,0.0006516102673165252
frozen,7912,-1,0.0011415524641051888,247,0.48336594911937375,13.276585578918457,0.00029761853511445224,13.276585578918457,2.2416797854038083e-05
frozen,7912,-1,0.0011415524641051888,109,0.21330724070450097,10.703507423400879,0.00016218579548876733,10.703507423400879,1.5152584015047585e-05
frozen,7912,-1,0.0011415524641051888,26,0.050880626223091974,8.909597396850586,9.564327046973631e-05,8.909597396850586,1.0734858850473403e-05
frozen,7912,-1,0.0011415524641051888,115,0.22504892367906065,8.572404861450195,0.0001551279128761962,8.572404861450195,1.8096195336480316e-05
frozen,341,-1,0.003037345129996538,374,0.7318982387475538,11.646921157836914,0.003654792904853821,11.64692211151123,0.00031379903375859344
frozen,341,-1,0.003037345129996538,414,0.8101761252446184,11.407785415649414,0.0022037620656192303,11.40778636932373,0.000193180516734192
frozen,341,-1,0.003037345129996538,242,0.4735812133072407,10.556998252868652,0.005622873082756996,10.556999206542969,0.0005326203945598554
frozen,341,-1,0.003037345129996538,369,0.7221135029354208,10.151013374328613,0.0014895531348884106,10.15101432800293,0.00014673933921847387
frozen,11329,-1,0.00570776266977191,479,0.9373776908023483,23.586305618286133,0.0005800790386274457,23.586305618286133,2.4593891388302817e-05
frozen,11329,-1,0.00570776266977191,493,0.9647749510763209,21.589324951171875,0.0032594185322523117,21.589323043823242,0.0001509736329219845
frozen,11329,-1,0.00570776266977191,497,0.9726027397260274,20.112865447998047,0.0004713537055067718,20.112863540649414,2.343543496698693e-05
frozen,11329,-1,0.00570776266977191,269,0.5264187866927593,20.111351013183594,0.000732212036382407,20.11134910583496,3.640790244996385e-05
frozen,12561,-1,0.010661285370588303,422,0.8258317025440313,17.108213424682617,0.00327409990131855,17.108213424682617,0.00019137590933924705
frozen,12561,-1,0.010661285370588303,304,0.5949119373776908,16.634506225585938,0.001125143375247717,16.634506225585938,6.763912075232546e-05
frozen,12561,-1,0.010661285370588303,429,0.8395303326810176,15.663025856018066,0.005360044538974762,15.663025856018066,0.00034221002941876134
frozen,12561,-1,0.010661285370588303,273,0.5342465753424658,15.363500595092773,0.002148356754332781,15.363500595092773,0.0001398351073074442
frozen,16195,-1,0.017938682809472084,126,0.2465753424657534,10.49141788482666,0.0032190289348363876,10.49141788482666,0.0003068249659077966
frozen,16195,-1,0.017938682809472084,378,0.7397260273972602,9.944276809692383,0.005630018189549446,9.944276809692383,0.00056615662428685
frozen,16195,-1,0.017938682809472084,360,0.7045009784735812,9.566914558410645,0.002439591335132718,9.566914558410645,0.0002550029395828542
frozen,16195,-1,0.017938682809472084,238,0.4657534246575342,8.976832389831543,0.0004052754957228899,8.976832389831543,4.5146826644770984e-05
frozen,7795,-1,0.00739970663562417,251,0.4911937377690802,9.064689636230469,0.001842088415287435,9.064690589904785,0.00020321580720459917
frozen,7795,-1,0.00739970663562417,455,0.8904109589041096,8.569721221923828,0.0008833699394017458,8.569721221923828,0.00010308035892017464
frozen,7795,-1,0.00739970663562417,367,0.7181996086105675,8.286845207214355,0.0006977303419262171,8.286845207214355,8.419734223088752e-05
frozen,7795,-1,0.00739970663562417,368,0.7201565557729941,8.256646156311035,0.0007143726688809693,8.256646156311035,8.652092573144032e-05
frozen,4567,-1,0.002425799146294594,372,0.7279843444227005,10.491582870483398,0.007571964059025049,10.491582870483398,0.0007217179859797621
frozen,4567,-1,0.002425799146294594,90,0.1761252446183953,9.271045684814453,0.002420104807242751,9.27104663848877,0.0002610390068792968
frozen,4567,-1,0.002425799146294594,256,0.5009784735812133,9.126791000366211,0.008624197915196419,9.126791954040527,0.0009449320153921549
frozen,4567,-1,0.002425799146294594,19,0.03718199608610567,6.781775951385498,6.256164510887174e-07,6.781776428222656,9.224964251035872e-08
frozen,6939,-1,0.006217384245246649,86,0.16829745596868884,17.939992904663086,0.019122008234262466,17.939992904663086,0.0010658871681767578
frozen,6939,-1,0.006217384245246649,49,0.0958904109589041,17.082706451416016,0.008254814893007278,17.082706451416016,0.0004832264089115119
frozen,6939,-1,0.006217384245246649,482,0.9432485322896281,16.02360725402832,0.0015871929936110973,16.02360725402832,9.905341340740103e-05
frozen,6939,-1,0.006217384245246649,511,1.0,15.995896339416504,0.0005235306452959776,15.995895385742188,3.272906159180201e-05
frozen,228,-1,0.005666992627084255,476,0.9315068493150684,18.171308517456055,0.003530455520376563,18.171308517456055,0.0001942873578413504
frozen,228,-1,0.005666992627084255,374,0.7318982387475538,17.30059242248535,0.004156051203608513,17.300594329833984,0.00024022592081947245
frozen,228,-1,0.005666992627084255,188,0.3679060665362035,15.325048446655273,0.006422931328415871,15.325048446655273,0.00041911328050761826
frozen,228,-1,0.005666992627084255,406,0.7945205479452054,15.090250968933105,0.006166682578623295,15.090251922607422,0.000408653388309886
frozen,237,-1,0.0026296477299183607,407,0.7964774951076321,14.983527183532715,0.0015156276058405638,14.983528137207031,0.00010115291885607129
frozen,237,-1,0.0026296477299183607,242,0.4735812133072407,12.121367454528809,0.005788847804069519,12.121367454528809,0.0004775738237278401
frozen,237,-1,0.0026296477299183607,425,0.8317025440313112,11.057121276855469,0.0030612892005592585,11.057121276855469,0.00027686132076412006
frozen,237,-1,0.0026296477299183607,243,0.4755381604696673,10.54056167602539,0.0005147060146555305,10.54056167602539,4.883098552767205e-05
frozen,14375,-1,0.0007542400271631777,306,0.598825831702544,7.148177146911621,0.0012659038184210658,7.148177146911621,0.00017709463439472833
frozen,14375,-1,0.0007542400271631777,65,0.12720156555772993,6.9861555099487305,0.00031816877890378237,6.9861555099487305,4.5542756448906666e-05
frozen,14375,-1,0.0007542400271631777,242,0.4735812133072407,6.760579586029053,1.7649531969254895e-07,6.760579586029053,2.6106536791206777e-08
frozen,14375,-1,0.0007542400271631777,461,0.9021526418786693,6.396111965179443,6.134866271167994e-05,6.396111965179443,9.591555470833411e-06
frozen,8835,-1,0.009723581373691559,113,0.22113502935420742,13.656429290771484,0.004092595539987087,13.656428337097168,0.00029968271637099335
frozen,8835,-1,0.009723581373691559,333,0.6516634050880626,13.482075691223145,0.002327246591448784,13.482075691223145,0.00017261782567826894
frozen,8835,-1,0.009723581373691559,161,0.3150684931506849,13.323376655578613,0.012094907462596893,13.323376655578613,0.0009077959570806438
frozen,8835,-1,0.009723581373691559,471,0.9217221135029354,12.558929443359375,0.0032523246482014656,12.558928489685059,0.0002589651378995171
frozen,6388,-1,0.002262720139697194,243,0.4755381604696673,32.78692626953125,0.00369503116235137,32.78692626953125,0.0001126983094412588
frozen,6388,-1,0.002262720139697194,438,0.8571428571428571,29.70306968688965,0.009219384752213955,29.703067779541016,0.0003103849346687387
frozen,6388,-1,0.002262720139697194,393,0.7690802348336595,29.387832641601562,0.011167868971824646,29.387832641601562,0.0003800167609507669
frozen,6388,-1,0.002262720139697194,381,0.7455968688845401,28.386751174926758,0.015343335457146168,28.386749267578125,0.0005405104794676342
frozen,8909,-1,0.006788160651922226,294,0.5753424657534246,15.398975372314453,0.017917321994900703,15.398975372314453,0.0011635398824725665
frozen,8909,-1,0.006788160651922226,373,0.7299412915851272,13.12384033203125,0.0007089618593454361,13.123841285705566,5.402091079215004e-05
frozen,8909,-1,0.006788160651922226,375,0.7338551859099804,13.102690696716309,0.0018008807674050331,13.102690696716309,0.00013744358384773254
frozen,8909,-1,0.006788160651922226,354,0.6927592954990215,12.905668258666992,0.0007490840507671237,12.905668258666992,5.804302696716733e-05
frozen,5927,-1,0.0016307892510667443,30,0.05870841487279843,10.086920738220215,0.0005402248352766037,10.086920738220215,5.355696245630692e-05
frozen,5927,-1,0.0016307892510667443,306,0.598825831702544,9.790143013000488,0.0020649642683565617,9.790143013000488,0.00021092278893316088
frozen,5927,-1,0.0016307892510667443,222,0.4344422700587084,9.166923522949219,0.0022314698435366154,9.166923522949219,0.00024342625286991574
frozen,5927,-1,0.0016307892510667443,474,0.9275929549902152,9.041450500488281,0.0007817808073014021,9.041449546813965,8.646631308990568e-05
frozen,7161,-1,0.0015084800543263555,123,0.24070450097847357,16.886831283569336,0.002314467215910554,16.886831283569336,0.00013705751997193815
frozen,7161,-1,0.0015084800543263555,229,0.4481409001956947,15.016359329223633,5.073702777735889e-05,15.01636028289795,3.3787833284170077e-06
frozen,7161,-1,0.0015084800543263555,156,0.30528375733855184,13.527825355529785,0.0027908713091164827,13.527826309204102,0.00020630596855147537
frozen,7161,-1,0.0015084800543263555,327,0.639921722113503,11.800631523132324,0.0006381653947755694,11.800631523132324,5.4078918871807696e-05
frozen,1415,-1,0.0009173189755529165,481,0.9412915851272016,7.855917930603027,0.0002662386395968497,7.8559184074401855,3.3890199183420784e-05
frozen,1415,-1,0.0009173189755529165,243,0.4755381604696673,6.755428314208984,0.0004765284538734704,6.755428791046143,7.05400750438042e-05
frozen,1415,-1,0.0009173189755529165,71,0.13894324853228962,6.738884925842285,0.00012582706403918564,6.738885402679443,1.8671791627315052e-05
frozen,1415,-1,0.0009173189755529165,81,0.15851272015655576,6.587317943572998,0.001109583768993616,6.587318420410156,0.00016844240678508577
frozen,6930,-1,0.0008561643771827221,448,0.8767123287671232,16.44112205505371,0.0024681685026735067,16.44112205505371,0.00015012165802362834
frozen,6930,-1,0.0008561643771827221,324,0.6340508806262231,13.54662799835205,0.0012045730836689472,13.54662799835205,8.89205109799637e-05
frozen,6930,-1,0.0008561643771827221,449,0.8786692759295499,13.33702564239502,0.0007720900466665626,13.337026596069336,5.789071807760446e-05
frozen,6930,-1,0.0008561643771827221,495,0.9686888454011742,11.417842864990234,0.004798403009772301,11.417842864990234,0.000420254777238643
frozen,4903,-1,0.0035265819169580936,388,0.7592954990215264,25.035341262817383,0.004915067460387945,25.035341262817383,0.00019632516324783752
frozen,4903,-1,0.0035265819169580936,314,0.6144814090019569,22.273529052734375,0.0035830610431730747,22.273529052734375,0.0001608663375565627
frozen,4903,-1,0.0035265819169580936,79,0.15459882583170254,21.660335540771484,0.009215055033564568,21.660335540771484,0.00042543454676493675
frozen,4903,-1,0.0035265819169580936,342,0.6692759295499021,21.42081642150879,0.003760511288419366,21.42081642150879,0.00017555405986502973
frozen,14129,-1,0.0047904434613883495,65,0.12720156555772993,20.713428497314453,0.015810608863830566,20.713428497314453,0.0007633023603929427
frozen,14129,-1,0.0047904434613883495,394,0.7710371819960861,19.33319854736328,0.009000884369015694,19.33319854736328,0.000465566230386811
frozen,14129,-1,0.0047904434613883495,494,0.9667318982387475,18.920549392700195,0.005238872952759266,18.920549392700195,0.0002768879932619977
frozen,14129,-1,0.0047904434613883495,483,0.9452054794520548,18.711606979370117,0.006526711862534285,18.711606979370117,0.00034880552320974364
frozen,8325,-1,0.005483529064804316,117,0.22896281800391388,10.86324691772461,0.002541220746934414,10.863247871398926,0.00023392826685148313
frozen,8325,-1,0.005483529064804316,226,0.44227005870841485,8.965592384338379,0.005447777919471264,8.965592384338379,0.0006076316751794071
frozen,8325,-1,0.005483529064804316,431,0.8434442270058709,8.100720405578613,1.58543698489666e-05,8.100720405578613,1.9571555436042926e-06
frozen,8325,-1,0.005483529064804316,170,0.33268101761252444,7.930419445037842,0.012389585375785828,7.930419921875,0.0015622861712039759
frozen,3259,-1,0.00258887792006135,441,0.863013698630137,11.730039596557617,0.0004121042147744447,11.730040550231934,3.513237767675887e-05
frozen,3259,-1,0.00258887792006135,75,0.14677103718199608,11.699734687805176,0.0022869184613227844,11.699735641479492,0.00019546753289150315
frozen,3259,-1,0.00258887792006135,480,0.9393346379647749,11.565500259399414,0.005137849599123001,11.565500259399414,0.0004442392878723436
frozen,3259,-1,0.00258887792006135,156,0.30528375733855184,11.201000213623047,0.00013112922897562385,11.201001167297363,1.170692039194416e-05
frozen,5910,-1,0.004178897477686405,308,0.6027397260273972,16.170787811279297,0.014044634997844696,16.170787811279297,0.0008685189096383055
frozen,5910,-1,0.004178897477686405,178,0.34833659491193736,15.07884407043457,0.002650648355484009,15.07884407043457,0.00017578591191092657
frozen,5910,-1,0.004178897477686405,394,0.7710371819960861,14.736336708068848,0.002018589526414871,14.736336708068848,0.00013698041558113944
frozen,5910,-1,0.004178897477686405,348,0.6810176125244618,14.403894424438477,0.0034565776586532593,14.403894424438477,0.0002399752148133376
frozen,15921,-1,0.00032615786767564714,304,0.5949119373776908,8.130416870117188,0.0021531982347369194,8.130416870117188,0.000264832451906723
frozen,15921,-1,0.00032615786767564714,420,0.821917808219178,7.921785354614258,0.0012180214980617166,7.9217848777771,0.00015375594223451076
frozen,15921,-1,0.00032615786767564714,356,0.6966731898238747,6.446191310882568,0.00180613505654037,6.44619083404541,0.00028018640822752386
frozen,15921,-1,0.00032615786767564714,143,0.27984344422700586,5.635379791259766,0.0012652970617637038,5.635379314422607,0.00022452739934034844
frozen,11337,-1,0.0026704175397753716,509,0.9960861056751468,11.85770034790039,0.0002459279203321785,11.857699394226074,2.0739935476179243e-05
frozen,11337,-1,0.0026704175397753716,347,0.6790606653620352,11.595769882202148,0.0018855725647881627,11.595769882202148,0.0001626086567725225
frozen,11337,-1,0.0026704175397753716,181,0.3542074363992172,9.769359588623047,0.0011482355184853077,9.769359588623047,0.00011753436937898065
frozen,11337,-1,0.0026704175397753716,384,0.7514677103718199,9.36173152923584,6.516376743093133e-05,9.36173152923584,6.9606532966076615e-06
frozen,12433,-1,0.004260437097400427,504,0.9863013698630136,9.013972282409668,0.00047199713299050927,9.013973236083984,5.236282831427209e-05
frozen,12433,-1,0.004260437097400427,50,0.09784735812133072,8.728361129760742,0.001753103919327259,8.728362083435059,0.00020085142006818794
frozen,12433,-1,0.004260437097400427,506,0.9902152641878669,8.561034202575684,0.00396784208714962,8.56103515625,0.000463476906090368
frozen,12433,-1,0.004260437097400427,447,0.8747553816046967,8.483988761901855,0.002026902511715889,8.483988761901855,0.0002389091462282322
frozen,9812,-1,0.003159654326736927,180,0.3522504892367906,12.01428508758545,0.0015409584157168865,12.01428508758545,0.0001282605169165815
frozen,9812,-1,0.003159654326736927,483,0.9452054794520548,11.408767700195312,0.0012608771212399006,11.408767700195312,0.0001105182570435118
frozen,9812,-1,0.003159654326736927,102,0.19960861056751467,10.786341667175293,0.002403567312285304,10.786341667175293,0.00022283433868962042
frozen,9812,-1,0.003159654326736927,197,0.38551859099804303,9.712488174438477,0.006214400753378868,9.712488174438477,0.0006398361204427568
frozen,10623,-1,0.009193575009703636,343,0.6712328767123288,15.595425605773926,0.00011138463742099702,15.595425605773926,7.1421351514612636e-06
frozen,10623,-1,0.009193575009703636,103,0.20156555772994128,15.021388053894043,0.0011659539304673672,15.021388053894043,7.76195865711034e-05
frozen,10623,-1,0.009193575009703636,118,0.2309197651663405,14.63124942779541,7.449949043802917e-05,14.63124942779541,5.091806465721261e-06
frozen,10623,-1,0.009193575009703636,135,0.26418786692759294,14.427264213562012,0.0008537904359400272,14.427263259887695,5.917896003976248e-05
frozen,13414,-1,0.007827788591384888,350,0.684931506849315,12.5961275100708,0.004499957896769047,12.596128463745117,0.00035724928574054144
frozen,13414,-1,0.007827788591384888,492,0.9628180039138943,12.56055736541748,0.0005922860000282526,12.56055736541748,4.715443612868421e-05
frozen,13414,-1,0.007827788591384888,234,0.45792563600782776,12.27037239074707,0.0021610327530652285,12.27037239074707,0.0001761179436326509
frozen,13414,-1,0.007827788591384888,138,0.2700587084148728,11.895532608032227,0.00808029342442751,11.895533561706543,0.0006792712056598413
frozen,5302,-1,0.0018142530461773276,237,0.4637964774951076,11.066612243652344,0.0030290945433080196,11.066611289978027,0.0002737147319930882
frozen,5302,-1,0.0018142530461773276,489,0.9569471624266145,10.742005348205566,0.005780217237770557,10.742005348205566,0.0005380948017062878
frozen,5302,-1,0.0018142530461773276,119,0.2328767123287671,10.71151065826416,0.002004147507250309,10.711509704589844,0.00018710224445687043
frozen,5302,-1,0.0018142530461773276,123,0.24070450097847357,10.211069107055664,0.0014355476014316082,10.211068153381348,0.00014058740769017718
frozen,13337,-1,0.0036896606907248497,245,0.4794520547945205,7.686091423034668,0.0002927379682660103,7.686091423034668,3.808671431993321e-05
frozen,13337,-1,0.0036896606907248497,195,0.3816046966731898,7.433684825897217,0.0010392866097390652,7.433684825897217,0.00013980773116966622
frozen,13337,-1,0.0036896606907248497,306,0.598825831702544,7.314511299133301,0.0006442992016673088,7.314511299133301,8.808506478671406e-05
frozen,13337,-1,0.0036896606907248497,464,0.9080234833659491,7.079132080078125,4.8787042032927275e-05,7.079132080078125,6.891669978897874e-06
frozen,4892,-1,0.012699771672487259,332,0.649706457925636,11.554718017578125,0.000711246975697577,11.554718971252441,6.155467540726206e-05
frozen,4892,-1,0.012699771672487259,337,0.6594911937377691,8.878570556640625,9.734387276694179e-05,8.878570556640625,1.0963912731890671e-05
frozen,4892,-1,0.012699771672487259,267,0.5225048923679061,7.997714519500732,0.0014785960083827376,7.997714519500732,0.0001848773177358975
frozen,4892,-1,0.012699771672487259,25,0.04892367906066536,7.873898983001709,0.0017693331465125084,7.873898983001709,0.00022470864184721842
frozen,5005,-1,0.003791585098952055,368,0.7201565557729941,25.655536651611328,0.0015644398517906666,25.655536651611328,6.0978644611295234e-05
frozen,5005,-1,0.003791585098952055,328,0.6418786692759295,22.96354866027832,0.0010866785887628794,22.96354866027832,4.732189283281745e-05
frozen,5005,-1,0.003791585098952055,229,0.4481409001956947,22.831865310668945,0.0015667624538764358,22.831865310668945,6.86217456417945e-05
frozen,5005,-1,0.003791585098952055,493,0.9647749510763209,22.822650909423828,0.00027691491413861513,22.822650909423828,1.2133336974640078e-05
frozen,13912,-1,0.004464285913854837,229,0.4481409001956947,27.305017471313477,0.014023544266819954,27.305015563964844,0.0005135885835321478
frozen,13912,-1,0.004464285913854837,228,0.4461839530332681,25.27096939086914,4.676410026149824e-05,25.270967483520508,1.8505069223010025e-06
frozen,13912,-1,0.004464285913854837,399,0.7808219178082192,23.436786651611328,0.030089162290096283,23.436784744262695,0.001283843437503179
frozen,13912,-1,0.004464285913854837,460,0.9001956947162426,21.958538055419922,0.015600395388901234,21.95853614807129,0.0007104478770216876
frozen,12320,-1,0.0044439006596803665,175,0.3424657534246575,12.428707122802734,0.0030282074585556984,12.42870807647705,0.00024364619716887352
frozen,12320,-1,0.0044439006596803665,431,0.8434442270058709,12.271092414855957,0.0001952428137883544,12.271093368530273,1.5910791966513977e-05
frozen,12320,-1,0.0044439006596803665,53,0.10371819960861056,9.741991996765137,0.0020570848137140274,9.741992950439453,0.0002111564670780463
frozen,12320,-1,0.0044439006596803665,97,0.1898238747553816,9.68294620513916,0.0018478563288226724,9.682947158813477,0.00019083614714769382
frozen,12996,-1,0.0010396281722933054,431,0.8434442270058709,27.073518753051758,0.016397472470998764,27.073516845703125,0.0006056646635326665
frozen,12996,-1,0.0010396281722933054,348,0.6810176125244618,20.713220596313477,0.0084996921941638,20.713220596313477,0.00041035106803606234
frozen,12996,-1,0.0010396281722933054,349,0.6829745596868885,14.333086967468262,0.0002725014928728342,14.333086967468262,1.9012058846173858e-05
frozen,12996,-1,0.0010396281722933054,347,0.6790606653620352,13.201787948608398,0.0006185257807374001,13.201787948608398,4.685166760329603e-05
frozen,16042,-1,0.007848173379898071,421,0.8238747553816047,14.289188385009766,0.0016436325386166573,14.289189338684082,0.00011502629712988479
frozen,16042,-1,0.007848173379898071,320,0.6262230919765166,13.958806991577148,0.006007435265928507,13.958807945251465,0.00043036878861651853
frozen,16042,-1,0.007848173379898071,359,0.7025440313111546,13.749939918518066,0.003879602998495102,13.749940872192383,0.00028215415866559375
frozen,16042,-1,0.007848173379898071,321,0.6281800391389433,12.588672637939453,0.003931717947125435,12.58867359161377,0.00031232185968699976
frozen,4035,-1,0.00156963465269655,285,0.5577299412915852,14.507047653198242,0.002034652279689908,14.507047653198242,0.00014025267775565252
frozen,4035,-1,0.00156963465269655,267,0.5225048923679061,13.675731658935547,0.002046222798526287,13.675731658935547,0.0001496243747360538
frozen,4035,-1,0.00156963465269655,145,0.2837573385518591,11.139910697937012,0.00012612249702215195,11.139910697937012,1.1321679360096526e-05
frozen,4035,-1,0.00156963465269655,44,0.08610567514677103,10.580277442932129,0.0014254690613597631,10.580277442932129,0.00013472889241784576
frozen,6643,-1,0.004362361505627632,376,0.735812133072407,18.903644561767578,0.007480082102119923,18.903644561767578,0.00039569523631693276
frozen,6643,-1,0.004362361505627632,229,0.4481409001956947,10.719474792480469,0.0012180947232991457,10.719474792480469,0.00011363380640193478
frozen,6643,-1,0.004362361505627632,61,0.11937377690802348,10.409857749938965,0.0009759850800037384,10.409857749938965,9.375585175594362e-05
frozen,6643,-1,0.004362361505627632,292,0.5714285714285714,10.103572845458984,0.0035068653523921967,10.103572845458984,0.00034709160868457985
frozen,6406,-1,0.003913894295692444,65,0.12720156555772993,12.713730812072754,0.003128067823126912,12.713730812072754,0.00024603854441817733
frozen,6406,-1,0.003913894295692444,71,0.13894324853228962,10.034994125366211,0.00038672739174216986,10.034994125366211,3.853787923648205e-05
frozen,6406,-1,0.003913894295692444,395,0.7729941291585127,9.9443359375,0.00036551966331899166,9.9443359375,3.675656832354389e-05
frozen,6406,-1,0.003913894295692444,66,0.12915851272015655,9.169525146484375,0.0021451073698699474,9.169525146484375,0.00023393876297862472
frozen,9675,-1,0.004729289095848799,400,0.7827788649706457,7.701563358306885,0.0001591112231835723,7.701563358306885,2.0659600626664374e-05
frozen,9675,-1,0.004729289095848799,384,0.7514677103718199,7.541994571685791,0.0034849471412599087,7.541994571685791,0.00046207234812169207
frozen,9675,-1,0.004729289095848799,22,0.043052837573385516,7.459896564483643,0.0017566690221428871,7.459897041320801,0.00023548167118293936
frozen,9675,-1,0.004729289095848799,25,0.04892367906066536,7.435026168823242,3.896027192240581e-05,7.435026168823242,5.240098829211268e-06
frozen,2246,-1,0.005463144276291132,342,0.6692759295499021,20.011629104614258,0.012139692902565002,20.011629104614258,0.0006066319158276747
frozen,2246,-1,0.005463144276291132,422,0.8258317025440313,19.004159927368164,0.012862911447882652,19.004161834716797,0.0006768470801161401
frozen,2246,-1,0.005463144276291132,130,0.25440313111545987,18.493297576904297,0.007147008553147316,18.493297576904297,0.0003864648002026957
frozen,2246,-1,0.005463144276291132,78,0.15264187866927592,18.298547744750977,0.0026425598189234734,18.298547744750977,0.00014441363630518186
frozen,15019,-1,0.004260437097400427,316,0.6183953033268101,14.209832191467285,0.003120002569630742,14.209831237792969,0.00021956647601364
frozen,15019,-1,0.004260437097400427,488,0.9549902152641878,11.816516876220703,0.0007263992447406054,11.816515922546387,6.147321676727118e-05
frozen,15019,-1,0.004260437097400427,494,0.9667318982387475,11.452459335327148,0.0014793516602367163,11.452458381652832,0.0001291732841052433
frozen,15019,-1,0.004260437097400427,387,0.7573385518590998,11.297277450561523,0.0004241479036863893,11.297276496887207,3.754426155748749e-05
frozen,2864,-1,0.0029761905316263437,94,0.18395303326810175,9.68804931640625,0.0026772604323923588,9.68804931640625,0.00027634669735408405
frozen,2864,-1,0.0029761905316263437,53,0.10371819960861056,8.236984252929688,0.00042494008084759116,8.236984252929688,5.1589279255505524e-05
frozen,2864,-1,0.0029761905316263437,56,0.1095890410958904,7.9113006591796875,0.00010905743693001568,7.911301136016846,1.3785019057550821e-05
frozen,2864,-1,0.0029761905316263437,35,0.0684931506849315,7.785747528076172,0.0025683213025331497,7.785747528076172,0.00032987472214729934
frozen,12155,-1,0.0032615785021334887,414,0.8101761252446184,21.569116592407227,0.06253977864980698,21.56911849975586,0.002899505543099263
frozen,12155,-1,0.0032615785021334887,441,0.863013698630137,20.20375633239746,0.007831425406038761,20.203758239746094,0.0003876222093487682
frozen,12155,-1,0.0032615785021334887,478,0.9354207436399217,17.995439529418945,0.010559974238276482,17.995439529418945,0.0005868139103250596
frozen,12155,-1,0.0032615785021334887,299,0.5851272015655578,17.871294021606445,0.005103430710732937,17.871295928955078,0.00028556578834690755
frozen,11659,-1,0.0010803978657349944,251,0.4911937377690802,13.027944564819336,0.0005856869975104928,13.027945518493652,4.4956205618076034e-05
frozen,11659,-1,0.0010803978657349944,53,0.10371819960861056,10.309313774108887,0.0024670539423823357,10.309313774108887,0.0002393034101433761
frozen,11659,-1,0.0010803978657349944,153,0.299412915851272,8.99220085144043,0.0010390239767730236,8.99220085144043,0.00011554723853911536
frozen,11659,-1,0.0010803978657349944,102,0.19960861056751467,7.463366508483887,6.667641719104722e-05,7.463366985321045,8.933825352844962e-06
frozen,6812,-1,0.010233202949166298,9,0.01761252446183953,20.732568740844727,0.00638002622872591,20.732568740844727,0.00030772965513707796
frozen,6812,-1,0.010233202949166298,307,0.6007827788649707,20.108598709106445,0.0059865908697247505,20.108598709106445,0.00029771298121403374
frozen,6812,-1,0.010233202949166298,374,0.7318982387475538,19.490861892700195,0.006774609908461571,19.490861892700195,0.0003475787754157156
frozen,6812,-1,0.010233202949166298,439,0.8590998043052838,19.391403198242188,0.002325359731912613,19.391403198242188,0.00011991704303912388
frozen,702,-1,0.00034654271439649165,21,0.0410958904109589,8.884073257446289,3.395186286070384e-05,8.884073257446289,3.821654986044458e-06
frozen,702,-1,0.00034654271439649165,221,0.4324853228962818,8.512093544006348,7.445686787832528e-05,8.512093544006348,8.74718628189335e-06
frozen,702,-1,0.00034654271439649165,166,0.324853228962818,8.42602825164795,0.00011049430759157985,8.42602825164795,1.3113450880012128e-05
frozen,702,-1,0.00034654271439649165,18,0.03522504892367906,7.674586296081543,0.0001353396219201386,7.674586296081543,1.763477752400018e-05
frozen,5255,-1,0.0021200261544436216,281,0.5499021526418787,26.5085391998291,0.0028463960625231266,26.50853729248047,0.00010737657951917808
frozen,5255,-1,0.0021200261544436216,200,0.3913894324853229,25.06797981262207,0.0033654444850981236,25.06797981262207,0.00013425272041281828
frozen,5255,-1,0.0021200261544436216,363,0.7103718199608611,23.776817321777344,0.0022791624069213867,23.77681541442871,9.58565042120107e-05
frozen,5255,-1,0.0021200261544436216,102,0.19960861056751467,22.95660400390625,0.0012537973234429955,22.956602096557617,5.4615980107570215e-05
frozen,1062,-1,0.004933137446641922,377,0.7377690802348337,20.785276412963867,0.004280664026737213,20.785276412963867,0.00020594693771151123
frozen,1062,-1,0.004933137446641922,52,0.10176125244618395,15.398063659667969,0.002189142629504204,15.398063659667969,0.00014216999474019637
frozen,1062,-1,0.004933137446641922,318,0.6223091976516634,14.53236198425293,0.003296229988336563,14.532361030578613,0.00022681999032371424
frozen,1062,-1,0.004933137446641922,453,0.8864970645792564,14.007240295410156,0.0011120014823973179,14.007240295410156,7.938762089786485e-05
frozen,8211,-1,0.00042808218859136105,79,0.15459882583170254,22.755210876464844,0.002786456374451518,22.755212783813477,0.00012245354068644943
frozen,8211,-1,0.00042808218859136105,484,0.9471624266144814,21.729026794433594,0.004431526176631451,21.729026794433594,0.00020394499111974455
frozen,8211,-1,0.00042808218859136105,426,0.8336594911937377,19.732559204101562,0.00658522779121995,19.732561111450195,0.00033372392737193886
frozen,8211,-1,0.00042808218859136105,7,0.0136986301369863,19.704862594604492,0.003322782926261425,19.704864501953125,0.00016862754503752485
frozen,10537,-1,0.002058871556073427,1,0.0019569471624266144,75.53369903564453,0.18982648849487305,75.53369903564453,0.0025131364002879495
frozen,10537,-1,0.002058871556073427,1,0.0019569471624266144,75.53369903564453,0.18982648849487305,75.53369903564453,0.0025131364002879495
frozen,10537,-1,0.002058871556073427,1,0.0019569471624266144,75.46186065673828,0.5222650766372681,75.46186065673828,0.006920914381013649
frozen,10537,-1,0.002058871556073427,1,0.0019569471624266144,75.26101684570312,0.2287350296974182,75.26101684570312,0.0030392232165340105
frozen,7950,-1,0.006013535428792238,496,0.9706457925636007,11.395220756530762,9.098590089706704e-05,11.395219802856445,7.98456743013062e-06
frozen,7950,-1,0.006013535428792238,10,0.019569471624266144,10.990097999572754,0.0011780381901189685,10.990097045898438,0.0001071908814998698
frozen,7950,-1,0.006013535428792238,327,0.639921722113503,9.986748695373535,0.005407241173088551,9.986747741699219,0.0005414416497686085
frozen,7950,-1,0.006013535428792238,9,0.01761252446183953,9.536584854125977,0.0006770938634872437,9.536584854125977,7.099961609362715e-05
frozen,4808,-1,0.004912752658128738,384,0.7514677103718199,13.797128677368164,0.0002591984812170267,13.797128677368164,1.8786407467678226e-05
frozen,4808,-1,0.004912752658128738,241,0.47162426614481406,12.826446533203125,0.0003440133878029883,12.826446533203125,2.682063086704954e-05
frozen,4808,-1,0.004912752658128738,85,0.16634050880626222,12.297133445739746,2.6447974960319698e-05,12.297133445739746,2.1507431042380375e-06
frozen,4808,-1,0.004912752658128738,367,0.7181996086105675,12.092220306396484,0.004247389268130064,12.092220306396484,0.00035124974243839243
frozen,11551,-1,0.0006523157353512943,437,0.8551859099804305,12.412779808044434,1.4638704669778235e-05,12.41278076171875,1.179325160960248e-06
frozen,11551,-1,0.0006523157353512943,415,0.812133072407045,10.403876304626465,1.7865468180389144e-05,10.403877258300781,1.7171932863909074e-06
frozen,11551,-1,0.0006523157353512943,419,0.8199608610567515,9.96241569519043,1.358604095003102e-05,9.96241569519043,1.3637295778161489e-06
frozen,11551,-1,0.0006523157353512943,490,0.958904109589041,6.621631145477295,0.0001970247831195593,6.621631622314453,2.975471822618447e-05
frozen,8194,-1,0.003975049126893282,417,0.8160469667318982,17.929290771484375,0.004337179008871317,17.929288864135742,0.00024190468689179576
frozen,8194,-1,0.003975049126893282,76,0.1487279843444227,17.08650779724121,0.004008755087852478,17.08650779724121,0.0002346152376730681
frozen,8194,-1,0.003975049126893282,416,0.8140900195694716,14.672686576843262,0.003386048600077629,14.672685623168945,0.00023077224490729084
frozen,8194,-1,0.003975049126893282,292,0.5714285714285714,14.109552383422852,0.003959273919463158,14.109551429748535,0.00028060948210695323
frozen,4855,-1,0.003037345129996538,104,0.2035225048923679,19.926977157592773,0.004535950720310211,19.92697525024414,0.00022762866232067198
frozen,4855,-1,0.003037345129996538,24,0.046966731898238745,17.43570899963379,0.002701273187994957,17.435707092285156,0.00015492765356159256
frozen,4855,-1,0.003037345129996538,34,0.06653620352250489,15.595597267150879,0.0016505350358784199,15.595595359802246,0.00010583340986985885
frozen,4855,-1,0.003037345129996538,4,0.007827788649706457,15.444371223449707,0.006536958739161491,15.444369316101074,0.00042325838014936466
frozen,3138,-1,0.0032615785021334887,441,0.863013698630137,14.364890098571777,2.3500280804000795e-05,14.364889144897461,1.6359528129284805e-06
frozen,3138,-1,0.0032615785021334887,467,0.913894324853229,13.70627212524414,0.000941520556807518,13.706270217895508,6.86926889547404e-05
frozen,3138,-1,0.0032615785021334887,272,0.5322896281800391,12.537118911743164,5.83850487601012e-05,12.537117958068848,4.656975307672269e-06
frozen,3138,-1,0.0032615785021334887,250,0.4892367906066536,12.204421997070312,0.0017413431778550148,12.204421043395996,0.00014268134241380364
frozen,8286,-1,0.0027111871168017387,27,0.05283757338551859,22.70307159423828,0.0030842169653624296,22.70307159423828,0.00013585020654849014
frozen,8286,-1,0.0027111871168017387,282,0.5518590998043053,22.604406356811523,0.00037288054591044784,22.604406356811523,1.649592296406782e-05
frozen,8286,-1,0.0027111871168017387,481,0.9412915851272016,19.296871185302734,0.0016185537679120898,19.296871185302734,8.387648714496497e-05
frozen,8286,-1,0.0027111871168017387,37,0.07240704500978473,19.006179809570312,0.00047064904356375337,19.006179809570312,2.4762948066331785e-05
frozen,15693,-1,0.002058871556073427,1,0.0019569471624266144,72.45069885253906,0.15867465734481812,72.4507064819336,0.0021901050389948294
frozen,15693,-1,0.002058871556073427,1,0.0019569471624266144,72.45069885253906,0.15867465734481812,72.4507064819336,0.0021901050389948294
frozen,15693,-1,0.002058871556073427,1,0.0019569471624266144,72.45069885253906,0.15867465734481812,72.4507064819336,0.0021901050389948294
frozen,15693,-1,0.002058871556073427,1,0.0019569471624266144,72.45069885253906,0.15867465734481812,72.4507064819336,0.0021901050389948294
frozen,6722,-1,0.006543542258441448,385,0.7534246575342466,15.084278106689453,0.0009184501832351089,15.08427906036377,6.088790717539004e-05
frozen,6722,-1,0.006543542258441448,142,0.27788649706457924,12.4596586227417,0.0022693967912346125,12.4596586227417,0.00018213956416851174
frozen,6722,-1,0.006543542258441448,473,0.9256360078277887,11.649067878723145,0.0004393759008962661,11.649068832397461,3.771768432463107e-05
frozen,6722,-1,0.006543542258441448,175,0.3424657534246575,11.226105690002441,0.0021453697700053453,11.226106643676758,0.000191105415091861
frozen,7786,-1,0.0011619373690336943,328,0.6418786692759295,23.039506912231445,0.014217902906239033,23.039506912231445,0.0006171096873037196
frozen,7786,-1,0.0011619373690336943,393,0.7690802348336595,20.6157169342041,0.01989593356847763,20.615718841552734,0.000965085608772258
frozen,7786,-1,0.0011619373690336943,106,0.20743639921722112,15.176270484924316,0.0026487100403755903,15.176271438598633,0.00017452969598573355
frozen,7786,-1,0.0011619373690336943,78,0.15264187866927592,10.933653831481934,0.013255597092211246,10.93365478515625,0.0012123665281811634
frozen,6776,-1,0.0049739074893295765,56,0.1095890410958904,21.76441764831543,0.05626603215932846,21.76441764831543,0.002585230308869921
frozen,6776,-1,0.0049739074893295765,489,0.9569471624266145,19.455089569091797,0.03241868317127228,19.455089569091797,0.0016663343057939798
frozen,6776,-1,0.0049739074893295765,85,0.16634050880626222,18.582416534423828,0.08645802736282349,18.582416534423828,0.0046526794404086495
frozen,6776,-1,0.0049739074893295765,218,0.42661448140900193,18.562877655029297,0.1996786892414093,18.562877655029297,0.010756882254584581
frozen,14304,-1,0.004505055490881205,132,0.2583170254403131,14.74117660522461,0.0027179550379514694,14.741177558898926,0.00018437842072600906
frozen,14304,-1,0.004505055490881205,183,0.35812133072407043,13.788954734802246,0.0024888450279831886,13.788954734802246,0.00018049555429328794
frozen,14304,-1,0.004505055490881205,106,0.20743639921722112,13.604207038879395,0.0030056065879762173,13.604207992553711,0.00022093212553213988
frozen,14304,-1,0.004505055490881205,446,0.87279843444227,13.106036186218262,0.0008134376257658005,13.106036186218262,6.206587668521594e-05
frozen,11296,-1,0.003975049126893282,430,0.8414872798434442,13.484146118164062,0.002414701972156763,13.484146118164062,0.00017907711404165186
frozen,11296,-1,0.003975049126893282,176,0.34442270058708413,10.001177787780762,0.001463346998207271,10.001178741455078,0.00014631745277600826
frozen,11296,-1,0.003975049126893282,65,0.12720156555772993,9.958877563476562,0.0003795607481151819,9.958877563476562,3.811280394762483e-05
frozen,11296,-1,0.003975049126893282,154,0.3013698630136986,9.252436637878418,0.0013560880906879902,9.252436637878418,0.00014656550958007326
frozen,4468,-1,0.00042808218859136105,292,0.5714285714285714,9.395798683166504,0.0014973161742091179,9.395797729492188,0.0001593601966876359
frozen,4468,-1,0.00042808218859136105,417,0.8160469667318982,7.829137802124023,0.0014868443831801414,7.829137325286865,0.0001899116494454467
frozen,4468,-1,0.00042808218859136105,68,0.13307240704500978,7.272126197814941,0.0024134572595357895,7.272125720977783,0.00033187782391794034
frozen,4468,-1,0.00042808218859136105,446,0.87279843444227,7.123775005340576,0.001205294393002987,7.123774528503418,0.00016919322589175186
frozen,16083,-1,0.001875407644547522,381,0.7455968688845401,25.29281234741211,0.003958790563046932,25.292816162109375,0.00015651837809098977
frozen,16083,-1,0.001875407644547522,389,0.761252446183953,23.66508674621582,0.00183905940502882,23.665090560913086,7.771191072753969e-05
frozen,16083,-1,0.001875407644547522,181,0.3542074363992172,20.510875701904297,0.0008881110697984695,20.510879516601562,4.329951180687449e-05
frozen,16083,-1,0.001875407644547522,338,0.6614481409001957,19.874324798583984,0.004068317357450724,19.874326705932617,0.0002047021475316849
frozen,8500,-1,0.0035469667054712772,103,0.20156555772994128,10.043901443481445,0.0008921948028728366,10.043902397155762,8.882949749944691e-05
frozen,8500,-1,0.0035469667054712772,444,0.8688845401174168,7.350773334503174,0.001945894444361329,7.35077428817749,0.00026471965647088087
frozen,8500,-1,0.0035469667054712772,111,0.2172211350293542,7.258111476898193,0.0023591192439198494,7.25811243057251,0.0003250320612261121
frozen,8500,-1,0.0035469667054712772,56,0.1095890410958904,7.251825332641602,0.0011903189588338137,7.251826286315918,0.0001641405780885743
frozen,15099,-1,0.010987442918121815,51,0.09980430528375733,12.615671157836914,0.0032566897571086884,12.615671157836914,0.0002581463733767044
frozen,15099,-1,0.010987442918121815,52,0.10176125244618395,11.67851448059082,0.004295404069125652,11.67851448059082,0.0003678039768041069
frozen,15099,-1,0.010987442918121815,167,0.3268101761252446,11.521692276000977,0.00010105720139108598,11.521692276000977,8.771038053288606e-06
frozen,15099,-1,0.010987442918121815,57,0.11154598825831702,11.413504600524902,0.0016169613227248192,11.413504600524902,0.00014167088719186705
frozen,1908,-1,0.004362361505627632,9,0.01761252446183953,13.234430313110352,3.462982931523584e-05,13.234430313110352,2.6166467687642498e-06
frozen,1908,-1,0.004362361505627632,273,0.5342465753424658,12.154622077941895,3.499852027744055e-05,12.154622077941895,2.879441257244482e-06
frozen,1908,-1,0.004362361505627632,317,0.6203522504892368,10.605828285217285,3.128619573544711e-05,10.605828285217285,2.949905928521842e-06
frozen,1908,-1,0.004362361505627632,63,0.1232876712328767,10.506036758422852,0.005240332335233688,10.506036758422852,0.0004987924995629235
frozen,4687,-1,0.0015288649592548609,222,0.4344422700587084,18.003494262695312,0.004525397904217243,18.00349235534668,0.00025136222544473654
frozen,4687,-1,0.0015288649592548609,337,0.6594911937377691,12.383896827697754,0.0008715711301192641,12.383895874023438,7.037939748407275e-05
frozen,4687,-1,0.0015288649592548609,357,0.6986301369863014,12.304957389831543,0.0012245045509189367,12.304956436157227,9.951311548904135e-05
frozen,4687,-1,0.0015288649592548609,221,0.4324853228962818,9.822532653808594,0.0032460764050483704,9.822531700134277,0.00033047247941220644
frozen,7017,-1,0.0005503913853317499,81,0.15851272015655576,11.524724006652832,0.0014112441567704082,11.524724960327148,0.0001224536083618908
frozen,7017,-1,0.0005503913853317499,510,0.9980430528375733,8.901885986328125,0.0006091727409511805,8.901885986328125,6.843187408676908e-05
frozen,7017,-1,0.0005503913853317499,205,0.40117416829745595,8.783917427062988,0.0002809762372635305,8.783917427062988,3.198757725088024e-05
frozen,7017,-1,0.0005503913853317499,214,0.4187866927592955,8.617780685424805,0.0001980445085791871,8.617780685424805,2.298091768732737e-05
frozen,13566,-1,0.12620270252227783,5,0.009784735812133072,40.549617767333984,0.005368925631046295,40.549617767333984,0.0001324038530240204
frozen,13566,-1,0.12620270252227783,2,0.003913894324853229,38.990169525146484,0.006386834196746349,38.990169525146484,0.00016380626897831766
frozen,13566,-1,0.12620270252227783,3,0.005870841487279843,38.90061950683594,0.021249322220683098,38.90061950683594,0.0005462463706252542
frozen,13566,-1,0.12620270252227783,3,0.005870841487279843,38.410499572753906,0.019007008522748947,38.410499572753906,0.0004948388782798174
frozen,15669,-1,0.006217384245246649,165,0.32289628180039137,7.736346244812012,0.002048664726316929,7.736346244812012,0.0002648103719104819
frozen,15669,-1,0.006217384245246649,206,0.40313111545988256,7.331712245941162,0.0003468410577625036,7.331712245941162,4.7306965430144226e-05
frozen,15669,-1,0.006217384245246649,498,0.974559686888454,7.267458438873291,0.0025889384560287,7.267458438873291,0.0003562371189053646
frozen,15669,-1,0.006217384245246649,102,0.19960861056751467,7.208028793334961,0.0014729290269315243,7.208028793334961,0.0002043456080937823
frozen,1535,-1,0.000978473573923111,420,0.821917808219178,16.906715393066406,0.0029795728623867035,16.906715393066406,0.0001762360572774918
frozen,1535,-1,0.000978473573923111,500,0.9784735812133072,14.460334777832031,0.0049021318554878235,14.460333824157715,0.0003390054417207317
frozen,1535,-1,0.000978473573923111,308,0.6027397260273972,9.32916259765625,7.707827535341494e-06,9.32916259765625,8.262078674969089e-07
frozen,1535,-1,0.000978473573923111,26,0.050880626223091974,9.296929359436035,4.534430627245456e-05,9.296929359436035,4.877342240578798e-06
frozen,57,-1,0.0016307892510667443,484,0.9471624266144814,13.115777015686035,0.0028919328469783068,13.115776062011719,0.00022049269774851107
frozen,57,-1,0.0016307892510667443,190,0.37181996086105673,11.088823318481445,0.00536089763045311,11.088823318481445,0.00048345054082683824
frozen,57,-1,0.0016307892510667443,372,0.7279843444227005,9.5720796585083,0.00013201414549257606,9.5720796585083,1.379158450433842e-05
frozen,57,-1,0.0016307892510667443,67,0.13111545988258316,9.214556694030762,0.00013942812802270055,9.214556694030762,1.5131289833294187e-05
frozen,4,-1,0.0016919438494369388,138,0.2700587084148728,14.21468448638916,0.0001901925861602649,14.21468448638916,1.3380007578949645e-05
frozen,4,-1,0.0016919438494369388,321,0.6281800391389433,12.134504318237305,0.0007512012380175292,12.134504318237305,6.190621539344848e-05
frozen,4,-1,0.0016919438494369388,322,0.6301369863013698,11.989079475402832,0.0020669973455369473,11.989079475402832,0.00017240667640728075
frozen,4,-1,0.0016919438494369388,290,0.5675146771037182,10.781102180480957,0.0003070260863751173,10.781102180480957,2.847817238305968e-05
frozen,9891,-1,0.008602413348853588,161,0.3150684931506849,31.530498504638672,0.006720497272908688,31.530500411987305,0.00021314274068272258
frozen,9891,-1,0.008602413348853588,169,0.33072407045009783,30.02500343322754,0.0046609677374362946,30.025005340576172,0.00015523620011275748
frozen,9891,-1,0.008602413348853588,220,0.43052837573385516,29.127609252929688,0.008719125762581825,29.12761116027832,0.0002993422877902258
frozen,9891,-1,0.008602413348853588,331,0.6477495107632094,29.105924606323242,0.016084246337413788,29.105926513671875,0.000552610696995286
frozen,9602,-1,0.00042808218859136105,204,0.39921722113502933,13.25632381439209,0.0029138652607798576,13.25632381439209,0.00021980945106488272
frozen,9602,-1,0.00042808218859136105,234,0.45792563600782776,7.398801803588867,0.0006859672721475363,7.398801803588867,9.271329201098488e-05
frozen,9602,-1,0.00042808218859136105,291,0.5694716242661448,6.851588249206543,0.0012736504431813955,6.851588726043701,0.00018589125735759637
frozen,9602,-1,0.00042808218859136105,210,0.410958904109589,6.365662097930908,0.0009340528631582856,6.365662097930908,0.00014673302616265003
frozen,16066,-1,0.00992743019014597,378,0.7397260273972602,17.03873634338379,0.0016516894102096558,17.03873634338379,9.693731840923834e-05
frozen,16066,-1,0.00992743019014597,496,0.9706457925636007,17.023426055908203,0.0037026992067694664,17.023426055908203,0.00021750611155528214
frozen,16066,-1,0.00992743019014597,377,0.7377690802348337,15.960375785827637,0.0036779979709535837,15.960376739501953,0.00023044556096539587
frozen,16066,-1,0.00992743019014597,293,0.5733855185909981,15.665040969848633,0.0019621537066996098,15.66504192352295,0.0001252568436317556
frozen,11477,-1,0.010437051765620708,344,0.6731898238747553,11.931212425231934,0.0011253575794398785,11.931211471557617,9.432047886524999e-05
frozen,11477,-1,0.010437051765620708,402,0.786692759295499,10.44090461730957,0.002969269175082445,10.440903663635254,0.00028438814021665074
frozen,11477,-1,0.010437051765620708,509,0.9960861056751468,10.356751441955566,0.004988253116607666,10.35675048828125,0.00048164268534343045
frozen,11477,-1,0.010437051765620708,343,0.6712328767123288,9.593819618225098,0.00015533316764049232,9.593818664550781,1.6190963480938965e-05
frozen,2268,-1,0.001875407644547522,353,0.6908023483365949,21.002689361572266,0.007346123922616243,21.002689361572266,0.0003497706315676475
frozen,2268,-1,0.001875407644547522,117,0.22896281800391388,20.002498626708984,0.008386150002479553,20.002498626708984,0.00041925512202168957
frozen,2268,-1,0.001875407644547522,54,0.10567514677103718,19.36659812927246,0.00371351046487689,19.36659812927246,0.0001917482068915319
frozen,2268,-1,0.001875407644547522,402,0.786692759295499,16.30962371826172,0.0014934008941054344,16.30962371826172,9.156562529602009e-05
frozen,4837,-1,0.008337410166859627,34,0.06653620352250489,18.314653396606445,0.004055505618453026,18.314651489257812,0.00022143504182057315
frozen,4837,-1,0.008337410166859627,354,0.6927592954990215,15.996247291564941,0.0008320260676555336,15.996246337890625,5.201383187533796e-05
frozen,4837,-1,0.008337410166859627,197,0.38551859099804303,15.764240264892578,0.012104779481887817,15.764239311218262,0.0007678632151488418
frozen,4837,-1,0.008337410166859627,25,0.04892367906066536,15.210246086120605,0.00733767356723547,15.210245132446289,0.0004824165227674631
frozen,15803,-1,0.003710045712068677,320,0.6262230919765166,19.671239852905273,0.0037942291237413883,19.671239852905273,0.00019288205278941852
frozen,15803,-1,0.003710045712068677,84,0.1643835616438356,18.37447738647461,0.004735623952001333,18.37447738647461,0.00025772836159613496
frozen,15803,-1,0.003710045712068677,174,0.3405088062622309,17.69481658935547,0.0016681980341672897,17.69481658935547,9.427608507515215e-05
frozen,15803,-1,0.003710045712068677,167,0.3268101761252446,16.979764938354492,0.002249898621812463,16.979764938354492,0.00013250469779651144
frozen,14877,-1,0.00010192432819167152,445,0.8708414872798435,5.327648639678955,0.0018959399312734604,5.327648162841797,0.00035586808162312196
frozen,14877,-1,0.00010192432819167152,367,0.7181996086105675,5.06629753112793,0.002070683054625988,5.0662970542907715,0.000408717260838915
frozen,14877,-1,0.00010192432819167152,172,0.33659491193737767,4.953907489776611,1.0167030268348753e-05,4.953907012939453,2.0523256172941444e-06
frozen,14877,-1,0.00010192432819167152,94,0.18395303326810175,4.849925994873047,0.0014921627007424831,4.849925518035889,0.0003076671374010658
frozen,14918,-1,0.002262720139697194,97,0.1898238747553816,27.01763343811035,0.00840093195438385,27.017635345458984,0.0003109425324224699
frozen,14918,-1,0.002262720139697194,160,0.3131115459882583,25.62251853942871,0.0038263737224042416,25.62251853942871,0.00014933636272000745
frozen,14918,-1,0.002262720139697194,341,0.6673189823874756,25.517559051513672,0.00788332149386406,25.517560958862305,0.0003089371083142711
frozen,14918,-1,0.002262720139697194,305,0.5968688845401174,25.270435333251953,0.015550381503999233,25.270437240600586,0.0006153586246230561
frozen,1206,-1,0.0023646445479243994,80,0.15655577299412915,12.480874061584473,0.0003235591284465045,12.480873107910156,2.59243985295739e-05
frozen,1206,-1,0.0023646445479243994,142,0.27788649706457924,10.70795726776123,0.0014888872392475605,10.707955360412598,0.00013904496135200463
frozen,1206,-1,0.0023646445479243994,246,0.48140900195694714,10.041852951049805,0.0009847087785601616,10.041851997375488,9.806047518102462e-05
frozen,1206,-1,0.0023646445479243994,440,0.8610567514677103,9.304607391357422,0.00014863185060676187,9.304606437683105,1.597400724062994e-05
frozen,10704,-1,0.003016960108652711,202,0.3953033268101761,21.503849029541016,0.00650063157081604,21.503849029541016,0.0003023008374866177
frozen,10704,-1,0.003016960108652711,411,0.8043052837573386,20.8992919921875,0.0022010616958141327,20.8992919921875,0.00010531752447101681
frozen,10704,-1,0.003016960108652711,379,0.7416829745596869,16.39192008972168,0.0025578606873750687,16.39192008972168,0.00015604399444205068
frozen,10704,-1,0.003016960108652711,415,0.812133072407045,14.568143844604492,0.001061757793650031,14.568143844604492,7.288216021035977e-05
frozen,13788,-1,0.0032004239037632942,495,0.9686888454011742,21.247051239013672,0.011544964276254177,21.247053146362305,0.0005433677883104831
frozen,13788,-1,0.0032004239037632942,264,0.5166340508806262,18.436262130737305,0.0036972276866436005,18.436264038085938,0.00020054104665705627
frozen,13788,-1,0.0032004239037632942,411,0.8043052837573386,17.767047882080078,0.002149694599211216,17.76704978942871,0.00012099333455407276
frozen,13788,-1,0.0032004239037632942,55,0.10763209393346379,17.381040573120117,0.009750736877322197,17.38104248046875,0.0005609983916833065
frozen,7410,-1,0.0042808218859136105,357,0.6986301369863014,11.382190704345703,0.005759862717241049,11.382193565368652,0.0005060415362084466
frozen,7410,-1,0.0042808218859136105,474,0.9275929549902152,10.678994178771973,0.0017570527270436287,10.678997039794922,0.00016453349696568236
frozen,7410,-1,0.0042808218859136105,292,0.5714285714285714,10.207996368408203,0.0004956009797751904,10.207998275756836,4.85502609215954e-05
frozen,7410,-1,0.0042808218859136105,12,0.023483365949119372,10.166426658630371,0.0031723915599286556,10.166428565979004,0.00031204582212329365
frozen,9338,-1,0.0033023483119904995,26,0.050880626223091974,14.161004066467285,0.0034340128768235445,14.161005020141602,0.00024249782214886938
frozen,9338,-1,0.0033023483119904995,182,0.3561643835616438,13.518540382385254,0.0012272046878933907,13.518542289733887,9.077936522973649e-05
frozen,9338,-1,0.0033023483119904995,429,0.8395303326810176,13.085596084594727,0.0050887963734567165,13.08559799194336,0.0003888852749862731
frozen,9338,-1,0.0033023483119904995,507,0.9921722113502935,12.094199180603027,0.0006299668457359076,12.094200134277344,5.208834306871254e-05
frozen,16013,-1,0.0004892367869615555,97,0.1898238747553816,7.64739990234375,0.0019777296110987663,7.647400379180908,0.0002586146288983232
frozen,16013,-1,0.0004892367869615555,114,0.22309197651663404,6.249584197998047,0.0011623320169746876,6.249584674835205,0.00018598548182809237
frozen,16013,-1,0.0004892367869615555,227,0.44422700587084146,5.967527389526367,0.000598655897192657,5.967527866363525,0.00010031891104640357
frozen,16013,-1,0.0004892367869615555,174,0.3405088062622309,5.779728889465332,0.0009813499636948109,5.77972936630249,0.00016979168080366664
frozen,15298,-1,0.002731572138145566,114,0.22309197651663404,14.063209533691406,0.00026207888731732965,14.063209533691406,1.8635780594000537e-05
frozen,15298,-1,0.002731572138145566,148,0.2896281800391389,13.981545448303223,1.8468384951120242e-05,13.981545448303223,1.3209115558367358e-06
frozen,15298,-1,0.002731572138145566,275,0.538160469667319,13.108513832092285,0.0003836847026832402,13.108513832092285,2.926988578551923e-05
frozen,15298,-1,0.002731572138145566,261,0.5107632093933464,12.739859580993652,1.4153314623399638e-05,12.739859580993652,1.110947458519456e-06
frozen,4160,-1,0.001406555762514472,388,0.7592954990215264,17.20350456237793,0.0009741554968059063,17.203506469726562,5.6625403578052644e-05
frozen,4160,-1,0.001406555762514472,343,0.6712328767123288,15.784590721130371,0.0012552270200103521,15.784592628479004,7.952229427483839e-05
frozen,4160,-1,0.001406555762514472,446,0.87279843444227,14.875832557678223,0.0010634241625666618,14.875834465026855,7.148668970919084e-05
frozen,4160,-1,0.001406555762514472,494,0.9667318982387475,14.541632652282715,0.003203767351806164,14.541633605957031,0.00022031688038775296
frozen,7099,-1,0.0009580887272022665,356,0.6966731898238747,15.304634094238281,0.0009897691197693348,15.304633140563965,6.467120842942744e-05
frozen,7099,-1,0.0009580887272022665,67,0.13111545988258316,12.870256423950195,0.00030742736998945475,12.870254516601562,2.388665815372174e-05
frozen,7099,-1,0.0009580887272022665,361,0.7064579256360078,11.830496788024902,0.0003957650624215603,11.830495834350586,3.3452956491682425e-05
frozen,7099,-1,0.0009580887272022665,354,0.6927592954990215,11.451469421386719,0.002329095732420683,11.451468467712402,0.00020338838979364136
frozen,3675,-1,0.002160795731469989,401,0.7847358121330724,8.83309268951416,0.0015728622674942017,8.83309268951416,0.000178064730302373
frozen,3675,-1,0.002160795731469989,433,0.8473581213307241,7.816441059112549,0.0013908720575273037,7.816441059112549,0.00017794185960192201
frozen,3675,-1,0.002160795731469989,49,0.0958904109589041,7.799442291259766,0.0015648044645786285,7.799442291259766,0.00020063030228868856
frozen,3675,-1,0.002160795731469989,132,0.2583170254403131,6.895568370819092,0.0006595340091735125,6.895568370819092,9.564606914269049e-05
frozen,7832,-1,0.005891226232051849,94,0.18395303326810175,8.729146003723145,0.0006674649193882942,8.729146003723145,7.64639426472656e-05
frozen,7832,-1,0.005891226232051849,392,0.7671232876712328,7.774120807647705,0.0017583983717486262,7.774121284484863,0.00022618612540274292
frozen,7832,-1,0.005891226232051849,250,0.4892367906066536,7.100859642028809,0.0008419790538027883,7.100859642028809,0.0001185742425915947
frozen,7832,-1,0.005891226232051849,260,0.5088062622309197,7.0865678787231445,0.0015665874816477299,7.086568355560303,0.00022106432945341524
frozen,9455,-1,0.00941780861467123,216,0.4227005870841487,23.398338317871094,0.007524995598942041,23.398340225219727,0.00032160382003640077
frozen,9455,-1,0.00941780861467123,506,0.9902152641878669,21.628753662109375,0.002915669698268175,21.628755569458008,0.00013480524521648375
frozen,9455,-1,0.00941780861467123,215,0.4207436399217221,20.785057067871094,0.008770846761763096,20.785058975219727,0.0004219784400044203
frozen,9455,-1,0.00941780861467123,445,0.8708414872798435,20.205028533935547,0.0008009254233911633,20.20503044128418,3.9639901841209924e-05
frozen,769,-1,0.0036285060923546553,17,0.033268101761252444,19.774572372436523,0.051856085658073425,19.774572372436523,0.002622361924263649
frozen,769,-1,0.0036285060923546553,360,0.7045009784735812,18.136423110961914,0.057116810232400894,18.136423110961914,0.0031492874798382197
frozen,769,-1,0.0036285060923546553,23,0.04500978473581213,18.06023597717285,0.07395243644714355,18.06023597717285,0.004094765790470035
frozen,769,-1,0.0036285060923546553,249,0.487279843444227,17.50666618347168,0.08808303624391556,17.50666618347168,0.005031399771995204
frozen,2975,-1,0.002425799146294594,363,0.7103718199608611,12.190386772155762,4.546935088001192e-06,12.190385818481445,3.729935340608935e-07
frozen,2975,-1,0.002425799146294594,359,0.7025440313111546,8.897987365722656,0.00044088694266974926,8.89798641204834,4.954906899753918e-05
frozen,2975,-1,0.002425799146294594,177,0.34637964774951074,8.715066909790039,3.667149940156378e-06,8.715065956115723,4.2078280974832863e-07
frozen,2975,-1,0.002425799146294594,196,0.3835616438356164,8.676996231079102,0.0024731268640607595,8.676995277404785,0.0002850211144520123
frozen,11497,-1,0.00843933504074812,508,0.9941291585127201,11.625824928283691,0.0022163409739732742,11.625824928283691,0.00019063945893261187
frozen,11497,-1,0.00843933504074812,420,0.821917808219178,10.425267219543457,0.0005545209860429168,10.425267219543457,5.319009809200846e-05
frozen,11497,-1,0.00843933504074812,393,0.7690802348336595,10.116060256958008,0.0005372806917876005,10.116060256958008,5.311165395817499e-05
frozen,11497,-1,0.00843933504074812,395,0.7729941291585127,10.001860618591309,2.3499240342061967e-05,10.001860618591309,2.3494868843084987e-06
frozen,1837,-1,0.008745107799768448,101,0.19765166340508805,13.502796173095703,0.003831367241218686,13.502796173095703,0.00028374621019997904
frozen,1837,-1,0.008745107799768448,174,0.3405088062622309,13.081313133239746,0.0021041054278612137,13.081313133239746,0.00016084818140425528
frozen,1837,-1,0.008745107799768448,413,0.8082191780821918,11.417877197265625,0.0007731115911155939,11.417877197265625,6.771062411677892e-05
frozen,1837,-1,0.008745107799768448,279,0.5459882583170255,10.825960159301758,0.0015524392947554588,10.825960159301758,0.00014339968667089446
frozen,1374,-1,0.0009580887272022665,220,0.43052837573385516,9.775775909423828,0.0016351696103811264,9.775775909423828,0.0001672675013760111
frozen,1374,-1,0.0009580887272022665,483,0.9452054794520548,6.08933687210083,0.003017926122993231,6.08933687210083,0.0004956083373906102
frozen,1374,-1,0.0009580887272022665,100,0.19569471624266144,5.869269371032715,0.0002776836045086384,5.869269371032715,4.73114432060526e-05
frozen,1374,-1,0.0009580887272022665,91,0.1780821917808219,5.731968879699707,0.0019459854811429977,5.731968879699707,0.0003394968678275424
frozen,14944,-1,0.00941780861467123,337,0.6594911937377691,15.496699333190918,0.0062378267757594585,15.496700286865234,0.00040252612880734
frozen,14944,-1,0.00941780861467123,338,0.6614481409001957,14.34972095489502,0.0008616582490503788,14.34972095489502,6.004703866777614e-05
frozen,14944,-1,0.00941780861467123,179,0.350293542074364,14.107677459716797,0.002961426507681608,14.107678413391113,0.00020991593520239306
frozen,14944,-1,0.00941780861467123,349,0.6829745596868885,13.082724571228027,0.0018022051081061363,13.082724571228027,0.0001377545707925096
frozen,6219,-1,0.03390003368258476,415,0.812133072407045,34.9826774597168,0.01724240742623806,34.9826774597168,0.0004928841551963257
frozen,6219,-1,0.03390003368258476,300,0.5870841487279843,33.45746612548828,0.020671384409070015,33.45746612548828,0.0006178407035230417
frozen,6219,-1,0.03390003368258476,199,0.38943248532289626,31.884239196777344,0.01939612627029419,31.884241104125977,0.0006083295571298461
frozen,6219,-1,0.03390003368258476,137,0.26810176125244617,31.88225746154785,0.011110076680779457,31.882259368896484,0.0003484720625420344
frozen,8234,-1,0.002303489949554205,226,0.44227005870841485,16.41828155517578,0.0015964184422045946,16.41828155517578,9.723419816133752e-05
frozen,8234,-1,0.002303489949554205,277,0.5420743639921722,14.557690620422363,0.0033122384920716286,14.55769157409668,0.00022752498053779907
frozen,8234,-1,0.002303489949554205,427,0.8356164383561644,14.243535041809082,2.1607414964819327e-05,14.243535995483398,1.5169979541365993e-06
frozen,8234,-1,0.002303489949554205,102,0.19960861056751467,13.542038917541504,0.00025061427731998265,13.54203987121582,1.8506390448064914e-05
frozen,13242,-1,0.004668134264647961,294,0.5753424657534246,11.83068561553955,0.005320029798895121,11.830686569213867,0.0004496805631499905
frozen,13242,-1,0.004668134264647961,242,0.4735812133072407,10.864118576049805,0.0007932880544103682,10.864120483398438,7.301907739541355e-05
frozen,13242,-1,0.004668134264647961,73,0.14285714285714285,10.801595687866211,0.0011375262401998043,10.801596641540527,0.00010531093485060649
frozen,13242,-1,0.004668134264647961,508,0.9941291585127201,10.606181144714355,0.001689621596597135,10.606183052062988,0.00015930533994210953
