pair,side,stratum,delta,n_tok,N,attn_entropy,attn_entropy_norm,attn_distance,attn_distance_norm,eff_rank,eff_rank_norm,sink_conc,hfer,fiedler,lambda_max,smoothness,spec_entropy,spec_entropy_norm,energy,energy_norm
0,a,typographic,0.05128205128205128,78,78.0,2.6006590500473976,0.5969320313800925,9.425015360116959,0.12083353025790973,63.10760807991028,0.8090718984603882,0.6421905905008316,0.060057533672079444,0.15470747277140617,1.0874570272862911,0.4770084014162421,3.4389239698648453,0.7893398679291318,13050.946685791016,167.31982930501303
0,b,typographic,0.05128205128205128,82,82.0,2.624291755259037,0.5955205240016664,9.988227605819702,0.12180765372950857,66.59687304496765,0.812156988353264,0.6387068778276443,0.06251527229323983,0.16647888347506523,1.0839505232870579,0.48795196134597063,3.534674897789955,0.8021103000796627,14552.73209476471,177.47234261908181
-1,identity,control,0.0,78,78.0,2.6006590500473976,0.5969320313800925,9.425015360116959,0.12083353025790973,63.10760807991028,0.8090718984603882,0.6421905905008316,0.060057533672079444,0.15470747277140617,1.0874570272862911,0.4770084014162421,3.4389239698648453,0.7893398679291318,13050.946685791016,167.31982930501303
1,a,typographic,0.058394160583941604,137,137.0,2.8543480783700943,0.5801542976286344,14.87760329246521,0.10859564447054898,109.77618503570557,0.8012860221584348,0.647451089695096,0.05737711349502206,0.16389051917940378,1.089855432510376,0.4940127842128277,3.970806285738945,0.8070775772510914,24182.297367095947,176.5131194678536
1,b,typographic,0.058394160583941604,145,145.0,2.9089520275592804,0.5845102788529791,15.538305819034576,0.10716072978644536,116.7020788192749,0.804841922891551,0.6387618612498045,0.061006884556263685,0.1646604835987091,1.1081897728145123,0.5098490696400404,4.068517416715622,0.81750755159684,27029.264738082886,186.40872233160613
2,a,typographic,0.06818181818181818,132,132.0,2.8756358921527863,0.5889315064883056,14.241216719150543,0.10788800544811017,105.18096113204956,0.7968254631215876,0.6372048035264015,0.062211937038227916,0.1831599362194538,1.1108382381498814,0.49307954125106335,3.890644982457161,0.7968058184912661,25611.07138442993,194.02326806386307
2,b,typographic,0.06818181818181818,141,141.0,2.966469645500183,0.5994369723347994,15.884883999824524,0.11265875177180514,112.18302536010742,0.7956242933340952,0.6209856253117323,0.06414060248062015,0.1928659826517105,1.1127799786627293,0.5099904220551252,3.9827674329280853,0.8048011059642934,29115.337745666504,206.49175706146457
3,a,typographic,0.06666666666666667,75,75.0,2.4686368852853775,0.5717761856820492,8.08827942609787,0.10784372568130493,62.103989362716675,0.828053191502889,0.6777853965759277,0.05947527242824435,0.13755130395293236,1.0963756665587425,0.4663529163226485,3.4803518652915955,0.8061057202172481,13096.841274261475,174.62455032348635
3,b,typographic,0.06666666666666667,80,80.0,2.5382769256830215,0.5792472609815447,8.952647626399994,0.11190809532999992,66.04536604881287,0.8255670756101608,0.6703412905335426,0.05696714390069246,0.15554197877645493,1.1049124747514725,0.47647057194262743,3.55131758749485,0.8104281154738227,14571.340726852417,182.14175908565522
4,a,typographic,0.05,100,100.0,2.8130005449056625,0.6108353071216848,11.224700897932053,0.11224700897932052,78.04367017745972,0.7804367017745971,0.6231161206960678,0.057695820927619934,0.18418659269809723,1.0907555483281612,0.47135696839541197,3.508120119571686,0.7617786048918795,17398.385662078857,173.98385662078857
4,b,typographic,0.05,105,105.0,2.85393850505352,0.6132279371389409,11.881166160106659,0.11315396342958722,82.84780311584473,0.7890266963413783,0.6154148317873478,0.0595452799461782,0.183201402425766,1.097730614244938,0.48461013566702604,3.6054370254278183,0.7747029957626916,18777.181831359863,178.8303031558082
5,a,typographic,0.06140350877192982,114,114.0,2.869918167591095,0.6059539520697146,11.712265610694885,0.10273917202363934,90.79531764984131,0.7964501548231694,0.6164580434560776,0.05871039815247059,0.12962491437792778,1.0858935937285423,0.47398057486861944,3.62355700135231,0.7650771057915964,18698.886397361755,164.02531927510313
5,b,typographic,0.06140350877192982,121,121.0,2.9159650206565857,0.6080259329369339,12.689018845558167,0.10486792434345593,96.84568977355957,0.8003776014343766,0.6082782968878746,0.06178786628879607,0.1409514769911766,1.08958013728261,0.4877778459340334,3.7355754673480988,0.7789279852469622,21604.810284614563,178.55215111251704
6,a,typographic,-0.06097560975609756,82,82.0,2.6798813939094543,0.6081352687882621,10.069324612617493,0.1227966416172865,60.7060661315918,0.7403178796535586,0.6529671549797058,0.06861152802594006,0.19388951733708382,1.1589330323040485,0.4743318874388933,3.415370002388954,0.7750368949665352,14603.458856582642,178.09096166564197
6,b,typographic,-0.06097560975609756,77,77.0,2.63102013617754,0.6056947493414134,9.474372208118439,0.12304379491062907,58.978997230529785,0.7659610029938934,0.6524415649473667,0.0625027536880225,0.21576645597815514,1.1524605564773083,0.48349308874458075,3.4328036308288574,0.7902756448432112,14117.307337760925,183.34165373715487
7,a,typographic,0.05952380952380952,84,84.0,2.6449489444494247,0.5969438739015122,9.794209212064743,0.11659772871505647,69.61414241790771,0.8287397906893776,0.6547426320612431,0.06315846741199493,0.20725610107183456,1.0852521285414696,0.482677404768765,3.504280373454094,0.7908881212080138,14144.854833602905,168.3911289714632
7,b,typographic,0.05952380952380952,89,89.0,2.6892134845256805,0.5991159147262712,10.351748287677765,0.11631177851323332,73.89625358581543,0.8302949841102858,0.6471916940063238,0.060524387983605266,0.19746321812272072,1.0778601095080376,0.494820311665535,3.59672911465168,0.801296611796227,15631.344541549683,175.63308473651327
8,a,typographic,0.0975609756097561,123,123.0,2.742516964673996,0.5699110346036922,12.461326718330383,0.10131159933601938,97.85395860671997,0.7955606390790242,0.6630213502794504,0.05948361684568226,0.13465704023838043,1.0869987420737743,0.47059274185448885,3.8331001102924347,0.7965405785032086,21519.993362426758,174.95929562948584
8,b,typographic,0.0975609756097561,135,135.0,2.8414792269468307,0.5792701439350155,14.183900117874146,0.10506592679906773,107.03289699554443,0.7928362740410699,0.6506086066365242,0.05821730033494532,0.14576629735529423,1.0757533200085163,0.49044119007885456,3.9651304483413696,0.808340129236073,25051.530658721924,185.56689376831054
9,a,typographic,0.06,50,50.0,2.3696554824709892,0.605736591830611,6.642867028713226,0.13285734057426452,41.38499879837036,0.8276999759674072,0.6588150542229414,0.05911497655324638,0.2260274887084961,1.0902988649904728,0.45435124170035124,3.039824515581131,0.7770466869349204,6760.148777961731,135.2029755592346
9,b,typographic,0.06,53,53.0,2.41495381295681,0.6082559835748225,7.038589507341385,0.1328035756102148,44.24490714073181,0.834809568693053,0.6563176177442074,0.06653181498404592,0.22828617691993713,1.0891797691583633,0.4728907570242882,3.1565017700195312,0.7950301486007076,7700.422407150269,145.290988814156
10,a,typographic,0.05084745762711865,118,118.0,2.788370281457901,0.5844801115458789,11.99235624074936,0.10163013763346915,94.92956829071045,0.8044878668704276,0.6567132994532585,0.05766499415040016,0.12355667352676392,1.115852002054453,0.4827899532392621,3.8298371732234955,0.8027856533594383,23382.58766937256,198.15752262180135
10,b,typographic,0.05084745762711865,124,124.0,2.818835526704788,0.5847864877476241,12.493048310279846,0.10075038959903101,100.25835990905762,0.8085351605569162,0.651714064180851,0.0631892504170537,0.11225612461566925,1.1180905401706696,0.49509301595389843,3.9148038774728775,0.8121525317954108,25231.218320846558,203.47756710360127
11,a,typographic,0.10810810810810811,148,148.0,2.87286938726902,0.5748944070981102,15.239885330200195,0.10297219817702835,111.96471500396729,0.7565183446214006,0.6558404378592968,0.06223875028081238,0.11255772411823273,1.1586299911141396,0.47932063695043325,3.969487503170967,0.7943403813384495,27295.06720161438,184.4261297406377
11,b,typographic,0.10810810810810811,164,164.0,2.9607582092285156,0.5805560304628783,17.46454107761383,0.10649110413179165,119.98496198654175,0.7316156218691571,0.6400988027453423,0.06500765029340982,0.10662781074643135,1.160418789833784,0.4816473303362727,4.0075434893369675,0.7858134219893169,29911.316354751587,182.38607533385112
12,a,typographic,0.058823529411764705,102,102.0,2.734200179576874,0.591181892296416,11.372556924819946,0.11149565612568575,80.84463167190552,0.7925944281559364,0.6431225948035717,0.05789498146623373,0.15429603680968285,1.089105300605297,0.4602438509464264,3.5847942531108856,0.7750952054927353,17448.97104549408,171.06834358327527
12,b,typographic,0.058823529411764705,108,108.0,2.791528031229973,0.5962088407642812,12.239906668663025,0.11333246915428727,86.95150756835938,0.8051065515588831,0.6334137115627527,0.05712914909236133,0.1561187468469143,1.085722953081131,0.48164221551269293,3.7205502539873123,0.7946275047639975,19513.544122695923,180.68096409903634
13,a,typographic,0.056910569105691054,123,123.0,2.918606773018837,0.6065035246956918,12.918493688106537,0.10502840396834584,93.19052076339722,0.7576465102715221,0.624370725825429,0.058219607919454575,0.13437042385339737,1.1127772442996502,0.47483632527291775,3.6856910586357117,0.7659081170738884,20363.255410194397,165.5549220341008
13,b,typographic,0.056910569105691054,130,130.0,2.977599650621414,0.6117264666391262,13.94044715166092,0.10723420885893015,98.38579607009888,0.7568138159238376,0.6124777160584927,0.05709500261582434,0.14554091542959213,1.1206499338150024,0.4911637669429183,3.783252328634262,0.777242024097059,23071.54787826538,177.47344521742602
14,a,typographic,0.05511811023622047,127,127.0,2.8837893307209015,0.5953092395589401,12.799259781837463,0.10078157308533436,101.74359512329102,0.8011306702621339,0.6388142332434654,0.055285119684413075,0.14519906416535378,1.098267201334238,0.48846216313540936,3.806426778435707,0.7857720419337575,23274.216665267944,183.2615485454169
14,b,typographic,0.05511811023622047,134,134.0,2.9522258788347244,0.6027608087272094,13.921015858650208,0.10388817804962841,107.6126937866211,0.8030798043777694,0.6265375018119812,0.058870515087619424,0.14886385202407837,1.1005228534340858,0.5053255148231983,3.895140588283539,0.7952772543362031,25345.91619873047,189.14862834873486
15,a,typographic,0.05172413793103448,58,58.0,2.365370124578476,0.5825399145942366,6.88792809844017,0.11875738100758915,47.63361191749573,0.8212691709913056,0.6901338659226894,0.05616364162415266,0.20473187416791916,1.0559757873415947,0.45393840223550797,3.2241119742393494,0.7940296085587657,7708.602057933807,132.9069320333415
15,b,typographic,0.05172413793103448,61,61.0,2.427060753107071,0.5904002003708153,7.502905368804932,0.12299844866893331,50.70948791503906,0.8313030805744108,0.6810979247093201,0.06555178947746754,0.21281647682189941,1.06510778516531,0.4701610030606389,3.321862071752548,0.8080671364555643,8771.349500656128,143.79261476485456
16,a,typographic,0.08080808080808081,99,99.0,2.7616433277726173,0.6009948418846419,12.09625232219696,0.12218436689087839,79.7077488899231,0.8051287766658898,0.6489330530166626,0.059776210924610496,0.23222677409648895,1.0759330950677395,0.4837727677077055,3.6309299618005753,0.790170894387929,17607.70415019989,177.85559747676655
16,b,typographic,0.08080808080808081,107,107.0,2.8519765585660934,0.6103319123381735,13.371966242790222,0.12497164712888059,87.31715250015259,0.8160481542070335,0.6355202104896307,0.06349375960417092,0.23930495977401733,1.0830102860927582,0.5107050333172083,3.7859631031751633,0.8102079569561489,20134.020842552185,188.16841908927276
17,a,typographic,0.05319148936170213,94,94.0,2.754669353365898,0.606315347204823,11.30884599685669,0.12030687230698606,77.10252475738525,0.8202396250785666,0.6414484903216362,0.059805827448144555,0.20575889199972153,1.099761039018631,0.48414951749145985,3.597467064857483,0.7918189853972123,16192.455362319946,172.26016342893558
17,b,typographic,0.05319148936170213,99,99.0,2.8019923269748688,0.6097756790593392,12.437545537948608,0.125631773110592,81.20405769348145,0.8202430070048631,0.6371521409600973,0.05886850180104375,0.21987129747867584,1.123997762799263,0.5016080988571048,3.7053690254688263,0.8063704857143819,18302.52598953247,184.8739998942674
18,a,typographic,0.05263157894736842,114,114.0,2.8423526734113693,0.6001337791018632,12.935164988040924,0.11346635954421863,93.18597364425659,0.8174208214408474,0.6310601029545069,0.06137242866680026,0.1910549160093069,1.1317740492522717,0.4933464312925935,3.7722520381212234,0.7964725463309004,19281.924818992615,169.13969139467207
18,b,typographic,0.05263157894736842,120,120.0,2.9129196852445602,0.6084438035086494,13.568449437618256,0.11307041198015214,98.52485513687134,0.8210404594739278,0.6181129645556211,0.05993171688169241,0.18786218762397766,1.1134443059563637,0.5156018454581499,3.8715302795171738,0.8086761267743513,21891.358470916748,182.4279872576396
19,a,typographic,0.05128205128205128,117,117.0,2.8351702243089676,0.595352094049327,12.778698325157166,0.1092196438047621,94.15953874588013,0.8047823824434198,0.6325587537139654,0.05824199295602739,0.1653381586074829,1.1055291704833508,0.4885293524712324,3.778942421078682,0.7935330529331388,19468.312828063965,166.39583613729883
19,b,typographic,0.05128205128205128,123,123.0,2.8989773243665695,0.6024244106795481,13.779756247997284,0.11203053860160393,98.3081431388855,0.7992531962511017,0.6226894818246365,0.06071169604547322,0.17434751987457275,1.116351805627346,0.5032628057524562,3.8538725078105927,0.8008572039656074,21372.947709083557,173.76380251287443
20,a,typographic,0.08620689655172414,116,116.0,2.8576440066099167,0.6011548938224354,12.756428897380829,0.10996921463259335,93.97804594039917,0.810155568451717,0.6328734997659922,0.05861113592982292,0.19115949422121048,1.1590086296200752,0.48944071400910616,3.7509629279375076,0.7890799957798839,21087.755840301514,181.7909986232889
20,b,typographic,0.08620689655172414,126,126.0,2.927677720785141,0.605357127047746,14.344862520694733,0.113848115243609,101.42474508285522,0.8049582943083748,0.6256131883710623,0.05791573622263968,0.19219467416405678,1.1261839643120766,0.5042609665542841,3.867692783474922,0.799724428370409,24460.101677894592,194.12779109440154
21,a,typographic,0.06015037593984962,133,133.0,2.890767380595207,0.5911167699485615,14.637240707874298,0.1100544414125887,106.64354276657104,0.8018311486208349,0.6391485817730427,0.05956835625693202,0.16753962635993958,1.135389406234026,0.4937573131173849,3.9108616411685944,0.7997101103885145,23022.899438858032,173.10450705908295
21,b,typographic,0.06015037593984962,141,141.0,2.948789030313492,0.5958642358152791,15.988073587417603,0.11339059281856456,113.97786617279053,0.8083536607999329,0.6302703563123941,0.06288897525519133,0.17267343774437904,1.1370964273810387,0.5135364262387156,4.027469158172607,0.8138340205196015,26229.936054229736,186.02791527822507
22,a,typographic,0.054945054945054944,91,91.0,2.677650287747383,0.593600905521215,10.014073222875595,0.1100447606909406,74.01065492630005,0.8133039002890116,0.6491334848105907,0.060353025095537305,0.18575770780444145,1.0799455605447292,0.4732272168621421,3.5334579050540924,0.7833225353060314,13908.615990638733,152.84193396306296
22,b,typographic,0.054945054945054944,96,96.0,2.7322650849819183,0.5986101345399893,10.705106973648071,0.11151153097550073,77.46632623672485,0.8069408982992172,0.6408175528049469,0.055625926703214645,0.18464099988341331,1.0810895077884197,0.48101886082440615,3.5914027839899063,0.7868380398111032,15564.5215883255,162.13043321172398
23,a,typographic,0.05333333333333334,75,75.0,2.566592387855053,0.5944642626364622,8.12508437037468,0.1083344582716624,60.24920201301575,0.8033226935068766,0.6764992661774158,0.06448169169016182,0.16089866682887077,1.186085045337677,0.460193214006722,3.393418401479721,0.7859705255100946,12995.408341407776,173.27211121877033
23,b,typographic,0.05333333333333334,79,79.0,2.6035113409161568,0.5958444702449522,8.735139012336731,0.11057137990299659,63.895644426345825,0.8088056256499472,0.6718797534704208,0.06238359468989074,0.1698913462460041,1.190653894096613,0.47589160688221455,3.498428389430046,0.8006568581553865,14906.785970687866,188.6934932998464
24,a,typographic,0.05,120,120.0,2.8505128771066666,0.5954084164018241,13.543715357780457,0.11286429464817047,91.24472236633301,0.7603726863861084,0.6337576881051064,0.059923853259533644,0.11971773579716682,1.1571611873805523,0.4973746556788683,3.7982766330242157,0.7933750776177861,24060.36731529236,200.50306096076963
24,b,typographic,0.05,126,126.0,2.9012492299079895,0.5998924971139192,14.386550664901733,0.11417897353096614,94.43568515777588,0.749489564744253,0.6257308013737202,0.061857547145336866,0.12095727771520615,1.151441428810358,0.4985035825520754,3.8105822652578354,0.7879156630180423,25144.968665122986,199.56324337399195
25,a,typographic,0.056074766355140186,107,107.0,2.757785528898239,0.5901747371013664,11.294640839099884,0.10555739101962508,85.53613185882568,0.7994031014843522,0.65296052955091,0.059184345649555326,0.15313735604286194,1.0916857309639454,0.47318891156464815,3.6618848592042923,0.7836548242893155,19116.51510810852,178.65901970194878
25,b,typographic,0.056074766355140186,113,113.0,2.808014541864395,0.5939886147587634,12.191051006317139,0.1078854071355499,91.39486885070801,0.8088041491213098,0.6463284380733967,0.0631551374681294,0.16516797617077827,1.0901284106075764,0.49345272593200207,3.795166954398155,0.802804233529521,21610.320837020874,191.24177731876878
26,a,typographic,0.06557377049180328,61,61.0,2.4141943156719208,0.5872703457802178,6.684106305241585,0.1095755132006817,48.13884472846985,0.7891613889913089,0.674349632114172,0.05772810080088675,0.16470680013298988,1.0887711681425571,0.43806671909987926,3.1511905193328857,0.7665500386172963,8988.757983207703,147.35668824930661
26,b,typographic,0.06557377049180328,65,65.0,2.478201761841774,0.5936683881042333,7.371089309453964,0.11340137399159944,52.43774938583374,0.8067346059359037,0.6612503789365292,0.057992684189230204,0.16782208532094955,1.095555778592825,0.45921569131314754,3.2714631110429764,0.7836989956911127,10386.546112060547,159.7930171086238
27,a,typographic,0.05084745762711865,118,118.0,2.867567554116249,0.6010809306929249,14.327193975448608,0.12141689809702211,93.46936559677124,0.7921132677692478,0.6235534213483334,0.058839293429628015,0.22374409437179565,1.1445560418069363,0.49443989526480436,3.772581532597542,0.7907840969513019,21926.994073867798,185.82198367684572
27,b,typographic,0.05084745762711865,124,124.0,2.929072543978691,0.6076559022773677,15.243679940700531,0.12293290274758492,98.49581527709961,0.7943210909443517,0.6127661429345608,0.0610606309492141,0.2331184186041355,1.1408977210521698,0.5048442091792822,3.829370841383934,0.7944288708585585,23337.34019756317,188.20435643196106
28,a,typographic,0.05405405405405406,74,74.0,2.6410236954689026,0.6136114668987933,9.319506645202637,0.1259392789892248,56.9336462020874,0.7693735973255055,0.6531160213053226,0.056123032700270414,0.21088437363505363,1.0885617956519127,0.4506452241912484,3.2408443242311478,0.7529728882000932,12189.955867767334,164.72913334820726
28,b,typographic,0.05405405405405406,78,78.0,2.6710509657859802,0.6130891624941471,9.753837943077087,0.1250492043984242,60.88324236869812,0.7805543893422836,0.6521320696920156,0.0559939598897472,0.21465780958533287,1.0893923975527287,0.46329858712852,3.344127118587494,0.7675810460641916,13507.137867927551,173.1684342041994
29,a,typographic,0.06451612903225806,62,62.0,2.4497786313295364,0.5935785954066458,7.793777525424957,0.1257060891197574,50.68532752990723,0.8175052827404392,0.6613880731165409,0.06510144914500415,0.20469968020915985,1.1110904291272163,0.4533454868942499,3.2154971808195114,0.7791113350878638,9517.775547027588,153.5125088230256
29,b,typographic,0.06451612903225806,66,66.0,2.5096296966075897,0.5990063265675558,8.393521308898926,0.12717456528634735,54.57806396484375,0.8269403631036931,0.6553138568997383,0.0615128802601248,0.21115978434681892,1.1038712300360203,0.4722343785688281,3.331072449684143,0.7950708721342016,11028.928437232971,167.10497632171166
30,a,typographic,0.07936507936507936,63,63.0,2.4244521781802177,0.5851733864063351,7.869650721549988,0.12491509081825378,51.433387756347656,0.8164029802594865,0.6756132580339909,0.0621447607409209,0.22661185637116432,1.1137876883149147,0.46314443834125996,3.2759096771478653,0.7906838404941329,10131.02277469635,160.80988531264046
30,b,typographic,0.07936507936507936,68,68.0,2.4939460083842278,0.5910514170467998,8.709506303071976,0.12808097504517613,55.81760597229004,0.8208471466513241,0.6690725460648537,0.05794107262045145,0.22741646319627762,1.1126001104712486,0.481405446305871,3.4001265168190002,0.8058111880322048,11816.550365447998,173.77279949188232
31,a,typographic,0.0547945205479452,73,73.0,2.5576280504465103,0.5961198527871252,8.337406933307648,0.11421105388092667,61.40433859825134,0.841155323263717,0.666069395840168,0.06133803189732134,0.2023996114730835,1.084446307271719,0.4838685169816017,3.4793864488601685,0.8109589419469889,12010.777287483215,164.5311957189481
31,b,typographic,0.0547945205479452,77,77.0,2.611762396991253,0.6012613695474196,8.780315190553665,0.11403006740978787,64.78487467765808,0.8413620088007543,0.6574002131819725,0.058496223646216094,0.20265835151076317,1.0796897448599339,0.49485449586063623,3.5398801118135452,0.8149260309875781,13241.910122871399,171.9728587385896
32,a,typographic,0.08791208791208792,91,91.0,2.6656586080789566,0.5909425031366801,10.042223274707794,0.11035410191986587,73.87576723098755,0.81182161792294,0.6435491032898426,0.05708804400637746,0.16087877936661243,1.12076997756958,0.47228765301406384,3.5348737239837646,0.7836364042987647,15317.46030330658,168.32373959677562
32,b,typographic,0.08791208791208792,99,99.0,2.749698206782341,0.5983953186121582,11.606813967227936,0.1172405451235145,80.92195320129395,0.8173934666797368,0.6332377269864082,0.05743267806246877,0.17334172129631042,1.1011768206954002,0.48988493252545595,3.6591814160346985,0.79631903745177,17294.81883239746,174.69513972118648
33,a,typographic,0.06666666666666667,60,60.0,2.5274839773774147,0.617311010093808,7.387415915727615,0.12312359859546025,48.09832406044006,0.8016387343406677,0.6378925871104002,0.059163368539884686,0.18804120272397995,1.1018310748040676,0.45226612128317356,3.1044757068157196,0.7582350873593416,9949.893640518188,165.8315606753031
33,b,typographic,0.06666666666666667,64,64.0,2.5856834053993225,0.6217254377130816,7.914404004812241,0.12366256257519126,50.44124794006348,0.7881444990634918,0.6303558573126793,0.06210168427787721,0.18887640163302422,1.0990432538092136,0.45494046434760094,3.1343279480934143,0.7536465645390082,10723.514087200165,167.55490761250257
34,a,typographic,0.05309734513274336,113,113.0,2.860921233892441,0.6051801425235526,12.254584908485413,0.10844765405739303,88.788330078125,0.7857374343196902,0.6219712980091572,0.05670834006741643,0.17625851929187775,1.0847569592297077,0.4705971274524927,3.615806519985199,0.764863526887473,18772.694381713867,166.13003877622893
34,b,typographic,0.05309734513274336,119,119.0,2.9163085967302322,0.6102182965001225,13.128109693527222,0.11032024952543884,94.78512191772461,0.796513629560711,0.6146655324846506,0.0571500021032989,0.17848199605941772,1.0911256968975067,0.49171525798738003,3.7472875267267227,0.7840951446699251,21260.833580970764,178.6624670669812
35,a,typographic,0.06140350877192982,114,114.0,2.8632833063602448,0.6045530687868151,12.932457029819489,0.11344260552473236,91.45439863204956,0.8022315669478031,0.6327878516167402,0.06095214909873903,0.16653602942824364,1.1066159680485725,0.49399527441710234,3.711108699440956,0.7835627539422402,18308.17164993286,160.59799692923562
35,b,typographic,0.06140350877192982,121,121.0,2.9338559955358505,0.6117564909563393,14.236579656600952,0.11765768311240456,96.38451337814331,0.7965662262656472,0.6175518780946732,0.06273487024009228,0.18682950735092163,1.111874096095562,0.5044876206666231,3.7820498198270798,0.7886186404240635,19901.721773147583,164.4770394475007
36,a,typographic,0.057692307692307696,104,104.0,2.85153429210186,0.6139737920486052,12.77566397190094,0.12284292280673981,83.2101378440857,0.8000974792700548,0.6129926349967718,0.06194815086200833,0.2238740734755993,1.1345902867615223,0.48840114288032055,3.61297670006752,0.7779226121417699,18201.18329143524,175.01137780226193
36,b,typographic,0.057692307692307696,110,110.0,2.890495091676712,0.6149361058312657,13.484884917736053,0.1225898628885096,88.2263298034668,0.8020575436678801,0.6044480577111244,0.05792703363113105,0.2127314805984497,1.1220569908618927,0.4983102660626173,3.7056050449609756,0.788346032020129,20076.46506690979,182.51331879008902
37,a,typographic,0.05042016806722689,119,119.0,3.024782031774521,0.632915645752687,14.553632259368896,0.12229943075099912,90.3620343208313,0.7593448262254731,0.5888317599892616,0.053095317794941366,0.20756975933909416,1.0909676253795624,0.47894314769655466,3.5581424832344055,0.7445177946045952,17769.713601112366,149.3253243790955
37,b,typographic,0.05042016806722689,125,125.0,3.0629474073648453,0.6343720756381895,15.102532625198364,0.12082026100158691,95.6442551612854,0.7651540412902832,0.5814789719879627,0.05488614016212523,0.2063414491713047,1.0990582071244717,0.49085836205631495,3.6491940021514893,0.755790572174041,20186.605805397034,161.4928464431763
38,a,typographic,0.07692307692307693,65,65.0,2.432277634739876,0.5826669825966302,7.747453182935715,0.11919158742978023,53.3437020778656,0.8206723396594707,0.6886275932192802,0.059207219164818525,0.19902494177222252,1.083960186690092,0.45755729265511036,3.2913383543491364,0.7884602317770633,10051.70169210434,154.6415644939129
38,b,typographic,0.07692307692307693,70,70.0,2.5104064121842384,0.5908930737023224,8.778614550828934,0.1254087792975562,57.13430976867676,0.8162044252668108,0.6739989407360554,0.0579321279656142,0.23251944407820702,1.0841656997799873,0.472519364207983,3.381237581372261,0.7958670985215094,11800.315298080444,168.57593282972064
39,a,typographic,0.05263157894736842,95,95.0,2.748800367116928,0.60361762791326,11.294799208641052,0.11889262324885319,77.09658813476562,0.8115430329975328,0.6336340848356485,0.058906905353069305,0.1855376847088337,1.0970449335873127,0.4930919772014022,3.6224788427352905,0.7954714035895042,16008.410649299622,168.50958578210128
39,b,typographic,0.05263157894736842,100,100.0,2.8140760213136673,0.6110688438563916,12.258292615413666,0.12258292615413666,81.0112099647522,0.810112099647522,0.6272771451622248,0.056882644072175026,0.21725742518901825,1.091245573014021,0.506204447709024,3.699662134051323,0.8033714248624491,17819.89288330078,178.19892883300784
40,a,typographic,0.05405405405405406,148,148.0,2.9687893986701965,0.5940891112944411,15.634008765220642,0.10563519435959894,108.48430824279785,0.7330020827216072,0.6354386452585459,0.05293151782825589,0.134720329195261,1.1311509609222412,0.49972464703023434,3.976140484213829,0.7956717198284693,28610.24144935608,193.3124422253789
40,b,typographic,0.05405405405405406,156,156.0,3.03329761326313,0.6006701198823392,16.574338853359222,0.10624576188050784,114.34906673431396,0.7330068380404742,0.6204761359840631,0.05543726566247642,0.13593772798776627,1.1204330027103424,0.5118155218660831,4.0428126603364944,0.8005797897074018,30984.639331817627,198.61948289626682
41,a,typographic,0.059322033898305086,118,118.0,2.746457129716873,0.5756945482483002,12.613059282302856,0.10689033290087167,97.03810548782349,0.8223568261679957,0.6551383696496487,0.05913746007718146,0.16672056540846825,1.1169947683811188,0.5061891237273812,3.920783892273903,0.8218493153303014,21035.413110733032,178.2662128028223
41,b,typographic,0.059322033898305086,125,125.0,2.8043491691350937,0.580813369162285,13.52341479063034,0.10818731832504272,102.62300300598145,0.8209840240478514,0.6470586955547333,0.06063796207308769,0.1672917678952217,1.1067668981850147,0.5154066709801555,3.9865562170743942,0.8256622154180441,23288.42178916931,186.30737431335444
42,a,typographic,0.05737704918032787,122,122.0,2.7631504461169243,0.575174509101333,13.28661197423935,0.10890665552655204,100.20633554458618,0.8213634061031654,0.6563619989901781,0.060968478210270405,0.1653682328760624,1.134381778538227,0.4870962109416723,3.8939004242420197,0.8105502428035738,20608.09556388855,168.91881609744712
42,b,typographic,0.05737704918032787,129,129.0,2.828886777162552,0.5820979374890338,14.15727436542511,0.10974631291027218,106.01639986038208,0.8218325570572255,0.6448007971048355,0.05947722285054624,0.17791806533932686,1.114772118628025,0.5006976639851928,3.9741574078798294,0.8177594271567008,22824.641134262085,176.93520259117895
43,a,typographic,0.06666666666666667,75,75.0,2.5554109886288643,0.5918744699301124,8.586845070123672,0.11449126760164896,60.4734890460968,0.8063131872812908,0.6544008981436491,0.05670820933301002,0.1299305073916912,1.132581438869238,0.4485985301434994,3.3414352238178253,0.7739303817285943,12192.69365310669,162.5692487080892
43,b,typographic,0.06666666666666667,80,80.0,2.6042363941669464,0.5942995356441412,9.304534167051315,0.11630667708814144,65.44472885131836,0.8180591106414795,0.6499997153878212,0.05693031777627766,0.14776016771793365,1.1249875165522099,0.4687228286638856,3.4748478084802628,0.7929773363275935,13770.010555267334,172.12513194084167
44,a,typographic,0.058823529411764705,102,102.0,2.7258685380220413,0.5893804456952811,10.994209498167038,0.10778636762908861,82.7020468711853,0.810804381090052,0.6425470560789108,0.06319323473144323,0.13660161197185516,1.1144750155508518,0.4752292698249221,3.660844087600708,0.7915385096071692,18444.285429000854,180.82632773530247
44,b,typographic,0.058823529411764705,108,108.0,2.7871702313423157,0.595278110787639,11.941053003072739,0.11056530558400683,88.14901304244995,0.8161945652078699,0.6363204754889011,0.0631448277272284,0.15186939388513565,1.115701124072075,0.4934859173372388,3.773571714758873,0.8059517197847983,20810.481294631958,192.68964161696255
45,a,typographic,0.05405405405405406,148,148.0,2.9878265261650085,0.5978986607896184,15.93768447637558,0.10768705727280797,115.00614643096924,0.7770685569660084,0.6306225378066301,0.05813120002858341,0.13077084720134735,1.134548019617796,0.4930675234645605,3.9516749382019043,0.7907758809744003,27733.817779541016,187.39066067257446
45,b,typographic,0.05405405405405406,156,156.0,3.037457153201103,0.6014938146435367,17.046616852283478,0.10927318495053512,122.03716325759888,0.7822895080615313,0.6242018975317478,0.060129696037620306,0.1308063007891178,1.1267377473413944,0.5081047806888819,4.059341624379158,0.8038529452229125,30471.083791732788,195.3274602034153
46,a,typographic,0.06944444444444445,144,144.0,2.987835183739662,0.6011966654752543,15.244704902172089,0.10586600626508395,108.14060068130493,0.7509763936201731,0.6457698717713356,0.06166886002756655,0.1426103077828884,1.1193540282547474,0.47319751884788275,3.8152737617492676,0.767689555274595,22106.35502243042,153.51635432243347
46,b,typographic,0.06944444444444445,154,154.0,3.083922505378723,0.6122595840788645,17.26526153087616,0.11211208786283221,116.55282926559448,0.7568365536726914,0.6351190879940987,0.06526899617165327,0.15195990726351738,1.1095550209283829,0.49213251005858183,3.9240762889385223,0.7790576165156221,26229.053607940674,170.3185299216927
47,a,typographic,0.058823529411764705,102,102.0,2.7552438229322433,0.5957318959839892,10.869948118925095,0.10656811881299114,79.08731460571289,0.7753658294677734,0.643523320555687,0.06132821459323168,0.13404197245836258,1.1150662675499916,0.45878005027770996,3.529158130288124,0.7630657028191286,16943.969321250916,166.11734628677368
47,b,typographic,0.058823529411764705,108,108.0,2.8274678885936737,0.603884801906826,11.823893010616302,0.10948049083903984,84.74517917633057,0.7846775849660237,0.6348626390099525,0.06035636970773339,0.14417506381869316,1.1023332849144936,0.47782484628260136,3.647042140364647,0.7789277923772915,19334.19784927368,179.0203504562378
48,a,typographic,0.06338028169014084,142,142.0,2.9914786517620087,0.6036285400988056,16.14286780357361,0.11368216763080005,106.11344003677368,0.7472777467378429,0.6169968098402023,0.06280388659797609,0.14796144142746925,1.1275991275906563,0.48383110109716654,3.835118368268013,0.773860411933806,25054.074348449707,176.4371432989416
48,b,typographic,0.06338028169014084,151,151.0,3.034377008676529,0.6047852835337995,17.704667806625366,0.11724945567301567,113.15309429168701,0.749358240342298,0.6118589024990797,0.06622083717957139,0.15287208184599876,1.1343948543071747,0.4953788770362735,3.9436374455690384,0.7860110605416306,28128.062076568604,186.27855679846755
49,a,typographic,0.05434782608695652,92,92.0,2.777139127254486,0.6141682831767583,10.829494416713715,0.11771189583384473,74.93428373336792,0.8145030840583469,0.6423170417547226,0.057714634807780385,0.21896562725305557,1.085622314363718,0.4778955401852727,3.4942184537649155,0.7727514000765763,14767.100763320923,160.51196481870568
49,b,typographic,0.05434782608695652,97,97.0,2.833249881863594,0.6193287171970134,11.629275262355804,0.11988943569438973,79.01986598968506,0.8146377937080934,0.63416956551373,0.05672696349211037,0.23623855039477348,1.0827594362199306,0.4954965626820922,3.6023882180452347,0.7874570076607892,17045.884499549866,175.73076803659657
50,a,typographic,0.05,60,60.0,2.361375853419304,0.5767408720817888,6.22822467982769,0.10380374466379483,50.127110719680786,0.8354518453280131,0.6832333654165268,0.05655332119204104,0.1276398040354252,1.0713170319795609,0.4503039503470063,3.244710758328438,0.7924860033195287,8280.86572933197,138.01442882219953
50,b,typographic,0.05,63,63.0,2.407086245715618,0.5809818904470124,6.701554298400879,0.1063738777523949,52.99775314331055,0.8412341768779452,0.6772906221449375,0.06332557741552591,0.14033228158950806,1.0853579714894295,0.46968698129057884,3.3529316633939743,0.8092741088133075,9520.161219120026,151.11367014476232
51,a,typographic,0.050505050505050504,99,99.0,2.757129669189453,0.6000125696631606,11.50346565246582,0.11619662275218001,80.30245542526245,0.8111359133864894,0.6323272939771414,0.061968773836269975,0.1891978494822979,1.1843651607632637,0.4838807871565223,3.620379313826561,0.7878748393734541,18516.883821487427,187.039230520075
51,b,typographic,0.050505050505050504,104,104.0,2.799394056200981,0.602747296038005,12.18798452615738,0.11719215890535942,85.14612245559692,0.8187127159192011,0.6272878404706717,0.06595828244462609,0.20406941324472427,1.1690891608595848,0.5032195467501879,3.7382825762033463,0.8049026572880542,20977.86040687561,201.7101962199578
52,a,typographic,0.05,80,80.0,2.5943131372332573,0.5920349996746039,9.193742364645004,0.11492177955806254,64.90516757965088,0.8113145947456359,0.6481163054704666,0.05637128697708249,0.1893272725865245,1.0694296397268772,0.47812246158719063,3.4816829413175583,0.7945371472112632,13480.668846130371,168.50836057662963
52,b,typographic,0.05,84,84.0,2.640637882053852,0.5959709015148638,9.75676241517067,0.11615193351393654,67.41679358482361,0.8025808760098049,0.6402980890125036,0.059477957896888256,0.19237830489873886,1.0742527656257153,0.48139007296413183,3.508916810154915,0.7919345279793412,14269.700580596924,169.87738786424907
53,a,typographic,0.05084745762711865,118,118.0,2.834562048316002,0.5941625304216129,13.588151752948761,0.11515382841482001,94.97780418395996,0.8048966456267793,0.6413029711693525,0.06037685484625399,0.1810813657939434,1.1448865048587322,0.49851373117417097,3.82402166724205,0.8015666446763613,21899.293405532837,185.58723225027828
53,b,typographic,0.05084745762711865,124,124.0,2.896550267934799,0.6009089362337336,14.417912364006042,0.11627348680650035,100.61971187591553,0.8114492893218994,0.6305316668003798,0.06483647902496159,0.18421930074691772,1.1382835768163204,0.514614968560636,3.9124929010868073,0.8116731041199489,23872.30948638916,192.51862489023515
54,a,typographic,0.057692307692307696,104,104.0,2.821537420153618,0.6075150609470118,12.911449134349823,0.12414854936874829,80.09064483642578,0.7701023541964018,0.6220777817070484,0.05336607410572469,0.19874370098114014,1.1049312017858028,0.4689814234152436,3.5446574985980988,0.7632125666367604,17430.337186813354,167.59939602705148
54,b,typographic,0.057692307692307696,110,110.0,2.866898328065872,0.6099160309081655,13.803503632545471,0.12548639665950428,84.36947584152222,0.7669952349229292,0.6124121583998203,0.051043164916336536,0.19675016403198242,1.1025155559182167,0.47699398174881935,3.6090790927410126,0.7678106942018014,18190.09582233429,165.3645074757663
55,a,typographic,0.07446808510638298,94,94.0,2.724102959036827,0.5995875437507405,11.285863190889359,0.12006237437116339,71.8735523223877,0.7646122587488053,0.6488894168287516,0.06418658723123372,0.1735321246087551,1.1400279328227043,0.46250936575233936,3.4922372698783875,0.7686574253351732,17344.711583137512,184.51820833125012
55,b,typographic,0.07446808510638298,101,101.0,2.797831103205681,0.6062314284092863,12.326210677623749,0.12204168987746286,77.00524187088013,0.7624281373354468,0.6435753758996725,0.06607665680348873,0.19096015766263008,1.1472757793962955,0.4784683361649513,3.6027172207832336,0.7806334000675353,19821.301825523376,196.25051312399384
56,a,typographic,0.0547945205479452,146,146.0,2.8215855807065964,0.5661734151359206,14.989870548248291,0.1026703462208787,114.55436325073242,0.7846189263748796,0.6498897280544043,0.061397437239065766,0.14053119719028473,1.1597203575074673,0.491757751442492,4.026930958032608,0.8080354778588468,27685.56446456909,189.62715386691158
56,b,typographic,0.0547945205479452,154,154.0,2.879430279135704,0.5716611821512725,15.852227091789246,0.10293653955707302,119.00218629837036,0.7727414694699375,0.6421448513865471,0.06135543272830546,0.1469944752752781,1.158260591328144,0.49474308360368013,4.051312699913979,0.8043182097787962,29134.36937904358,189.18421674703623
57,a,typographic,0.05714285714285714,70,70.0,2.538370817899704,0.5974752643656633,8.570062845945358,0.12242946922779083,56.50101113319397,0.807157301902771,0.6666249800473452,0.0548499864526093,0.22103822231292725,1.101701807230711,0.47020853590220213,3.3646840155124664,0.791970762309112,11063.39930820465,158.04856154578073
57,b,typographic,0.05714285714285714,74,74.0,2.589446283876896,0.6016280487870543,9.094213008880615,0.1228947703902786,60.51717782020569,0.8177997002730498,0.659014705568552,0.06473879422992468,0.21642446517944336,1.1210360042750835,0.4883224284276366,3.484348714351654,0.8095483313793759,12799.085913658142,172.96062045483978
58,a,typographic,0.05,60,60.0,2.5078569501638412,0.6125173179862435,7.191926509141922,0.11986544181903203,49.51886820793152,0.825314470132192,0.6558872424066067,0.052251297631300986,0.20215651765465736,1.0513497106730938,0.4626530045643449,3.159640684723854,0.771708544971369,8556.043611049652,142.60072685082756
58,b,typographic,0.05,63,63.0,2.5446384623646736,0.6141819251388257,7.753013223409653,0.12306370195888337,52.54976034164429,0.8341231800260999,0.6489835977554321,0.06049649917986244,0.19157563522458076,1.0683582797646523,0.48089350294321775,3.2745871543884277,0.7903646322504296,9557.311771392822,151.70336145067972
59,a,typographic,0.07142857142857142,70,70.0,2.4204689264297485,0.5697238171466515,7.853112131357193,0.11218731616224561,57.798426151275635,0.8256918021610805,0.6682183519005775,0.057337692473083735,0.12206500396132469,1.1411151364445686,0.4702707789838314,3.450492814183235,0.8121682190042446,10891.742959976196,155.59632799965993
59,b,typographic,0.07142857142857142,75,75.0,2.507698103785515,0.5808233949558099,8.596980512142181,0.11462640682856243,62.8050057888031,0.8374000771840413,0.6530433595180511,0.06288470001891255,0.1306588128209114,1.1209437102079391,0.4952133186161518,3.555662617087364,0.823548907046102,12836.880220413208,171.15840293884278
60,a,typographic,0.05844155844155844,154,154.0,2.9675067961215973,0.5891472543735301,17.915364265441895,0.11633353419118113,109.80172824859619,0.7129982353804947,0.6290439125150442,0.05768809164874256,0.16118694096803665,1.14719869941473,0.48424844071269035,3.901175245642662,0.7745110096476349,28129.633544921875,182.6599580839083
60,b,typographic,0.05844155844155844,163,163.0,3.0322703570127487,0.595292316559318,19.031906485557556,0.11676016248808317,114.51728057861328,0.7025600035497747,0.6180709823966026,0.05877977004274726,0.16603583097457886,1.145544394850731,0.48741179145872593,3.9257353395223618,0.7706964779899479,29690.862720489502,182.15253202754295
61,a,typographic,0.07017543859649122,114,114.0,2.818363457918167,0.5950687009057977,12.502455443143845,0.10967066178196355,92.00960302352905,0.8071017809081495,0.6550647243857384,0.05933006131090224,0.16125134006142616,1.1067939773201942,0.4870562804862857,3.7780366092920303,0.7976938995393513,21133.10421848297,185.3781071796752
61,b,typographic,0.07017543859649122,122,122.0,2.865297183394432,0.5964372671796918,13.528702318668365,0.11089100261203577,99.19054126739502,0.8130372235032379,0.647065469995141,0.06264977669343352,0.17297237366437912,1.1186149641871452,0.5025476580485702,3.892333507537842,0.8102240750600134,23441.03261566162,192.13961160378378
62,a,typographic,0.057692307692307696,52,52.0,2.3275139182806015,0.5890585557491816,6.789720177650452,0.13057154187789333,42.40682935714722,0.8155159491759081,0.6852790713310242,0.06026485958136618,0.20409776270389557,1.0738448724150658,0.4489661604166031,3.1148619651794434,0.7883244332743258,7760.379262924194,149.23806274854218
62,b,typographic,0.057692307692307696,55,55.0,2.3562781885266304,0.5879915843308995,7.242848843336105,0.1316881607879292,45.42225456237793,0.8258591738614169,0.6838843189179897,0.062007461208850145,0.2024661786854267,1.089104037731886,0.4621449578553438,3.2179825603961945,0.8030234601542159,8592.480793952942,156.22692352641712
63,a,typographic,0.057692307692307696,104,104.0,2.746223196387291,0.5912988927988374,11.631962597370148,0.11184579420548219,81.52341747283936,0.783879014161917,0.6493029166013002,0.06203476758673787,0.11106160655617714,1.094344686716795,0.4790699928998947,3.6516836881637573,0.7862567487243287,18386.46350955963,176.7929183611503
63,b,typographic,0.057692307692307696,110,110.0,2.8052486777305603,0.5968004245152603,12.62403154373169,0.11476392312483355,86.92354774475098,0.790214070406827,0.6414173264056444,0.06091621518135071,0.13020401448011398,1.1016241870820522,0.4939641170203686,3.745607927441597,0.7968564138040294,20613.419852256775,187.39472592960703
64,a,typographic,0.05,120,120.0,2.8729392886161804,0.6000927924205034,14.44308739900589,0.12035906165838242,93.05744695663452,0.775478724638621,0.6384520437568426,0.0591417804826051,0.19205452874302864,1.1534783616662025,0.4958379343152046,3.8115611523389816,0.7961499167252989,25396.7195892334,211.63932991027835
64,b,typographic,0.05,126,126.0,2.9090559631586075,0.6015066985605713,15.232458055019379,0.12089252424618555,98.53258609771729,0.7820046515691847,0.6352771483361721,0.06089150137268007,0.1928698867559433,1.1434411033988,0.5074809025973082,3.909340664744377,0.8083359779183359,27855.08023071289,221.07206532311818
65,a,typographic,0.06504065040650407,123,123.0,2.8678012043237686,0.5959458309451713,13.08004480600357,0.10634182769108594,96.93541622161865,0.7880928148099078,0.6232935674488544,0.061997984535992146,0.14631330594420433,1.1483606584370136,0.48021181114017963,3.7189310044050217,0.7728155718417424,19980.206667900085,162.44070461707386
65,b,typographic,0.06504065040650407,131,131.0,2.934998795390129,0.6020266669868761,14.381763637065887,0.10978445524477777,103.64346647262573,0.7911714997910362,0.6151074040681124,0.06329983985051513,0.151292335242033,1.1483405828475952,0.4956491757184267,3.8315367847681046,0.7859244520285882,22704.464149475098,173.31652022500077
66,a,typographic,0.058823529411764705,68,68.0,2.5976149141788483,0.6156203746215065,9.704250395298004,0.14270956463673537,52.05532908439636,0.76551954535877,0.6428587324917316,0.05611868645064533,0.25232790783047676,1.1489103138446808,0.47338989935815334,3.2756065875291824,0.7763006531569945,12322.215673446655,181.2090540212743
66,b,typographic,0.058823529411764705,72,72.0,2.651380240917206,0.6199642822543314,10.569732874631882,0.14680184548099837,55.76596999168396,0.7745273609956105,0.6330935433506966,0.059606284950859845,0.26905632391572,1.1557786203920841,0.4913888769224286,3.3898923993110657,0.792648363228081,13413.40831565857,186.29733771748016
67,a,typographic,0.06349206349206349,63,63.0,2.5761982277035713,0.6217992891453263,8.910205841064453,0.1414318387470548,50.476311445236206,0.8012112927815271,0.6547421030700207,0.06003442092332989,0.2786015160381794,1.0855384804308414,0.4545163828879595,3.1590123176574707,0.7624691269474637,9959.0111246109,158.07954166049052
67,b,typographic,0.06349206349206349,67,67.0,2.6242672950029373,0.6241282140103389,9.414338946342468,0.140512521587201,54.063366413116455,0.8069159166136785,0.6469101123511791,0.060357024893164635,0.27779675647616386,1.0886536538600922,0.4728150852024555,3.271264523267746,0.7780032500310514,11030.82372379303,164.63916005661235
68,a,typographic,0.08256880733944955,109,109.0,2.8106220364570618,0.5991075714303167,12.43516406416893,0.1140840739832012,80.44027471542358,0.7379841717011338,0.6395602189004421,0.06114375521428883,0.1572885513305664,1.0942949317395687,0.440252429805696,3.4628403335809708,0.7381333511203108,18492.67191886902,169.65754054008275
68,b,typographic,0.08256880733944955,118,118.0,2.872541382908821,0.6021235124571993,13.706785678863525,0.11615920066833496,89.02263641357422,0.754429122148934,0.6342420596629381,0.06358370487578213,0.17379174381494522,1.139194630086422,0.46586196962744,3.6508066803216934,0.7652584414402781,22895.869623184204,194.03279341681528
69,a,typographic,0.05194805194805195,77,77.0,2.6124032363295555,0.6014088990235509,9.044841647148132,0.11746547593698872,61.516640186309814,0.7989174050170105,0.6576491128653288,0.05412936885841191,0.19778505712747574,1.1013628169894218,0.4604786653071642,3.3826029151678085,0.7787187930080695,12634.056972503662,164.078661980567
69,b,typographic,0.05194805194805195,81,81.0,2.653730623424053,0.6038824275853663,9.81974333524704,0.12123139920058074,64.96283411979675,0.8020102977752686,0.6473864372819662,0.058047212194651365,0.1973612792789936,1.1187615469098091,0.47823027800768614,3.490521162748337,0.7943023209261637,13817.978392601013,170.59232583458044
70,a,typographic,0.05,100,100.0,2.744672976434231,0.5959981641471802,10.930919528007507,0.10930919528007507,76.65802717208862,0.7665802717208863,0.6724471971392632,0.06143954547587782,0.1811538226902485,1.0976934060454369,0.4653841173276305,3.560623809695244,0.7731796363419893,17704.589851379395,177.04589851379393
70,b,typographic,0.05,105,105.0,2.843416690826416,0.6109671069136149,12.52972275018692,0.11933069285892305,81.71374750137329,0.7782261666797456,0.6569190938025713,0.06300001905765384,0.21431345865130424,1.0995061472058296,0.4900990054011345,3.682928368449211,0.7913536195736078,20426.952961921692,194.542409161159
71,a,typographic,0.050505050505050504,99,99.0,2.7931009978055954,0.607840728620775,11.057432949543,0.11169124191457575,78.93443822860718,0.7973175578647189,0.6306958757340908,0.05827627202961594,0.1943456158041954,1.0910344570875168,0.47599401511251926,3.539967864751816,0.7703755245139321,15287.440477371216,154.41859068051735
71,b,typographic,0.050505050505050504,104,104.0,2.833062931895256,0.6099966590708409,11.712605893611908,0.11262121051549911,83.08241176605225,0.7988693439043485,0.6231415010988712,0.06170644611120224,0.1877921000123024,1.0998520180583,0.4852573135867715,3.6064710319042206,0.7765218540435439,16617.098423957825,159.77979253805603
72,a,typographic,0.05405405405405406,111,111.0,2.8059805929660797,0.5958090240474898,12.89642608165741,0.11618401875367035,89.9225025177002,0.8101126352945963,0.6421190910041332,0.0610482741612941,0.19870636612176895,1.0924087278544903,0.4927802449092269,3.7429620027542114,0.7947633506440231,18051.66361427307,162.6276001285862
72,b,typographic,0.05405405405405406,117,117.0,2.8687367141246796,0.6024006584813058,14.109769403934479,0.12059631969174767,94.0100736618042,0.8035049030923437,0.6321107819676399,0.06015593372285366,0.21572240814566612,1.089249536395073,0.5005870694294572,3.787582755088806,0.7953474205157649,19818.24692249298,169.38672583327335
73,a,typographic,0.054945054945054944,91,91.0,2.6359211057424545,0.584350078279834,9.948701113462448,0.1093263858622247,74.28738069534302,0.8163448428059672,0.650012880563736,0.05950886243954301,0.1750185750424862,1.1087607257068157,0.47438063751906157,3.5720254480838776,0.7918724675249503,13616.253727912903,149.62916184519673
73,b,typographic,0.054945054945054944,96,96.0,2.7415688782930374,0.6006484964091628,11.32985657453537,0.11801933931807677,78.16391086578369,0.8142074048519135,0.6326098013669252,0.05925671919248998,0.21010680124163628,1.1082028783857822,0.48987572453916073,3.632041811943054,0.7957416173315726,15731.695432662964,163.87182742357254
74,a,typographic,0.050359712230215826,139,139.0,2.9284683018922806,0.5934712274453753,15.555858254432678,0.1119126493124653,106.28256368637085,0.7646227603336033,0.617186825722456,0.060840206453576684,0.14308657497167587,1.1052377372980118,0.48048602137714624,3.8169537782669067,0.7735280052123468,26342.862354278564,189.51699535452204
74,b,typographic,0.050359712230215826,146,146.0,2.9956969767808914,0.6011102408708963,16.73336100578308,0.11461206168344576,112.06150722503662,0.7675445700344974,0.6074675880372524,0.06330380379222333,0.1420086994767189,1.1099414117634296,0.4965116158127785,3.902887150645256,0.7831451089346576,29072.018157958984,199.12341204081494
75,a,typographic,0.0547945205479452,146,146.0,2.887880817055702,0.579476077521095,16.931745290756226,0.11597085815586457,112.49962854385376,0.7705454009852997,0.6555009800940752,0.05853188643231988,0.18015507981181145,1.1103064194321632,0.4964757114648819,3.978558585047722,0.7983291794575686,27539.22069168091,188.62479925808842
75,b,typographic,0.0547945205479452,154,154.0,2.9687684029340744,0.5893977246304614,18.141397833824158,0.1178012846352218,117.90218257904053,0.7655985881755878,0.6417769771069288,0.06003898661583662,0.194104865193367,1.1057725958526134,0.5084983184933662,4.040111467242241,0.802094398368228,30488.27885055542,197.97583669191832
76,a,typographic,0.060240963855421686,83,83.0,2.6320086643099785,0.595633311522046,9.423999816179276,0.11354216645999127,68.59622168540955,0.8264605022338499,0.6482897140085697,0.0617412980645895,0.14637651294469833,1.0976288430392742,0.4768122946843505,3.5083815157413483,0.7939597344948724,13044.037490844727,157.1570782029485
76,b,typographic,0.060240963855421686,88,88.0,2.6907589733600616,0.6009730973687414,10.195415943861008,0.1158569993620569,72.99243068695068,0.8294594396244396,0.6413304917514324,0.059567070100456476,0.16227582097053528,1.0957272686064243,0.49374663922935724,3.615365505218506,0.8074812449953788,14858.493425369263,168.84651619737798
77,a,typographic,0.05172413793103448,58,58.0,2.4459779411554337,0.6023918904420913,6.590133622288704,0.11362299348773627,46.60123419761658,0.8034695551313202,0.6665694415569305,0.05287216929718852,0.1655474454164505,1.0399604067206383,0.4343012645840645,3.0393776297569275,0.748533502837641,8263.607478141785,142.47599100244457
77,b,typographic,0.05172413793103448,61,61.0,2.504338689148426,0.6091986209973493,7.1945673525333405,0.1179437270907105,49.46227788925171,0.8108570145778968,0.6608540788292885,0.05895159998908639,0.19364869967103004,1.048454899340868,0.45136177726089954,3.1485460102558136,0.7659067425288126,9297.665558815002,152.4207468658197
78,a,nbsp,0.12222222222222222,90,90.0,2.6492637991905212,0.5887501901821722,10.474360078573227,0.11638177865081364,72.2194972038269,0.8024388578202989,0.6758210770785809,0.05672965431585908,0.14824547618627548,1.1217272952198982,0.4916243851184845,3.661285564303398,0.8136534281537017,19805.3243227005,220.05915914111665
78,b,nbsp,0.12222222222222222,101,101.0,2.734090641140938,0.5924202046650429,11.603836238384247,0.11488946770677472,80.79938316345215,0.799993892707447,0.6565109342336655,0.05942903249524534,0.1408032812178135,1.1538385525345802,0.4997446071356535,3.7579681873321533,0.8142730343917932,21489.460938453674,212.76693998468986
79,a,nbsp,0.11702127659574468,94,94.0,2.6588607877492905,0.5852274428957087,10.86831083893776,0.11562032807380596,75.2792272567749,0.8008428431571798,0.6639277972280979,0.059347180649638176,0.17470556125044823,1.1167096234858036,0.46734771598130465,3.566723480820656,0.7850521816765287,15556.317541122437,165.4927397991749
79,b,nbsp,0.11702127659574468,105,105.0,2.7657942324876785,0.5942883102547414,12.432762622833252,0.1184072630746024,84.03529071807861,0.8003361020769392,0.650941738858819,0.0577162925619632,0.1739547736942768,1.122221477329731,0.4899731259793043,3.7161895185709,0.7985004681969664,18212.670150756836,173.4540014357794
80,a,nbsp,0.13636363636363635,88,88.0,2.613183170557022,0.5836467701305972,8.830543637275696,0.10034708678722382,69.74843716621399,0.7925958768887953,0.6513688676059246,0.05156097561120987,0.14250675216317177,1.0862600728869438,0.4529615296050906,3.45501409471035,0.7716672293980638,13513.21894454956,153.55930618806318
80,b,nbsp,0.13636363636363635,100,100.0,2.7549324333667755,0.5982259769137444,10.844354897737503,0.10844354897737503,78.40873003005981,0.7840873003005981,0.6283070147037506,0.04693089588545263,0.16358618438243866,1.125126264989376,0.47461821511387825,3.5802993774414062,0.7774521315922251,16801.542505264282,168.01542505264283
81,a,nbsp,0.1276595744680851,94,94.0,2.6981904208660126,0.5938840753621304,9.865786045789719,0.10495517069989063,74.45038843154907,0.7920254088462667,0.6473615299910307,0.0525398071622476,0.15016621723771095,1.0851561278104782,0.45443045347929,3.472383424639702,0.7642875030232501,16287.391849517822,173.27012605870024
81,b,nbsp,0.1276595744680851,106,106.0,2.7632741034030914,0.5925399791093932,10.847102493047714,0.10233115559478975,84.04290723800659,0.7928576154528924,0.6406367402523756,0.05034951155539602,0.15041397511959076,1.10093954205513,0.4700907515361905,3.6285384744405746,0.7780820980425949,19222.34517288208,181.3428789894536
82,a,nbsp,0.13761467889908258,109,109.0,2.8973266184329987,0.6175893775450103,12.525272190570831,0.11491075404193424,85.53724145889282,0.7847453344852553,0.6179517321288586,0.05673398892395198,0.1979542188346386,1.0905918329954147,0.46433556638658047,3.498249188065529,0.7456810443149866,18157.56386756897,166.58315474833918
82,b,nbsp,0.13761467889908258,124,124.0,3.000116392970085,0.6223944290676541,14.478997468948364,0.11676610862055133,95.53681898117065,0.770458217590086,0.5986467842012644,0.0519429100677371,0.20235981419682503,1.1178397163748741,0.4809402525424957,3.6433890610933304,0.7558456931417896,21691.27286338806,174.92961986603277
83,a,nbsp,0.11864406779661017,59,59.0,2.4806758239865303,0.6083759764595525,6.916503578424454,0.11722887421058395,49.34151792526245,0.8362969139874992,0.6619909927248955,0.05044394754804671,0.22036273032426834,1.0522622130811214,0.4613379202783108,3.1759214401245117,0.7788822258079415,8766.547144889832,148.58554482864122
83,b,nbsp,0.11864406779661017,66,66.0,2.5762427747249603,0.6149057460230959,7.7608486115932465,0.11758861532717041,54.94811415672302,0.8325471841927731,0.6456146091222763,0.052751515759155154,0.20725232735276222,1.0870737843215466,0.4750141352415085,3.289816454052925,0.7852237610542887,10655.300910949707,161.44395319620767
84,a,nbsp,0.12295081967213115,122,122.0,2.939373940229416,0.6118570074650089,14.008343279361725,0.11482248589640759,100.15356922149658,0.8209308952581686,0.628193698823452,0.06546996324323118,0.19188310578465462,1.106884639710188,0.5029955971986055,3.789337396621704,0.7887845122527158,20563.684887886047,168.5547941630004
84,b,nbsp,0.12295081967213115,137,137.0,3.03343765437603,0.61655475907469,16.042604327201843,0.11709930165840762,110.72159147262573,0.8081867990702608,0.6129040587693453,0.05698687629774213,0.19229234755039215,1.126622036099434,0.5152087202295661,3.9129514545202255,0.7953184196261092,24215.84358406067,176.75798236540635
85,a,nbsp,0.10606060606060606,132,132.0,2.970146670937538,0.608287355913115,14.510754406452179,0.10992995762463771,104.89771747589111,0.7946796778476599,0.6246304158121347,0.06112949829548597,0.16849051415920258,1.1042198948562145,0.4940311526879668,3.7961925715208054,0.7774619228277031,22548.878467559814,170.82483687545314
85,b,nbsp,0.10606060606060606,146,146.0,3.056600034236908,0.6133309200053059,16.305427491664886,0.11168101021688279,115.30698919296265,0.7897738985819359,0.6112045552581549,0.05683980532921851,0.18144047260284424,1.1390759162604809,0.50987209379673,3.9223680794239044,0.7870541110404399,26545.26923751831,181.81691258574185
86,a,nbsp,0.20408163265306123,98,98.0,2.790768548846245,0.6086779375925777,13.176945090293884,0.13445862337034575,71.85643815994263,0.7332289608157412,0.6357748825103045,0.05633813061285764,0.2148841731250286,1.1452059783041477,0.4801909727975726,3.5435732156038284,0.7728676881763401,17653.86323738098,180.14146160592838
86,b,nbsp,0.20408163265306123,118,118.0,2.93010450899601,0.614189521975411,15.643443167209625,0.13257155226448836,85.28734111785889,0.7227740772699907,0.6143486797809601,0.051767113618552685,0.2007286325097084,1.1587342843413353,0.49465890415012836,3.702749490737915,0.7761463568035871,21658.62292957306,183.5476519455344
87,a,nbsp,0.1834862385321101,109,109.0,2.9101688265800476,0.6203268015155701,12.40132486820221,0.11377362264405697,84.99428176879883,0.7797640529247599,0.6172185428440571,0.05743820336647332,0.19406600669026375,1.1096834316849709,0.46645027957856655,3.493402972817421,0.7446480330419438,16236.139580726624,148.95540899749196
87,b,nbsp,0.1834862385321101,129,129.0,3.028631553053856,0.6231992721232749,14.784636318683624,0.11460958386576453,98.67189836502075,0.7648984369381454,0.6022967249155045,0.05493769096210599,0.18403268232941628,1.1288894675672054,0.4926586765795946,3.711571916937828,0.7637274051168517,21902.650270462036,169.78798659272897
88,a,nbsp,0.14736842105263157,95,95.0,2.804548501968384,0.6158595343544027,11.521378517150879,0.12127766860158819,75.68496894836426,0.7966838836669923,0.6323696319013834,0.05908729718066752,0.20475433394312859,1.1055115014314651,0.4868046399205923,3.5472097992897034,0.7789428400737847,17822.42856311798,187.6045111907156
88,b,nbsp,0.14736842105263157,109,109.0,2.9001526832580566,0.6181917768758642,13.275529086589813,0.1217938448310992,85.73168087005615,0.7865291822940932,0.6193181872367859,0.052596713649109006,0.18087567389011383,1.1238801702857018,0.501192906871438,3.694904386997223,0.7875997431342803,21151.06302547455,194.04644977499584
89,a,nbsp,0.09482758620689655,116,116.0,2.8481982946395874,0.5991678247671344,12.979503452777863,0.11189227114463675,93.24283742904663,0.8038175640435055,0.6387733072042465,0.058873960515484214,0.18815987557172775,1.1296658478677273,0.4912114245817065,3.7691589295864105,0.7929078397709259,22586.677556991577,194.71273756027222
89,b,nbsp,0.09482758620689655,127,127.0,2.935364678502083,0.6059560925521605,14.682038724422455,0.11560660412931067,101.43972969055176,0.7987380290594627,0.620044780895114,0.05790601996704936,0.19715869054198265,1.1254427321255207,0.5098083633929491,3.8908591866493225,0.8032016759893119,25548.926590919495,201.17265032220075
90,a,nbsp,0.2,85,85.0,2.6642954498529434,0.5997084389553751,10.839393198490143,0.12752227292341345,66.84891963005066,0.786457878000596,0.6402741335332394,0.05925698997452855,0.17648573964834213,1.142703678458929,0.4773603845387697,3.4967417269945145,0.787084451404122,15022.137182235718,176.7310256733614
90,b,nbsp,0.2,102,102.0,2.7993986159563065,0.6052789343789475,12.941693425178528,0.12687934730567185,80.2773699760437,0.7870330389808207,0.6259244345128536,0.054396265652030706,0.19144180044531822,1.1382178999483585,0.49464286398142576,3.6706139594316483,0.7936509267446015,18563.94272994995,181.99943852892108
91,a,nbsp,0.17117117117117117,111,111.0,2.7820046693086624,0.5907180866009614,12.537141501903534,0.11294722073786967,88.64806079864502,0.7986311783661714,0.6424514092504978,0.05780739046167582,0.15688881278038025,1.0925349034368992,0.47617542278021574,3.721926376223564,0.7902967423770699,18758.217441558838,168.99294992395346
91,b,nbsp,0.17117117117117117,130,130.0,2.9179558604955673,0.5994730782485695,15.116001427173615,0.11627693405518165,102.32332611083984,0.7871025085449219,0.6248663198202848,0.05124837136827409,0.15997152030467987,1.1153368428349495,0.4966397285461426,3.8861929029226303,0.7983904258877712,23852.38828086853,183.47990985283485
92,a,nbsp,0.125,112,112.0,2.875065639615059,0.6093178610480274,13.881886720657349,0.12394541714872634,88.45485830307007,0.7897755205631256,0.6204142328351736,0.060814471216872334,0.22962455451488495,1.0861419476568699,0.48289994802325964,3.646542549133301,0.7728183578292196,19409.16385936737,173.29610588720865
92,b,nbsp,0.125,126,126.0,2.957563802599907,0.6115366844825202,15.649300038814545,0.12420079395884559,99.6661148071289,0.7910009111676897,0.6091205403208733,0.055985423969104886,0.2284735031425953,1.1085785627365112,0.5006688283756375,3.7987343668937683,0.7854658681979683,23062.939182281494,183.03919985937694
93,a,nbsp,0.2,80,80.0,2.5709978342056274,0.5867143330124843,9.129650831222534,0.11412063539028168,64.8750638961792,0.81093829870224,0.6588037218898535,0.05343215330503881,0.18450599163770676,1.0876829698681831,0.4792266469448805,3.4779694378376007,0.7936897074785667,13981.955982208252,174.77444977760317
93,b,nbsp,0.2,96,96.0,2.7075912803411484,0.5932043671432572,11.140163362026215,0.11604336835443974,77.57535314559937,0.80807659526666,0.6445973459631205,0.05446015018969774,0.17097140848636627,1.1077714413404465,0.5043439297005534,3.694087952375412,0.8093352648425887,18491.369827270508,192.61843570073444
94,a,nbsp,0.1927710843373494,166,166.0,2.972857430577278,0.5815462699947145,17.537861227989197,0.10564976643366986,132.41390371322632,0.7976741187543753,0.6328372713178396,0.057540872134268284,0.09385687112808228,1.1363156884908676,0.5063910353928804,4.13204450905323,0.8083048473755536,34768.915714263916,209.45129948351754
94,b,nbsp,0.1927710843373494,198,198.0,3.1175496727228165,0.589521984163756,20.69457870721817,0.10451807427887964,151.7735414505005,0.7665330376287903,0.6133673638105392,0.05182409239932895,0.10904916748404503,1.1635223999619484,0.5139353610575199,4.23652920126915,0.8011186229211169,41213.60079574585,208.14949896841335
95,a,nbsp,0.2976190476190476,84,84.0,2.6756213009357452,0.6038663800395063,9.974376440048218,0.1187425766672407,68.36839008331299,0.8139094057537261,0.6330725960433483,0.0623896059114486,0.1847408376634121,1.107916995882988,0.4775915611535311,3.449090376496315,0.7784321792308626,13625.512859344482,162.20848642076766
95,b,nbsp,0.2976190476190476,109,109.0,2.8304655849933624,0.6033373896050609,12.31065458059311,0.11294178514305604,85.26739025115967,0.78226963533174,0.6245491560548544,0.051774637307971716,0.14636356756091118,1.1596231684088707,0.489960340783,3.670306697487831,0.7823565400875465,19037.74884223938,174.65824625907683
96,a,nbsp,0.15286624203821655,157,157.0,2.9288428276777267,0.5792524612984018,18.649493873119354,0.11878658517910416,121.20609617233276,0.7720133514161323,0.6424828059971333,0.05766938766464591,0.1438283771276474,1.1594534665346146,0.5033799577504396,4.091290295124054,0.8091557358221073,33924.69413566589,216.08085436729868
96,b,nbsp,0.15286624203821655,181,181.0,3.053538963198662,0.5873888058093456,21.115215301513672,0.11665864807466117,138.32305812835693,0.7642157907644029,0.6268495675176382,0.05589305330067873,0.14900967106223106,1.1654720567166805,0.5147956050932407,4.203148543834686,0.808531488727469,39786.421016693115,219.81448075521058
97,a,nbsp,0.26,100,100.0,2.758134588599205,0.5989213160875652,11.247167348861694,0.11247167348861695,78.24637222290039,0.782463722229004,0.6558142621070147,0.05534651083871722,0.15534648671746254,1.1214133240282536,0.4779420606791973,3.611155718564987,0.784152500933073,17314.986508369446,173.14986508369444
97,b,nbsp,0.26,126,126.0,2.9345343559980392,0.6067748763321792,14.246997952461243,0.11307141232112097,95.05725145339966,0.754422630582537,0.628187881782651,0.05283367959782481,0.15349220857024193,1.144192311912775,0.4910315787419677,3.7630942910909653,0.7780965550585552,22149.176374435425,175.78711408282084
98,a,nbsp,0.0945945945945946,74,74.0,2.5747864469885826,0.5982220043683812,8.614067882299423,0.11640632273377599,59.75103497505188,0.8074464185817822,0.6639031413942575,0.05953146470710635,0.16475706174969673,1.0946181304752827,0.46279811300337315,3.3773730397224426,0.78469376428695,12235.14082813263,165.33974092071122
98,b,nbsp,0.0945945945945946,81,81.0,2.6411757841706276,0.6010254507922506,9.531100451946259,0.11766790681415135,65.31873607635498,0.8064041490908023,0.6558377593755722,0.05633668729569763,0.16845780238509178,1.115820113569498,0.4752104952931404,3.4797603487968445,0.7918535921838934,13692.001560211182,169.03705629890348
99,a,nbsp,0.13934426229508196,122,122.0,2.857892468571663,0.5948959094808353,13.85409688949585,0.11355817122537581,96.89788961410522,0.7942449968369281,0.6390114687383175,0.06119093275628984,0.14703652262687683,1.1091338507831097,0.47240009903907776,3.7279674112796783,0.7760098002415544,21224.93951511383,173.9749140583101
99,b,nbsp,0.13934426229508196,139,139.0,2.976860538125038,0.6032781971220913,15.995995581150055,0.11507910490036011,109.83389902114868,0.7901719354039474,0.6247047856450081,0.057135227834805846,0.15399380400776863,1.1330839544534683,0.49555091094225645,3.8859195709228516,0.7875043264150792,25622.52095413208,184.3346831232524
100,a,nbsp,0.1092436974789916,119,119.0,2.875253990292549,0.6016278914819517,12.201976746320724,0.10253761971698089,94.46197605133057,0.7937981180784082,0.6338886544108391,0.05753453401848674,0.12120070680975914,1.1282055005431175,0.4741257894784212,3.698805183172226,0.7739505347588446,20203.120429992676,169.77412126044266
100,b,nbsp,0.1092436974789916,132,132.0,2.958089157938957,0.605817971901692,13.779449820518494,0.10438977136756435,104.79024505615234,0.7938654928496389,0.6209308635443449,0.058081361232325435,0.10945376381278038,1.141651228070259,0.49868897534906864,3.8683541119098663,0.792240638313839,25241.24340248108,191.22154092788696
101,a,nbsp,0.13008130081300814,123,123.0,2.8954076021909714,0.6016826015733336,13.263302981853485,0.10783173155978443,98.8590817451477,0.8037323719117699,0.6249314621090889,0.06193624553270638,0.1575058214366436,1.0922101624310017,0.4927096897736192,3.793772056698799,0.7883679793903484,22174.31071472168,180.2789489001763
101,b,nbsp,0.13008130081300814,139,139.0,2.9772407710552216,0.603355253549045,14.808218479156494,0.10653394589321219,110.74090623855591,0.7966971671838554,0.6146611142903566,0.05588495545089245,0.1545637808740139,1.1137648597359657,0.5097201215103269,3.949315369129181,0.8003518556685386,26942.34192085266,193.82979799174578
102,a,nbsp,0.14285714285714285,98,98.0,2.791572615504265,0.6088533077913327,11.500303208827972,0.11735003274314257,78.03459072113037,0.7962713338890854,0.6333471350371838,0.057383564999327064,0.20122766494750977,1.1023524962365627,0.47223371267318726,3.510223761200905,0.7655940369327782,15601.772860527039,159.20176388292896
102,b,nbsp,0.14285714285714285,112,112.0,2.901580050587654,0.6149371081212641,13.36254209280014,0.11930841154285839,87.83865308761597,0.7842736882822854,0.6183060668408871,0.054484187508933246,0.19334804266691208,1.1225070282816887,0.48637373466044664,3.6435980796813965,0.7721943310927044,18632.280069351196,166.35964347634996
103,a,nbsp,0.2191780821917808,73,73.0,2.6596457958221436,0.6198976665096405,9.898313403129578,0.13559333428944628,59.307459354400635,0.8124309500602827,0.6312026139348745,0.06469176826067269,0.2494964748620987,1.1033286936581135,0.4692447083070874,3.2857835590839386,0.7658348958088417,12237.660619735718,167.63918657172215
103,b,nbsp,0.2191780821917808,89,89.0,2.7706941962242126,0.6172685795863554,11.346091151237488,0.12748417023862346,71.0224997997284,0.7980056157272852,0.628398111090064,0.056974503910169005,0.2323613204061985,1.125051386654377,0.4857568219304085,3.4859437942504883,0.7766153252593533,15701.882848739624,176.42564998583845
104,a,nbsp,0.176056338028169,142,142.0,2.973346933722496,0.5999698736786968,14.938682079315186,0.1052019864740506,106.60366821289062,0.750730057837258,0.6100677382200956,0.057614969671703875,0.12831104174256325,1.1122269965708256,0.4738218244165182,3.793933928012848,0.765550105747476,22085.844913482666,155.53411910903284
104,b,nbsp,0.176056338028169,167,167.0,3.110062912106514,0.607672268880278,18.09763741493225,0.10836908631695959,123.17633438110352,0.7375828406054104,0.5925266910344362,0.05043787066824734,0.12879589945077896,1.1358330212533474,0.49061531014740467,3.945985108613968,0.7710023210736638,29989.355632781982,179.57697983701786
105,a,nbsp,0.24615384615384617,65,65.0,2.455051213502884,0.5881225326667553,7.127324730157852,0.10965114969473619,53.82562327384949,0.8280865119053767,0.6726034544408321,0.05597556522116065,0.17839085683226585,1.0616327784955502,0.45432105753570795,3.279940500855446,0.7857298062662612,10478.083236694336,161.20128056452825
105,b,nbsp,0.24615384615384617,81,81.0,2.6468093767762184,0.6023074300363616,9.148481041193008,0.11294421038509887,65.25138401985168,0.8055726422203912,0.6534705236554146,0.0505835828371346,0.19202657788991928,1.1070829220116138,0.4780885633081198,3.4744235575199127,0.7906391529927476,14265.080213546753,176.11210140181174
106,a,nbsp,0.28125,128,128.0,2.902942508459091,0.598294394419957,13.881047427654266,0.10844568302854896,101.72186231613159,0.7947020493447781,0.6308447662740946,0.06037138891406357,0.1394641399383545,1.0786518454551697,0.47838721703737974,3.773574188351631,0.7777309668516419,21416.357627868652,167.31529396772385
106,b,nbsp,0.28125,164,164.0,3.099777266383171,0.607815383060073,18.31878274679184,0.11169989479751122,124.86995029449463,0.7614021359420403,0.6128309164196253,0.053683751029893756,0.14621026068925858,1.1370093896985054,0.5006804829463363,3.9961292892694473,0.7835752849265017,30291.086072921753,184.70174434708386
107,a,nbsp,0.0970873786407767,103,103.0,2.8289477676153183,0.6103804073117798,12.091198861598969,0.11739028020969872,83.1470832824707,0.8072532357521427,0.6232175622135401,0.06040550977922976,0.20028452575206757,1.1217618063092232,0.49556805472821,3.653217539191246,0.7882267870395361,15762.447748184204,153.03347328334178
107,b,nbsp,0.0970873786407767,113,113.0,2.9106199592351913,0.6156930784722447,13.67567503452301,0.12102367287188504,90.44761848449707,0.8004214025176732,0.6112029273062944,0.0601361240260303,0.20702683553099632,1.1313247717916965,0.5079734427854419,3.7525952756404877,0.7937989053461305,19081.30072593689,168.86106837112294
108,a,nbsp,0.19767441860465115,86,86.0,2.665318787097931,0.5983634884822958,10.254409849643707,0.11923732383306637,70.42341899871826,0.8188769651013752,0.6563556790351868,0.05884390836581588,0.20455023646354675,1.0937275923788548,0.47704550437629223,3.517598941922188,0.7897001980247014,14909.302695274353,173.36398482877152
108,b,nbsp,0.19767441860465115,103,103.0,2.81192609667778,0.6067077716558944,12.118674337863922,0.11765703240644584,82.71653366088867,0.803073142338725,0.6424611378461123,0.05360275227576494,0.2158813215792179,1.1122000329196453,0.49929134640842676,3.6985532641410828,0.7980085294164845,19047.378831863403,184.92600807634375
109,a,nbsp,0.11594202898550725,138,138.0,2.936206176877022,0.5959113056674982,13.826425433158875,0.1001914886460788,110.17231941223145,0.7983501406683438,0.626299824565649,0.05491753434762359,0.11665541678667068,1.113214336335659,0.4888463094830513,3.8703804910182953,0.7855046113573123,23349.839780807495,169.20173754208332
109,b,nbsp,0.11594202898550725,154,154.0,3.063408136367798,0.6081868101954861,16.4913330078125,0.10708657797280845,121.25233602523804,0.7873528313327145,0.608875896781683,0.05268459068611264,0.12767964601516724,1.1243229918181896,0.5022381274029613,3.969540238380432,0.7880836989568434,27539.63041305542,178.82876891594424
110,a,nbsp,0.18627450980392157,102,102.0,2.8322310745716095,0.6123778860789443,11.707527995109558,0.1147796862265643,79.9781084060669,0.7840991020202637,0.6238116603344679,0.05860368930734694,0.20848844945430756,1.0831824205815792,0.4654268743470311,3.492914602160454,0.7552292182405449,16273.793041229248,159.54699060028673
110,b,nbsp,0.18627450980392157,121,121.0,2.9402365684509277,0.613086943747055,14.074644923210144,0.11631937953066235,93.9049744606018,0.7760741690958827,0.6104889959096909,0.054752138210460544,0.17298952117562294,1.1214747466146946,0.48934084828943014,3.7190098613500595,0.775473788104585,21550.66744709015,178.10468964537313
111,a,nbsp,0.14285714285714285,84,84.0,2.648887515068054,0.5978327778660493,9.867172688245773,0.11746634152673541,69.27388215065002,0.8246890732220241,0.6518468447029591,0.06027349713258445,0.18630196154117584,1.1188809610903263,0.4816937483847141,3.5338465571403503,0.7975609729706898,15112.028875350952,179.9051056589399
111,b,nbsp,0.14285714285714285,96,96.0,2.7675316482782364,0.6063366623632264,11.583519995212555,0.12066166661679745,78.62945127487183,0.8190567841132482,0.6353317908942699,0.05763785890303552,0.1835169605910778,1.1218344159424305,0.5051103550940752,3.6978777945041656,0.8101655788260482,18604.568544387817,193.7975890040398
112,a,nbsp,0.10317460317460317,126,126.0,2.90915746986866,0.6015276871447782,14.967290163040161,0.11878801716698541,98.65356874465942,0.7829648313068207,0.6262491978704929,0.059968287125229836,0.2005564421415329,1.1159887798130512,0.4877677746117115,3.796280324459076,0.784958444833924,21344.162063598633,169.39811161586215
112,b,nbsp,0.10317460317460317,139,139.0,2.9719489067792892,0.6022828263060106,15.937076926231384,0.11465522968511786,107.59830904006958,0.7740885542451048,0.616727402433753,0.054220909951254725,0.17898892983794212,1.1188004612922668,0.500031759031117,3.90253446996212,0.7908714328714967,25520.576232910156,183.601267862663
113,a,nbsp,0.1619047619047619,105,105.0,2.7618825882673264,0.5934478122861199,11.494122326374054,0.1094678316797529,84.03929996490479,0.8003742853800455,0.6505960412323475,0.058347796788439155,0.16600557789206505,1.1043992899358273,0.4819876719266176,3.6626643389463425,0.7869994721425532,18515.676126480103,176.33977263314384
113,b,nbsp,0.1619047619047619,122,122.0,2.9177758395671844,0.6073611694032856,13.82541275024414,0.11332305532987,96.64588451385498,0.7921793812611064,0.629587434232235,0.05842417757958174,0.17300080135464668,1.1215496249496937,0.5037938738241792,3.816781848669052,0.7944973207087561,22173.422181129456,181.74936214040537
114,a,nbsp,0.25,76,76.0,2.560402899980545,0.5912169369013289,8.563302159309387,0.11267502841196562,60.32296299934387,0.7937231973597878,0.6703747268766165,0.0588197645265609,0.18216858804225922,1.0990449786186218,0.4650857811793685,3.392202600836754,0.7832859551247445,13986.696663856506,184.03548241916457
114,b,nbsp,0.25,95,95.0,2.7412689477205276,0.6019637800874016,11.009247362613678,0.11588681434330186,72.62686538696289,0.7644933198627673,0.6431360710412264,0.04954243253450841,0.18542629480361938,1.143770519644022,0.47838445007801056,3.5395381301641464,0.7772581943733909,18127.872940063477,190.81971515856287
115,a,nbsp,0.1,90,90.0,2.5648778527975082,0.5699969644736681,9.622765362262726,0.1069196151362525,73.30071258544922,0.8144523620605468,0.672879196703434,0.05631495581474155,0.1479189582169056,1.1557166650891304,0.4573436863720417,3.5862892270088196,0.7969868705014812,15290.416585922241,169.89351762135823
115,b,nbsp,0.1,99,99.0,2.6403511241078377,0.5745989680836078,10.669926255941391,0.10777703288829688,80.56548309326172,0.8137927585177952,0.6645757239311934,0.05347704119049013,0.1518828235566616,1.1674816086888313,0.47199820820242167,3.6969837844371796,0.8045456712796938,17260.446190834045,174.34794132155602
116,a,nbsp,0.26229508196721313,61,61.0,2.415483720600605,0.587584002917675,7.188307851552963,0.11784111232054038,50.630971908569336,0.8300159329273662,0.68105448782444,0.05487302248366177,0.2409767098724842,1.026499431580305,0.44633886590600014,3.229308173060417,0.785552726685236,8714.990000724792,142.868688536472
116,b,nbsp,0.26229508196721313,77,77.0,2.5886034592986107,0.5959298835706008,9.010674923658371,0.11702175225530352,62.67036318778992,0.8139008206206483,0.6630026213824749,0.048092964105308056,0.2013932690024376,1.1005975119769573,0.47657886147499084,3.460163488984108,0.7965742368606168,12495.145332336426,162.27461470566786
117,a,nbsp,0.24050632911392406,79,79.0,2.573399856686592,0.5889530996996868,9.056904703378677,0.1146443633339073,64.67222714424133,0.8186357866359661,0.6725890785455704,0.05292300845030695,0.190090574324131,1.059604950249195,0.46358685847371817,3.4474734365940094,0.7889952124380066,11020.998966217041,139.50631602806382
117,b,nbsp,0.24050632911392406,98,98.0,2.752753883600235,0.6003867849458348,11.765236973762512,0.12005343850778075,77.32655811309814,0.7890465113581444,0.647333649918437,0.05177596188150346,0.19484639912843704,1.0972138904035091,0.4788486650213599,3.60263454914093,0.7857492045255524,15291.1615524292,156.03226073907348
118,a,nbsp,0.1744186046511628,86,86.0,2.6237771809101105,0.5890374069208602,9.26805528998375,0.10776808476725291,69.74591135978699,0.8109989692998487,0.6541235744953156,0.055643875151872635,0.1563882678747177,1.0960552021861076,0.4680036483332515,3.5244630873203278,0.791241197174883,13751.378440856934,159.89974931228994
118,b,nbsp,0.1744186046511628,101,101.0,2.7757696360349655,0.6014511703228053,11.423142462968826,0.11310042042543392,80.34701824188232,0.7955150320978448,0.6336903925985098,0.050282156793400645,0.16735395416617393,1.1154436729848385,0.4882193114608526,3.6764083951711655,0.79660073485739,17851.662256240845,176.74913124990937
119,a,nbsp,0.07575757575757576,66,66.0,2.4910868406295776,0.5945804592539539,7.720021307468414,0.11697001981012749,55.218881368637085,0.8366497177066226,0.6637045703828335,0.052277289563789964,0.17394296824932098,1.075097270309925,0.4757052604109049,3.356207326054573,0.8010701436537142,9740.711992263794,147.58654533733022
119,b,nbsp,0.07575757575757576,71,71.0,2.543254539370537,0.5966327786115115,8.21677851676941,0.1157292748840762,59.43864297866821,0.8371639856150452,0.655558604747057,0.05525111616589129,0.1799660287797451,1.0953257866203785,0.48787484504282475,3.4454994946718216,0.8082942172667466,10875.833805084229,153.18075781808776
120,a,nbsp,0.14457831325301204,83,83.0,2.5618792474269867,0.579762764673342,9.536323875188828,0.114895468375769,68.67938709259033,0.8274624950914499,0.6808596290647984,0.06374668003991246,0.18005764856934547,1.122556634247303,0.48418684117496014,3.5838042497634888,0.8110281786222902,15342.769327163696,184.85264249594815
120,b,nbsp,0.14457831325301204,95,95.0,2.667195677757263,0.585697800192361,10.69220769405365,0.11254955467424896,77.44032382965088,0.8151613034700093,0.6681046858429909,0.05420497362501919,0.1758483685553074,1.1242169849574566,0.49758396577090025,3.7015622705221176,0.8128375796345118,17915.621448516846,188.5854889317563
121,a,nbsp,0.1504424778761062,113,113.0,2.7503049224615097,0.5817811078615178,11.462258964776993,0.10143592004227428,90.81441068649292,0.803667351207902,0.6513985749334097,0.05592607567086816,0.15472480282187462,1.0916917212307453,0.4765027714893222,3.7470483034849167,0.7926255359573077,17996.697957992554,159.26281378754476
121,b,nbsp,0.1504424778761062,130,130.0,2.8799215853214264,0.5916592095309929,13.512284815311432,0.10394065242547254,103.6589035987854,0.7973761815291185,0.6370367053896189,0.048911371966823936,0.15558909252285957,1.1180145964026451,0.495005683042109,3.8898444771766663,0.7991406155969973,22702.69718360901,174.63613218160776
122,a,nbsp,0.08661417322834646,127,127.0,2.933335930109024,0.6055372919656328,14.029979169368744,0.11047227692416334,102.360342502594,0.8059869488393229,0.6084566507488489,0.062063720310106874,0.1474710963666439,1.1182138733565807,0.49346685595810413,3.7706732153892517,0.7783913271908443,20080.342250823975,158.11293110885018
122,b,nbsp,0.08661417322834646,138,138.0,3.0065438747406006,0.6101865393692787,15.637069642543793,0.11331209885901299,110.1628360748291,0.798281420832095,0.6000188626348972,0.05647058179602027,0.16737950593233109,1.1167335696518421,0.5063865603879094,3.8688852190971375,0.7852011417134289,23006.40651512146,166.71309068928593
123,a,nbsp,0.18248175182481752,137,137.0,2.9381415098905563,0.5971855489248694,14.475303649902344,0.10565915072921418,109.1140718460083,0.7964530791679438,0.6218703612685204,0.05773688084445894,0.16409307345747948,1.113618228584528,0.49457085132598877,3.8810188323259354,0.7888280240990339,21878.29574584961,159.69558938576358
123,b,nbsp,0.18248175182481752,162,162.0,3.09029021859169,0.6074165509537297,17.870167672634125,0.11030967699156867,126.12270545959473,0.7785352188863872,0.6063272692263126,0.05350231542252004,0.1654612459242344,1.1294284537434578,0.5115607669577003,4.0458392053842545,0.7952358911351121,29026.268144607544,179.17449471979964
124,a,nbsp,0.2716049382716049,81,81.0,2.57351566106081,0.5856287262590114,8.857314229011536,0.10934955838285845,66.45313930511475,0.8204091272236388,0.6651926673948765,0.05957850185222924,0.15837030112743378,1.1005695275962353,0.4749718513339758,3.5043440610170364,0.7974478569836245,11039.343168258667,136.28818726245268
124,b,nbsp,0.2716049382716049,103,103.0,2.7762793451547623,0.5990165449167373,11.819360196590424,0.11475106986980993,81.91594982147217,0.7953004837036133,0.6446260586380959,0.05447020847350359,0.15073157101869583,1.1468286961317062,0.49540602695196867,3.710274323821068,0.8005374927517197,16390.080744743347,159.12699752178005
125,a,nbsp,0.20512820512820512,78,78.0,2.6006590500473976,0.5969320313800925,9.425015360116959,0.12083353025790973,63.10760807991028,0.8090718984603882,0.6421905905008316,0.060057533672079444,0.15470747277140617,1.0874570272862911,0.4770084014162421,3.4389239698648453,0.7893398679291318,13050.946685791016,167.31982930501303
125,b,nbsp,0.20512820512820512,94,94.0,2.714949667453766,0.5975728623308201,11.371764302253723,0.12097621598142258,74.88495016098022,0.7966484059678747,0.6338540073484182,0.055168430088087916,0.17126129940152168,1.133710939437151,0.4960800241678953,3.647899851202965,0.8029194727664875,17027.28329849243,181.14131168608972
126,a,nbsp,0.2608695652173913,138,138.0,2.8846974670886993,0.5854574680777092,13.144908547401428,0.09525296048841614,108.06772518157959,0.7830994578375332,0.6290850881487131,0.05635983019601554,0.12540943548083305,1.0911344699561596,0.47701163683086634,3.8264160454273224,0.7765819034148715,22790.14798927307,165.14599992226866
126,b,nbsp,0.2608695652173913,174,174.0,3.046888530254364,0.5905903995094326,16.774026215076447,0.0964024495119336,131.64706230163574,0.7565923120783663,0.6140017751604319,0.05156030971556902,0.1040310189127922,1.174884058535099,0.4949697181582451,4.039137929677963,0.7829220071149317,32105.945770263672,184.51692971415906
127,a,nbsp,0.27586206896551724,116,116.0,2.8780563473701477,0.6054489831190728,12.973074316978455,0.11183684756015909,92.22566318511963,0.7950488205613762,0.6213825549930334,0.0566078070551157,0.2017127051949501,1.1254519559442997,0.4966507023200393,3.7522342801094055,0.7893474467213379,19187.145763397217,165.40642899480358
127,b,nbsp,0.27586206896551724,148,148.0,3.035036191344261,0.6073458610670829,16.353645861148834,0.11049760716992456,112.25487279891968,0.7584788702629708,0.6073025390505791,0.05105646187439561,0.17867401987314224,1.1363317780196667,0.5058219181373715,3.914273500442505,0.7832914204971537,27007.621309280396,182.48392776540808
128,a,nbsp,0.08227848101265822,158,158.0,2.979035824537277,0.5884404747175852,17.497845351696014,0.11074585665630388,122.90869522094727,0.7779031343097927,0.6372248884290457,0.053915387368761,0.18045368790626526,1.0895757153630257,0.49570922926068306,4.051292136311531,0.8002402147282222,27458.0763835907,173.78529356702975
128,b,nbsp,0.08227848101265822,171,171.0,3.0793970227241516,0.5989106422238848,19.423623502254486,0.11358844153365197,131.37621879577637,0.7682819812618501,0.6198845971375704,0.05162868381012231,0.19073447957634926,1.1077050901949406,0.5088774524629116,4.120630964636803,0.8014197971832369,32023.436462402344,187.27155825966284
129,a,nbsp,0.0784313725490196,102,102.0,2.801043316721916,0.6056345474456635,12.133976876735687,0.11896055761505575,76.92694902420044,0.754185774747063,0.6382036581635475,0.058231349335983396,0.14892734214663506,1.139343772083521,0.47373044956475496,3.581092119216919,0.7742947394049492,18289.786007881165,179.3116275282467
129,b,nbsp,0.0784313725490196,110,110.0,2.879672035574913,0.6126335632697515,13.24372798204422,0.1203975271094929,83.77091026306152,0.7615537296641957,0.6211527418345213,0.05113275535404682,0.16597888618707657,1.1195386834442616,0.48834714107215405,3.674113929271698,0.7816464793704778,19830.024311065674,180.2729482824152
130,a,nbsp,0.07058823529411765,85,85.0,2.7129413038492203,0.6106581739644442,10.12997618317604,0.11917619039030636,67.21804332733154,0.7908005097333122,0.6414023991674185,0.05755839706398547,0.20514359325170517,1.1108220033347607,0.4750382425263524,3.4587152749300003,0.7785250462496074,14118.158772468567,166.09598555845372
130,b,nbsp,0.07058823529411765,91,91.0,2.7838161140680313,0.6171365146811257,11.067840367555618,0.12162461942368812,71.64528250694275,0.7873107967795906,0.6253618523478508,0.055123081896454096,0.22505218908190727,1.1077365688979626,0.4865946928039193,3.5258927196264267,0.7816454302184673,15397.029822349548,169.1981299159291
131,a,nbsp,0.1267605633802817,142,142.0,2.9569369107484818,0.5966586154803615,15.424486517906189,0.1086231444922971,109.13618183135986,0.7685646607842244,0.6309980992227793,0.05882690299768001,0.1558978334069252,1.1438692584633827,0.4877632288262248,3.8863629698753357,0.7842006843064513,26531.017545700073,186.83815173028222
131,b,nbsp,0.1267605633802817,160,160.0,3.0418897420167923,0.5993666133928546,17.579534471035004,0.10987209044396876,121.78643369674683,0.7611652106046677,0.6203136797994375,0.05207301746122539,0.163508091121912,1.1459386385977268,0.49842518381774426,4.002185210585594,0.7885809149181235,30901.663312911987,193.13539570569995
132,a,nbsp,0.2159090909090909,88,88.0,2.7314103096723557,0.6100524536907499,10.98419252038002,0.12482036954977295,67.77418112754822,0.7701611491766843,0.6391266882419586,0.05897090444341302,0.2195294313132763,1.137218065559864,0.46891644690185785,3.4327024072408676,0.7666839796685964,14369.602890014648,163.29094193198466
132,b,nbsp,0.2159090909090909,107,107.0,2.8829812705516815,0.6169670177708677,13.702905833721161,0.1280645405020669,80.65780591964722,0.7538112702770767,0.623147988691926,0.0501938700908795,0.23800422996282578,1.1350913755595684,0.4830622086301446,3.5978806614875793,0.769957725597259,18873.95795059204,176.39213037936486
133,a,nbsp,0.24786324786324787,117,117.0,2.821409195661545,0.5924624413747639,12.805857181549072,0.1094517707824707,93.3747181892395,0.7980745144379444,0.6606981549412012,0.056121033150702715,0.14014797657728195,1.1458553820848465,0.4779759868979454,3.774858295917511,0.7926754351272607,23808.73980140686,203.493502576127
133,b,nbsp,0.24786324786324787,146,146.0,3.0053762793540955,0.6030524693226849,16.293556213378906,0.11159970009163635,111.79934787750244,0.7657489580650851,0.6318731047213078,0.05337419407442212,0.1623808778822422,1.1521226167678833,0.49558160454034805,3.9265539199113846,0.7878940329695197,30158.226345062256,206.563194144262
134,a,nbsp,0.2571428571428571,105,105.0,2.6954331770539284,0.57916977676071,11.116501986980438,0.10587144749505178,86.69537591934204,0.8256702468508765,0.6561569627374411,0.06008990458212793,0.1290617696940899,1.1201215349137783,0.4793828772380948,3.7441472709178925,0.8045077717069858,20068.95721244812,191.13292583283922
134,b,nbsp,0.2571428571428571,132,132.0,2.8652486950159073,0.5868042039063944,14.080070436000824,0.10666720027273352,104.16299200057983,0.7891135757619684,0.6356605421751738,0.05523133359383792,0.12071439623832703,1.1497485153377056,0.4931753911077976,3.8989704102277756,0.7985108697922627,26255.6521320343,198.9064555457144
135,a,nbsp,0.2638888888888889,144,144.0,2.855657860636711,0.5746006315529684,14.724475681781769,0.10225330334570673,116.94743299484253,0.8121349513530731,0.6429737899452448,0.06183207128196955,0.1224150862544775,1.151939108967781,0.4953328100964427,4.030591890215874,0.8110147499021227,27116.59667778015,188.30969915125104
135,b,nbsp,0.2638888888888889,182,182.0,3.0254968106746674,0.5813783479925072,18.261393010616302,0.1003373242341555,140.53892755508423,0.77219190964332,0.6236886996775866,0.0557228394318372,0.11447088606655598,1.1831772439181805,0.5041770227253437,4.172945499420166,0.8018716635747064,35754.86135101318,196.45528214842406
136,a,nbsp,0.24489795918367346,98,98.0,2.7473196238279343,0.5992015508525547,11.489827364683151,0.11724313637431788,78.79908561706543,0.8040723022149534,0.6422346606850624,0.055040074279531837,0.20881814137101173,1.0950247831642628,0.48261464945971966,3.635351985692978,0.7928850101128877,18697.82727432251,190.79415586043376
136,b,nbsp,0.24489795918367346,122,122.0,2.926956430077553,0.6092721915293091,14.594197869300842,0.11962457269918722,95.49725341796875,0.7827643722784323,0.6215115450322628,0.05330800823867321,0.20146746188402176,1.142779927700758,0.5017104018479586,3.817681297659874,0.7946845490706734,24508.73391342163,200.8912615854232
137,a,nbsp,0.10714285714285714,140,140.0,3.0007936358451843,0.6072462107164553,15.850794553756714,0.11321996109826224,103.03734111785889,0.7359810079847063,0.6169045753777027,0.05442910687997937,0.13097097352147102,1.1480442248284817,0.4554832261055708,3.649501755833626,0.7385199987632053,23137.94094467163,165.2710067476545
137,b,nbsp,0.10714285714285714,155,155.0,3.0826221704483032,0.6112160087609884,17.89416754245758,0.11544624220940373,113.64186000823975,0.7331732903757402,0.604582978412509,0.05412213481031358,0.1420949324965477,1.1593866497278214,0.47198354825377464,3.7862776815891266,0.75073538197033,27608.855474472046,178.12164822240032
138,a,nbsp,0.18243243243243243,148,148.0,3.020626202225685,0.6044622555027905,15.319164037704468,0.10350786511962479,108.89278888702393,0.735762087074486,0.6088661663234234,0.051962307654321194,0.1399097889661789,1.1162912249565125,0.4585024593397975,3.6919591277837753,0.7388037420717438,25071.929359436035,169.40492810429757
138,b,nbsp,0.18243243243243243,175,175.0,3.1613654047250748,0.6120999825910485,18.75605547428131,0.10717745985303606,127.69872045516968,0.729706974029541,0.5937123689800501,0.05003915727138519,0.14313534647226334,1.141088955104351,0.48221100587397814,3.8988640308380127,0.7548936297695559,32947.6125793457,188.27207188197542
139,a,nbsp,0.1,80,80.0,2.6342841908335686,0.6011565904207739,9.871277421712875,0.12339096777141095,63.52941918373108,0.7941177397966386,0.6509970556944609,0.05743383336812258,0.1871233694255352,1.089917715638876,0.46538023743778467,3.40634323656559,0.7773442565620317,13760.314434051514,172.00393042564394
139,b,nbsp,0.1,88,88.0,2.6936400085687637,0.6016165681032606,10.670665085315704,0.12125755778767847,69.92818713188171,0.7946384901350195,0.6434343084692955,0.053590411553159356,0.18434054031968117,1.1218850426375866,0.47556114196777344,3.5103255212306976,0.7840208737210659,15659.379880905151,177.94749864664945
140,a,nbsp,0.09302325581395349,129,129.0,2.835191920399666,0.5833953421442949,12.895425021648407,0.09996453505153804,96.73110055923462,0.7498534927072451,0.6214192658662796,0.06899819010868669,0.08690754137933254,1.2063466012477875,0.4940069168806076,3.870351329445839,0.7963993272604939,23538.85910320282,182.4717759938203
140,b,nbsp,0.09302325581395349,141,141.0,2.9180045276880264,0.589643585933817,13.797692656517029,0.09785597628735482,105.92905616760254,0.7512699018978903,0.6154901999980211,0.061336432583630085,0.07819082215428352,1.1347586959600449,0.4984762789681554,3.917453795671463,0.7916031253179479,26146.18721294403,185.43395186485125
141,a,nbsp,0.10810810810810811,111,111.0,2.9024150371551514,0.6162854707559533,14.174182415008545,0.12769533707214906,88.31409168243408,0.7956224475894962,0.621869707480073,0.06181346205994487,0.19568202272057533,1.1194863729178905,0.4852382205426693,3.672262981534004,0.7797514453799892,20577.549571990967,185.38332947739607
141,b,nbsp,0.10810810810810811,123,123.0,2.988221451640129,0.6209698612863864,15.693321943283081,0.12758798327872423,96.51537036895752,0.7846778078777035,0.6074096076190472,0.053285275818780065,0.2016744464635849,1.1244905479252338,0.4996046759188175,3.781189903616905,0.7857533345320635,23823.33804321289,193.68567514807225
142,a,nbsp,0.24705882352941178,85,85.0,2.5594774559140205,0.5761148710862354,9.497091263532639,0.11173048545332516,69.76052570343018,0.8207120670991785,0.6702526994049549,0.06199001893401146,0.14602265134453773,1.1505061239004135,0.47498489264398813,3.599081888794899,0.81012028201335,15509.611046791077,182.46601231518915
142,b,nbsp,0.24705882352941178,106,106.0,2.7220127433538437,0.583692139732367,12.019552648067474,0.11339200611384409,84.63241529464722,0.798419012213653,0.6535503435879946,0.05572029436007142,0.15106101334095,1.1391507498919964,0.4933710899204016,3.7805940061807632,0.8106879772385234,20894.3199300766,197.11622575543964
143,a,nbsp,0.2542372881355932,59,59.0,2.3929535523056984,0.5868624347968165,6.651748985052109,0.11274150822122218,49.49677491188049,0.8389283883369575,0.6744328811764717,0.05202321207616478,0.13813544809818268,1.0812822133302689,0.45943656004965305,3.2349231094121933,0.7933521528409515,8578.434090137482,145.3971879684319
143,b,nbsp,0.2542372881355932,74,74.0,2.5394731611013412,0.5900173687221875,8.182000547647476,0.11056757496820914,60.27185606956482,0.8144845414806057,0.6584683954715729,0.04985527612734586,0.12670541927218437,1.1126572899520397,0.4758109003305435,3.425178572535515,0.7958008297652472,11401.52130317688,154.074612205093
144,a,nbsp,0.296875,128,128.0,2.878418058156967,0.5932399225868996,14.363628804683685,0.11221585003659129,102.05412721633911,0.7972978688776493,0.6360639669001102,0.05979913822375238,0.16972900927066803,1.1241485066711903,0.49142763763666153,3.873188301920891,0.7982613650872021,24451.58204269409,191.0279847085476
144,b,nbsp,0.296875,166,166.0,3.0764098316431046,0.6018030478574641,18.065701365470886,0.1088295262980174,126.15187692642212,0.75995106582182,0.6144450306892395,0.05222765333019197,0.16768618300557137,1.1290161609649658,0.5087164677679539,4.062489628791809,0.7946986176384943,34204.069257736206,206.0486099863627
145,a,nbsp,0.25396825396825395,126,126.0,2.823113888502121,0.5837364204192255,13.235282361507416,0.10504192350402711,98.53498268127441,0.7820236720736065,0.65339688770473,0.05398722179234028,0.17186767235398293,1.0943564362823963,0.4891479378566146,3.8800355941057205,0.8022765564035282,24001.869926452637,190.49103116232249
145,b,nbsp,0.25396825396825395,158,158.0,3.002919927239418,0.5931582336033596,16.986127376556396,0.10750713529466073,119.87744951248169,0.7587180348891246,0.6339357886463404,0.049458168796263635,0.16550030931830406,1.1389860436320305,0.5079574473202229,4.069139152765274,0.8037654851354568,33229.26421737671,210.3117988441564
146,a,nbsp,0.24561403508771928,114,114.0,2.776275783777237,0.5861823177443831,11.476495027542114,0.10067100901352732,90.99587821960449,0.7982094580667061,0.6512701790779829,0.05924519430845976,0.12741965800523758,1.1146321892738342,0.47651173919439316,3.7482084184885025,0.791395981255619,19657.484523773193,172.4340747699403
146,b,nbsp,0.24561403508771928,142,142.0,2.9484696984291077,0.5949500787979953,15.132749617099762,0.10656865927535045,110.22128486633301,0.7762062314530493,0.632429352030158,0.05599624989554286,0.14657068625092506,1.1220459043979645,0.497576748020947,3.9613593369722366,0.7993336512613557,27366.724296569824,192.72341053922412
147,a,nbsp,0.14285714285714285,140,140.0,2.9022829085588455,0.5873113957578443,14.89268046617508,0.1063762890441077,109.80395126342773,0.7843139375959124,0.6368297394365072,0.056583466939628124,0.15616437792778015,1.1212040036916733,0.4878277098760009,3.944112002849579,0.7981378791804598,26256.626329421997,187.54733092444283
147,b,nbsp,0.14285714285714285,160,160.0,3.0070287585258484,0.5924976893401841,17.195841252803802,0.10747400783002375,125.05878400802612,0.7816174000501632,0.625542264431715,0.0521986975800246,0.15560221299529076,1.1384455151855946,0.5092778354883194,4.11744998395443,0.8112924076797807,31878.87255859375,199.24295349121093
148,a,nbsp,0.15,100,100.0,2.7961184829473495,0.6071694139458628,11.380579113960266,0.11380579113960265,77.93328094482422,0.7793328094482421,0.6250332146883011,0.05881614750251174,0.1607949323952198,1.125252764672041,0.47938986867666245,3.57655693590641,0.776639470738478,17044.267303466797,170.44267303466796
148,b,nbsp,0.15,115,115.0,2.8988102674484253,0.610927656924855,13.576940417289734,0.11806035145469335,89.76407241821289,0.7805571514627208,0.611926481127739,0.057136565912514925,0.16111935302615166,1.1493694819509983,0.49872667994350195,3.7610260397195816,0.7926406401553601,21163.57356071472,184.0310744409976
149,a,nbsp,0.176056338028169,142,142.0,2.9005890637636185,0.58528859664598,16.008043706417084,0.1127327021578668,109.34489107131958,0.7700344441642224,0.6392712257802486,0.059994198149070144,0.13204560801386833,1.1702734753489494,0.4910335075110197,3.9644825011491776,0.7999638516579072,25751.155088424683,181.34616259454
149,b,nbsp,0.176056338028169,167,167.0,3.0287991911172867,0.591794226825582,19.092777132987976,0.11432800678435914,127.79882669448853,0.7652624352963384,0.6251716557890177,0.05406989133916795,0.1391034685075283,1.1782372780144215,0.5084662176668644,4.131936147809029,0.8073351198245973,32728.8850440979,195.9813475694485
150,a,nbsp,0.104,125,125.0,2.863739714026451,0.5931138426034621,13.304534494876862,0.10643627595901489,99.95080280303955,0.7996064224243165,0.6366982273757458,0.0612305065151304,0.14674342796206474,1.125878270715475,0.49714545253664255,3.863268554210663,0.8001279047722294,23841.776913642883,190.73421530914308
150,b,nbsp,0.104,138,138.0,2.9723717123270035,0.6032512028517909,15.576908707618713,0.11287615005520807,109.13397073745728,0.7908258749091106,0.6184261422604322,0.05892816372215748,0.1534803807735443,1.1279546469449997,0.5147483944892883,3.9755969196558,0.8068585816134932,28039.91504096985,203.18779015195543
151,a,nbsp,0.15966386554621848,119,119.0,2.814824089407921,0.5889833341752133,13.383948028087616,0.11247015149653458,93.88035154342651,0.7889105171716514,0.6439006142318249,0.059032903984189034,0.137920580804348,1.1232260949909687,0.4778916770592332,3.7724206298589706,0.7893540803656597,21305.952102661133,179.04161430807673
151,b,nbsp,0.15966386554621848,138,138.0,2.965255230665207,0.601806892873753,15.735603332519531,0.11402611110521399,108.49798774719238,0.7862173025158868,0.6272127479314804,0.0553816850297153,0.15194497630000114,1.1309714168310165,0.5035306811332703,3.9564924985170364,0.8029812855862329,27048.60025024414,196.00434963945028
152,a,nbsp,0.12213740458015267,131,131.0,2.819318413734436,0.5782983183710841,12.843897819519043,0.09804502152304613,102.98672580718994,0.7861582122686256,0.6508119031786919,0.05983014451339841,0.14363154396414757,1.1275552101433277,0.4830345315858722,3.895246744155884,0.7989926326916728,24774.120573043823,189.1154242217086
152,b,nbsp,0.12213740458015267,147,147.0,2.951141729950905,0.5913599029008889,15.46901547908783,0.105231397816924,115.38931655883789,0.7849613371349516,0.6317669712007046,0.054088793229311705,0.14379311725497246,1.1238771341741085,0.5066599175333977,4.040593817830086,0.8096680493260084,30071.31282043457,204.5667538805073
153,a,nbsp,0.06172839506172839,81,81.0,2.6703496128320694,0.6076642416018843,9.954659819602966,0.12289703480991317,64.9630479812622,0.8020129380402742,0.6470887046307325,0.05883245565928519,0.21182559803128242,1.119897447526455,0.48141738306730986,3.4776115268468857,0.7913646066764211,14069.885116577148,173.70228538984136
153,b,nbsp,0.06172839506172839,86,86.0,2.708783134818077,0.6081212250998926,10.37201851606369,0.12060486646585686,69.6361346244812,0.8097224956335024,0.6404607016593218,0.057995674666017294,0.1948990598320961,1.12294727191329,0.49565327633172274,3.5714445263147354,0.8017885200192248,15514.21387386322,180.39783574259556
154,a,nbsp,0.21333333333333335,75,75.0,2.6008185297250748,0.6023915900476751,8.496271789073944,0.11328362385431925,61.359660148620605,0.818128801981608,0.6422232184559107,0.06141364248469472,0.14946787059307098,1.1144616976380348,0.4714132007211447,3.349713444709778,0.7758477514292772,12167.59241104126,162.23456548055012
154,b,nbsp,0.21333333333333335,91,91.0,2.779244378209114,0.6161230191705003,10.81978166103363,0.11889869957179813,71.33081221580505,0.7838550792945611,0.6170417740941048,0.054577695205807686,0.17062081769108772,1.1314631812274456,0.48134494200348854,3.4643238931894302,0.7679964069340917,15313.021689414978,168.27496361994483
155,a,nbsp,0.13274336283185842,113,113.0,2.845867931842804,0.6019958676921009,13.546261429786682,0.1198784197326255,91.43805456161499,0.809186323554115,0.6377727836370468,0.06060287682339549,0.19908684492111206,1.1311613842844963,0.5021356400102377,3.800771266222,0.8039897321682536,22819.745542526245,201.94465081881634
155,b,nbsp,0.13274336283185842,128,128.0,2.9494812041521072,0.6078859866322077,15.602672636508942,0.1218958799727261,104.39110708236694,0.8155555240809917,0.6262631844729185,0.058435210259631276,0.197757288813591,1.1272847652435303,0.5270471088588238,3.984275445342064,0.8211563466472375,27496.37449645996,214.81542575359344
156,a,nbsp,0.27906976744186046,129,129.0,2.8580644726753235,0.5881018102900879,15.059159338474274,0.11673766929049825,99.33867835998535,0.7700672741084136,0.643213476985693,0.05484346696175635,0.18114209454506636,1.1285287290811539,0.4908866249024868,3.887018144130707,0.7998288453772651,26288.965572357178,203.7904307934665
156,b,nbsp,0.27906976744186046,165,165.0,3.0510623902082443,0.5975509150663626,19.582145929336548,0.11867967229900939,123.83661603927612,0.7505249456925825,0.6199568640440702,0.050317505141720176,0.1864052750170231,1.1691915094852448,0.5099513661116362,4.102526485919952,0.8034802774315396,34762.50528717041,210.6818502252752
157,a,nbsp,0.14285714285714285,140,140.0,2.948301762342453,0.5966238570506848,15.098734855651855,0.10784810611179896,111.47126340866089,0.7962233100618634,0.6250957790762186,0.05939132557250559,0.1786397434771061,1.1336436308920383,0.4879557825624943,3.859080031514168,0.7809306504772319,25255.79092979431,180.39850664138794
157,b,nbsp,0.14285714285714285,160,160.0,3.0362489223480225,0.598255159899018,17.005291402339935,0.10628307126462459,125.48769330978394,0.7842980831861496,0.6148567292839289,0.05503805703483522,0.17668285593390465,1.1496748104691505,0.5024607479572296,4.005774676799774,0.7892881746780563,30059.831968307495,187.87394980192184
158,a,nbsp,0.16535433070866143,127,127.0,2.9007856398820877,0.5988178383925189,14.101476669311523,0.11103524936465767,98.57939195632935,0.7762156846955066,0.6298145372420549,0.05869181244634092,0.16038238257169724,1.1371193081140518,0.47380821965634823,3.70135135948658,0.7640810095533497,20379.17444038391,160.46594047546387
158,b,nbsp,0.16535433070866143,148,148.0,3.0301905274391174,0.6063761876492486,16.797392785549164,0.11349589719965651,113.35507678985596,0.7659126810125403,0.6164857670664787,0.05351936793886125,0.16291093081235886,1.1414843387901783,0.49585278145968914,3.8796747624874115,0.7763678126815041,27078.199531555176,182.9608076456431
159,a,nbsp,0.14285714285714285,119,119.0,2.8691271990537643,0.6003459009145148,14.172292590141296,0.11909489571547308,91.22486686706543,0.7665955198913061,0.6330455355346203,0.04962481139227748,0.2139524295926094,1.0826829820871353,0.4747020350769162,3.692306727170944,0.7725907757966315,19735.331347465515,165.8431205669371
159,b,nbsp,0.14285714285714285,136,136.0,2.9624624252319336,0.6030267735340978,16.275135338306427,0.1196701127816649,103.57348823547363,0.7615697664373061,0.6195338871330023,0.047906990395858884,0.20723518822342157,1.1224709004163742,0.49061682913452387,3.8430517613887787,0.7822759487028331,23473.907907485962,172.60226402563205
160,a,nbsp,0.12121212121212122,132,132.0,2.958822265267372,0.6059681126077943,14.07785964012146,0.10665045181910197,104.3524718284607,0.79054902900349,0.6152205690741539,0.059507237281650305,0.16672777384519577,1.1269274353981018,0.48141379933804274,3.765461817383766,0.7711682507467432,21793.393970489502,165.10146947340533
160,b,nbsp,0.12121212121212122,148,148.0,3.0408472567796707,0.6085087225020309,15.90283203125,0.10745156777871623,114.36379623413086,0.7727283529333167,0.6033562626689672,0.05218148336280137,0.1610340178012848,1.1368002705276012,0.4921539481729269,3.8749682754278183,0.7754259901609154,25550.31916618347,172.63729166340187
161,a,nbsp,0.13636363636363635,132,132.0,2.960489124059677,0.60630948602796,14.426074206829071,0.1092884409608263,103.45639276504517,0.7837605512503422,0.6179799363017082,0.06208837777376175,0.15684638172388077,1.1081188842654228,0.4833018397912383,3.7616236060857773,0.7703821833700932,24168.203691482544,183.0924522082011
161,b,nbsp,0.13636363636363635,150,150.0,3.067888468503952,0.6122753480219703,17.011897146701813,0.11341264764467876,116.528329372406,0.7768555291493733,0.6068090964108706,0.0559825268574059,0.16136851906776428,1.1242506504058838,0.5026989905163646,3.924976885318756,0.7833291898022057,29004.53653717041,193.3635769144694
162,a,nbsp,0.152,125,125.0,2.830776557326317,0.5862867889997434,13.65360289812088,0.10922882318496703,100.19453239440918,0.8015562591552735,0.6455712858587503,0.05745793110691011,0.14796222373843193,1.1229553148150444,0.49031137861311436,3.879725381731987,0.8035363053892363,24243.80370616913,193.95042964935303
162,b,nbsp,0.152,144,144.0,2.925159230828285,0.588585336008064,15.320982813835144,0.10639571398496628,114.41513919830322,0.7945495777659947,0.6392357628792524,0.054254177724942565,0.14691578596830368,1.1390641257166862,0.5024948455393314,4.0238206833601,0.8096522828540444,28625.551496505737,198.7885520590676
163,a,nbsp,0.2777777777777778,144,144.0,2.8969518691301346,0.5829095973036428,15.367816805839539,0.10672095004055235,111.74339389801025,0.7759957909584045,0.6475996095687151,0.061187968822196126,0.14248910546302795,1.1140206009149551,0.49047747626900673,3.9436832070350647,0.7935274364072227,27428.07168197632,190.47272001372446
163,b,nbsp,0.2777777777777778,184,184.0,3.0760069340467453,0.5898456044369518,19.39130872488022,0.10538754741782727,137.54973125457764,0.7475528872531394,0.6313406825065613,0.05142235686071217,0.1431000828742981,1.1554126031696796,0.49928728863596916,4.105345472693443,0.7872283885191556,35130.928300857544,190.9289581568345
164,a,nbsp,0.21804511278195488,133,133.0,2.815225601196289,0.5756696561703298,13.883423745632172,0.1043866447040013,108.26754140853882,0.8140416647258557,0.649757906794548,0.06495491322129965,0.13402600586414337,1.1421152390539646,0.5081073753535748,3.9998974949121475,0.8179165515666577,24252.361167907715,182.34858020983245
164,b,nbsp,0.21804511278195488,162,162.0,2.999392092227936,0.589549935685087,17.269386947155,0.10660115399478395,126.64244222640991,0.7817434705333945,0.6289646532386541,0.058598828967660666,0.15242256969213486,1.1553658097982407,0.5143107622861862,4.099372699856758,0.8057582460833173,30329.621341705322,187.21988482534152
165,a,nbsp,0.14018691588785046,107,107.0,2.8386661261320114,0.6074834381257397,12.798694491386414,0.11961396720921882,84.97356462478638,0.7941454637830502,0.626743994653225,0.05518348142504692,0.22499002888798714,1.0948506742715836,0.46884068939834833,3.570029690861702,0.7639975306890958,17882.117707252502,167.12259539488318
165,b,nbsp,0.14018691588785046,122,122.0,2.9399999529123306,0.6119873176108399,14.889277815818787,0.1220432607853999,96.32214546203613,0.789525782475706,0.6128934919834137,0.05399356200359762,0.20723136141896248,1.1246604733169079,0.4919119831174612,3.7490983307361603,0.7804083903517389,22461.31512069702,184.10914033358213
166,a,nbsp,0.22413793103448276,116,116.0,2.898241937160492,0.6096953714232456,14.782619595527649,0.12743637582351422,85.4099063873291,0.7362922964424923,0.6327257584780455,0.0553111145272851,0.19110160693526268,1.121026236563921,0.47107026167213917,3.6245355904102325,0.7624838163776688,21763.74386024475,187.61848155383404
166,b,nbsp,0.22413793103448276,142,142.0,3.021112844347954,0.6096082065079658,17.747744143009186,0.12498411368316328,103.95481729507446,0.7320761781343272,0.6202043853700161,0.056053951382637024,0.17818496003746986,1.1446110978722572,0.4918746016919613,3.8433005958795547,0.7755114436418216,29015.29836845398,204.3330871017886
167,a,nbsp,0.10666666666666667,150,150.0,3.0500586479902267,0.6087169528350898,17.983193397521973,0.11988795598347982,109.88716745376587,0.7325811163584391,0.6032350715249777,0.05840652179904282,0.19247983023524284,1.1329945251345634,0.4859655760228634,3.8573455065488815,0.7698316241642593,26549.39285469055,176.99595236460365
167,b,nbsp,0.10666666666666667,166,166.0,3.13486011326313,0.613237011325287,20.15843689441681,0.1214363668338362,122.05760431289673,0.7352867729692574,0.5912464577704668,0.05833151610568166,0.19582399353384972,1.1383524164557457,0.5045670354738832,4.000878602266312,0.7826463536119981,32179.126468658447,193.8501594497497
168,a,nbsp,0.1125,160,160.0,3.1575149595737457,0.6221491272074335,19.619425296783447,0.12262140810489655,112.89286470413208,0.7055804044008255,0.5897581037133932,0.058603261481039226,0.2075062245130539,1.1583351716399193,0.4789907094091177,3.7643386125564575,0.7417161952674964,26726.583770751953,167.04114856719968
168,b,nbsp,0.1125,178,178.0,3.2536213248968124,0.6278960310322906,22.454766631126404,0.1261503743321708,126.88083171844482,0.7128136613395777,0.5745888967067003,0.05885808588936925,0.21110426262021065,1.171825286000967,0.5020766742527485,3.941922053694725,0.7607268839842853,32728.58937072754,183.86847961082887
169,a,nbsp,0.13533834586466165,133,133.0,2.986670896410942,0.6107275407342883,15.676171481609344,0.11786595098954394,102.7836217880249,0.772809186376127,0.6226913817226887,0.0601272180210799,0.21090243011713028,1.101852972060442,0.48389855958521366,3.794109731912613,0.7758361688365265,26068.68235206604,196.00513046666197
169,b,nbsp,0.13533834586466165,151,151.0,3.065062791109085,0.6109013032557602,17.695778608322144,0.11719058681008043,115.20793342590332,0.762966446529161,0.6145905219018459,0.054810639237985015,0.19732361659407616,1.153186909854412,0.4961608964949846,3.9387922883033752,0.7850453664956037,30544.09196472168,202.27875473325614
170,a,nbsp,0.18562874251497005,167,167.0,2.914640262722969,0.5694888211181041,16.442382037639618,0.09845737747089592,127.13471984863281,0.7612857475966037,0.6476785894483328,0.0567622606176883,0.10349814221262932,1.1547154895961285,0.48154719080775976,4.079312950372696,0.7970531227442835,30629.611976623535,183.41085015942235
170,b,nbsp,0.18562874251497005,198,198.0,3.062965542078018,0.5792002416481119,19.420507669448853,0.0980833720679235,145.1888666152954,0.7332771041176536,0.6293227057904005,0.05093046883121133,0.10485898703336716,1.1770587451756,0.4892816608771682,4.1689701825380325,0.7883433567821367,36899.439752578735,186.36080683120574
171,a,nbsp,0.0970873786407767,103,103.0,2.8289024233818054,0.6103706237335753,12.097986280918121,0.11745617748464196,84.17915534973145,0.817273352910014,0.6311139576137066,0.05555926379747689,0.2053624428808689,1.095417082309723,0.4941823612898588,3.6592097878456116,0.7895196886675673,19081.463272094727,185.25692497179344
171,b,nbsp,0.0970873786407767,113,113.0,2.9183915853500366,0.617337036279997,13.649433672428131,0.12079144842856754,91.57666635513306,0.8104129765940978,0.6170423422008753,0.05466443649493158,0.2173437476158142,1.1221241988241673,0.5095279328525066,3.769959643483162,0.7974720475778596,21672.670320510864,191.79354265938818
172,a,nbsp,0.12121212121212122,132,132.0,2.891019970178604,0.5920821724931369,13.193427085876465,0.09995020519603383,105.236252784729,0.79724433927825,0.6248327810317278,0.06157997436821461,0.1391736902296543,1.0886806175112724,0.49047111347317696,3.851060524582863,0.7886989039569713,25148.36563873291,190.51792150555232
172,b,nbsp,0.12121212121212122,148,148.0,2.9978921711444855,0.5999129128221612,15.195063471794128,0.10266934778239276,117.04807949066162,0.7908654019639298,0.610688716173172,0.056804632768034935,0.14248106628656387,1.1217989586293697,0.5049466416239738,3.9681799709796906,0.794078729017186,29299.901777267456,197.9723093058612
173,a,nbsp,0.2413793103448276,145,145.0,2.921344518661499,0.587000364066216,13.853210866451263,0.09553938528587079,111.76884317398071,0.7708196080964187,0.6264569945633411,0.05899993935599923,0.09472663700580597,1.1369174607098103,0.4906095080077648,3.920997753739357,0.7878656879546604,25926.93678855896,178.80646061075143
173,b,nbsp,0.2413793103448276,180,180.0,3.0937171280384064,0.5957525195896942,17.513054072856903,0.09729474484920501,132.73142337799072,0.7373967965443928,0.6075114216655493,0.051636547897942364,0.08852241188287735,1.1816996932029724,0.49719650857150555,4.048630401492119,0.779638752591999,34137.2374458313,189.6513191435072
174,a,nbsp,0.24358974358974358,156,156.0,3.0493173003196716,0.6038424255943324,18.41516751050949,0.11804594558018905,111.69861841201782,0.7160167846924219,0.5998717378824949,0.05616967927198857,0.16829000413417816,1.1127275712788105,0.48100739996880293,3.836518868803978,0.7597283691448427,26042.570083618164,166.93955181806515
174,b,nbsp,0.24358974358974358,194,194.0,3.204670250415802,0.6083440657759891,22.56068205833435,0.11629217555842448,136.44011640548706,0.7032995691004488,0.5868928357958794,0.052779583260416985,0.1580645591020584,1.1533458195626736,0.4976929537951946,4.03515462577343,0.7659953066183005,34947.06079673767,180.1394886429777
175,a,nbsp,0.23353293413173654,167,167.0,3.0120833218097687,0.5885281288348101,16.76090669631958,0.10036471075640467,123.00796318054199,0.7365746298236047,0.605095436796546,0.0540034684818238,0.09789669513702393,1.1579004414379597,0.4782319441437721,3.957469180226326,0.7732461830307644,30889.117126464844,184.9647732123643
175,b,nbsp,0.23353293413173654,206,206.0,3.1509761065244675,0.5914131647771246,20.216928362846375,0.09814042894585619,147.74688243865967,0.7172178759158236,0.5928317494690418,0.04993589210789651,0.08730379492044449,1.1698903888463974,0.4922974221408367,4.127200692892075,0.7746427586040756,40854.41781616211,198.32241658331122
176,a,nbsp,0.29545454545454547,88,88.0,2.6114408746361732,0.5832576334645293,9.207749128341675,0.10463351282206448,71.70087337493896,0.8147826519879428,0.6549904029816389,0.0574192872736603,0.17483441159129143,1.0813180729746819,0.469187892973423,3.5490605235099792,0.7926722224768766,15355.989783287048,174.4998839009892
176,b,nbsp,0.29545454545454547,114,114.0,2.8154397755861282,0.5944513951987216,12.193326473236084,0.10695900415119372,90.18076753616333,0.79105936435231,0.6367588546127081,0.05106474622152746,0.16593698412179947,1.1358304731547832,0.49138243589550257,3.7801803946495056,0.7981465379540702,21223.141778945923,186.1679103416309
177,a,nbsp,0.14615384615384616,130,130.0,2.8533279597759247,0.586195740126475,13.288634061813354,0.10222026201394888,103.04812955856323,0.7926779196812557,0.639420548453927,0.05569875426590443,0.11374150216579437,1.116351518779993,0.4859030172228813,3.8365817070007324,0.7881981619342506,23980.515769958496,184.46550592275767
177,b,nbsp,0.14615384615384616,149,149.0,2.988368034362793,0.5972022583080381,15.918271541595459,0.10683403719191584,117.60147285461426,0.7892716298967399,0.6225593406707048,0.05383166158571839,0.11563856527209282,1.1258470602333546,0.5056834910064936,3.9843170642852783,0.7962349754935012,29481.859579086304,197.86482938984096
