dict_tag,layer,width,l0,fid,kpn,kl,flip,dtop,adtop,n,align
L12_131k_l067,12,131k,67,330,5.5350633684100705e-06,4.3391581129981205e-05,0.0,-2.9206275939941406e-05,0.00014761090278624824,4,0.04090115
L12_131k_l067,12,131k,67,696,0.0014194974735337999,0.007376571418717451,0.0,-0.0191702917218208,0.0191702917218208,2,0.04196302
L12_131k_l067,12,131k,67,1143,7.655905951211032e-05,0.0008992891234811001,0.0,-0.00107842683792115,0.0038360655307769003,4,0.03377652
L12_131k_l067,12,131k,67,2030,0.00014310963445025,0.0017650406807660501,0.0,0.0042133033275604,0.0092581510543823,4,0.037287615
L12_131k_l067,12,131k,67,2192,0.00012247462341059986,0.0010274784144712,0.0,-0.00309241563081735,0.00309241563081735,2,0.04661306
L12_131k_l067,12,131k,67,2223,6.912708226603417e-06,7.066996840873749e-05,0.0,-0.0005148202180862,0.00056891143321985,4,0.041796524
L12_131k_l067,12,131k,67,2241,1.5145861416552526e-05,4.931320654577576e-05,0.0,-0.0006935000419616,0.0006935000419616,1,0.035788707
L12_131k_l067,12,131k,67,2956,0.00039034920269325,0.0015030544018372,0.0,0.0009442679584026499,0.0089820139110088,4,0.03571501
L12_131k_l067,12,131k,67,3492,0.00035313824940565,0.0048286071978509,0.0,-0.0029366835951805,0.0132164061069488,4,0.03802342
L12_131k_l067,12,131k,67,3832,0.00038158352041975005,0.00143240566831075,0.0,-0.0018413662910461502,0.00384393334388725,4,0.04099216
L12_131k_l067,12,131k,67,3842,5.30069775638694e-05,0.00016129980213,0.0,0.0005959868431091,0.0005959868431091,1,0.039489854
L12_131k_l067,12,131k,67,4482,0.0017640860907874498,0.025709300301969,0.25,-0.0067889690399169,0.0373266786336898,4,0.04387879
L12_131k_l067,12,131k,67,5379,4.478114465730247e-05,0.0001392413396388,0.0,-0.0023245215415954,0.0023245215415954,1,0.041791465
L12_131k_l067,12,131k,67,5431,0.0005488519149286,0.0021030209027230002,0.0,0.0138693414628506,0.01781017333269115,4,0.034788746
L12_131k_l067,12,131k,67,5544,0.0002806811432612,0.0013675019145011,0.0,-0.0095434635877609,0.0095434635877609,2,0.042500213
L12_131k_l067,12,131k,67,5760,0.00015807137096145,0.0011333875590935,0.0,-0.0046413913369178494,0.00902377068996425,4,0.034207508
L12_131k_l067,12,131k,67,6484,0.0002149036771679,0.0026924847625195503,0.0,0.01011689007282255,0.01011689007282255,4,0.04218002
L12_131k_l067,12,131k,67,6502,5.5930277068392e-05,0.00026138603425349995,0.0,-0.002319261431694,0.0028508454561233,4,0.033395596
L12_131k_l067,12,131k,67,6664,0.0003845554308462,0.0026228353381156,0.0,-0.0234400629997253,0.0234400629997253,3,0.04373902
L12_131k_l067,12,131k,67,6951,0.0001736267588537,0.0010242345160804,0.0,0.0099478363990783,0.0099478363990783,4,0.035031065
L12_131k_l067,12,131k,67,7849,0.0004837109353545,0.00205582770286125,0.0,0.0088122338056564,0.0088122338056564,4,0.039849374
L12_131k_l067,12,131k,67,8216,0.0009824825210495,0.0042983591556549,0.0,-0.0186221599578857,0.0210148096084594,3,0.041389737
L12_131k_l067,12,131k,67,8832,0.0003450802244146,0.0013075158931314,0.0,-0.0031938552856445,0.0031938552856445,1,0.040159646
L12_131k_l067,12,131k,67,8901,0.00021881537674023598,0.0007808707596268,0.0,-0.00181573629379265,0.00181573629379265,2,0.03316436
L12_131k_l067,12,131k,67,9706,0.00011774123930512945,0.0015733325271866999,0.0,0.0009539723396300501,0.0028498321771621,4,0.035708588
L12_131k_l067,12,131k,67,9955,0.00039121303897314997,0.0013745074975304,0.0,0.0035777539014816176,0.0040480345487594,4,0.03357262
L12_131k_l067,12,131k,67,10322,0.00012940306329865,0.00098075397545465,0.0,0.00663194060325615,0.0073967576026916,4,0.035124786
L12_131k_l067,12,131k,67,10516,0.000182425970225,0.0017358623445033498,0.0,0.0023760721087455,0.0051866248250007005,4,0.037250172
L12_131k_l067,12,131k,67,10629,0.0005168381639106999,0.0141410720534622,0.0,-0.0029748380184173497,0.0240273177623748,4,0.036468
L12_131k_l067,12,131k,67,10927,6.832319363432204e-05,0.00031441714963869997,0.0,0.00313147902488705,0.00313147902488705,4,0.033535365
L12_131k_l067,12,131k,67,10942,0.00010738831411190007,0.00049322014092465,0.0,0.00032530725002285,0.00032530725002285,4,0.035541818
L12_131k_l067,12,131k,67,11164,0.00013272094969813848,0.00092511603725135,0.0,0.006719768047332735,0.0111392736434936,4,0.033091176
L12_131k_l067,12,131k,67,11852,0.00040175216253424996,0.0037828147178515497,0.0,-0.00623324140906335,0.01218962669372555,4,0.04189829
L12_131k_l067,12,131k,67,12058,0.0001375061535682,0.0005989021155983,0.0,-0.0015581250190734,0.0087953805923461,3,0.034526538
L12_131k_l067,12,131k,67,12133,0.000170973564714,0.00184520316543055,0.0,0.0031965598464012,0.010672777891159,4,0.032877073
L12_131k_l067,12,131k,67,13846,3.7369473563178974e-06,1.3984221368446017e-05,0.0,0.0001295804977416,0.0001295804977416,1,0.035290666
L12_131k_l067,12,131k,67,15088,0.000279889491597547,0.0010327145027985939,0.0,-0.01485726237297055,0.01485726237297055,2,0.034463715
L12_131k_l067,12,131k,67,15660,5.176880035543053e-05,0.00027219930780115,0.0,-0.0009168833494186,0.0009168833494186,4,0.038783874
L12_131k_l067,12,131k,67,16270,0.0001929823837346,0.0015297240461222,0.0,0.0074065178632735495,0.0074065178632735495,4,0.034843616
L12_131k_l067,12,131k,67,16372,0.0002947680144447,0.0038165611913427,0.0,-0.0044221580028534,0.00664333999156945,4,0.037405837
L12_131k_l067,12,131k,67,16481,0.00073547494530595,0.00253974134102455,0.0,-0.0086437910795212,0.012425169348716701,2,0.043667737
L12_131k_l067,12,131k,67,17292,0.00015180467641541238,0.00087474787142125,0.0,-0.0023653209209442065,0.0028078258037567,4,0.037186146
L12_131k_l067,12,131k,67,17606,7.749718926708941e-05,0.0002391526650171,0.0,-0.0012273490428924,0.0012273490428924,1,0.033499397
L12_131k_l067,12,131k,67,18267,0.0001399727994645756,0.0009073307010111841,0.0,0.0071913450956344,0.00753898918628685,4,0.034368966
L12_131k_l067,12,131k,67,18460,0.00041088501931025,0.0014661148888990001,0.0,0.0045919306576252,0.0049449987709522004,2,0.03652332
L12_131k_l067,12,131k,67,19074,8.16148059283937e-05,0.0002658828161656,0.0,0.0017594993114471,0.0017594993114471,1,0.035505272
L12_131k_l067,12,131k,67,19438,1.2876738504243505e-05,5.844877523486503e-05,0.0,-0.0002763271331787,0.0002763271331787,3,0.038323935
L12_131k_l067,12,131k,67,19442,0.0002683661267565,0.000852265395224,0.0,-0.0032597184181213,0.0032597184181213,1,0.034937512
L12_131k_l067,12,131k,67,19545,0.0001896057932642,0.0007643640856258,0.0,-0.0032550692558288,0.0032550692558288,1,0.042088944
L12_131k_l067,12,131k,67,19630,0.00011257932620660729,0.00046386572648765,0.0,-0.0041517317295074,0.0041517317295074,2,0.034875743
L12_131k_l067,12,131k,67,22875,1.2974986788372668e-05,4.4196283852215856e-05,0.0,6.306171417236328e-05,6.306171417236328e-05,1,0.03610298
L12_131k_l067,12,131k,67,22927,0.00030666939610184997,0.0033117647981270497,0.0,-0.0136205852031707,0.017151355743408148,4,0.040711075
L12_131k_l067,12,131k,67,24027,0.0010779211057293,0.015229983255267102,0.0,0.0019141882658004002,0.012522146105766251,4,0.0382888
L12_131k_l067,12,131k,67,24193,0.00024500974947932905,0.003898474300513,0.0,0.00033706426620474996,0.0024815201759337503,4,0.037015785
L12_131k_l067,12,131k,67,25624,4.521934351189447e-05,0.0003251513353461594,0.0,-0.00017432868480681807,0.00059121847152705,4,0.032678753
L12_131k_l067,12,131k,67,25980,0.00010287206408093316,0.0007561148668173,0.0,-0.0018827021121979003,0.00435201823711395,4,0.033668097
L12_131k_l067,12,131k,67,26130,0.000459961550889,0.0022132371086626998,0.0,0.0087479054927826,0.0205069184303283,4,0.034753464
L12_131k_l067,12,131k,67,27579,8.885677469164816e-05,0.0005306572129483501,0.0,0.0008785575628280501,0.00284439325332635,4,0.035066225
L12_131k_l067,12,131k,67,28759,2.9140197489421093e-05,0.00022004701895635001,0.0,-0.0002498924732208,0.0003595948219299,4,0.034918778
L12_131k_l067,12,131k,67,29740,0.00029708617695835,0.0018207943066954001,0.0,0.00195034034550185,0.00328452885150905,4,0.03958865
L12_131k_l067,12,131k,67,29769,0.00010358812627377963,0.00045953463995824996,0.0,0.00205674767494195,0.0039562284946441,4,0.034696277
L12_131k_l067,12,131k,67,29822,0.00014220631320653872,0.00053153641056265,0.0,-0.0006005764007567999,0.0010919868946075001,4,0.03343169
L12_131k_l067,12,131k,67,30228,2.3312315405375784e-05,0.0003710061428137,0.0,0.0035967528820037504,0.0035967528820037504,4,0.037312783
L12_131k_l067,12,131k,67,30298,8.490815242892479e-06,3.3830132451839745e-05,0.0,0.0001055002212524,0.0001055002212524,1,0.0360469
L12_131k_l067,12,131k,67,30315,4.939653388864927e-05,0.0001854309230111,0.0,-0.000479519367218,0.000479519367218,1,0.033424
L12_131k_l067,12,131k,67,30499,0.0005996238317181001,0.0103701520711183,0.0,0.023680061101913404,0.023680061101913404,4,0.033662695
L12_131k_l067,12,131k,67,30588,0.0007441183482592,0.0117027033120393,0.0,-0.005255788564682,0.005255788564682,1,0.041062195
L12_131k_l067,12,131k,67,31440,0.0005467596439135,0.0111038507893681,0.25,0.02052631974220275,0.026121377944946247,4,0.032579854
L12_131k_l067,12,131k,67,31838,9.768742354979008e-05,0.0005372869782149,0.0,0.0072025060653686,0.0072025060653686,1,0.0378072
L12_131k_l067,12,131k,67,33425,7.042465652533384e-05,0.0006011394434608001,0.0,0.0039092451333999,0.0039649754762649,4,0.03407374
L12_131k_l067,12,131k,67,33747,0.02072233324128501,0.424805266506155,0.5,0.18160147964954376,0.18194128572940826,2,0.04178639
L12_131k_l067,12,131k,67,34071,0.00019696300380905,0.0010379786835983,0.0,-0.00939530134201045,0.011068314313888501,4,0.03170379
L12_131k_l067,12,131k,67,34654,0.00010674931372328794,0.00065952306613325,0.0,0.0089640617370605,0.0089640617370605,4,0.04290831
L12_131k_l067,12,131k,67,34984,0.0002218459227572,0.0011725141666829,0.0,-0.0056822746992111,0.0056822746992111,1,0.03413723
L12_131k_l067,12,131k,67,35197,0.000918368171693,0.01286380365490905,0.0,-0.0062154401093721,0.007213370874524099,4,0.045174263
L12_131k_l067,12,131k,67,35308,9.504350314077726e-05,0.0007629523170180001,0.0,0.0066626667976378996,0.0066626667976378996,4,0.032556403
L12_131k_l067,12,131k,67,35792,0.000218723639298,0.00111053825821725,0.0,-0.00699023902416225,0.00699023902416225,4,0.034404196
L12_131k_l067,12,131k,67,36258,0.0003154042543355,0.0013256929814815,0.0,-0.0155456066131591,0.0155456066131591,1,0.03941236
L12_131k_l067,12,131k,67,36911,0.00014533090111016914,0.0009395372762810001,0.0,-0.002071850001812,0.0048165544867515495,4,0.037068438
L12_131k_l067,12,131k,67,37847,0.00069687609186845,0.008236115332692799,0.0,0.0041492581367493,0.010549016296863549,4,0.039130833
L12_131k_l067,12,131k,67,37869,0.00011959962520590001,0.00068230432225385,0.0,-0.0003911778330802,0.0027056708931921998,4,0.0353432
L12_131k_l067,12,131k,67,39094,0.0005160847605403,0.0025885105133056,0.0,-0.0061596930027008,0.0117290019989013,3,0.03935066
L12_131k_l067,12,131k,67,39160,0.00017967203356824998,0.0007201741682365,0.0,-0.00093096494674675,0.00180996954441065,4,0.033014078
L12_131k_l067,12,131k,67,40260,0.00021948946594279998,0.00109194836113595,0.0,0.00013674795627595002,0.00192520022392265,4,0.034014113
L12_131k_l067,12,131k,67,40605,0.0001336642999646,0.0012217679759487,0.0,0.0161155462265014,0.0161155462265014,1,0.03609743
L12_131k_l067,12,131k,67,40737,0.00020009845172698607,0.00133276122505775,0.0,-0.0030630230903625003,0.0030630230903625003,4,0.045628056
L12_131k_l067,12,131k,67,41454,0.0013848656734218,0.021010847762227,0.0,-0.0038367807865142,0.0038367807865142,1,0.039299525
L12_131k_l067,12,131k,67,42206,0.00285302582446255,0.1233524419367313,0.25,0.03517684340476985,0.05894951522350305,4,0.051240742
L12_131k_l067,12,131k,67,42929,0.0002089525908918,0.0025623221881687,0.0,0.013340622186660699,0.013340622186660699,2,0.040445164
L12_131k_l067,12,131k,67,43019,0.0004013492791155,0.0018139012390746998,0.0,-0.00537721067667005,0.00537721067667005,4,0.036773533
L12_131k_l067,12,131k,67,44093,0.00027824563108335,0.0024579634191468002,0.0,0.0076873153448104,0.01159786432981485,4,0.043232866
L12_131k_l067,12,131k,67,44296,0.0002104421184745554,0.00081976951332755,0.0,0.0006940364837646016,0.0033204853534698,4,0.03532868
L12_131k_l067,12,131k,67,45256,0.0004862997398262,0.0023783228825777,0.0,0.0064369589090347,0.0064369589090347,1,0.04193479
L12_131k_l067,12,131k,67,45853,0.005234817610080799,0.22482080757617945,0.75,0.009098306298255851,0.009098306298255851,4,0.04830635
L12_131k_l067,12,131k,67,46827,0.00015146423458373517,0.0010421874467283,0.0,-0.00024533271789550315,0.0019538104534149,4,0.032369018
L12_131k_l067,12,131k,67,47272,0.0004571361466757,0.0028499346226453,0.0,0.0150272548198699,0.0150272548198699,1,0.04416159
L12_131k_l067,12,131k,67,47818,0.00012249114874352614,0.0019433827255852,0.0,-0.0025037229061125998,0.0025037229061125998,4,0.035157077
L12_131k_l067,12,131k,67,48158,0.00026887349206905,0.001095988380257,0.0,-0.0031176004558801,0.0031176004558801,4,0.03498216
L12_131k_l067,12,131k,67,48526,0.0002116512667224,0.00247972505167125,0.0,0.00034754723310469996,0.00837251543998715,4,0.03316142
L12_131k_l067,12,131k,67,49112,0.00021727142335884998,0.0023590475320815502,0.0,0.0029661655426025204,0.01709926128387445,4,0.036059376
L12_131k_l067,12,131k,67,49369,0.0002634682320518,0.0015653807204216,0.0,0.0003564804792404,0.0005008950829505,3,0.03287659
L12_131k_l067,12,131k,67,49657,8.097007778944742e-05,0.0006556445005116,0.0,-0.00140511244535445,0.00140511244535445,2,0.04177865
L12_131k_l067,12,131k,67,50159,0.00015118056659344935,0.0027051979232055458,0.0,0.0041389465332031,0.0041389465332031,2,0.03696212
L12_131k_l067,12,131k,67,50319,0.0001110621416435,0.002325355540961,0.0,0.0024314522743225,0.0024314522743225,1,0.048400264
L12_131k_l067,12,131k,67,50851,0.00040722583843369995,0.00506280036643145,0.0,0.0054703652858734,0.0163568258285522,4,0.034812134
L12_131k_l067,12,131k,67,51236,0.0005408946394582,0.0019396196585148,0.0,-0.0281919836997985,0.0281919836997985,1,0.03436769
L12_131k_l067,12,131k,67,51490,0.00018378559176690003,0.00126193312462415,0.0,0.0004446506500244001,0.0028286129236221,4,0.03401573
L12_131k_l067,12,131k,67,52419,0.0002765037843878,0.0019624596461653003,0.0,0.00468412786722175,0.00468412786722175,4,0.03235314
L12_131k_l067,12,131k,67,52670,5.591454144371626e-05,0.00031476042931895,0.0,0.00226226449012755,0.0035884082317351497,4,0.032985512
L12_131k_l067,12,131k,67,52932,6.0874856970896014e-05,0.0002356537152081,0.0,-0.0002685189247131,0.0002685189247131,1,0.034577217
L12_131k_l067,12,131k,67,53349,0.0002950478658123,0.0012459770077839,0.0,0.0011928528547286998,0.007563903927803,4,0.03393952
L12_131k_l067,12,131k,67,53354,0.00015448545949294998,0.00088410629541605,0.0,0.0045891031622886,0.0045891031622886,4,0.034307014
L12_131k_l067,12,131k,67,53646,7.475595333974329e-05,0.0003555029106792,0.0,-0.0021362751722335577,0.0028791576623916,4,0.03499715
L12_131k_l067,12,131k,67,54167,0.000294604523728,0.0035075542982667,0.0,-0.0101024210453033,0.01888912916183465,4,0.037654288
L12_131k_l067,12,131k,67,54276,0.00014064128544885,0.000603175983997,0.0,0.00177202373743055,0.0033361986279487,4,0.03335412
L12_131k_l067,12,131k,67,54486,0.0006124886769301,0.0018685607938095,0.0,0.0046448707580566,0.0066518187522888,3,0.034685977
L12_131k_l067,12,131k,67,54954,0.00025676332456204154,0.0010458321194164,0.0,0.001600868999958,0.001600868999958,4,0.032190017
L12_131k_l067,12,131k,67,55139,0.0003386828347473,0.002561317407526,0.25,0.00109973363578315,0.0028371196240185997,4,0.035314016
L12_131k_l067,12,131k,67,55198,0.0004709931656371,0.00180026056477795,0.0,0.024517446756362853,0.024517446756362853,4,0.039799765
L12_131k_l067,12,131k,67,55559,0.0005036126892764,0.0053980788215994,0.0,-0.0293353796005249,0.0293353796005249,1,0.04204925
L12_131k_l067,12,131k,67,55767,0.0002427149719541,0.0007224507862702,0.0,0.0104238390922546,0.0104238390922546,1,0.03448745
L12_131k_l067,12,131k,67,56270,0.0001519341589477,0.0013174577616155,0.0,0.00334543362259855,0.00334543362259855,4,0.033542424
L12_131k_l067,12,131k,67,57524,0.00010674364375604117,0.0006058629660401,0.0,0.0004374906420707,0.0004374906420707,4,0.032074682
L12_131k_l067,12,131k,67,57915,0.00054088240198485,0.0026451966259628,0.25,-0.0124444663524627,0.0124444663524627,4,0.035438895
L12_131k_l067,12,131k,67,58792,1.7033650242325863e-05,5.94843877479434e-05,0.0,0.0012288689613342,0.0012288689613342,3,0.034801796
L12_131k_l067,12,131k,67,59221,6.385752867939817e-05,0.00037350869388315,0.0,6.63734972477e-05,0.00038166344165795,4,0.036135018
L12_131k_l067,12,131k,67,59503,0.00013382824075306045,0.0008683727355673499,0.0,-0.0009912997484207,0.0017045885324477499,4,0.033857863
L12_131k_l067,12,131k,67,60084,8.704524227566305e-05,0.00159816065570335,0.0,-0.00121725350618355,0.0060590803623198995,4,0.033033494
L12_131k_l067,12,131k,67,61908,0.0001813697288341,0.0019879774190485,0.0,-0.025217205286026,0.025217205286026,1,0.04228203
L12_131k_l067,12,131k,67,62665,1.718357658985076e-05,0.00011750256817321116,0.0,-0.00027006864547727714,0.00027006864547727714,4,0.032586683
L12_131k_l067,12,131k,67,62708,1.1093536593726159e-05,0.00012738785335385656,0.0,0.00011777877807614766,0.00054061412811275,4,0.032451246
L12_131k_l067,12,131k,67,63325,0.0003882025926001,0.0019119995995424501,0.25,0.01978669688105575,0.01978669688105575,4,0.03361067
L12_131k_l067,12,131k,67,64342,0.00014004791975055,0.0014916640357114,0.0,0.005514383316039999,0.01556104421615595,4,0.037747264
L12_131k_l067,12,131k,67,64724,0.0001826493544882,0.0010631383047438499,0.0,0.00075306743383405,0.00129359215497965,4,0.033540912
L12_131k_l067,12,131k,67,64976,0.0003376546695452,0.0066264187917113,0.0,-0.014721006155014,0.014721006155014,1,0.03908393
L12_131k_l067,12,131k,67,65284,0.0004976650765861,0.0027333083562552,0.0,0.0140121728181838,0.0140121728181838,1,0.03640706
L12_131k_l067,12,131k,67,65592,4.267940236271112e-05,0.00014044742420078402,0.0,-3.12030315399e-05,0.00043484568595879996,2,0.035006154
L12_131k_l067,12,131k,67,65597,7.519739004356757e-05,0.00033647521092913444,0.0,-0.0050254762172699,0.0051346123218536,2,0.033682186
L12_131k_l067,12,131k,67,65777,9.249143243934652e-05,0.0003938025329262,0.0,-0.0048928260803222,0.0048928260803222,3,0.036526434
L12_131k_l067,12,131k,67,66616,0.0004142146144847,0.0014254993293434,0.0,0.0059833079576492,0.0059833079576492,1,0.03539138
L12_131k_l067,12,131k,67,66643,0.00026429322988124997,0.00142467662226405,0.0,0.00550995022058485,0.0066013261675834,4,0.03469672
L12_131k_l067,12,131k,67,67063,0.00043674278485655,0.00374514725990585,0.0,-0.00644311308860775,0.0076769888401031,4,0.03500697
L12_131k_l067,12,131k,67,67531,0.0002936973948879,0.0022015578579157,0.0,-0.0105683803558349,0.0105683803558349,3,0.040108994
L12_131k_l067,12,131k,67,68491,0.0001081261389361,0.0003771707997657,0.0,-0.0018695592880249,0.0039522051811218,3,0.033530414
L12_131k_l067,12,131k,67,68493,0.0003180679491387,0.00154698221012945,0.0,-0.0013006143271923499,0.0027178712189197497,4,0.03376707
L12_131k_l067,12,131k,67,69081,0.00010974992590056256,0.00141103670466685,0.25,0.011934012174606249,0.011934012174606249,4,0.034773204
L12_131k_l067,12,131k,67,69251,0.00015437034770905174,0.0009325149148935,0.25,0.0040569305419922,0.005084216594696,4,0.03577132
L12_131k_l067,12,131k,67,70502,0.0001045518700334,0.0012023436138406,0.0,0.0027815327048301,0.0027815327048301,1,0.03564808
L12_131k_l067,12,131k,67,70606,0.00030546592488395,0.0014816981274634001,0.0,-0.0008566640317439998,0.0036174170672892995,4,0.033992037
L12_131k_l067,12,131k,67,70863,0.0003687927643401,0.00409352267161005,0.0,0.00886676460504535,0.01059617847204205,4,0.037539847
L12_131k_l067,12,131k,67,72188,0.0001518734183642,0.0006674112519249,0.0,0.00145123898983,0.0014571547508239,3,0.03416465
L12_131k_l067,12,131k,67,72304,0.00027492524997695003,0.0019311162177472999,0.0,-0.00367643684148785,0.00460771098732945,4,0.035729084
L12_131k_l067,12,131k,67,72479,0.00042641224282275,0.0029844115488231,0.0,0.01305841654539105,0.01305841654539105,2,0.036349393
L12_131k_l067,12,131k,67,72979,0.0001958053726724,0.0009331332985311,0.0,-0.0113168954849243,0.0113168954849243,3,0.03554499
L12_131k_l067,12,131k,67,73432,0.0011997330813853001,0.0049387253820896,0.0,0.0006798338145018,0.0024574119597673,2,0.034499764
L12_131k_l067,12,131k,67,73627,0.00095990608761845,0.00762111262883985,0.0,-0.01182477176189415,0.01283024251461025,4,0.035169397
L12_131k_l067,12,131k,67,74463,5.724858008437966e-07,1.8024720702669583e-06,0.0,1.0669231414794922e-05,1.0669231414794922e-05,1,0.042596336
L12_131k_l067,12,131k,67,74601,0.00013828015819230134,0.0004776097812282296,0.0,0.00730255246162415,0.00751474499702445,2,0.0353226
L12_131k_l067,12,131k,67,74906,0.00012551890736516746,0.00085563433822235,0.0,-0.0008422136306762499,0.0026311576366423997,4,0.031261053
L12_131k_l067,12,131k,67,75529,0.0007597117330480499,0.012651586905121751,0.0,0.010036826133728052,0.034681022167205755,2,0.03622168
L12_131k_l067,12,131k,67,75788,0.00032062271613085,0.0015416548121720002,0.0,-0.01603916287422175,0.01603916287422175,4,0.037841883
L12_131k_l067,12,131k,67,76699,0.007783244949881099,0.19220799207687375,0.0,0.18812002241611475,0.18812002241611475,4,0.03537721
L12_131k_l067,12,131k,67,77534,1.0995796380033658e-05,5.27883239556104e-05,0.0,0.0005195140838623,0.0005195140838623,1,0.032650366
L12_131k_l067,12,131k,67,77719,2.2924325519190554e-05,0.0001131884637288,0.0,0.0009751915931701,0.0009751915931701,1,0.033409324
L12_131k_l067,12,131k,67,77792,0.0021695046903122,0.05277627706527705,0.0,0.04731559008359905,0.1020829677581787,4,0.04481838
L12_131k_l067,12,131k,67,78933,1.2851666808309463e-05,3.925833152607083e-05,0.0,-0.0008476376533508,0.0008476376533508,1,0.034607932
L12_131k_l067,12,131k,67,79115,0.0006500694795182,0.0043575521558523,0.0,0.0141441822052001,0.0141441822052001,1,0.038361568
L12_131k_l067,12,131k,67,80248,0.00024667893365225,0.001546865561977,0.0,0.0032202452421188,0.00568877160549155,4,0.039518435
L12_131k_l067,12,131k,67,80361,0.0001191842669442,0.0006438926793634,0.0,0.0030695497989654,0.0030695497989654,3,0.038189165
L12_131k_l067,12,131k,67,81010,0.000366015431623,0.0033138570142909,0.25,0.00833550468087195,0.0193658731877803,4,0.03796022
L12_131k_l067,12,131k,67,81317,0.00017016828031175243,0.0010302542941644,0.0,-0.004926875233650201,0.004926875233650201,4,0.034270253
L12_131k_l067,12,131k,67,81360,6.229354208832138e-05,0.00024385636788790003,0.0,-6.721168756485e-05,0.0009361580014227999,4,0.03332526
L12_131k_l067,12,131k,67,81731,9.720071465477932e-05,0.0004146200371906,0.0,0.0052711963653564,0.0052711963653564,1,0.042934176
L12_131k_l067,12,131k,67,81991,0.00022708986390035,0.002255347702885,0.25,0.007409192621707901,0.007409192621707901,4,0.04127952
L12_131k_l067,12,131k,67,82127,0.0001373599442134,0.0007147025316953,0.0,-0.0022616386413574,0.0022616386413574,3,0.04352589
L12_131k_l067,12,131k,67,82368,0.00034043989085689997,0.00398955855052915,0.0,0.014155358076095501,0.014155358076095501,2,0.051529326
L12_131k_l067,12,131k,67,82973,0.00029295594506875,0.00170056178467345,0.0,0.00414067506790155,0.00670880079269405,4,0.0370514
L12_131k_l067,12,131k,67,83115,7.411531569197575e-05,0.00034157733898605,0.0,-0.00039848685264579997,0.00135090947151175,4,0.03588334
L12_131k_l067,12,131k,67,83358,0.00025476818969055,0.0017224079347215502,0.25,0.0024245381355285497,0.005625925958156549,4,0.047162056
L12_131k_l067,12,131k,67,84320,4.126278448122888e-05,0.0002602402310003,0.0,0.0017536282539367,0.00225344300270075,4,0.03499972
L12_131k_l067,12,131k,67,84518,0.00021891465175066362,0.00076985641499045,0.0,0.0028758943080901996,0.0028758943080901996,4,0.034663163
L12_131k_l067,12,131k,67,84746,2.0293233916469294e-05,7.036507304292172e-05,0.0,-0.00049473345279695,0.0008242130279540501,4,0.03504395
L12_131k_l067,12,131k,67,84983,0.00043856942736095,0.01051600440405305,0.0,-0.0178841426968574,0.0178841426968574,4,0.034164213
L12_131k_l067,12,131k,67,85822,0.0001693112549823041,0.0014237713185138502,0.0,-0.0063327401876449,0.0063327401876449,4,0.032600954
L12_131k_l067,12,131k,67,87213,0.00015152428316275002,0.0011399440700187499,0.0,-0.0018878430128097,0.0018878430128097,4,0.031484284
L12_131k_l067,12,131k,67,87284,0.000174941185151,0.0012447871849871998,0.0,0.00339792668819425,0.00361653417348855,4,0.036061246
L12_131k_l067,12,131k,67,87288,0.00230344365990865,0.1257287604967132,0.0,-0.006521604955196349,0.01941037923097605,4,0.042202637
L12_131k_l067,12,131k,67,87480,9.065900857630813e-05,0.0004729580832645,0.0,0.0005730465054511999,0.00223477184772485,4,0.034498926
L12_131k_l067,12,131k,67,87597,0.00024182365407549998,0.0014619215507991,0.0,0.0080892443656921,0.0080892443656921,4,0.038057454
L12_131k_l067,12,131k,67,87614,0.0004018110239176,0.001475382130593,0.0,-0.0015395879745483,0.0015395879745483,3,0.03943715
L12_131k_l067,12,131k,67,89258,0.00034595127654259996,0.00491701299324625,0.0,0.0019130669534206,0.01196002587676045,4,0.036889765
L12_131k_l067,12,131k,67,89655,6.621347933244884e-05,0.00025758269475765,0.0,-0.00017938017845155,0.00136271119117735,4,0.033564184
L12_131k_l067,12,131k,67,90352,0.0084523865774236,0.4157477021217346,0.0,0.2198499888181686,0.2198499888181686,3,0.040941693
L12_131k_l067,12,131k,67,91630,6.957245188083678e-05,0.0003011173394042,0.0,-3.904104232788086e-05,0.001639187335968,3,0.034601305
L12_131k_l067,12,131k,67,91880,0.0006538296439426,0.0019972093869,0.0,-0.0102925151586532,0.0102925151586532,1,0.034400772
L12_131k_l067,12,131k,67,92733,6.677504018038794e-05,0.000232933874940456,0.0,-0.0012643933296203548,0.001350641250610345,2,0.03995683
L12_131k_l067,12,131k,67,92797,0.0001715558367338,0.0018191403942182,0.25,0.0029213130474090502,0.0069234520196914,4,0.034734134
L12_131k_l067,12,131k,67,93019,8.301573817349499e-05,0.0003667611745186,0.0,-0.0006367564201354,0.0012599527835845,3,0.035595194
L12_131k_l067,12,131k,67,93612,9.63376746689942e-05,0.0008686190121807,0.0,-0.00426805019378655,0.00426805019378655,4,0.039317004
L12_131k_l067,12,131k,67,93754,0.00017311677949164404,0.0006122197664808407,0.0,-0.0067014992237090995,0.0071829855442047,2,0.034998063
L12_131k_l067,12,131k,67,93934,0.00011357115975115767,0.000764601732953448,0.0,-0.0007565319538116,0.0034586042165755497,4,0.036233682
L12_131k_l067,12,131k,67,93965,0.0002690049082735,0.0047663953155279,0.0,-0.0261196792125701,0.0261196792125701,3,0.037098832
L12_131k_l067,12,131k,67,94917,0.00015959067740423612,0.00065063255897255,0.0,-0.00127485394477835,0.00127485394477835,4,0.036418788
L12_131k_l067,12,131k,67,94964,0.00018563133372535,0.000709621963324,0.0,2.6702880859349955e-05,0.0013768598437309,4,0.03496964
L12_131k_l067,12,131k,67,95114,0.00029770103101895004,0.00101419200655065,0.0,0.00210757553577425,0.00600351393222805,2,0.03661445
L12_131k_l067,12,131k,67,95589,0.0005336649403136001,0.0071059414185583,0.0,-0.01281638443469995,0.01453649997711175,4,0.047057718
L12_131k_l067,12,131k,67,95833,0.0316040322996614,1.478810429573059,0.75,0.18115511909127233,0.18115511909127233,4,0.043365136
L12_131k_l067,12,131k,67,97795,0.00018225147909985002,0.00418362719938155,0.0,0.00162612646818155,0.00590270757675165,4,0.0351013
L12_131k_l067,12,131k,67,98885,0.0002517707752961,0.0011820182553492,0.0,-0.0050235986709594,0.0052447319030761,4,0.03532036
L12_131k_l067,12,131k,67,98906,0.0006820886311058,0.002727030776441,0.0,-0.0057967901229858,0.0057967901229858,1,0.034527164
L12_131k_l067,12,131k,67,99034,0.00019484144478045,0.00172673282213505,0.0,0.01291622221469875,0.01291622221469875,4,0.040364392
L12_131k_l067,12,131k,67,99137,0.000443741721867968,0.00231584366702005,0.0,-0.0020579248666762998,0.0020579248666762998,4,0.034303237
L12_131k_l067,12,131k,67,99528,0.00017609616956522822,0.0011390738654881,0.0,-0.0037061125040054503,0.00459796190261835,4,0.03423412
L12_131k_l067,12,131k,67,99564,0.00012963889324294498,0.00114699965342875,0.0,-0.00132432579994205,0.00839477777481075,4,0.033807628
L12_131k_l067,12,131k,67,99601,7.00238211869144e-05,0.0002248471719212,0.0,0.0014676451683044,0.0014676451683044,1,0.04097611
L12_131k_l067,12,131k,67,99679,0.00023269417345449998,0.0007839533500373,0.0,0.00088320486247535,0.00088320486247535,4,0.034585383
L12_131k_l067,12,131k,67,99915,8.627315079049751e-05,0.00060717281303365,0.0,-0.00033223628997805,0.004570364952087401,4,0.032362767
L12_131k_l067,12,131k,67,100015,0.00017129918316604204,0.00097867575823325,0.0,0.00659564137458795,0.00659564137458795,4,0.033462234
L12_131k_l067,12,131k,67,101853,0.0003045299267088,0.0008981284918263,0.0,-0.0104019045829772,0.0104019045829772,1,0.03707922
L12_131k_l067,12,131k,67,102619,0.00042534598619525,0.00231812009587875,0.0,-0.0076375231146812,0.00892160087823865,4,0.05263556
L12_131k_l067,12,131k,67,102688,2.30773880060014e-06,1.635525859455811e-05,0.0,5.9098005294799805e-05,0.00027200579643248476,4,0.033920113
L12_131k_l067,12,131k,67,103270,0.00222347005765415,0.022544412408024052,0.0,-0.0061742886900902,0.0080034062266349,2,0.04606628
L12_131k_l067,12,131k,67,103384,0.00047799586218444997,0.00171568500809365,0.0,0.0014666020870209,0.005316998809576,4,0.035187427
L12_131k_l067,12,131k,67,103877,6.115431344489872e-05,0.00035355630097905,0.0,-0.00143653154373165,0.00143653154373165,4,0.03372937
L12_131k_l067,12,131k,67,104793,0.00059321734880625,0.0092944074422121,0.0,0.01465597376227375,0.01465597376227375,4,0.046873093
L12_131k_l067,12,131k,67,104927,0.00019103191972629998,0.00111519300844515,0.0,-0.00010449439287185002,0.0017803087830543,4,0.035170052
L12_131k_l067,12,131k,67,104935,0.00021567090482981337,0.00137588128563945,0.0,-0.0011943876743316397,0.0066752061247825,4,0.03575004
L12_131k_l067,12,131k,67,105941,0.0006638230685005,0.025810713879764052,0.0,-0.0161969736218452,0.04218600690364829,4,0.0471531
L12_131k_l067,12,131k,67,105961,5.8143548694690685e-05,0.00022052813579873069,0.0,0.003612458705902096,0.003612458705902096,2,0.036589246
L12_131k_l067,12,131k,67,106296,0.00019878187126735002,0.0013659646501764,0.0,-0.00111370533704755,0.00344537943601605,4,0.038459
L12_131k_l067,12,131k,67,106479,0.00028239768564585,0.00170780019834635,0.0,-0.00670500099658965,0.0111596286296844,4,0.035544608
L12_131k_l067,12,131k,67,107105,0.0004282886305836,0.0019741815049201,0.0,0.0279623866081237,0.0279623866081237,1,0.04520681
L12_131k_l067,12,131k,67,107269,0.0002815076455689,0.000937998178415,0.0,0.0042074173688888,0.0042074173688888,1,0.033704236
L12_131k_l067,12,131k,67,107509,3.707448185624776e-05,0.0001138284860644,0.0,0.00099778175354,0.00099778175354,1,0.035245866
L12_131k_l067,12,131k,67,107714,0.00041408954326315,0.005068514961749249,0.25,-0.0014715529978275499,0.01058967784047125,4,0.0340086
L12_131k_l067,12,131k,67,108024,0.00024325473522654998,0.0014620868023484499,0.0,-0.00748628377914425,0.00748628377914425,4,0.03336069
L12_131k_l067,12,131k,67,108109,8.907939435929043e-05,0.0003037807764485,0.0,-0.000993013381958,0.0012843608856201,3,0.033571012
L12_131k_l067,12,131k,67,108627,0.00022633714375670002,0.00305263418704265,0.0,0.01556131243705745,0.01556131243705745,4,0.037667967
L12_131k_l067,12,131k,67,108649,0.0003133057288533,0.0029176231473684,0.0,-0.0099845826625823,0.0099845826625823,1,0.04546808
L12_131k_l067,12,131k,67,109071,5.923981309364451e-05,0.00020155758920735185,0.0,-0.0022149085998535065,0.0022149085998535065,2,0.033468448
L12_131k_l067,12,131k,67,109586,8.78900517272986e-08,3.0109649173937214e-07,0.0,-1.4901161193847656e-07,1.4901161193847656e-07,1,0.04037058
L12_131k_l067,12,131k,67,110081,0.0002398714282744,0.0014175761607475002,0.0,0.0019033923745154998,0.00336346775293345,4,0.04716344
L12_131k_l067,12,131k,67,110287,5.075556968723093e-06,1.629730104468763e-05,0.0,-0.0002785325050354,0.0002785325050354,1,0.04085867
L12_131k_l067,12,131k,67,110369,0.0012130455968527,0.050226517021656,0.0,0.0961662530899047,0.0961662530899047,1,0.04637643
L12_131k_l067,12,131k,67,110905,0.00019247925699446183,0.0015331027097999499,0.0,0.0028496980667113998,0.01683920621871945,4,0.03907397
L12_131k_l067,12,131k,67,111187,0.0001237544794279676,0.00053827658121005,0.0,-0.00277266651391975,0.00277266651391975,2,0.040369596
L12_131k_l067,12,131k,67,111868,0.00014955366988696518,0.00109241731115615,0.0,0.006326660513877846,0.008033499121665899,4,0.03539726
L12_131k_l067,12,131k,67,112355,6.740854077581925e-05,0.00125897905672895,0.25,0.0023342221975326,0.0023342221975326,4,0.04127048
L12_131k_l067,12,131k,67,112456,0.0182507845669651,0.8241468071937561,1.0,0.2895810604095459,0.2895810604095459,1,0.041815754
L12_131k_l067,12,131k,67,112593,8.113526066596618e-06,2.939581099781208e-05,0.0,1.8417835235595703e-05,0.0005146861076354,3,0.03337307
L12_131k_l067,12,131k,67,112699,0.00020354213595115764,0.0016257549941655928,0.0,-0.0097082853317261,0.0099890232086181,2,0.03667608
L12_131k_l067,12,131k,67,112956,0.00022634538303295,0.0021089266519992997,0.0,0.00420876592397685,0.0051023885607719,4,0.03192759
L12_131k_l067,12,131k,67,113949,0.0002572546346923,0.0104347262531518,1.0,0.0191439092159271,0.0191439092159271,1,0.043406606
L12_131k_l067,12,131k,67,114244,0.0003312411745511,0.0016489522531628002,0.0,0.0016544684767723083,0.00460479408502575,4,0.037148766
L12_131k_l067,12,131k,67,114357,0.0001205878288523,0.0005944716976955,0.0,0.0011622309684753,0.0011622309684753,3,0.034769855
L12_131k_l067,12,131k,67,114492,0.0001663472674087,0.0013184088747948,0.0,-0.00238637067377565,0.00238637067377565,4,0.04870905
L12_131k_l067,12,131k,67,116128,0.00016553632175380002,0.0011627157218754,0.25,5.973875522615e-05,0.0039151459932327,4,0.03477382
L12_131k_l067,12,131k,67,116274,0.0003325165923714,0.0013612424954771,0.0,-0.0037903785705566,0.0037903785705566,1,0.042125776
L12_131k_l067,12,131k,67,116326,0.00014629575604246353,0.0013815891579724,0.0,0.005042940378188999,0.005042940378188999,4,0.035284705
L12_131k_l067,12,131k,67,116359,0.00011350114181637357,0.0007067740079946499,0.0,-0.0005284771323203999,0.00413852930068965,4,0.032689888
L12_131k_l067,12,131k,67,116418,8.702046401032213e-05,0.00029242363234514997,0.0,6.843358278274998e-05,0.0012561455368995,4,0.035749275
L12_131k_l067,12,131k,67,116836,0.0005246970798029,0.0020332562271505,0.0,0.0240221619606018,0.0240221619606018,1,0.04193362
L12_131k_l067,12,131k,67,116954,0.0003088733168369,0.0064897891134023,0.0,0.0027252435684203997,0.0053666830062866,2,0.046015274
L12_131k_l067,12,131k,67,117478,0.0001621666569648,0.0008222333854064,0.0,-0.0038098692893981,0.0038098692893981,1,0.03555275
L12_131k_l067,12,131k,67,117658,9.623239287958001e-05,0.0005488180322572,0.25,0.0010984688997268404,0.0026190429925918,4,0.04251099
L12_131k_l067,12,131k,67,117910,9.302829023205365e-05,0.0005158114363439,0.0,0.00015701353549960002,0.0025401562452316002,4,0.040657654
L12_131k_l067,12,131k,67,119016,0.00011796351806635,0.00170223088935015,0.0,-0.00413478910923,0.0061685293912887,4,0.03500032
L12_131k_l067,12,131k,67,119271,0.0001555799709464807,0.00099941887310705,0.0,0.0086952447891235,0.0086952447891235,4,0.03476053
L12_131k_l067,12,131k,67,120870,0.00029778839597325,0.0015221380162983502,0.0,0.0157813727855682,0.0157813727855682,2,0.036003184
L12_131k_l067,12,131k,67,120919,0.0002531707635392059,0.0015488177305087,0.0,0.0135372877120971,0.0135372877120971,2,0.04533314
L12_131k_l067,12,131k,67,121224,0.00010931873540719999,0.00176194240339095,0.0,-0.003631591796875,0.0143417119979858,4,0.03452021
L12_131k_l067,12,131k,67,121361,7.593012146120516e-05,0.0002722849603742,0.0,0.0012914538383483,0.0012914538383483,1,0.035914812
L12_131k_l067,12,131k,67,121469,0.00016997901024215002,0.00084701064042745,0.0,-0.00936821103096005,0.00936821103096005,4,0.032147493
L12_131k_l067,12,131k,67,121720,0.00025180342718074996,0.0010612742917146,0.0,0.00021928548812864997,0.006664752960205,4,0.03490031
L12_131k_l067,12,131k,67,121949,6.798985844289094e-05,0.0003133872523903,0.0,0.0015592575073242,0.0015592575073242,1,0.032552853
L12_131k_l067,12,131k,67,121985,2.1124713890544745e-05,9.369778854306702e-05,0.0,0.0003610849380492768,0.000667780637741,4,0.033337165
L12_131k_l067,12,131k,67,122034,0.00010459260170780164,0.00047780515160409997,0.0,-0.0011205598711967,0.00143091380596155,4,0.03312406
L12_131k_l067,12,131k,67,122040,0.0005101697214737,0.0017417788039892,0.0,0.0002709627151489,0.008273035287857,3,0.03636808
L12_131k_l067,12,131k,67,123208,0.00020186095996095068,0.0017964616417884501,0.25,0.0090437829494476,0.0090437829494476,4,0.036360834
L12_131k_l067,12,131k,67,123413,0.0002623717968035,0.00181144999805835,0.25,-0.0014545693993567922,0.00329099595546715,4,0.03380486
L12_131k_l067,12,131k,67,123697,0.00015271333614199386,0.0005203518667258,0.0,0.00124995410442345,0.00124995410442345,2,0.041964162
L12_131k_l067,12,131k,67,123813,7.548744530313652e-05,0.0003715371422003,0.0,-0.0020329356193542,0.0020329356193542,1,0.04099991
L12_131k_l067,12,131k,67,123915,0.00019121053960995427,0.0015436905669048,0.0,-0.0003339648246765,0.0040189698338508,4,0.037812553
L12_131k_l067,12,131k,67,124149,8.307833361343983e-05,0.0002758430782705,0.0,0.0030499696731567,0.0030499696731567,1,0.04826721
L12_131k_l067,12,131k,67,124204,0.0001140071828164,0.0003389059856999,0.0,-0.000655174255371,0.0050151944160461,3,0.039462216
L12_131k_l067,12,131k,67,124937,4.392798732937253e-05,0.0002752358996076,0.0,-0.00069507956504815,0.0008042007684707,4,0.034010872
L12_131k_l067,12,131k,67,125368,5.376300724347629e-05,0.00057976556126955,0.0,0.003247499465942355,0.00582543015480035,4,0.03739303
L12_131k_l067,12,131k,67,125780,0.0001601617563871352,0.0011365647078491001,0.0,0.00632864236831665,0.00989443063735955,2,0.043429483
L12_131k_l067,12,131k,67,126615,0.00027685225236095,0.0010323279420845,0.0,0.00474248826503755,0.0054911524057388,4,0.03660488
L12_131k_l067,12,131k,67,126708,1.4568429201816539e-06,7.0196098249653005e-06,0.0,-7.36415386199709e-05,7.36415386199709e-05,4,0.03529597
L12_131k_l067,12,131k,67,126727,0.0002746231432593699,0.0009673049207776501,0.0,-0.0110401213169098,0.014385014772415099,2,0.03268278
L12_131k_l067,12,131k,67,127016,0.0002491491822527,0.00125807990843895,0.0,-0.0043819099664688,0.0057335346937179,2,0.039998148
L12_131k_l067,12,131k,67,127159,0.0001405606508519,0.0008396455377805501,0.0,-0.00286015868186945,0.0028938949108123497,4,0.034896355
L12_131k_l067,12,131k,67,127355,0.00010467469254872013,0.0022135328035801,0.0,-0.00558538734912875,0.01595199108123775,4,0.03528814
L12_131k_l067,12,131k,67,128069,0.0019798537392529043,0.013689950537809635,0.0,-0.028056442737579308,0.028056442737579308,2,0.041331466
L12_131k_l067,12,131k,67,128440,0.0001652106135009,0.0005814637988805,0.0,-0.0014803111553192,0.0014803111553192,1,0.036791265
L12_131k_l067,12,131k,67,130128,0.00029030086584759995,0.0032199253328144,0.0,-0.00232823193073275,0.007410392165184,4,0.033190817
L12_131k_l067,12,131k,67,130161,0.0007408101641279,0.0032866316614672004,0.0,-0.00485692173242565,0.01230698078870765,4,0.03861782
L12_131k_l067,12,131k,67,130244,0.0006759728114998,0.0043327501043677,0.0,0.0025436282157898,0.0101222246885299,4,0.035160694
L12_131k_l067,12,131k,67,130742,0.00016770760373445,0.00060099054826415,0.0,-0.00011944770812989997,0.00070606172084805,4,0.031839684
L12_16k_l022,12,16k,22,41,0.0005191032833268,0.0111934952437877,0.0,-0.0030915588140487,0.0030915588140487,1,0.04420752
L12_16k_l022,12,16k,22,81,0.0002195204468484537,0.005143678514286799,0.0,-0.00295814871788025,0.01333788037300105,4,0.03556949
L12_16k_l022,12,16k,22,131,0.000335659446117,0.0047654118388890995,0.25,0.00317408144474025,0.00317408144474025,4,0.03868665
L12_16k_l022,12,16k,22,243,0.00020863054980565002,0.0023363608634099,0.0,-0.0036675482988357,0.007861301302909799,4,0.03704468
L12_16k_l022,12,16k,22,266,0.00020529666259975002,0.00480083655565975,0.0,-0.0077813044190406,0.0079443901777267,4,0.03562128
L12_16k_l022,12,16k,22,273,0.00349212290817815,0.04218478500843045,0.0,-0.025556989014148702,0.05417015403509135,4,0.042467516
L12_16k_l022,12,16k,22,279,0.0011257422766021,0.0251593058928847,0.25,-0.030257117003202452,0.040391720831394154,4,0.039579034
L12_16k_l022,12,16k,22,362,0.0003078451358112,0.00273007026407865,0.0,-0.011122919619083401,0.0154231861233711,4,0.040602736
L12_16k_l022,12,16k,22,403,0.00015452067331415,0.003965529380366151,0.0,0.0027306079864502,0.00943046808242795,4,0.033740286
L12_16k_l022,12,16k,22,455,0.0015729059153472,0.04660712927579875,0.0,0.05652308464050285,0.05652308464050285,4,0.04676979
L12_16k_l022,12,16k,22,460,0.00019592994569169999,0.0027800926472991497,0.0,-0.00455574691295625,0.021009162068366997,4,0.03454582
L12_16k_l022,12,16k,22,543,0.0003835303195101,0.0023041809909045,0.0,0.0276409983634948,0.0276409983634948,3,0.042030968
L12_16k_l022,12,16k,22,645,8.23524009915813e-05,0.0005211465759202,0.0,-0.0033006072044372,0.0033006072044372,1,0.03626746
L12_16k_l022,12,16k,22,657,0.000309288030169,0.0021481579169631,0.0,0.0184963345527648,0.0184963345527648,1,0.050198786
L12_16k_l022,12,16k,22,663,0.0002445180857312,0.0033436475787311003,0.0,0.0089485347270965,0.0089485347270965,4,0.046979804
L12_16k_l022,12,16k,22,680,0.0002739399271978,0.00296787149272855,0.0,0.00276462733745575,0.00635228306055065,4,0.033185914
L12_16k_l022,12,16k,22,790,3.458758582441408e-05,0.00037058917223475,0.0,-0.0022569000720977003,0.0024774074554443004,4,0.03204443
L12_16k_l022,12,16k,22,794,0.0002087836196667,0.0017110747285186498,0.25,0.0033352971076965002,0.0033352971076965002,4,0.038353898
L12_16k_l022,12,16k,22,807,0.00084158743495715,0.0233098622411489,0.25,-0.010160643607378,0.018814168870449,4,0.044715356
L12_16k_l022,12,16k,22,845,0.00036516120699275,0.007926928345113951,0.0,0.0200864076614379,0.0200864076614379,4,0.049893465
L12_16k_l022,12,16k,22,939,9.355800543085626e-05,0.00122811848996205,0.0,0.0011054277420044,0.00220745801925655,4,0.036605798
L12_16k_l022,12,16k,22,960,0.0002446126336927,0.00291065941564735,0.0,0.0058891475200653,0.01174323260784145,4,0.03898035
L12_16k_l022,12,16k,22,1052,0.0006004214681674,0.00864010723307725,0.25,0.0156750380992889,0.024461567401885948,4,0.03360439
L12_16k_l022,12,16k,22,1060,0.00010260798819481434,0.0012523536570369501,0.0,0.01373633742332455,0.01373633742332455,4,0.04603237
L12_16k_l022,12,16k,22,1186,1.8626256318960373e-07,1.300939402426593e-06,0.0,-1.7464160919189453e-05,1.7464160919189453e-05,1,0.03607961
L12_16k_l022,12,16k,22,1237,0.00017244124368915,0.0034049758687615,0.0,0.02092564105987545,0.02092564105987545,4,0.036345545
L12_16k_l022,12,16k,22,1263,0.00022899121612025,0.0058715261984616,0.0,-0.01185609400272365,0.0280880779027938,4,0.035014026
L12_16k_l022,12,16k,22,1296,0.0001538696479321,0.004426076309755399,0.25,0.0122225470840931,0.01952932402491565,4,0.034768824
L12_16k_l022,12,16k,22,1321,0.00019299461836435,0.0022695185616612,0.0,0.0086077004671096,0.0086077004671096,4,0.040891066
L12_16k_l022,12,16k,22,1325,0.005633484920478,0.127307987306267,0.25,0.0658859089016914,0.0658859089016914,4,0.042993374
L12_16k_l022,12,16k,22,1341,9.82028870445584e-05,0.00082748790737235,0.0,-0.00055241584777835,0.00072956085205075,2,0.04334257
L12_16k_l022,12,16k,22,1376,0.0002022728092196,0.0029311804100871,0.0,-0.008403889834880801,0.008403889834880801,4,0.054011997
L12_16k_l022,12,16k,22,1464,0.00026075711598125,0.0038006666582077,0.25,0.00710338354110715,0.00710338354110715,4,0.03517813
L12_16k_l022,12,16k,22,1471,0.00049741183289405,0.0079885413870215,0.25,-0.00491837412118915,0.02661944180727,4,0.03621367
L12_16k_l022,12,16k,22,1479,0.0003708251933767,0.0051504051079973,0.0,0.0236278921365737,0.0236278921365737,4,0.032037113
L12_16k_l022,12,16k,22,1711,8.858994027157507e-05,0.0011291967239230498,0.0,-0.0012666136026382503,0.0057445168495178,4,0.03884555
L12_16k_l022,12,16k,22,1850,0.00352461112950165,0.058793682837858754,0.0,-0.02187041938304895,0.02187041938304895,4,0.05159603
L12_16k_l022,12,16k,22,1924,0.00019879012118445,0.0018204068765044,0.25,0.00618566572666165,0.011584758758544901,4,0.036395982
L12_16k_l022,12,16k,22,1992,0.00021073126921290002,0.00170829356648025,0.0,-5.7563185691849976e-05,0.0023218989372253,4,0.037262395
L12_16k_l022,12,16k,22,2006,0.0003728333439394,0.0034147939877583995,0.25,-0.0010340884327887999,0.00303711183369155,4,0.045802023
L12_16k_l022,12,16k,22,2028,0.00030475100357675003,0.0059768373612314,0.0,0.00825889408588405,0.01821853220462795,4,0.03634921
L12_16k_l022,12,16k,22,2143,0.0050485319800883,0.21132159233093256,0.25,-0.00681222230196,0.052819192409515346,4,0.045487694
L12_16k_l022,12,16k,22,2208,0.00028182327388350003,0.00331662688404315,0.0,-0.0059325993061065995,0.011990144848823499,4,0.036043625
L12_16k_l022,12,16k,22,2256,0.0001487930166155,0.0009909840300679,0.0,0.0123748183250427,0.0123748183250427,1,0.036407378
L12_16k_l022,12,16k,22,2271,0.0001667089456031,0.0028987787663936502,0.25,0.003412440419197,0.0052275508642196,4,0.036013506
L12_16k_l022,12,16k,22,2341,0.00053661490641315,0.0069148298352956,0.0,-0.00866487622261045,0.0162942558526992,4,0.041268595
L12_16k_l022,12,16k,22,2415,0.0050289863025023,0.1853614747524261,0.75,0.0325274290516972,0.0325274290516972,4,0.041856904
L12_16k_l022,12,16k,22,2419,0.00063777620176775,0.02864578366279595,0.0,0.07479637861251826,0.07479637861251826,4,0.0420388
L12_16k_l022,12,16k,22,2420,0.0003702067439607,0.00855896156281225,0.0,0.01958826184272765,0.02516269683837885,4,0.03368975
L12_16k_l022,12,16k,22,2460,0.0002704263762545,0.0037667620927095,0.25,0.01696024835109705,0.0187202841043472,4,0.03591217
L12_16k_l022,12,16k,22,2880,0.00078181537557195,0.01230001263320445,0.25,0.0056960247457027,0.010941786691546398,4,0.03855988
L12_16k_l022,12,16k,22,2946,0.0002069942683944996,0.00227413536049425,0.0,-0.0023588351905346,0.00875712931156155,4,0.032356396
L12_16k_l022,12,16k,22,2984,0.0001325586242759946,0.0018390964251010999,0.0,-0.0035037770867346997,0.0035037770867346997,4,0.0379644
L12_16k_l022,12,16k,22,3163,0.00012862157583885,0.0026256202254444,0.0,-0.0017392709851264997,0.007777914404869,4,0.0337097
L12_16k_l022,12,16k,22,3220,3.369515897491917e-05,0.0006234399625099999,0.0,0.0008126497268676501,0.0065751522779464,4,0.03650541
L12_16k_l022,12,16k,22,3233,0.00010555714924076289,0.00104269292205565,0.0,-0.0019423365592956497,0.00724499672651285,4,0.035964407
L12_16k_l022,12,16k,22,3349,0.0001969472932784,0.0035828396212309,0.0,-0.00183488428592685,0.0186318755149841,4,0.0409636
L12_16k_l022,12,16k,22,3489,0.0007605496190619,0.025533235631883103,0.25,0.0236524194478988,0.04499398916959755,4,0.037415773
L12_16k_l022,12,16k,22,3598,0.00026247739013065,0.00224947964306915,0.0,-0.0003584176301956001,0.0045273005962371505,4,0.037106544
L12_16k_l022,12,16k,22,3607,0.00023146909648165002,0.0024086115881800504,0.25,0.0145921856164932,0.022687405347824048,4,0.034616295
L12_16k_l022,12,16k,22,3695,0.00028896771154213804,0.0113990325480699,0.0,0.03097350895404815,0.03097350895404815,4,0.03698322
L12_16k_l022,12,16k,22,3700,0.0001521656385147,0.0018491555238142,0.0,-0.00916662812232965,0.0146295726299285,4,0.03523565
L12_16k_l022,12,16k,22,3701,0.00019557627078435,0.00362625182606275,0.0,-0.0030187219381332,0.00478409230709075,4,0.033085447
L12_16k_l022,12,16k,22,3716,2.921786424720121e-05,0.0002332858275622,0.0,-0.0012606382369995,0.0025326013565063,3,0.0336909
L12_16k_l022,12,16k,22,3736,0.00029409869473915,0.00244315189775075,0.0,0.0028014183044433,0.00472024083137505,4,0.033372115
L12_16k_l022,12,16k,22,3740,0.004511613015153,0.2657309491187334,0.25,0.22853571176528925,0.22853571176528925,4,0.046348322
L12_16k_l022,12,16k,22,3870,0.00036559679163885,0.00628552353009575,0.25,0.0221682637929916,0.02492509037256235,4,0.034940213
L12_16k_l022,12,16k,22,3886,0.00023563688812225,0.00177300430368625,0.0,0.0022578090429306,0.00707279145717615,4,0.037532907
L12_16k_l022,12,16k,22,4131,0.0031868620560064,0.0227186493575572,0.0,-0.0364242196083068,0.0364242196083068,1,0.04451781
L12_16k_l022,12,16k,22,4133,0.0317896107124539,1.4953448474407196,0.75,0.40859922766685486,0.40859922766685486,4,0.042563517
L12_16k_l022,12,16k,22,4184,0.0184636227519578,0.7431088984012604,0.5,0.34363535046577454,0.34363535046577454,4,0.049024697
L12_16k_l022,12,16k,22,4258,0.00047013670213375,0.0088012416381388,0.0,-0.01787388324737545,0.025180630385875653,4,0.036786057
L12_16k_l022,12,16k,22,4267,6.868084085847741e-08,4.466849077289226e-07,0.0,1.1920928955078125e-07,1.1920928955078125e-07,1,0.037055764
L12_16k_l022,12,16k,22,4273,2.424743637095835e-05,0.00036946666659785,0.25,0.00226241350173945,0.00226241350173945,4,0.03211428
L12_16k_l022,12,16k,22,4335,8.783215227313752e-05,0.00296704279026015,0.25,0.02096563577651975,0.0289261937141418,4,0.03440366
L12_16k_l022,12,16k,22,4394,2.4792732593388225e-05,0.0001595057547092,0.0,0.0009217858314514,0.0009217858314514,1,0.038211226
L12_16k_l022,12,16k,22,4516,0.00015297778632415,0.00144318066304545,0.0,-0.0006697848439216,0.006809383630752499,4,0.036306858
L12_16k_l022,12,16k,22,4528,0.0027453338354565,0.055584423243999447,0.25,0.0002168267965316998,0.03432920575141905,4,0.041149806
L12_16k_l022,12,16k,22,4585,0.0002884144985097,0.0053745042532682,0.0,-0.00556118413805955,0.013280466198921152,4,0.038005076
L12_16k_l022,12,16k,22,4590,0.000131109320861,0.001534359762445,0.0,-0.0075891017913818,0.0075891017913818,3,0.04304627
L12_16k_l022,12,16k,22,4807,0.0006850045348404,0.02294451557099815,0.0,0.0649922788143158,0.0649922788143158,4,0.036470074
L12_16k_l022,12,16k,22,4871,0.00014810731680555,0.0017783348448574,0.0,0.0092087909579277,0.01818022131919855,4,0.03514578
L12_16k_l022,12,16k,22,4959,0.0001295799446007,0.0009571858681738,0.0,-0.0042624473571777,0.0042624473571777,3,0.04245882
L12_16k_l022,12,16k,22,5023,0.00046774350137475005,0.00715401722118255,0.0,-0.0214568525552749,0.0214568525552749,4,0.037565943
L12_16k_l022,12,16k,22,5031,1.1770019792098008e-05,0.00016921194037422316,0.0,0.0009415447711944,0.0009415447711944,4,0.036050353
L12_16k_l022,12,16k,22,5112,0.00013240925852959378,0.0044000433990731,0.0,-0.00011786818504330958,0.009553223848342849,4,0.034178384
L12_16k_l022,12,16k,22,5205,0.0001966383899228,0.0051816629711538,0.0,0.00930449366569515,0.0150516331195831,4,0.0353798
L12_16k_l022,12,16k,22,5225,0.0002385546880096,0.0026786378584802,0.0,-0.00197845697402955,0.00952607393264765,4,0.034477696
L12_16k_l022,12,16k,22,5300,0.0037677324262361503,0.02819580701179795,0.5,0.039824966341257054,0.039824966341257054,2,0.044115778
L12_16k_l022,12,16k,22,5408,3.920291198333692e-05,0.0003736444923561,0.0,-6.973743438720703e-05,0.0015463829040527,3,0.040918626
L12_16k_l022,12,16k,22,5452,0.0021049504449798,0.0502336528152227,0.0,0.08589632809162134,0.08589632809162134,4,0.038703177
L12_16k_l022,12,16k,22,5474,0.00020029901497431994,0.00588017539121205,0.0,-0.000953897833824149,0.0231559574604034,4,0.042837206
L12_16k_l022,12,16k,22,5603,0.0002321719355483195,0.00456613115966315,0.25,0.0045632496476173,0.0045632496476173,4,0.043545306
L12_16k_l022,12,16k,22,5757,0.00081962628491735,0.01231457665562625,0.0,-0.0051293671131133495,0.0135358572006225,4,0.043143556
L12_16k_l022,12,16k,22,5778,0.00011357392853452044,0.00353101093787695,0.25,-0.00488593429327005,0.0082718953490257,4,0.046802312
L12_16k_l022,12,16k,22,5863,2.2670573901833447e-05,0.0001978343207156,0.0,0.0013260841369628,0.0016238689422607,3,0.03830854
L12_16k_l022,12,16k,22,5879,0.0006442810307762999,0.023482975549995847,0.0,0.0051559507846831495,0.0051559507846831495,4,0.04131314
L12_16k_l022,12,16k,22,5880,0.0001594118147246,0.0019784275209530997,0.0,-0.0008464455604553496,0.0089507699012756,4,0.039500408
L12_16k_l022,12,16k,22,6093,0.0001555412712139,0.0026113593485206,0.0,-0.0050001218914985,0.0050001218914985,4,0.03825953
L12_16k_l022,12,16k,22,6106,0.004827988926465699,0.06668376922607415,0.0,0.038269326090812704,0.07825866341590876,4,0.040285323
L12_16k_l022,12,16k,22,6158,0.00035161138402225,0.0065000285394489505,0.0,-0.00141139328479765,0.00488186627626415,4,0.03666207
L12_16k_l022,12,16k,22,6171,0.00450419377220565,0.16060307621955872,0.0,0.022482112050056454,0.05409793555736535,2,0.045837775
L12_16k_l022,12,16k,22,6234,0.00031409470153915,0.00252333190292115,0.0,-0.0017712712287902498,0.0066537111997604,4,0.045748968
L12_16k_l022,12,16k,22,6311,0.0010595611396714,0.0097347199916839,0.0,-0.0036765038967132,0.0036765038967132,3,0.04570804
L12_16k_l022,12,16k,22,6339,0.0002344309405993,0.0018279008800163499,0.0,-0.0011173784732818502,0.0061457231640815,4,0.038427956
L12_16k_l022,12,16k,22,6426,0.0012139637325491999,0.021775996312499,0.0,0.01561236381530755,0.01561236381530755,4,0.036425937
L12_16k_l022,12,16k,22,6458,0.00072100552789495,0.0179672446101903,0.0,0.0236039608716964,0.03647844493389125,4,0.04507795
L12_16k_l022,12,16k,22,6482,0.0005672735653833641,0.00969834130955855,0.25,-0.008753240108489949,0.022871062159538248,4,0.040800665
L12_16k_l022,12,16k,22,6531,0.0001260219546166,0.0032174251973628,0.0,0.000425636768341,0.017739713191986,3,0.039598912
L12_16k_l022,12,16k,22,6549,0.0010803989523652,0.0094788745045661,0.0,0.0259393155574798,0.0259393155574798,1,0.037522096
L12_16k_l022,12,16k,22,6556,0.0747246537443919,4.429298162460327,1.0,0.19809643924236295,0.19809643924236295,4,0.054147057
L12_16k_l022,12,16k,22,6566,0.00026239670478255,0.00345012801699335,0.25,0.01028153300285335,0.01028153300285335,4,0.03447783
L12_16k_l022,12,16k,22,6586,0.00011729458176050001,0.00254098186269395,0.0,-0.0045952796936035,0.0045952796936035,4,0.032962054
L12_16k_l022,12,16k,22,6592,0.0040108824495884,0.18527136277407405,0.5,0.04469267278909675,0.04469267278909675,2,0.044651825
L12_16k_l022,12,16k,22,6648,0.0025119011832361,0.11780767142772669,0.5,-0.0045314747840166005,0.02921421825885765,4,0.04180449
L12_16k_l022,12,16k,22,6746,0.00042687849847355,0.005827580811455801,0.0,0.008459776639938299,0.008459776639938299,4,0.04067518
L12_16k_l022,12,16k,22,6814,0.00093754434841045,0.0159415807574987,0.0,0.0205655097961426,0.04383876919746395,4,0.033485338
L12_16k_l022,12,16k,22,6838,5.548407124863182e-05,0.0004290044889785,0.0,-0.0023376494646071997,0.0023702532052993497,4,0.03789586
L12_16k_l022,12,16k,22,6852,0.00044416638550890005,0.0137582011520862,0.0,0.04881170392036435,0.06794056296348569,4,0.033978533
L12_16k_l022,12,16k,22,6858,0.0032094807616989502,0.0285214306786656,0.0,-0.0005846917629241501,0.00617761909961695,2,0.039961707
L12_16k_l022,12,16k,22,6866,0.0010166820027485502,0.0339728835970163,0.25,0.062343120574951096,0.07247993350028985,4,0.033976503
L12_16k_l022,12,16k,22,7085,0.0001712483520273,0.0017887240974232,0.0,0.0001910328865051,0.0201130211353302,3,0.034143794
L12_16k_l022,12,16k,22,7091,0.0001937869364431,0.00169694377109405,0.0,0.00182543694972985,0.00182543694972985,4,0.032529425
L12_16k_l022,12,16k,22,7195,0.0020832797945670497,0.0598218943923711,0.0,0.03583104908466335,0.03583104908466335,4,0.046059746
L12_16k_l022,12,16k,22,7230,5.757095115374696e-05,0.00057217176072295,0.0,0.0001124143600464,0.0038496553897857,4,0.03471385
L12_16k_l022,12,16k,22,7272,0.0043811651027065995,0.19697935879230494,0.0,0.05504596605896945,0.05504596605896945,4,0.04234756
L12_16k_l022,12,16k,22,7390,0.00025287597480415,0.00232211820548395,0.25,-0.00247260928153995,0.0080394148826599,4,0.038517732
L12_16k_l022,12,16k,22,7472,2.718694376920484e-05,0.0004971986127202084,0.0,0.0023907870054244765,0.0026539117097854,4,0.03243404
L12_16k_l022,12,16k,22,7615,0.0006906457986314582,0.01080128026660525,0.25,0.01065218448638915,0.01285883784294125,4,0.04830714
L12_16k_l022,12,16k,22,7678,0.00046626589168549996,0.0089914905838668,0.0,0.0024737268686294,0.0105178244411945,4,0.03562065
L12_16k_l022,12,16k,22,7810,0.00029319368018750004,0.0035663889721035498,0.25,0.0074748545885085504,0.009666852653026501,4,0.03161646
L12_16k_l022,12,16k,22,7857,6.143188546606529e-05,0.0009208460542140001,0.0,0.0026023685932159,0.0026023685932159,4,0.03265726
L12_16k_l022,12,16k,22,7880,6.894515767399864e-05,0.0018258935888297002,0.0,-0.007474452257156401,0.010379463434219301,2,0.041891154
L12_16k_l022,12,16k,22,7967,0.00018432034355605,0.00168650614796205,0.0,0.0002543777227402,0.0044676214456558,4,0.03520491
L12_16k_l022,12,16k,22,7993,0.00064112400048815,0.0079850947950035,0.0,0.0017180442810058997,0.0096861124038696,4,0.036652576
L12_16k_l022,12,16k,22,8012,0.0006405307585969,0.0063354419544339,0.0,-0.0188365429639816,0.0188365429639816,1,0.05395183
L12_16k_l022,12,16k,22,8138,0.00041943456449689996,0.00542269274592395,0.25,-0.011393480002880051,0.01748440414667125,4,0.036128197
L12_16k_l022,12,16k,22,8164,0.00124139967004295,0.0189457673113793,0.0,-0.026848018169403052,0.033421516418457003,4,0.039951738
L12_16k_l022,12,16k,22,8187,0.00030689403778598766,0.0088298828341066,0.0,0.015113465487956949,0.015113465487956949,4,0.04243738
L12_16k_l022,12,16k,22,8194,2.7967356072629557e-05,0.00026106632139995,0.0,0.0024531185626983,0.0024531185626983,4,0.036876783
L12_16k_l022,12,16k,22,8268,0.00010804372971562612,0.00100124895107,0.0,0.0034044086933136004,0.00460743904113765,4,0.033186536
L12_16k_l022,12,16k,22,8331,0.0001990060780048,0.00169274921063325,0.0,-0.00051594525575635,0.00051594525575635,4,0.032977235
L12_16k_l022,12,16k,22,8495,6.191639057830772e-06,4.261577851139009e-05,0.0,6.204843521118164e-05,6.204843521118164e-05,1,0.040512472
L12_16k_l022,12,16k,22,8510,0.00026509830028270003,0.0124100195243954,0.0,-0.00014556199312205703,0.0066579952836036006,4,0.034448963
L12_16k_l022,12,16k,22,8533,0.0002573543934661,0.00584143213927745,0.0,-0.0081344842910766,0.01187959313392635,4,0.034429956
L12_16k_l022,12,16k,22,8599,2.3237159271709866e-05,0.000502036215038948,0.0,0.00055727362632755,0.0014632642269134,4,0.034987845
L12_16k_l022,12,16k,22,8620,0.00028263747977935,0.00497544696554535,0.0,0.0049076899886131,0.006173200905323,4,0.034816068
L12_16k_l022,12,16k,22,8782,0.0001226926047789,0.0013962779194116,0.0,-0.00238959491252895,0.005824282765388451,4,0.03708678
L12_16k_l022,12,16k,22,8806,0.00025817476995465,0.00269612763077015,0.0,0.0005277842283248997,0.0082430243492126,4,0.04103537
L12_16k_l022,12,16k,22,8816,0.00011434400772309999,0.0011490285396575498,0.0,0.0049757659435271506,0.0099681913852691,4,0.042312175
L12_16k_l022,12,16k,22,8852,0.0002282670166392,0.0015898221172392,0.0,0.007554680109024,0.007554680109024,3,0.04041949
L12_16k_l022,12,16k,22,8910,3.659874667076979e-05,0.00041615046211515,0.0,0.0004596412181854,0.0018260926008224002,4,0.032906286
L12_16k_l022,12,16k,22,8952,0.0006828441219865499,0.0204756930470466,0.0,-0.0023242458701133997,0.01612272113561625,4,0.036389656
L12_16k_l022,12,16k,22,9011,0.0002780799316873,0.0024245311506092,0.0,-0.006331980228424,0.006331980228424,1,0.035460714
L12_16k_l022,12,16k,22,9105,0.00015187166263089203,0.0025022202753461,0.0,-0.0028003752231597996,0.0055083036422729,4,0.037601005
L12_16k_l022,12,16k,22,9185,0.0004612600538873,0.0029423348605632,0.0,-0.0292279720306396,0.0292279720306396,1,0.038320284
L12_16k_l022,12,16k,22,9239,0.022012498045711,1.0559276342391968,1.0,0.1435091942548751,0.1435091942548751,1,0.0462761
L12_16k_l022,12,16k,22,9245,0.0001491627791858,0.00224108470138155,0.0,-0.0017082542181014997,0.00297064334154125,4,0.036464207
L12_16k_l022,12,16k,22,9318,0.0002159071000287,0.0017289384268224,0.0,-0.010914653539657551,0.010914653539657551,4,0.035906762
L12_16k_l022,12,16k,22,9345,0.00024764448801525,0.00247339071938765,0.0,0.0098168924450874,0.0098168924450874,2,0.04164509
L12_16k_l022,12,16k,22,9373,0.00047869915619085004,0.01793466787785285,0.0,-0.007688656449317899,0.050052985548973,4,0.04467875
L12_16k_l022,12,16k,22,9403,0.00011051088695462303,0.0028039886383339502,0.0,0.00159075856208795,0.0051872879266738,4,0.043356974
L12_16k_l022,12,16k,22,9426,0.00038862640140015,0.00682763149961825,0.0,-0.0076138451695442,0.01358420401811595,4,0.035426
L12_16k_l022,12,16k,22,9606,0.00029583577200315,0.00604258943349115,0.0,-0.006458580493927,0.022794559597969,4,0.03636849
L12_16k_l022,12,16k,22,9691,0.00023448775323874998,0.010229971259832351,0.0,-0.012919098138809149,0.01339507102966305,4,0.035055794
L12_16k_l022,12,16k,22,9804,0.00090475722960015,0.027760551311075653,0.0,-0.01017589867115015,0.01017589867115015,4,0.04258594
L12_16k_l022,12,16k,22,9881,2.764601037749614e-05,0.0002037712256424,0.0,0.0020720958709716,0.0020720958709716,3,0.035671797
L12_16k_l022,12,16k,22,9945,0.0002367086969309,0.00859909271821375,0.0,-0.009658649563789349,0.0187330245971679,4,0.03321523
L12_16k_l022,12,16k,22,9950,0.0007635468655676,0.016675081104040097,0.0,-0.02883452922105785,0.02883452922105785,4,0.041501574
L12_16k_l022,12,16k,22,9958,0.0002108933524346,0.002707919687964,0.0,-0.00211636722087855,0.0079274773597717,4,0.032472424
L12_16k_l022,12,16k,22,9978,5.12318853305806e-07,3.710252030941774e-06,0.0,-9.775161743164062e-05,9.775161743164062e-05,1,0.036314383
L12_16k_l022,12,16k,22,10039,0.0001974971794341,0.0037997805047779998,0.0,0.010596901178359949,0.010596901178359949,4,0.03615121
L12_16k_l022,12,16k,22,10069,0.0004202381811572,0.0052430545911192,0.0,0.0247603356838226,0.0247603356838226,3,0.036084577
L12_16k_l022,12,16k,22,10122,0.000556251373828,0.0051092987414449,0.25,-0.00382314622402185,0.00382314622402185,4,0.03528103
L12_16k_l022,12,16k,22,10129,0.00023600689941734998,0.00325657683424645,0.0,-0.00481769442558285,0.0153250694274902,4,0.042830694
L12_16k_l022,12,16k,22,10246,7.527287224590375e-05,0.00096972938627,0.0,-0.0019783377647399,0.0019783377647399,1,0.0345227
L12_16k_l022,12,16k,22,10291,7.821620472560485e-05,0.00076332327444105,0.25,-0.0008330047130584,0.0017911940813063998,4,0.034907416
L12_16k_l022,12,16k,22,10367,0.00028703509944325,0.0083658071234822,0.0,0.00013992562890049998,0.0030562393367290002,4,0.03326585
L12_16k_l022,12,16k,22,10382,0.00027159744233647056,0.00347473379224535,0.0,-0.0059345960617065005,0.0059472620487213005,4,0.041563887
L12_16k_l022,12,16k,22,10502,4.66912135830866e-05,0.00034810497163555,0.0,0.00042203068733214963,0.0006034970283508,4,0.037411697
L12_16k_l022,12,16k,22,10506,0.00014325553330577406,0.0029981125844642,0.0,0.0028799474239349166,0.0062465667724609,4,0.04132215
L12_16k_l022,12,16k,22,10537,0.0003595979479682,0.0033150597009807,0.3333333333333333,-0.0039640069007873,0.0056431293487548,3,0.04037746
L12_16k_l022,12,16k,22,10570,0.00021884569978705478,0.00532865175046025,0.0,0.0024566501379013495,0.0077443271875381,4,0.04788338
L12_16k_l022,12,16k,22,10698,0.0004140177541387,0.0199053729884326,0.25,0.006780143827199951,0.010110527276992751,4,0.038777135
L12_16k_l022,12,16k,22,10812,0.00034806978294854996,0.00472115213051435,0.25,0.00885330885648725,0.01599241793155665,4,0.03856234
L12_16k_l022,12,16k,22,10823,7.586868019611242e-05,0.0006329592142719,0.0,-0.00095131993293765,0.00254464149475095,4,0.035567902
L12_16k_l022,12,16k,22,10875,9.020880800282441e-05,0.00089729066530705,0.0,0.00175616145133965,0.0033489763736724,4,0.037898213
L12_16k_l022,12,16k,22,10881,0.0012439637977305,0.0110791213810443,0.0,-0.0374684929847717,0.0374684929847717,1,0.05332864
L12_16k_l022,12,16k,22,10907,0.0001679303448553327,0.0015796932857483,0.0,-0.0032822266221045997,0.0032822266221045997,4,0.034048323
L12_16k_l022,12,16k,22,11044,0.00071680916014255,0.012961407424882,0.0,0.01317504048347465,0.0350854396820068,4,0.035054784
L12_16k_l022,12,16k,22,11101,0.00012225677488041326,0.0016315292450599,0.0,0.00426261872053145,0.00513018667697905,4,0.03868056
L12_16k_l022,12,16k,22,11137,0.00012083331799559161,0.00143119826680045,0.25,0.00791385769844055,0.00791385769844055,4,0.041364085
L12_16k_l022,12,16k,22,11276,0.0004482780835427,0.00461140554398295,0.0,0.010284274816513,0.010284274816513,4,0.040895656
L12_16k_l022,12,16k,22,11371,0.00045768075593835,0.0166093753650784,0.0,-0.0121040046215057,0.0121040046215057,4,0.046022326
L12_16k_l022,12,16k,22,11405,0.00045437451290175005,0.0030416169902309003,0.0,0.0008768737316131501,0.00297062098979945,2,0.036144063
L12_16k_l022,12,16k,22,11410,0.0026772447342529,0.13968335837125775,0.0,0.02291190624237055,0.039716996252536746,4,0.041301597
L12_16k_l022,12,16k,22,11477,0.0001541783712836,0.0014370016288012,0.0,0.0063990950584411,0.007094383239746,3,0.035950776
L12_16k_l022,12,16k,22,11532,0.00028220204436730004,0.01097175665199755,0.0,0.0009350776672363,0.01409277319908135,4,0.040328726
L12_16k_l022,12,16k,22,11633,0.0017029677178927501,0.06104538589715955,0.0,0.00138517096638675,0.0193230472505092,4,0.038189735
L12_16k_l022,12,16k,22,11683,0.00047986589894245,0.01253815228119485,0.5,0.0294210463762283,0.0294210463762283,4,0.04323406
L12_16k_l022,12,16k,22,11684,0.00063748745266945,0.01847796747460955,0.0,-0.0010329484939575499,0.024761244654655398,4,0.03881116
L12_16k_l022,12,16k,22,11686,0.0001325371176134,0.0008770158165134,0.0,-0.0106177330017089,0.0106177330017089,1,0.037502073
L12_16k_l022,12,16k,22,11784,0.00029925787592615,0.0097639965824782,0.25,0.0156082808971405,0.020803019404411302,4,0.035171475
L12_16k_l022,12,16k,22,11876,4.858518882819391e-05,0.0004175269277766,0.0,-0.0054539442062377,0.0054539442062377,1,0.03385951
L12_16k_l022,12,16k,22,11891,6.068550441663458e-05,0.00052898883586745,0.0,0.00363296270370475,0.0045731365680694,4,0.03339475
L12_16k_l022,12,16k,22,12037,0.0001402127239558,0.0019795518601313,0.0,0.00424502789974205,0.00424502789974205,4,0.032140426
L12_16k_l022,12,16k,22,12113,3.154936058306141e-05,0.00025014705897765,0.0,9.525567293163027e-05,0.00085730105638495,4,0.034679867
L12_16k_l022,12,16k,22,12144,0.0001227895119368,0.0013017777819186,0.0,0.0027906596660614,0.0027906596660614,3,0.038018975
L12_16k_l022,12,16k,22,12162,0.0015630998349718001,0.07616220042109485,0.0,0.0373333394527435,0.06755205988883965,4,0.035874106
L12_16k_l022,12,16k,22,12177,0.0005728084564052,0.0039201849140226,0.0,0.0325624942779541,0.0325624942779541,1,0.032203104
L12_16k_l022,12,16k,22,12217,8.12548702583849e-05,0.0018361276306677,0.0,0.00631231069564815,0.0082095563411712,4,0.033950087
L12_16k_l022,12,16k,22,12293,0.00026306661951935,0.0038842018693685003,0.0,0.015331275761127399,0.015331275761127399,4,0.039300982
L12_16k_l022,12,16k,22,12303,0.0001878848551155967,0.00143684045178815,0.0,0.00207161903381345,0.00246366485953325,4,0.040673546
L12_16k_l022,12,16k,22,12378,8.128747589808608e-05,0.0012746446882374,0.0,0.0006142109632492001,0.0131822526454925,4,0.03399156
L12_16k_l022,12,16k,22,12398,7.125541260674789e-05,0.00100755959283555,0.0,-0.00827720761299135,0.01224654912948605,4,0.04114909
L12_16k_l022,12,16k,22,12410,0.00091281360779845,0.0118998051621019,0.0,-0.02551563084125515,0.0372319594025611,4,0.042257275
L12_16k_l022,12,16k,22,12457,0.0003058892448345,0.00302701327018435,0.0,0.00936266779899595,0.00936266779899595,4,0.0381085
L12_16k_l022,12,16k,22,12551,0.0009926473519706,0.0084220236167311,0.0,-0.0014947652816772,0.0136860162019729,3,0.04329904
L12_16k_l022,12,16k,22,12635,0.00019030488207973347,0.0020425007678568,0.0,0.01384025812149045,0.01384025812149045,4,0.032798864
L12_16k_l022,12,16k,22,12741,0.0212324131569381,0.6002703309059143,0.25,0.28275652229785914,0.28275652229785914,4,0.041080464
L12_16k_l022,12,16k,22,12794,0.0004185607897666,0.0047109685838222,0.0,0.00904117524623865,0.0091330260038375,4,0.036164414
L12_16k_l022,12,16k,22,12818,0.0002043495079476,0.00567377870902415,0.0,0.01671662926673885,0.01671662926673885,4,0.03392689
L12_16k_l022,12,16k,22,12864,0.00013623127235471517,0.0012751269387081,0.0,-0.00209081172943112,0.0065078735351562,4,0.034027252
L12_16k_l022,12,16k,22,12882,0.00055331535943315,0.0043276236392557,0.0,-0.0026723295450210003,0.00736807286739345,4,0.038108505
L12_16k_l022,12,16k,22,12915,0.0003933678411658,0.00727969058789305,0.25,-0.01574483513832085,0.01767262071371075,4,0.03628819
L12_16k_l022,12,16k,22,13041,0.0004953265599373,0.00663144886493675,0.0,0.0094979554414749,0.03389826416969295,4,0.034232892
L12_16k_l022,12,16k,22,13043,0.0004747496902922124,0.0157660283730365,0.5,0.0479612350463867,0.0479612350463867,4,0.038646527
L12_16k_l022,12,16k,22,13049,0.0004843619662831,0.0049495100975036,0.0,0.0240913927555084,0.0240913927555084,3,0.044301804
L12_16k_l022,12,16k,22,13088,0.0018083542831537,0.0371615383774042,0.0,0.0484561622142791,0.0484561622142791,4,0.040879786
L12_16k_l022,12,16k,22,13100,0.0002580863738804,0.0029030498117208,0.0,0.0283697843551635,0.0283697843551635,3,0.04005746
L12_16k_l022,12,16k,22,13158,0.00016796370536555002,0.0022240855614654503,0.0,0.005456700921058599,0.012749567627906749,4,0.031881742
L12_16k_l022,12,16k,22,13200,0.00021811220262010002,0.00609340588562185,0.0,-0.03150214999914165,0.03150214999914165,4,0.036572255
L12_16k_l022,12,16k,22,13206,0.0004036276269577,0.008432371076196401,0.0,0.0095587000250816,0.0095587000250816,4,0.03797109
L12_16k_l022,12,16k,22,13295,0.0021730265812397002,0.0692367367446422,0.5,0.0368265435099601,0.0368265435099601,4,0.043647174
L12_16k_l022,12,16k,22,13297,0.0001813845264077,0.0013278302503749,0.0,-0.0004342198371887,0.0004342198371887,1,0.04450775
L12_16k_l022,12,16k,22,13320,0.00019573112211705,0.00344737479463215,0.0,-0.009759135544300052,0.0122682526707649,4,0.0371847
L12_16k_l022,12,16k,22,13452,0.00011922834535378456,0.0019541536457836,0.0,0.0026784241199492497,0.0038658082485198498,4,0.032356545
L12_16k_l022,12,16k,22,13457,0.0003241719012703,0.0025857868604362,0.0,-0.0142015218734741,0.0142015218734741,1,0.03876775
L12_16k_l022,12,16k,22,13498,0.0004246888026364522,0.00438507900980766,0.0,-0.0002858340740203415,0.00059799849987025,4,0.03607261
L12_16k_l022,12,16k,22,13512,0.00081487331866895,0.0327231884002685,0.0,0.042348608374595545,0.042348608374595545,4,0.04079243
L12_16k_l022,12,16k,22,13661,0.00581276361698485,0.22542712092399594,0.25,0.14637979865074155,0.14637979865074155,4,0.035391252
L12_16k_l022,12,16k,22,13667,0.0006161213173607,0.0041156103834509,0.0,-0.0169278085231781,0.0169278085231781,1,0.041122977
L12_16k_l022,12,16k,22,13690,0.00037351646096785,0.006675364915281451,0.0,-0.0026078000664711003,0.01404963433742515,4,0.04439664
L12_16k_l022,12,16k,22,13727,0.009118166764842651,0.34818635880947113,0.5,0.061870854347944204,0.11531360074877736,4,0.043057546
L12_16k_l022,12,16k,22,13797,0.00020832707958875,0.0017761755152605,0.0,0.0067990720272064495,0.02022686600685115,2,0.035430886
L12_16k_l022,12,16k,22,13879,0.0002437717379821,0.0018968821968883,0.0,-0.0161423087120056,0.0161423087120056,2,0.04411936
L12_16k_l022,12,16k,22,13905,0.00019314296081215,0.0043753464706242,0.0,0.0027094781398773003,0.00938215851783745,4,0.04229316
L12_16k_l022,12,16k,22,13913,0.0002419063743149,0.0043981183553114,0.0,0.0146669894456863,0.0146669894456863,4,0.034501173
L12_16k_l022,12,16k,22,13952,0.00095249157763275,0.010775642003864001,0.0,-0.0245230793952941,0.0245230793952941,2,0.04149941
L12_16k_l022,12,16k,22,13988,0.00015556414103339998,0.00124094219063405,0.0,-0.0107990205287933,0.0113541483879089,4,0.041703474
L12_16k_l022,12,16k,22,14006,0.0002332082120438,0.0016133555909618,0.0,0.0165982842445373,0.0165982842445373,1,0.035489447
L12_16k_l022,12,16k,22,14075,0.00024275210229185,0.00426943367347115,0.25,0.0032412260770798003,0.013551056385040249,4,0.035230335
L12_16k_l022,12,16k,22,14179,0.0002191245058378002,0.0017787757969927,0.0,-0.0126769095659256,0.0156031101942062,4,0.038664456
L12_16k_l022,12,16k,22,14193,5.762933503986276e-05,0.00039430131437250004,0.0,0.00250381231307975,0.0035414993762969502,4,0.043505803
L12_16k_l022,12,16k,22,14228,0.00011982895879915364,0.0019042351632378499,0.0,0.0010400339961051499,0.0021989345550536502,4,0.037672363
L12_16k_l022,12,16k,22,14297,0.0002489812761675,0.0033203270286321,0.0,0.0176204442977905,0.0176204442977905,3,0.03918451
L12_16k_l022,12,16k,22,14330,0.00077688305381105,0.00916390586644405,0.0,0.01813817769289015,0.01813817769289015,4,0.039161883
L12_16k_l022,12,16k,22,14381,0.0002790965881358,0.00396892521530385,0.0,0.0214866772294044,0.0214866772294044,4,0.034221016
L12_16k_l022,12,16k,22,14384,1.2117097986108564e-05,8.032360346987844e-05,0.0,-0.000870406627655,0.000870406627655,1,0.038018826
L12_16k_l022,12,16k,22,14436,0.00010268475921382964,0.0021814758656546,0.0,0.00545601546764375,0.0073170810937881,4,0.038334783
L12_16k_l022,12,16k,22,14444,0.0002764319308276,0.0019026302034035,0.0,-0.0286471843719482,0.0286471843719482,1,0.03915155
L12_16k_l022,12,16k,22,14478,0.0007139618635372,0.016103668138384798,0.0,-0.0011316500604151999,0.0032769292593002003,4,0.041795917
L12_16k_l022,12,16k,22,14481,0.00039770892942235004,0.0078965635038912,0.0,-0.0059180557727814,0.01065458357334135,4,0.03984525
L12_16k_l022,12,16k,22,14531,0.00011927017189639999,0.0011056305665988,0.0,0.00232750177383425,0.00576956570148465,4,0.036768105
L12_16k_l022,12,16k,22,14584,0.00043445940568339995,0.01344603858888145,0.0,0.025178655982017448,0.025178655982017448,4,0.040086832
L12_16k_l022,12,16k,22,14827,0.00012558356461556472,0.00104736920911815,0.0,0.00694400817155835,0.00872836261987685,4,0.03586864
L12_16k_l022,12,16k,22,14865,0.0005885923108354,0.01187942037358875,0.25,0.0089294910430908,0.0089294910430908,4,0.035477497
L12_16k_l022,12,16k,22,14878,0.0022058853105273,0.05729043856263155,0.5,0.02386547252535815,0.0293638631701469,4,0.040269025
L12_16k_l022,12,16k,22,14888,0.0006517346721432,0.0221592374145984,1.0,0.0607290565967559,0.0607290565967559,1,0.04296498
L12_16k_l022,12,16k,22,14925,3.815670977245859e-05,0.000338296405971,0.0,0.0003920644521713,0.0015285611152648499,4,0.0353266
L12_16k_l022,12,16k,22,14926,0.0005246673533328,0.0035681393928825,0.0,-0.000473529100418,0.000473529100418,1,0.035247196
L12_16k_l022,12,16k,22,14935,6.20225872546551e-05,0.00120349400094705,0.0,0.0028797388076782,0.0028797388076782,4,0.039365496
L12_16k_l022,12,16k,22,14974,0.00107814497951425,0.0234541920945048,0.0,0.01664038002491,0.0259427726268768,4,0.040156443
L12_16k_l022,12,16k,22,14982,0.00015914689184445,0.00524953426793215,0.0,0.01174101233482355,0.02378790080547325,4,0.03947751
L12_16k_l022,12,16k,22,15004,0.0023243697933586,0.1215975582599639,0.0,0.139616310596466,0.139616310596466,3,0.04257022
L12_16k_l022,12,16k,22,15053,0.0016105039967442502,0.032693801447749096,0.0,0.0493095070123672,0.0493095070123672,4,0.040781286
L12_16k_l022,12,16k,22,15186,0.0011382419669855501,0.03960165800526735,0.0,-0.01346524059772485,0.023969270288944203,4,0.041962635
L12_16k_l022,12,16k,22,15237,0.0002860276007084,0.00573437230195845,0.0,0.0226255357265472,0.03540694713592525,4,0.034576178
L12_16k_l022,12,16k,22,15262,0.00030965922915795,0.00673587736673645,0.25,-0.0124167799949646,0.03225894272327415,4,0.036339015
L12_16k_l022,12,16k,22,15288,0.0005473819305704,0.0083535811863839,0.0,0.0334231257438659,0.0334231257438659,4,0.035397083
L12_16k_l022,12,16k,22,15302,0.00331973810417865,0.11578360199928281,0.0,0.12332868576049805,0.12332868576049805,4,0.038560923
L12_16k_l022,12,16k,22,15313,0.0001532963771878,0.00166597566567355,0.25,0.0121753662824631,0.0208998471498489,4,0.03474922
L12_16k_l022,12,16k,22,15322,0.00786046466463165,0.4554247111082077,0.5,0.20577864348888394,0.20577864348888394,4,0.047286965
L12_16k_l022,12,16k,22,15398,0.0001130541198363,0.0019501708447933,0.0,-0.0043848454952239,0.0046736001968383,3,0.04297606
L12_16k_l022,12,16k,22,15429,8.461272848381955e-05,0.0010558594949543001,0.0,0.000541053712367969,0.00134616345167155,4,0.038666576
L12_16k_l022,12,16k,22,15476,0.00252574828906095,0.13151628896594045,0.0,0.10337591171264644,0.10337591171264644,4,0.040153626
L12_16k_l022,12,16k,22,15492,0.05914418857011995,2.69661808013916,0.75,0.7313932180404663,0.7313932180404663,4,0.042106483
L12_16k_l022,12,16k,22,15596,0.1243363251890846,5.660196304321289,1.0,0.3422994017601013,0.3422994017601013,4,0.056997973
L12_16k_l022,12,16k,22,15605,0.014279286496885549,0.7129646837711334,0.5,0.1141750887036323,0.15878920257091517,4,0.042614203
L12_16k_l022,12,16k,22,15632,0.00047259685802125,0.01413739938288925,0.0,-0.0051760971546173,0.01117242872714995,4,0.036861062
L12_16k_l022,12,16k,22,15646,0.0168093580035018,0.833021342754364,0.75,0.18526808172464365,0.18526808172464365,4,0.042662367
L12_16k_l022,12,16k,22,15790,0.0012743916000523,0.01735916640609495,0.25,0.030434966087341253,0.030434966087341253,4,0.042235103
L12_16k_l022,12,16k,22,15874,0.00063068663413335,0.01420949446037405,0.0,0.00191190093755725,0.011899277567863398,4,0.050184075
L12_16k_l022,12,16k,22,15990,0.0009728216621783499,0.030909033026546198,0.0,0.03038929402828215,0.03753036260604855,4,0.038394887
L12_16k_l022,12,16k,22,16082,0.00025249440376155004,0.005616592708975,0.0,-0.0073038637638091495,0.0073038637638091495,4,0.038101654
L12_16k_l022,12,16k,22,16159,0.00100683800025195,0.0124741815961897,0.25,-0.0014526695013046499,0.0071632713079452,4,0.03345576
L12_16k_l022,12,16k,22,16259,0.00014695794104012231,0.0015185111260507,0.25,0.0020163953304290997,0.01758784055709835,4,0.039951287
L12_16k_l022,12,16k,22,16271,0.00018314544285689605,0.00256879359949375,0.0,-0.0076515674591064,0.0076515674591064,4,0.03773537
L12_16k_l022,12,16k,22,16328,2.8820823362298746e-05,0.00037588089253401543,0.0,0.0001689791679382119,0.0048031806945800495,4,0.041856214
L12_16k_l022,12,16k,22,16372,5.715459291571868e-05,0.0007163930567912001,0.0,0.0063907504081726,0.0063907504081726,4,0.034644887
L12_16k_l0445,12,16k,445,43,0.00031471169340815,0.0026180571876465997,0.0,0.0138434469699859,0.0139909982681274,4,0.0392865
L12_16k_l0445,12,16k,445,91,4.7585302245457265e-05,0.00022852836991655,0.0,0.00026130676269525,0.000522956252098,4,0.03568653
L12_16k_l0445,12,16k,445,136,0.0001644366528657,0.0017639131983741502,0.25,-0.00302943587303155,0.005417987704277,4,0.033783033
L12_16k_l0445,12,16k,445,237,0.0028891708184329,0.09321225807070731,0.0,0.00402156263589855,0.0142754912376403,4,0.042060025
L12_16k_l0445,12,16k,445,256,0.00013733057214299998,0.00195674435235555,0.0,0.00148291885852815,0.0036223232746124,4,0.03949043
L12_16k_l0445,12,16k,445,264,0.0078775961079089,0.31519369781017303,0.0,-0.0425774380564689,0.0425774380564689,4,0.042923477
L12_16k_l0445,12,16k,445,270,0.0001370640110306,0.00203521444927895,0.0,-0.003842007368803,0.0060439594089984495,4,0.032504614
L12_16k_l0445,12,16k,445,364,0.000436510086076,0.0011635806295089,0.0,0.0003572925925254411,0.002046450972557,4,0.033322603
L12_16k_l0445,12,16k,445,416,0.0007235801466202499,0.0016277122776955002,0.0,-0.010618470609188,0.010618470609188,2,0.034374546
L12_16k_l0445,12,16k,445,462,0.00019913428470125,0.0020145651651546,0.0,-0.0021512806415557,0.0077942013740539004,4,0.032848928
L12_16k_l0445,12,16k,445,469,4.129372923044084e-05,0.0004299191205063,0.0,6.744265556334999e-05,0.0018211901187896499,4,0.037984997
L12_16k_l0445,12,16k,445,560,8.547194347778437e-05,0.00013825723362969556,0.0,0.001846432685852,0.001846432685852,2,0.03231173
L12_16k_l0445,12,16k,445,665,0.00027079186426064996,0.00098490144591775,0.0,0.0017781853675842001,0.0017781853675842001,4,0.03431581
L12_16k_l0445,12,16k,445,680,7.896621946791277e-05,0.0001508388813817,0.0,-0.0023744702339172,0.0026535391807556,3,0.03332097
L12_16k_l0445,12,16k,445,683,0.0001361018682012,0.00257019139826295,0.0,0.0063025429844856,0.006943367421627,4,0.03195409
L12_16k_l0445,12,16k,445,705,0.00030752552031045,0.00148358562728385,0.0,-0.004557892680168124,0.0082010775804519,4,0.03254564
L12_16k_l0445,12,16k,445,808,0.00019449668110925,0.0013327727792784,0.0,0.00345585495233535,0.00865776091814035,4,0.033860464
L12_16k_l0445,12,16k,445,809,5.9106623589823746e-05,0.00031155629221754237,0.0,0.0006658770143985631,0.00095162168145175,4,0.033506114
L12_16k_l0445,12,16k,445,826,8.652102394724345e-05,0.0005522784776984999,0.0,0.0003065913915634054,0.0021969079971313,4,0.032152463
L12_16k_l0445,12,16k,445,860,0.00028028550447905,0.0012510069645941,0.0,0.0023562312126159,0.00792294740676875,4,0.033084117
L12_16k_l0445,12,16k,445,965,0.0001622770006815189,0.0009127976663875914,0.0,0.00016131997108455,0.0031552352011203,4,0.031953435
L12_16k_l0445,12,16k,445,990,3.04461001279699e-05,0.00035156490048389997,0.0,0.00012604892253875616,0.0005240738391876,4,0.041624356
L12_16k_l0445,12,16k,445,1075,0.00047365541736835,0.000890425639227,0.0,-0.00122334063053125,0.00134123861789695,4,0.034909736
L12_16k_l0445,12,16k,445,1083,0.00035663539468805,0.00103776344622015,0.0,-0.00039421021938319996,0.0069614313542842,4,0.03500062
L12_16k_l0445,12,16k,445,1193,0.00045924244133175,0.013869666494429049,0.0,0.00141908973455425,0.007206276059150651,4,0.0326966
L12_16k_l0445,12,16k,445,1236,0.0006516989672488,0.0029847808182239,0.0,-0.010650075972080151,0.010650075972080151,4,0.042411488
L12_16k_l0445,12,16k,445,1260,2.2570879101121877e-05,0.00010093898163172709,0.0,-0.00030192732810975,0.00159785151481625,4,0.032064006
L12_16k_l0445,12,16k,445,1288,9.338302831498817e-05,0.00125503196613855,0.0,-0.0037745535373687,0.00491014122962945,4,0.043792874
L12_16k_l0445,12,16k,445,1315,0.00057449225267295,0.00090679639833975,0.0,0.00122523307800295,0.00594337284564965,4,0.034018967
L12_16k_l0445,12,16k,445,1318,8.870953305222836e-05,0.00016256997332674998,0.0,-0.00013884902000424996,0.00161030888557425,4,0.03217711
L12_16k_l0445,12,16k,445,1330,0.00027263552702384196,0.00061727588763455,0.0,-0.00675338506698605,0.00675338506698605,2,0.034021944
L12_16k_l0445,12,16k,445,1367,0.00020783288760463248,0.0012436770921339499,0.0,0.00095111131668085,0.0034679919481276997,4,0.034611102
L12_16k_l0445,12,16k,445,1465,0.0001130686636264087,0.0006217361660674,0.0,0.0011038929224013875,0.0037297308444976,4,0.037804827
L12_16k_l0445,12,16k,445,1477,5.077304843209761e-05,9.196776591121846e-05,0.0,0.001060247421264608,0.0011231303215026001,4,0.033764064
L12_16k_l0445,12,16k,445,1480,0.0001107322103846227,0.0003200352075509,0.0,-0.0018879324197769,0.0018879324197769,4,0.033533785
L12_16k_l0445,12,16k,445,1710,0.00011215205743308438,0.00036610424285749997,0.0,-0.00016054511070246846,0.00071620196104045,4,0.033857156
L12_16k_l0445,12,16k,445,1852,0.00014601729011403037,0.00107713285251515,0.0,-0.0018439888954162,0.0032019838690757,4,0.031198544
L12_16k_l0445,12,16k,445,1913,0.0001708868265669,0.0003431408549658,0.0,0.00217251479625695,0.0039043873548507,4,0.03577179
L12_16k_l0445,12,16k,445,1980,0.00014194475773059829,0.00118430666043415,0.0,-0.00010553002357485003,0.00419582426548,4,0.032694865
L12_16k_l0445,12,16k,445,1995,0.00026983234100780003,0.0007027412648311999,0.0,0.0010693371295929,0.00375727564096445,4,0.03317174
L12_16k_l0445,12,16k,445,2009,0.00012349829382365,0.0005022072000428501,0.0,0.00241492688655845,0.0036399066448211,4,0.040869653
L12_16k_l0445,12,16k,445,2124,0.0003698609840763,0.00375213817460455,0.0,0.0004800260066986,0.0026270747184753,4,0.034694918
L12_16k_l0445,12,16k,445,2187,3.186826880070245e-05,0.00053098352509545,0.0,-2.2351741790750017e-05,0.00311055779457085,4,0.03233249
L12_16k_l0445,12,16k,445,2237,2.0696041618946394e-05,0.00013205345749153335,0.0,0.00019207596778869998,0.0009914189577102,4,0.03192554
L12_16k_l0445,12,16k,445,2253,0.0002226468213607,0.0004454670124687,0.0,-0.00224214792251585,0.0034983158111571502,2,0.033253655
L12_16k_l0445,12,16k,445,2318,7.160376740993037e-05,0.00107538898009805,0.0,-0.0061297416687011,0.0061297416687011,4,0.033464786
L12_16k_l0445,12,16k,445,2385,0.0001274252886887,0.00194630876649165,0.0,-0.0031487792730331503,0.00926530361175535,4,0.034949128
L12_16k_l0445,12,16k,445,2388,8.654590817837578e-05,0.0010915747698163,0.0,-7.492303848264997e-05,0.0013034641742706,4,0.033681143
L12_16k_l0445,12,16k,445,2390,0.0006349174139048,0.0056224197032860995,0.0,0.0025673657655715804,0.009211048483848551,4,0.036959518
L12_16k_l0445,12,16k,445,2430,0.0002183342276469,0.0003624693490564,0.0,-0.0060031414031982,0.0060031414031982,1,0.032824937
L12_16k_l0445,12,16k,445,2859,0.00012638115509611746,0.00150424725143235,0.0,-0.00024308264255524983,0.00913475453853605,4,0.032573882
L12_16k_l0445,12,16k,445,2860,7.5932259442264e-05,0.0007320899458136,0.0,-0.0046372711658477,0.0046372711658477,4,0.032757305
L12_16k_l0445,12,16k,445,2938,2.986601408618122e-05,0.00020744216453745,0.0,-0.00038513541221615,0.0008347481489181499,4,0.031784896
L12_16k_l0445,12,16k,445,2968,0.00021452176095424999,0.00142849935218685,0.0,0.0020380914211273,0.00636803358793255,4,0.035590623
L12_16k_l0445,12,16k,445,3156,0.00018334396698445001,0.0010506475809961,0.0,-0.00297143682837485,0.0060777217149734,4,0.032588214
L12_16k_l0445,12,16k,445,3203,0.0006599606640207501,0.0011033475020667,0.0,-0.0162345170974731,0.0162345170974731,2,0.036290072
L12_16k_l0445,12,16k,445,3216,0.0001702393493484,0.0003178694751113,0.0,0.0005302727222442,0.0005302727222442,1,0.033149708
L12_16k_l0445,12,16k,445,3362,0.0002950444466613,0.00157492508878925,0.0,0.00255702435970305,0.0122744739055633,4,0.033028826
L12_16k_l0445,12,16k,445,3509,5.211287728090889e-05,0.00057586289767635,0.0,-0.00023952126502989996,0.00321981310844415,4,0.032738063
L12_16k_l0445,12,16k,445,3615,7.59035943028727e-05,0.0005694488791049999,0.0,-0.0008594691753386999,0.0017226487398147,4,0.03718806
L12_16k_l0445,12,16k,445,3627,0.00017026758585906283,0.00075016889604735,0.0,0.00048371963202945,0.0007693916559219,4,0.033501174
L12_16k_l0445,12,16k,445,3684,9.345633672368519e-06,6.253116862348952e-05,0.0,-2.6285648345947266e-05,0.00025668740272518265,4,0.03149099
L12_16k_l0445,12,16k,445,3693,0.00019858793112839998,0.0030158919398672,0.0,0.0046185106039046495,0.006056629121303499,4,0.031888105
L12_16k_l0445,12,16k,445,3700,5.8030652326070665e-06,1.5824465663172305e-05,0.0,-0.0005995631217956001,0.0005995631217956001,4,0.032785077
L12_16k_l0445,12,16k,445,3716,0.0006780241263662,0.0018817819654941,0.0,-0.0183293223381042,0.0183293223381042,1,0.03254954
L12_16k_l0445,12,16k,445,3741,4.410657805179865e-05,0.00026565772714085,0.0,0.0004771649837493865,0.0007699280977249,4,0.032699086
L12_16k_l0445,12,16k,445,3744,0.000722225483558,0.0014007278950884,0.0,0.0127722918987274,0.0127722918987274,1,0.033300467
L12_16k_l0445,12,16k,445,3879,0.0002138993610217,0.0003324049757793,0.0,-0.0013295710086822,0.00243552029132835,4,0.040967252
L12_16k_l0445,12,16k,445,3884,0.0002942734484238,0.002480034250766,0.0,0.0049507915973663,0.0053833201527595,4,0.033469822
L12_16k_l0445,12,16k,445,4157,4.0172346488213955e-05,9.242212399836316e-05,0.0,0.0002147853374480969,0.0005092471837997,4,0.034201957
L12_16k_l0445,12,16k,445,4177,0.00013817506555885,0.00055845011956985,0.0,0.00051045790314675,0.0028731822967529,4,0.03701982
L12_16k_l0445,12,16k,445,4211,0.00019250053420435,0.0011789321433751999,0.0,0.0066283196210861,0.0132406204938888,4,0.031838067
L12_16k_l0445,12,16k,445,4300,4.39961374052603e-05,0.0004722195953945,0.0,0.00015550851821899279,0.0011342167854309,4,0.033618174
L12_16k_l0445,12,16k,445,4301,0.0002803847889868,0.0008245079661719,0.0,-0.00036643445491795,0.00308202207088465,4,0.03394028
L12_16k_l0445,12,16k,445,4320,0.00011867597673556455,0.00084969593444835,0.0,0.0082391202449798,0.0082391202449798,4,0.033282854
L12_16k_l0445,12,16k,445,4393,0.00042937134319835006,0.005016421899199449,0.0,-0.0143595486879348,0.0143595486879348,4,0.04144292
L12_16k_l0445,12,16k,445,4430,0.00025714737344715,0.0009150091791525,0.0,0.00229008495807645,0.00938890874385825,4,0.03243234
L12_16k_l0445,12,16k,445,4550,0.0001868166941643,0.0013792638201266,0.0,0.0016781836748122852,0.00363808125257485,4,0.032293424
L12_16k_l0445,12,16k,445,4569,0.0002823296771195,0.00104495306732125,0.0,-0.00021956861019135,0.0010179504752159,4,0.03358337
L12_16k_l0445,12,16k,445,4641,3.879180656763359e-05,0.0007482308428734,0.0,0.0021039545536041,0.004167705774307201,4,0.03274124
L12_16k_l0445,12,16k,445,4642,0.00026699267167675,0.00108506577089425,0.0,0.00411722809076305,0.00411722809076305,4,0.032758676
L12_16k_l0445,12,16k,445,4844,0.00011314291193732163,0.0004823242779821,0.0,-0.0005457997322083,0.0009706728160381001,4,0.032858413
L12_16k_l0445,12,16k,445,4894,4.4679063902325865e-05,6.941839819774032e-05,0.0,0.0009618997573852,0.0009618997573852,1,0.033545896
L12_16k_l0445,12,16k,445,4986,4.072658813286403e-05,0.00022891927801533936,0.0,-0.00263243913650505,0.00263243913650505,4,0.03397174
L12_16k_l0445,12,16k,445,5034,7.847380085273159e-05,0.00012720780250673116,0.0,-0.00134962797164915,0.00134962797164915,4,0.033542525
L12_16k_l0445,12,16k,445,5050,0.00015221413366786352,0.0011178023414686,0.0,-0.00311654806137085,0.0136657953262329,4,0.03691446
L12_16k_l0445,12,16k,445,5143,0.00045096764007810004,0.00072701147291805,0.0,-0.00307153165340415,0.00307153165340415,4,0.034063824
L12_16k_l0445,12,16k,445,5236,0.00026776574595279996,0.00120330252684645,0.0,0.0058216191828251,0.0072224587202072005,4,0.03266602
L12_16k_l0445,12,16k,445,5271,0.00029962562780745,0.001483469386585,0.0,0.00012069940567015347,0.00062588602304455,4,0.033444915
L12_16k_l0445,12,16k,445,5336,0.0001080872145079041,0.00064995678258125,0.0,0.00020387768745417793,0.0008014887571334,4,0.037019182
L12_16k_l0445,12,16k,445,5461,2.490169204844393e-05,3.776573430513963e-05,0.0,0.0003445744514465,0.0003445744514465,1,0.03369911
L12_16k_l0445,12,16k,445,5499,7.156130854946895e-05,0.0005402893184509177,0.0,-0.0007157921791076535,0.0030773133039473997,4,0.03453831
L12_16k_l0445,12,16k,445,5538,0.0002013789711064,0.0052144813816994,0.25,0.00574064254760745,0.0119928643107414,4,0.032752935
L12_16k_l0445,12,16k,445,5657,6.196558379120286e-05,0.00034785332536557364,0.0,-0.00078377127647395,0.0012820959091185999,4,0.04084944
L12_16k_l0445,12,16k,445,5813,0.00023657688609879122,0.0013658546959049499,0.0,-0.0016558766365050502,0.0016558766365050502,4,0.033014573
L12_16k_l0445,12,16k,445,5823,0.00021168221291815,0.0014183954335748499,0.0,-0.0031594932079315003,0.0037654042243957,4,0.035171337
L12_16k_l0445,12,16k,445,5922,5.038977737043754e-05,0.0001654628431424,0.0,-0.0015538036823272003,0.0022620558738708,4,0.03488764
L12_16k_l0445,12,16k,445,5930,0.00026653460633335,0.00218965089879925,0.0,-0.0276640355587005,0.0276640355587005,4,0.032393184
L12_16k_l0445,12,16k,445,5932,0.0003254573398367,0.0064210054697468495,0.0,0.0025881752371787504,0.0112818852066993,4,0.033116087
L12_16k_l0445,12,16k,445,6125,0.00213270210887935,0.062429800629615756,0.0,0.0473428070545196,0.0473428070545196,4,0.041201077
L12_16k_l0445,12,16k,445,6144,0.00022202908526130003,0.00144242221722375,0.0,-0.00805394351482385,0.00805394351482385,4,0.032136265
L12_16k_l0445,12,16k,445,6204,6.269387606754085e-05,0.00018482093582855,0.0,-0.0009450018405913884,0.0021808892488479,4,0.03420831
L12_16k_l0445,12,16k,445,6208,4.003343263598055e-05,8.969276677815384e-05,0.0,0.0002463161945343,0.00075033307075495,4,0.03373143
L12_16k_l0445,12,16k,445,6274,1.7680497362569312e-05,0.0001965738483704,0.0,0.0011973977088928036,0.0022914707660674502,4,0.032965057
L12_16k_l0445,12,16k,445,6351,8.09267304962197e-07,1.5173814063018654e-06,0.0,-3.680586814880371e-06,3.680586814880371e-06,1,0.034154188
L12_16k_l0445,12,16k,445,6379,0.00011395401566285,0.0023742605699226,0.0,-0.00433431565761565,0.01241950690746305,4,0.032118462
L12_16k_l0445,12,16k,445,6447,4.291806761814032e-05,0.00025343743618575003,0.0,0.00020405650138855002,0.00114178657531735,4,0.032038637
L12_16k_l0445,12,16k,445,6513,5.191920925941634e-05,0.0005472685734275,0.25,0.0011106841266154501,0.00184411928057665,4,0.03645451
L12_16k_l0445,12,16k,445,6515,0.00038210604732979997,0.0008184497710316499,0.0,-0.00801885128021235,0.0093213319778442,4,0.03514388
L12_16k_l0445,12,16k,445,6565,0.00014057712561364998,0.00035680016299005,0.0,0.0027364492416382,0.00304887443780895,4,0.03381473
L12_16k_l0445,12,16k,445,6581,0.000113780241472,0.00066221752786075,0.25,0.00121057033538815,0.0013286173343658,4,0.033553015
L12_16k_l0445,12,16k,445,6590,0.0014899467789016999,0.0494362488389015,0.25,0.03328989446163175,0.0805398374795913,4,0.040771566
L12_16k_l0445,12,16k,445,6624,0.00015081395351182586,0.0006220290160854,0.0,0.00094343721866605,0.00155568122863765,4,0.033258807
L12_16k_l0445,12,16k,445,6639,2.784352648742718e-06,7.91361708252225e-06,0.0,-8.84234905242623e-05,0.00012493133544918904,4,0.03208678
L12_16k_l0445,12,16k,445,6652,9.129428521526167e-05,0.00032642108271825,0.0,0.0003707185387611092,0.00042635202407833943,4,0.034477115
L12_16k_l0445,12,16k,445,6702,7.594781422087484e-05,0.0005086128803668,0.0,0.00158612430095665,0.002480924129486,4,0.032231964
L12_16k_l0445,12,16k,445,6796,0.00024035771023725,0.0014465132844633998,0.25,0.0010647103190421997,0.0078026577830313994,4,0.032918777
L12_16k_l0445,12,16k,445,6871,0.0004350196356785,0.00076147705840405,0.0,-0.000375010073185,0.0025926902890205,2,0.032194704
L12_16k_l0445,12,16k,445,6881,0.0010066905196537,0.0017145164310932,0.0,0.018711894750595,0.018711894750595,1,0.03468391
L12_16k_l0445,12,16k,445,6884,7.95307694658035e-05,0.00072560639819125,0.0,-0.0032251179218292,0.0042266249656677,4,0.038583893
L12_16k_l0445,12,16k,445,6897,3.126099576041282e-05,0.00016668900934744998,0.0,0.0008181631565094,0.0014515221118926499,4,0.03162415
L12_16k_l0445,12,16k,445,6913,0.0001296504599574,0.0002043487038463,0.0,-0.0006569623947143,0.0006569623947143,1,0.035070397
L12_16k_l0445,12,16k,445,7144,3.474869728651446e-05,0.0007608563755638501,0.0,-0.0016130208969116,0.0016130208969116,4,0.03808089
L12_16k_l0445,12,16k,445,7146,0.00015409598246241568,0.0011314572766422501,0.0,0.00035187602043149416,0.0028720796108245503,4,0.031645823
L12_16k_l0445,12,16k,445,7265,0.0004896943560878,0.00651823799125845,0.0,0.006674274802207949,0.0156921818852424,4,0.039493885
L12_16k_l0445,12,16k,445,7302,0.00018674459911470002,0.001155947567895,0.0,0.00432264059782025,0.0070104226469993,4,0.032856908
L12_16k_l0445,12,16k,445,7318,0.0002034119108022,0.00038956842035985,0.0,-0.0011544898152351,0.0011544898152351,4,0.03447343
L12_16k_l0445,12,16k,445,7452,0.00018375554753027914,0.0003894564688380222,0.0,-0.0002351105213165162,0.003847524523735,4,0.035743702
L12_16k_l0445,12,16k,445,7533,0.00022125527225425,0.00309054669924075,0.25,0.026230186223983702,0.026230186223983702,4,0.034343787
L12_16k_l0445,12,16k,445,7703,0.00029218760894229997,0.00176571024348955,0.0,-0.0013106241822243,0.00467211753129955,4,0.033093173
L12_16k_l0445,12,16k,445,7763,0.00020168386186825195,0.00041314194095315004,0.0,-4.887580871580001e-05,0.00111243128776545,4,0.033451732
L12_16k_l0445,12,16k,445,7885,5.918587278861928e-05,0.00039414652565019997,0.0,-0.00079438090324395,0.0017846673727035,4,0.031878345
L12_16k_l0445,12,16k,445,7923,0.00015808459214067947,0.0009135021828114501,0.0,0.004727616906166,0.004727616906166,4,0.033359528
L12_16k_l0445,12,16k,445,7940,0.00010963796295947867,0.00199637853074815,0.0,-0.00448125600814815,0.00448125600814815,4,0.032544438
L12_16k_l0445,12,16k,445,7990,0.00012598848722850982,0.0015659819473512002,0.0,0.0034312456846236497,0.00360929965972895,4,0.03500384
L12_16k_l0445,12,16k,445,8082,0.00049425253829665,0.0027714832103811,0.0,0.0023683309555053503,0.0023683309555053503,4,0.032183696
L12_16k_l0445,12,16k,445,8113,3.809573634096029e-05,0.00067745527485385,0.0,-0.0059185773134231,0.0059185773134231,4,0.03307654
L12_16k_l0445,12,16k,445,8133,0.0002836090147432,0.0005555800162255,0.0,0.0064913034439086,0.0064913034439086,1,0.033159405
L12_16k_l0445,12,16k,445,8244,5.3842014614225e-06,4.340648240486189e-05,0.0,-6.16908073425293e-06,0.00046652555465696036,4,0.03203158
L12_16k_l0445,12,16k,445,8279,0.0001949948009081,0.0005404235562309,0.0,0.0018921345472335,0.0018921345472335,4,0.037914686
L12_16k_l0445,12,16k,445,8292,0.0005067764700787,0.0008171735098585,0.0,0.00613556802272795,0.00613556802272795,2,0.033399526
L12_16k_l0445,12,16k,445,8306,9.75248100542945e-05,0.00063164404127745,0.0,-0.00127625465393065,0.00244900584220885,4,0.03493519
L12_16k_l0445,12,16k,445,8378,0.0001572220081615,0.0002984775055665,0.0,-0.0011959075927734,0.0011959075927734,1,0.03489428
L12_16k_l0445,12,16k,445,8406,0.0001228657293061,0.0002176559646613,0.0,-0.0004930794239044,0.0004930794239044,1,0.033729896
L12_16k_l0445,12,16k,445,8590,0.00024667289537015,0.0015496485866606,0.0,0.00410926342010495,0.01544496417045585,4,0.03774986
L12_16k_l0445,12,16k,445,8593,0.00019421380101559998,0.0032397059258073,0.5,0.0039875023066997,0.01210646331310265,4,0.034311283
L12_16k_l0445,12,16k,445,8608,0.00010465136758185655,0.0010617491789162,0.0,0.0081039369106292,0.01290650665760035,4,0.0324627
L12_16k_l0445,12,16k,445,8679,4.3689233921101654e-05,0.00012488715583455,0.0,0.0009941160678863,0.0010574907064437,4,0.035839487
L12_16k_l0445,12,16k,445,8715,0.00041123469745985,0.001327202131506,0.0,0.00329697132110595,0.01801490783691405,4,0.040509995
L12_16k_l0445,12,16k,445,8869,6.89685461222021e-05,0.00033542281016705,0.0,0.00283749401569365,0.00283749401569365,4,0.032208506
L12_16k_l0445,12,16k,445,8887,5.165950528507784e-05,9.590051922710422e-05,0.0,0.00017222762107848067,0.00031796097755430004,4,0.033326305
L12_16k_l0445,12,16k,445,8916,0.00022183942214215,0.00107616442255675,0.0,-0.002028614282608,0.002028614282608,4,0.039232027
L12_16k_l0445,12,16k,445,8922,4.0557905665338444e-05,0.0008419571167905,0.25,-0.0007326602935790797,0.0041379779577255,4,0.033616822
L12_16k_l0445,12,16k,445,9022,0.00041125958734255,0.00315414601936935,0.0,0.00669278204441065,0.007555849850177701,4,0.034581628
L12_16k_l0445,12,16k,445,9063,0.00031821870860695,0.0005565812170971001,0.0,0.0018470287322998,0.0018470287322998,4,0.032331545
L12_16k_l0445,12,16k,445,9082,0.00049190307294515,0.00464451150037345,0.0,-0.009576290845870949,0.016935393214225748,4,0.04047524
L12_16k_l0445,12,16k,445,9180,4.563527461707848e-06,3.075415952480398e-05,0.0,-7.230043411252988e-05,0.00030758976936335,4,0.033724125
L12_16k_l0445,12,16k,445,9274,0.00015798931965279296,0.0003657618030956493,0.0,0.00013947486877435,0.0002871267497539,4,0.034093812
L12_16k_l0445,12,16k,445,9327,0.00038562172688925,0.00343161623459305,0.0,-0.004501074552536,0.01240053772926325,4,0.03820662
L12_16k_l0445,12,16k,445,9339,0.00013003125627109694,0.0005289043365337226,0.0,-0.0015790760517119906,0.0019742846488952,4,0.033313528
L12_16k_l0445,12,16k,445,9432,1.697437736735552e-05,0.0002475929941283,0.0,-0.00182038545608515,0.0022696256637573,4,0.031706378
L12_16k_l0445,12,16k,445,9452,0.0004197893552326,0.00407166837248945,0.0,0.0036674961447715005,0.0052849650382995,4,0.03554779
L12_16k_l0445,12,16k,445,9523,8.572579326534744e-05,0.0001346156204817,0.0,-0.0008687376976013,0.0008687376976013,1,0.036497846
L12_16k_l0445,12,16k,445,9543,5.744691329043125e-05,0.00013345414481589327,0.0,0.00044663250446315,0.00044663250446315,4,0.031935327
L12_16k_l0445,12,16k,445,9696,0.00010292184139605773,0.0004068531161465162,0.0,-0.00030061602592464787,0.004447728395462,4,0.037244078
L12_16k_l0445,12,16k,445,9793,0.0002986722626467,0.0042699449695646,0.0,-0.005505681037902785,0.007442221045494001,4,0.042734206
L12_16k_l0445,12,16k,445,9914,4.932830754293022e-05,0.00022073388390700003,0.0,-0.00149345397949215,0.00149345397949215,4,0.031811927
L12_16k_l0445,12,16k,445,9944,0.00133554641828705,0.024502601474523503,0.0,-0.022233314812183297,0.034923747181892346,4,0.044013705
L12_16k_l0445,12,16k,445,10068,0.0008329855705641,0.0195176033303141,0.0,-0.0043181180953979,0.00888088345527645,4,0.045270767
L12_16k_l0445,12,16k,445,10075,0.0007989168410932,0.0016001565381884,0.0,-0.011096179485321,0.0128094851970672,3,0.0491335
L12_16k_l0445,12,16k,445,10076,6.530869685716058e-05,0.0001040837814798,0.0,-0.000971496105194,0.000971496105194,3,0.03890592
L12_16k_l0445,12,16k,445,10138,0.0002225406558819,0.00063965871231625,0.0,0.0002933293581008677,0.00124086439609525,4,0.033244863
L12_16k_l0445,12,16k,445,10163,0.000103614946336372,0.00052690980373875,0.0,-0.00032773613929745,0.0006424337625503,4,0.0334342
L12_16k_l0445,12,16k,445,10228,4.996704234732626e-05,0.00054572639055545,0.0,0.00145615637302395,0.0029481053352355497,4,0.032097403
L12_16k_l0445,12,16k,445,10246,0.00018363720528235,0.00109398516360665,0.0,0.0015981830656528,0.0020534694194793,4,0.032476947
L12_16k_l0445,12,16k,445,10348,0.0003607059308959,0.00203572097234425,0.0,-0.0014083422720432,0.01120498776435845,4,0.031839028
L12_16k_l0445,12,16k,445,10371,0.0003171199320318,0.00138580997008825,0.0,0.00232142955064775,0.01029366254806515,4,0.035586745
L12_16k_l0445,12,16k,445,10465,0.00044717543701525,0.0083260065875947,0.0,-0.01024734973907465,0.0289602875709533,4,0.040381715
L12_16k_l0445,12,16k,445,10492,0.00012577747373344677,0.00020480724379008815,0.0,-0.00067204236984245,0.00067204236984245,4,0.03432048
L12_16k_l0445,12,16k,445,10596,0.00015326529313565,0.0012393837096169001,0.0,-0.0009093508124351001,0.00247507542371745,4,0.033145547
L12_16k_l0445,12,16k,445,10626,0.00010708366492390663,0.0008823708049021,0.0,0.00029867142438887124,0.0005020499229431001,4,0.03378268
L12_16k_l0445,12,16k,445,10643,0.0001638228645254514,0.0003877010312862428,0.0,0.0058535039424896,0.0061671435832977,2,0.032704305
L12_16k_l0445,12,16k,445,10662,2.6063939559421695e-06,2.8438545996323228e-05,0.0,3.2186508178710938e-06,9.024143218992344e-05,4,0.035803948
L12_16k_l0445,12,16k,445,10830,0.0002055254943674,0.0032626132015138,0.0,0.0036303400993347,0.0062344670295715,4,0.032788053
L12_16k_l0445,12,16k,445,10930,8.72030651399732e-05,0.000949653040152,0.0,-0.00029274821281429994,0.00443622469902035,4,0.032407124
L12_16k_l0445,12,16k,445,10935,4.425491831216561e-05,0.00033817843359425,0.0,0.00086632370948785,0.0008853077888488,4,0.03384665
L12_16k_l0445,12,16k,445,10978,7.238288793223436e-05,0.0001126744027715,0.0,0.0002511441707611,0.0002511441707611,1,0.0332174
L12_16k_l0445,12,16k,445,10984,0.00016953251972715,0.0019395011477171499,0.0,-0.0012870728969574,0.0079296678304672,4,0.047346264
L12_16k_l0445,12,16k,445,11001,0.00037992772736359997,0.0063135426025837495,0.0,0.0341979414224624,0.0341979414224624,4,0.031164201
L12_16k_l0445,12,16k,445,11172,0.00019358612831085,0.0023714340059086,0.0,-0.0266051292419433,0.0266051292419433,4,0.03244043
L12_16k_l0445,12,16k,445,11200,0.0010237212780934,0.0017415407346561,0.0,-0.0270689129829406,0.0270689129829406,1,0.035125233
L12_16k_l0445,12,16k,445,11241,0.0009018968888445,0.0096353967674076,0.0,-0.014047533273696849,0.014047533273696849,4,0.03924955
L12_16k_l0445,12,16k,445,11418,9.028287699451172e-05,0.0006898258579894499,0.0,0.0005725771188736001,0.00176225602626795,4,0.032728888
L12_16k_l0445,12,16k,445,11478,0.0012791594676167001,0.0239778275135904,0.25,0.01089496165513985,0.01089496165513985,4,0.0324568
L12_16k_l0445,12,16k,445,11507,3.434014844341764e-05,0.0002403487233095,0.0,-0.00209477543830865,0.00209477543830865,4,0.032691617
L12_16k_l0445,12,16k,445,11525,9.611545419085627e-05,0.00055515632266175,0.0,-0.0005862861871719,0.0018755495548248,4,0.03264516
L12_16k_l0445,12,16k,445,11607,0.00037401721046476105,0.0010069811251014,0.0,-0.00046804547309869997,0.007344998419284749,4,0.037124585
L12_16k_l0445,12,16k,445,11642,0.00051853279528605,0.00193760171532625,0.0,0.0122362375259399,0.0122362375259399,4,0.031586923
L12_16k_l0445,12,16k,445,11734,0.0001575470545906515,0.0009286063432227,0.0,0.00215598940849295,0.00257839262485495,4,0.031303685
L12_16k_l0445,12,16k,445,11736,0.00035599225646095,0.008102653082460099,0.0,0.00110682845115665,0.01874363422393795,4,0.036895115
L12_16k_l0445,12,16k,445,11782,0.0002734692874607,0.0010244739241898,0.0,0.00045768916606905006,0.0026362910866737,4,0.033339053
L12_16k_l0445,12,16k,445,11803,4.965399386563697e-05,0.0001656131644267,0.0,-0.0012418627738952372,0.00242134928703305,4,0.03129216
L12_16k_l0445,12,16k,445,11814,0.0012160648308867498,0.02333401236683125,0.0,0.00150182843208305,0.00236485898494715,4,0.04083639
L12_16k_l0445,12,16k,445,11902,4.990606605669905e-07,1.0342780285554907e-06,0.0,-2.6151537895202637e-06,6.429851055145264e-06,4,0.0344004
L12_16k_l0445,12,16k,445,11945,0.00017077581289393518,0.00116668490227305,0.0,-0.0018964707851409422,0.010226488113403251,4,0.034364354
L12_16k_l0445,12,16k,445,11957,0.0002568976977673,0.0013458963076118,0.0,-0.01589754223823545,0.01589754223823545,4,0.03225679
L12_16k_l0445,12,16k,445,12151,8.610387240780526e-06,6.496587775471169e-05,0.0,-4.78625297545959e-05,0.0002229511737823,4,0.03151193
L12_16k_l0445,12,16k,445,12233,0.0007918150343642,0.01514187874272465,0.0,0.0205320008099079,0.03720498830080025,4,0.04238965
L12_16k_l0445,12,16k,445,12272,2.4585240434984262e-05,0.00011234074190720001,0.0,-0.0009683966636657309,0.0022872984409331503,4,0.031489424
L12_16k_l0445,12,16k,445,12290,0.00010586631964778741,0.0006412109360098001,0.0,0.00363309681415555,0.0043965876102447,4,0.031899042
L12_16k_l0445,12,16k,445,12298,6.457374531972718e-05,0.0014525617243634392,0.0,0.0092033743858337,0.0092033743858337,4,0.031412616
L12_16k_l0445,12,16k,445,12322,0.0003152207007696,0.0008908672025427,0.0,-0.005150943994522,0.005150943994522,3,0.032593116
L12_16k_l0445,12,16k,445,12417,0.0001572843268253647,0.00088911235798145,0.0,3.211200237270694e-05,0.0016853809356689,4,0.033557512
L12_16k_l0445,12,16k,445,12422,7.022333138724158e-05,0.00093665882013735,0.0,-0.0012520551681518175,0.00228661298751825,4,0.037922528
L12_16k_l0445,12,16k,445,12496,0.00020333199380948258,0.0006519534799735501,0.0,-0.0015268623828886998,0.006192207336425701,4,0.03407398
L12_16k_l0445,12,16k,445,12511,8.207371567073403e-05,0.0003718058142112,0.0,-0.0038186311721801268,0.00548991560935965,4,0.031649344
L12_16k_l0445,12,16k,445,12546,0.0008827406688302,0.0025037343148142,0.0,0.0214488059282302,0.0214488059282302,4,0.060863074
L12_16k_l0445,12,16k,445,12551,0.00031649486023885,0.0031138824997469002,0.0,-0.00641690939664835,0.011683985590934701,4,0.03361309
L12_16k_l0445,12,16k,445,12696,1.2002049703373156e-06,3.6635856304201297e-06,0.0,-8.422136306761289e-05,8.422136306761289e-05,4,0.032504868
L12_16k_l0445,12,16k,445,12754,0.0009303016659075,0.0022748683113604,0.0,0.0009243488311767,0.0096300840377807,3,0.032473322
L12_16k_l0445,12,16k,445,12841,0.0002579003612563,0.00196319899987425,0.0,0.0040098205208778,0.00703812390565865,4,0.032050572
L12_16k_l0445,12,16k,445,12911,0.00015116060849915,0.0026268125511705,0.0,0.00942073017358775,0.00942073017358775,4,0.03187933
L12_16k_l0445,12,16k,445,12926,0.076462953626727,1.9243949949741364,0.5,0.18344858288764948,0.18344858288764948,4,0.043548845
L12_16k_l0445,12,16k,445,12969,0.00016318786850281594,0.0006104805070208,0.0,-0.00040641427040095,0.0012941956520080501,4,0.03305146
L12_16k_l0445,12,16k,445,12972,0.00032215861066305,0.00194260635180395,0.0,0.018702238798141452,0.018702238798141452,4,0.041538965
L12_16k_l0445,12,16k,445,13039,0.00025271714186715,0.00136976502835745,0.0,-0.0052007585763931,0.00536557286977765,4,0.031574115
L12_16k_l0445,12,16k,445,13154,0.0002963024238548,0.0022443663328885503,0.0,0.0172621607780456,0.0172621607780456,4,0.04032071
L12_16k_l0445,12,16k,445,13160,0.00025388917731765,0.00295781879685815,0.0,0.0066183656454086,0.0069261491298675,4,0.036698177
L12_16k_l0445,12,16k,445,13161,0.0004997850808779,0.001123335561715,0.25,0.0014961436390876,0.0039513781666755,4,0.034733236
L12_16k_l0445,12,16k,445,13164,8.691063384622975e-05,0.00063179084099825,0.0,-0.0033005028963088504,0.0033005028963088504,4,0.03260135
L12_16k_l0445,12,16k,445,13219,0.00022575025551514998,0.00527365610469125,0.25,0.0063936114311218,0.0152359306812286,4,0.042784397
L12_16k_l0445,12,16k,445,13282,0.00012740416626026368,0.0002690419205464291,0.0,0.0038978010416030814,0.00412619113922115,4,0.033159934
L12_16k_l0445,12,16k,445,13308,9.850748012714713e-05,0.00030696800240546924,0.0,0.00011253356933595001,0.00183156132698055,4,0.03334422
L12_16k_l0445,12,16k,445,13328,0.00013077694614405,0.00116810755571345,0.0,0.00520633906126015,0.0052699819207191,4,0.034138054
L12_16k_l0445,12,16k,445,13352,0.00018145789486124998,0.00186448602471495,0.0,0.010891623795032451,0.010891623795032451,4,0.033370566
L12_16k_l0445,12,16k,445,13380,0.00021532112851625,0.0014009110163896998,0.25,0.00326374173164365,0.01536998152732845,4,0.03325166
L12_16k_l0445,12,16k,445,13401,0.0007434566718820437,0.00190225197002285,0.0,-0.0009130537509918,0.0085610449314117,2,0.043467067
L12_16k_l0445,12,16k,445,13551,6.051463136947632e-05,0.00047094473848115003,0.0,-0.00153338909149165,0.00268369913101195,4,0.032726374
L12_16k_l0445,12,16k,445,13573,8.042396428840703e-05,0.0016709864139556499,0.0,-0.0012924969196319502,0.0117511451244354,4,0.041459646
L12_16k_l0445,12,16k,445,13576,0.00019495723116519796,0.00120423361659045,0.0,0.0007196813821792999,0.00444665551185605,4,0.034386568
L12_16k_l0445,12,16k,445,13638,0.0007374318856578,0.0011788832489401,0.0,0.0072245001792907,0.0072245001792907,1,0.033631552
L12_16k_l0445,12,16k,445,13742,8.90982816074052e-05,0.0010585422860457999,0.0,0.00111624598503115,0.0050595700740814,4,0.032818105
L12_16k_l0445,12,16k,445,13816,0.00029431111693945,0.00183142116293305,0.25,0.0043592602014541505,0.00869482010602945,4,0.033256017
L12_16k_l0445,12,16k,445,13820,0.00011219286761130032,0.0002101612553815,0.0,0.00038034468889236407,0.00120786577463145,4,0.0353553
L12_16k_l0445,12,16k,445,13829,3.1262128275675767e-05,0.0001104046677937,0.0,-0.0001278221607207832,0.00012820959091182325,4,0.03194981
L12_16k_l0445,12,16k,445,13874,0.0009421098302667,0.0014968677423894,0.0,-0.0095760822296142,0.0095760822296142,1,0.034357842
L12_16k_l0445,12,16k,445,13968,0.00014462581470904573,0.00031779530399943733,0.0,0.00287634134292605,0.0033594965934753,4,0.03398884
L12_16k_l0445,12,16k,445,13988,4.5417048457608195e-05,0.00028678252419915,0.0,-0.00045551359653464997,0.0015478879213332499,4,0.03193645
L12_16k_l0445,12,16k,445,14009,9.048561700742897e-05,0.00054633911349805,0.0,-0.00045653432607645,0.00170196592807765,4,0.03171533
L12_16k_l0445,12,16k,445,14059,4.493514850234639e-05,0.00042831847167685,0.0,0.00337466597557065,0.00337466597557065,4,0.03444425
L12_16k_l0445,12,16k,445,14087,0.00022171404555645,0.0004982620594091,0.0,-0.0009152591228484711,0.00103852152824395,4,0.032311566
L12_16k_l0445,12,16k,445,14119,0.00014430233274099257,0.00251653970917685,0.0,-0.0048385858535766,0.017173603177070552,4,0.03612793
L12_16k_l0445,12,16k,445,14145,0.00022464593360550003,0.00408756779506795,0.0,0.0004801973700523498,0.0097475722432136,4,0.033429626
L12_16k_l0445,12,16k,445,14283,0.0001159127810307411,0.00045733884326179996,0.0,-0.00017776340246199998,0.00229383260011665,4,0.032738417
L12_16k_l0445,12,16k,445,14304,0.00028321374479514997,0.002338605816476,0.0,0.002942100167274444,0.0066364407539367,4,0.032458942
L12_16k_l0445,12,16k,445,14312,0.00028773632508505,0.00136009254492815,0.0,0.0025356113910675005,0.0180161297321319,4,0.032009203
L12_16k_l0445,12,16k,445,14402,0.00053936975266175,0.0029070709715597,0.0,0.00345617532730095,0.00345617532730095,2,0.04557087
L12_16k_l0445,12,16k,445,14435,0.0003404459861001,0.0005053448840044,0.0,-0.0010682642459869,0.0010682642459869,1,0.033641055
L12_16k_l0445,12,16k,445,14475,0.0001617277284024,0.0008276827284134499,0.0,-0.00348488986492155,0.00348488986492155,4,0.03144091
L12_16k_l0445,12,16k,445,14504,0.00012599825060118764,0.0016847408842295,0.0,-0.009117901325225799,0.0108238458633422,4,0.03283225
L12_16k_l0445,12,16k,445,14519,0.00027440840596229657,0.00082160827878395,0.0,0.0029950141906738502,0.0143840610980987,4,0.03569778
L12_16k_l0445,12,16k,445,14523,0.0002868910059446,0.0009380356641486,0.0,0.00471144169569015,0.00471144169569015,4,0.034367416
L12_16k_l0445,12,16k,445,14568,0.0001942214516776,0.0004505897231865,0.0,0.0017934590578078998,0.0017934590578078998,4,0.03959508
L12_16k_l0445,12,16k,445,14622,8.434518086485611e-05,0.0004497205663937901,0.0,0.007199823856353749,0.007199823856353749,4,0.032707036
L12_16k_l0445,12,16k,445,14623,8.791300538298774e-05,0.0008152356022037,0.0,0.001121021807193752,0.00551506876945495,4,0.03267783
L12_16k_l0445,12,16k,445,14667,0.00016448969506466932,0.0009571859554853,0.0,0.003321036696434,0.003321036696434,4,0.03376793
L12_16k_l0445,12,16k,445,14931,6.27527243148e-05,0.0002877779770642,0.0,0.0019304752349853,0.0019304752349853,1,0.04147388
L12_16k_l0445,12,16k,445,14971,0.0002215474380833,0.0003440084692556,0.0,-0.0015568733215332,0.0015568733215332,1,0.033340678
L12_16k_l0445,12,16k,445,14981,0.00037537162975714996,0.005877147661522,0.0,-0.007283680140972099,0.0085875391960144,4,0.03533577
L12_16k_l0445,12,16k,445,14989,0.00010626530588518526,0.00018385806470175,0.0,-0.00184312462806695,0.00184312462806695,4,0.037038907
L12_16k_l0445,12,16k,445,15021,0.0015451383479261,0.0256355460733175,0.25,0.0463515035808086,0.0463515035808086,4,0.04152849
L12_16k_l0445,12,16k,445,15040,0.00067722689378425,0.00110048957867545,0.0,0.0045040845870972,0.0074630975723266,2,0.03384977
L12_16k_l0445,12,16k,445,15055,0.0004844936660046775,0.0040668303845450005,0.0,0.0019871294498443,0.02084481716156,4,0.032314222
L12_16k_l0445,12,16k,445,15098,4.75234006336724e-05,0.00023874675389375,0.0,0.00126911699771885,0.001553475856781,4,0.03232713
L12_16k_l0445,12,16k,445,15108,5.692087026299719e-05,0.0005633337859762,0.0,0.0028714984655379997,0.0028714984655379997,4,0.03384649
L12_16k_l0445,12,16k,445,15175,0.00017328539488696988,0.0016824569320306,0.0,-0.0062942802906035995,0.0067636892199516,4,0.04157107
L12_16k_l0445,12,16k,445,15241,3.0823670196491006e-06,6.092457624617964e-06,0.0,0.000201940536499,0.000201940536499,1,0.03247999
L12_16k_l0445,12,16k,445,15308,0.00029916984270165,0.0038031393196433,0.0,-0.00638628005981445,0.027259886264801,4,0.035063956
L12_16k_l0445,12,16k,445,15323,0.0003005411815196,0.0031995410099625,0.0,0.00841799378395075,0.01193917542695995,4,0.041616566
L12_16k_l0445,12,16k,445,15339,2.8640814877442467e-05,4.837589278849919e-05,0.0,0.0004936754703521645,0.0005044937133788979,4,0.035120886
L12_16k_l0445,12,16k,445,15387,0.0004953825441249,0.00925041828304525,0.0,0.0044641867280006,0.0044641867280006,4,0.033094075
L12_16k_l0445,12,16k,445,15388,0.00015403955693574006,0.0002587582712294,0.0,0.0002442672848701453,0.00052461773157115,4,0.03392828
L12_16k_l0445,12,16k,445,15414,6.401096213671347e-05,0.0006422567130357,0.0,0.0003882348537444953,0.0071487724781036,4,0.031781252
L12_16k_l0445,12,16k,445,15477,6.533619576334766e-05,0.00018277915660291693,0.0,0.00078669190406795,0.00078669190406795,4,0.032641616
L12_16k_l0445,12,16k,445,15485,0.0024130486311595,0.0454326197504997,0.0,-0.020103767514228852,0.026918515563011152,4,0.039393842
L12_16k_l0445,12,16k,445,15516,0.0008869556982357001,0.0101533079287037,0.0,0.00951924920082085,0.009952478110790199,4,0.039401762
L12_16k_l0445,12,16k,445,15559,0.00023781753529250003,0.0014811553992331,0.0,-0.0016438663005828998,0.0046389698982238,4,0.034525592
L12_16k_l0445,12,16k,445,15656,0.00032393132336654997,0.005568340420722901,0.0,0.017410859465599,0.017410859465599,4,0.03244638
L12_16k_l0445,12,16k,445,15674,0.00025855999259175,0.00071844755439085,0.0,-0.0003539919853210499,0.00494723021984095,4,0.0326358
L12_16k_l0445,12,16k,445,15701,0.0002565672783329,0.0004292023368179,0.0,-0.0001401305198669,0.0013165101408958,3,0.033774097
L12_16k_l0445,12,16k,445,15721,0.0006734210998896001,0.01922120712697505,0.25,0.0007904917001723499,0.0051224790513515,4,0.036390375
L12_16k_l0445,12,16k,445,15871,0.00039307674368624997,0.00100921362172805,0.0,0.0024209171533584,0.0024209171533584,4,0.033086184
L12_16k_l0445,12,16k,445,15910,0.00022330466636805,0.00338309328071765,0.0,-0.0013855397701263,0.0036240071058273,4,0.031591907
L12_16k_l0445,12,16k,445,16019,0.00021521292037055,0.00092173567099955,0.0,0.0094356536865234,0.0094356536865234,4,0.03404831
L12_16k_l0445,12,16k,445,16122,0.0001515234751426,0.00087091093882915,0.0,0.00329062342643735,0.00371931493282315,4,0.032273732
L12_16k_l0445,12,16k,445,16190,0.00013315322855146563,0.00078791164560235,0.0,-0.00019261240959164998,0.00131008774042125,4,0.037559677
L12_16k_l0445,12,16k,445,16233,0.0017369935628801499,0.0675674453377723,0.25,-0.0117085203528404,0.08273756504058835,4,0.041671153
L12_16k_l0445,12,16k,445,16277,0.0002748212541724,0.0004605399444699,0.0,-0.0005929842591285,0.0005929842591285,1,0.038288556
L12_16k_l0445,12,16k,445,16325,0.00041155996823865,0.0006652701413257999,0.0,0.00335741043090815,0.00705847144126885,4,0.033625197
L12_16k_l0445,12,16k,445,16370,1.3184489233485535e-05,4.30565432907315e-05,0.0,-0.0011437833309173502,0.0011437833309173502,4,0.03378764
L12_16k_l082,12,16k,82,47,0.00023609277890655,0.00174069375498215,0.0,0.0042890310287475005,0.01362726092338555,4,0.033218473
L12_16k_l082,12,16k,82,91,0.007337963720733051,0.2508443593978882,0.75,0.19177277386188504,0.19177277386188504,4,0.042552076
L12_16k_l082,12,16k,82,144,0.0003118222505932,0.0025669005699455,0.25,0.007208522409200651,0.0100221000611782,4,0.042341117
L12_16k_l082,12,16k,82,250,0.0010706370301687,0.0267895641736686,0.0,-0.0480282008647918,0.05674859881401055,4,0.03794712
L12_16k_l082,12,16k,82,271,4.0636597311785586e-05,0.00028769184427795,0.0,-0.00076130032539365,0.00239536166191095,4,0.03176797
L12_16k_l082,12,16k,82,277,0.00021270233629015,0.0023681211750954,0.0,0.0004381686449050999,0.008409708738327,4,0.034183048
L12_16k_l082,12,16k,82,282,0.00019695622866885,0.0011159309651702,0.0,-0.00334699451923367,0.00719849765300745,4,0.034947317
L12_16k_l082,12,16k,82,380,0.00020374061331445,0.0053542621899396,0.0,-0.01198053359985345,0.01900815218687055,4,0.034478694
L12_16k_l082,12,16k,82,425,0.0006897837187429999,0.01012280886061485,0.0,0.01596117019653315,0.0249327793717384,4,0.04063581
L12_16k_l082,12,16k,82,472,0.00014176044368391095,0.00086366583127525,0.0,0.0023535043001174497,0.0038630515336989498,4,0.032315414
L12_16k_l082,12,16k,82,477,0.000126246050662,0.0004332254175096,0.0,0.0024130046367645,0.0050610601902008,3,0.0353294
L12_16k_l082,12,16k,82,562,0.00036514122564145,0.0076379540842026,0.0,-0.0104821622371673,0.0247884392738342,4,0.03566155
L12_16k_l082,12,16k,82,662,0.0002112059618337,0.00227684085257345,0.0,0.00789123773574825,0.00789123773574825,4,0.034103
L12_16k_l082,12,16k,82,675,0.00174913250687355,0.0401592859998345,0.0,0.07975813746452325,0.07975813746452325,4,0.037704483
L12_16k_l082,12,16k,82,677,0.00031371018768945,0.0040564683731644504,0.0,0.0036506131291389,0.0045162253081798,4,0.034996618
L12_16k_l082,12,16k,82,697,0.00012713729360215,0.0012648858246392999,0.0,0.00114242732524865,0.00185821950435635,4,0.0375499
L12_16k_l082,12,16k,82,787,0.0003310196825908,0.0092312199994921,0.0,-0.0156356394290924,0.018152326345443698,2,0.045104906
L12_16k_l082,12,16k,82,788,9.869580542707829e-05,0.0019826013594865,0.0,-0.0114050507545471,0.0114050507545471,4,0.032261748
L12_16k_l082,12,16k,82,805,0.00021106985118415,0.0017188410274684,0.0,0.0004526227712631,0.0016713142395019,4,0.031937692
L12_16k_l082,12,16k,82,844,0.00011666861708545435,0.00062453458667725,0.0,0.00280493497848505,0.00280493497848505,4,0.03313158
L12_16k_l082,12,16k,82,948,2.3429658734911085e-06,3.3053085644496605e-05,0.0,-0.0002336502075195,0.0003774464130401,4,0.0395409
L12_16k_l082,12,16k,82,974,0.00041003547080649996,0.00136179930996145,0.0,0.00189033150672905,0.009312540292739799,4,0.03261882
L12_16k_l082,12,16k,82,1067,0.0004491389159818,0.001405005576089,0.0,-0.0017517209053039503,0.00831288099288935,2,0.03794092
L12_16k_l082,12,16k,82,1077,0.0020143253470317002,0.0527220014482736,0.25,0.0004884153604507498,0.0162125378847122,4,0.0423777
L12_16k_l082,12,16k,82,1187,7.653155262250589e-05,0.00167375861201435,0.0,0.008770167827606149,0.008770167827606149,4,0.032683466
L12_16k_l082,12,16k,82,1234,1.003504558162469e-06,4.73919271826162e-06,0.0,-4.422664642333984e-05,4.422664642333984e-05,1,0.03946279
L12_16k_l082,12,16k,82,1260,0.00023866490360751464,0.0051444889977574,0.0,0.0120172351598739,0.01410850882530205,4,0.03196946
L12_16k_l082,12,16k,82,1294,0.0017284032357660498,0.03290305938571685,0.0,0.07746377587318415,0.07746377587318415,4,0.038074847
L12_16k_l082,12,16k,82,1325,0.0003483926470213,0.0018298634095117,0.0,0.0023665130138396497,0.0023665130138396497,4,0.03705943
L12_16k_l082,12,16k,82,1332,0.0003189930844157,0.0010142959654331,0.0,-0.0067670047283172,0.0067670047283172,1,0.033638224
L12_16k_l082,12,16k,82,1344,0.000173724383092,0.00149886484723535,0.0,0.0083881020545959,0.0094761997461318,4,0.033005714
L12_16k_l082,12,16k,82,1378,0.00019147011540437142,0.0029994316864757997,0.0,0.0041212588548660495,0.012744128704071,4,0.033525
L12_16k_l082,12,16k,82,1476,0.00012339080072955,0.0012463391758501,0.0,0.00697182118892665,0.00697182118892665,4,0.03767357
L12_16k_l082,12,16k,82,1489,0.0003079819834407,0.00434816558845335,0.0,-0.006669349968433351,0.01456679403781885,4,0.03547886
L12_16k_l082,12,16k,82,1493,6.360805155329033e-05,0.0005882363475393,0.0,-0.0063762366771697564,0.0076720416545867,4,0.034370564
L12_16k_l082,12,16k,82,1724,0.00035418340975315,0.01266984082758425,0.0,-0.0072113722562789,0.01988874375820155,4,0.041536976
L12_16k_l082,12,16k,82,1864,0.00038739443744765,0.0061434721574187,0.0,-0.00256565213203425,0.0142495036125183,4,0.035548188
L12_16k_l082,12,16k,82,1930,0.00020254786642685,0.0009684412507339501,0.0,0.00122487545013425,0.0036476403474807496,4,0.035948522
L12_16k_l082,12,16k,82,2004,4.7165045022776746e-05,0.0004527836654232961,0.0,0.004612654447555493,0.004620492458343457,4,0.034767367
L12_16k_l082,12,16k,82,2017,0.0007697572550964501,0.01319937407970425,0.25,-0.00822449475526805,0.034998819231987,4,0.041371472
L12_16k_l082,12,16k,82,2030,1.9057663982823528e-06,1.0273281986883376e-05,0.0,0.000115692615509,0.000115692615509,1,0.035139743
L12_16k_l082,12,16k,82,2137,0.00011030575503527047,0.00041023278026835,0.0,0.0014384090900421498,0.00194054841995235,2,0.03855278
L12_16k_l082,12,16k,82,2197,0.00010817661637673885,0.00048059027176345,0.0,-0.00034093856811515,0.0009351670742034,4,0.033489417
L12_16k_l082,12,16k,82,2251,0.0077991075416927996,0.08273495920002455,0.25,0.03037258237600325,0.05102006345987315,4,0.040848605
L12_16k_l082,12,16k,82,2268,0.0004601448819714,0.004589463584125,0.0,-0.0028726682066917506,0.025905184447765302,4,0.03446318
L12_16k_l082,12,16k,82,2329,0.0001211974654344,0.00097747461404645,0.0,0.001293703913688659,0.00324241816997525,4,0.03497187
L12_16k_l082,12,16k,82,2395,0.0001652610650941546,0.0023048672592267,0.0,-0.0007656663656235001,0.0169669240713119,4,0.033389457
L12_16k_l082,12,16k,82,2399,0.00018140778739309882,0.00108706054743375,0.0,0.001381434500217394,0.0100011825561523,4,0.031330258
L12_16k_l082,12,16k,82,2403,0.00016928574693065,0.00219605269376185,0.0,0.0044556111097335,0.008030354976654,4,0.0341302
L12_16k_l082,12,16k,82,2440,0.0008940811266867,0.00819516927003855,0.0,-0.0095149204134941,0.027374692261219,4,0.04077359
L12_16k_l082,12,16k,82,2869,0.00029785757719355,0.0037521055201068,0.0,-0.00191614031791685,0.006822623312473249,4,0.041575275
L12_16k_l082,12,16k,82,2870,0.0001921181277983485,0.0030913060763849997,0.0,-0.00276336073875425,0.0111384689807891,4,0.041374754
L12_16k_l082,12,16k,82,2953,0.00020989479692715,0.0009341828990727001,0.0,-0.0006483942270279001,0.0020233839750289,2,0.041508388
L12_16k_l082,12,16k,82,2988,0.0019029739628400998,0.0773834306746721,0.25,0.0503337979316711,0.1185940504074096,4,0.04101796
L12_16k_l082,12,16k,82,3176,0.0001103820341926,0.0003992791462223,0.0,-0.0027949288487434,0.0027949288487434,3,0.037811108
L12_16k_l082,12,16k,82,3235,0.0004136424211807,0.0044861126225441,0.0,0.03085711598396295,0.03085711598396295,4,0.041146275
L12_16k_l082,12,16k,82,3248,6.831467812952376e-05,0.00038288955693125,0.0,-0.0007920414209364999,0.0012615472078323,4,0.036408566
L12_16k_l082,12,16k,82,3381,0.0002027734103285395,0.00270565185928715,0.0,-0.013680323958396873,0.01411776244640345,4,0.033703823
L12_16k_l082,12,16k,82,3523,0.00021751261635695002,0.0029624209273606,0.25,-0.00467844307422635,0.01283219456672665,4,0.03365269
L12_16k_l082,12,16k,82,3638,0.00088553807229995,0.0070160394534468495,0.0,0.008713208138942701,0.0179580003023147,4,0.036973614
L12_16k_l082,12,16k,82,3648,0.0002054479897052481,0.0021792180632473498,0.0,0.00221374630928035,0.00295439362525935,4,0.038217183
L12_16k_l082,12,16k,82,3702,0.0002104792948283,0.00221763481386,0.0,0.0016107745468616,0.0016107745468616,4,0.0335702
L12_16k_l082,12,16k,82,3710,0.0001913381763473,0.00363533874042325,0.0,0.0071107447147369,0.0103373229503631,4,0.035862416
L12_16k_l082,12,16k,82,3718,0.0002120314217041,0.0008216011337935,0.0,-0.0019597709178924,0.0019597709178924,3,0.044333786
L12_16k_l082,12,16k,82,3730,0.00019072610607289998,0.0021521407179534,0.0,-0.01056236773729315,0.012621432542800851,4,0.03517286
L12_16k_l082,12,16k,82,3751,0.00576402205039925,0.09472718462347979,0.25,-0.040076494216918904,0.04701672121882435,4,0.04395464
L12_16k_l082,12,16k,82,3756,0.0001819597103338,0.00157971703447395,0.0,0.00039733946323395003,0.014706075191497749,4,0.032345872
L12_16k_l082,12,16k,82,3899,0.0002791085214789,0.0012500123120844,0.0,-0.00253765657544135,0.00253765657544135,4,0.043756295
L12_16k_l082,12,16k,82,3903,6.706000410766784e-05,0.00044359709136179996,0.0,0.00319755077362055,0.00530207157135005,4,0.03731977
L12_16k_l082,12,16k,82,4169,0.0020158591734390496,0.08788859471678731,0.25,-0.01299907267093655,0.0162403732538223,4,0.047357123
L12_16k_l082,12,16k,82,4185,0.0001751343315922,0.0066862143576145,0.0,-0.00545448064804075,0.00545448064804075,4,0.040514734
L12_16k_l082,12,16k,82,4217,0.00010820922736272494,0.00036232351703797695,0.0,-0.0032165944576263003,0.0032165944576263003,2,0.038192365
L12_16k_l082,12,16k,82,4313,0.0002687286353685,0.00229513365775345,0.0,0.00606468319892885,0.01051400601863855,4,0.04244948
L12_16k_l082,12,16k,82,4314,3.610213307316816e-05,0.00034976596361954997,0.0,0.00014039874076841681,0.00075322389602655,4,0.032068986
L12_16k_l082,12,16k,82,4331,0.00015096448396285,0.00232070253696285,0.0,-0.00719951093196865,0.00719951093196865,4,0.03301292
L12_16k_l082,12,16k,82,4408,0.00020232920055315,0.0044541100505739,0.0,0.0029355436563492,0.00969779491424555,4,0.03456287
L12_16k_l082,12,16k,82,4447,5.48086324895048e-06,2.1602423657896e-05,0.0,-0.0001775622367858,0.0001775622367858,1,0.039811756
L12_16k_l082,12,16k,82,4565,0.00015620864063765,0.0020623905002139,0.0,0.00115726888179775,0.0076685547828673995,4,0.04571148
L12_16k_l082,12,16k,82,4586,0.0002227384089929,0.0036715583410113503,0.0,-0.01328773051500315,0.01328773051500315,4,0.04154756
L12_16k_l082,12,16k,82,4657,0.0009333847085599,0.01635153032839295,0.0,0.00554980710148815,0.0161703564226627,4,0.037222352
L12_16k_l082,12,16k,82,4658,0.0003272406118593,0.01030947640538215,0.25,0.00246429443359375,0.012390509247779801,4,0.03931691
L12_16k_l082,12,16k,82,4864,9.675780548868633e-05,0.0012639841297641002,0.0,-0.00809404999017715,0.0103913694620132,4,0.03159132
L12_16k_l082,12,16k,82,4913,0.00017540666537415,0.00158224889310075,0.0,-0.002807155251503,0.0087180435657501,4,0.036007635
L12_16k_l082,12,16k,82,5013,0.01101893505102775,0.4612160511314869,0.25,-0.0062740147113800005,0.05549275875091545,4,0.048248816
L12_16k_l082,12,16k,82,5052,0.0002572369447969,0.0022865965729579,0.0,-0.00421777367591855,0.01581603288650505,4,0.035811186
L12_16k_l082,12,16k,82,5067,0.00036685350554599997,0.00699532777070995,0.0,0.01028636097908015,0.01028636097908015,4,0.03556407
L12_16k_l082,12,16k,82,5150,0.00031883764512139997,0.0014076413935981,0.0,0.00132966041564935,0.00132966041564935,2,0.034592766
L12_16k_l082,12,16k,82,5250,0.00027335331352905,0.00212206575088195,0.0,-0.00860244035720825,0.00860244035720825,4,0.033932652
L12_16k_l082,12,16k,82,5287,0.0023885845872474998,0.03191525861620895,0.25,-0.009510941803455353,0.05823659896850585,4,0.04204847
L12_16k_l082,12,16k,82,5349,3.080642560071173e-05,0.00025042372726601575,0.0,0.00150379538536065,0.00150379538536065,4,0.041955438
L12_16k_l082,12,16k,82,5470,0.00259688512558935,0.0726797245442867,0.25,0.010661281645298,0.0449858754873275,4,0.046625048
L12_16k_l082,12,16k,82,5505,0.0001972066163621,0.0012139398022554,0.0,0.0019176602363586502,0.005660682916641201,4,0.04053839
L12_16k_l082,12,16k,82,5546,1.2181698505486825e-05,0.00016956599029068766,0.0,-0.0008334815502166,0.0008334815502166,4,0.034045495
L12_16k_l082,12,16k,82,5661,0.00032263708638985,0.0024174673017114,0.0,0.0060515701770782,0.0086985900998115,4,0.034053374
L12_16k_l082,12,16k,82,5820,0.00024269847489025002,0.00237903557717795,0.0,0.01129010692238805,0.01667033508419985,4,0.04073001
L12_16k_l082,12,16k,82,5827,8.798380589103227e-05,0.0017782180802895999,0.0,-0.0026691257953643504,0.0175431072711944,4,0.03535435
L12_16k_l082,12,16k,82,5924,5.5699118392711945e-05,0.0001741676824167,0.0,0.0012991428375244,0.0012991428375244,1,0.0356373
L12_16k_l082,12,16k,82,5933,0.0013762149084359,0.0255442261695861,0.0,0.03122499585151665,0.03122499585151665,4,0.04419912
L12_16k_l082,12,16k,82,5934,0.00016824993222039304,0.0016446261433883998,0.0,0.00392565131187435,0.0063606500625610005,4,0.033555295
L12_16k_l082,12,16k,82,6122,0.0016862063914952,0.038469670340418746,0.25,0.021165015175938547,0.021165015175938547,4,0.039755806
L12_16k_l082,12,16k,82,6140,0.00044241586315119997,0.0067396450322121,0.0,-0.016837894916534348,0.016837894916534348,4,0.060381383
L12_16k_l082,12,16k,82,6199,5.698770188582551e-06,4.572705438476987e-05,0.0,5.051493644713945e-05,0.0007033050060272,4,0.03236644
L12_16k_l082,12,16k,82,6204,0.00026854394011685003,0.00157468213001265,0.0,-0.00177344679832455,0.0036652237176895,4,0.032459904
L12_16k_l082,12,16k,82,6264,0.0002650344998823,0.003599134623073,0.0,0.0189636200666427,0.0189636200666427,4,0.036643647
L12_16k_l082,12,16k,82,6340,7.958700832119559e-05,0.00041449081618334996,0.0,0.0026713311672210997,0.0049059987068176,4,0.033857074
L12_16k_l082,12,16k,82,6373,5.81194569983847e-05,0.0002063678984995,0.0,0.002268373966217,0.002268373966217,3,0.033137884
L12_16k_l082,12,16k,82,6446,8.446009656707721e-05,0.00046102175292617116,0.0,-0.0013555437326431094,0.0014190673828124501,4,0.035068553
L12_16k_l082,12,16k,82,6513,0.0001786155976140659,0.00116000632988285,0.0,0.0011942982673644853,0.0065177828073501,4,0.036284536
L12_16k_l082,12,16k,82,6559,2.285830022395301e-05,0.0002513683866709,0.0,-4.723668098447696e-05,0.0010459721088408999,4,0.03300008
L12_16k_l082,12,16k,82,6579,0.0001743826474989,0.00211781787220385,0.0,0.0007597059011458999,0.0101391524076461,4,0.031902093
L12_16k_l082,12,16k,82,6591,8.730653777112691e-05,0.0009426049655303,0.0,0.0023844912648200503,0.0033688694238662,4,0.033262793
L12_16k_l082,12,16k,82,6626,0.00022978181143175,0.0042517674155533,0.0,-0.006810307502746551,0.0115386843681335,4,0.033997152
L12_16k_l082,12,16k,82,6638,0.00014187291984455,0.0010648113675415,0.0,0.007920362055301649,0.007920362055301649,4,0.032327097
L12_16k_l082,12,16k,82,6651,0.00014656176628015,0.0014214039547368,0.0,0.0024057030677795002,0.005897931754588999,4,0.03221812
L12_16k_l082,12,16k,82,6701,0.0002104953437822,0.0012529223458841,0.0,0.00600856542587275,0.00600856542587275,4,0.0368196
L12_16k_l082,12,16k,82,6792,2.6053017427489718e-05,0.0001177195226773,0.0,-0.0003883242607117,0.0034566819667816,4,0.044594053
L12_16k_l082,12,16k,82,6862,0.00013946847882935,0.0013797120773233,0.0,0.0004827678203583,0.00387725234031675,4,0.045989797
L12_16k_l082,12,16k,82,6872,0.00017278808651500002,0.00208942522294815,0.0,-0.00573416799306865,0.00573416799306865,4,0.037031054
L12_16k_l082,12,16k,82,6875,3.42378488968673e-05,0.00024923682212825004,0.0,0.0014726668596266998,0.0014726668596266998,4,0.032338306
L12_16k_l082,12,16k,82,6886,0.00021628267226447717,0.00137379957595835,0.0,0.0010100901126861,0.007026046514511049,4,0.034497645
L12_16k_l082,12,16k,82,6904,0.00013155421843754998,0.00076367723522705,0.0,0.00040417909622190003,0.00203561782836905,4,0.040999576
L12_16k_l082,12,16k,82,7124,0.0016390379461323,0.0349207464605569,0.0,0.06382818520069114,0.08889548480510705,4,0.042432867
L12_16k_l082,12,16k,82,7128,0.00016875140059941684,0.000641937469481473,0.0,-0.004336848855018599,0.004851147532463,2,0.03244868
L12_16k_l082,12,16k,82,7250,5.920983936133483e-05,0.00060516368830575,0.0,-0.0008771345019340154,0.00120124220848075,4,0.047226682
L12_16k_l082,12,16k,82,7289,0.000737498058161,0.0052892435342073,0.3333333333333333,-0.0002554059028625,0.0106810629367828,3,0.048315603
L12_16k_l082,12,16k,82,7303,0.00014223005749354999,0.0010235800291411,0.0,0.006286621093749975,0.00725974142551415,4,0.03479202
L12_16k_l082,12,16k,82,7445,0.00028712442756035,0.0012107832299079,0.0,-0.0100961178541183,0.0100961178541183,4,0.03495419
L12_16k_l082,12,16k,82,7517,0.00033635739972294996,0.00851370766758915,0.0,-0.0080633461475372,0.01699052751064295,4,0.03676958
L12_16k_l082,12,16k,82,7683,0.000820570085569,0.0038304291665554,0.0,-0.0134980082511901,0.0134980082511901,1,0.044462677
L12_16k_l082,12,16k,82,7744,0.00038713511377935,0.0069090591277926995,0.5,0.023816339671611748,0.023816339671611748,4,0.033149216
L12_16k_l082,12,16k,82,7853,0.000212249198988,0.00212760473368685,0.0,5.306303501129996e-05,0.00428016483783715,4,0.034861658
L12_16k_l082,12,16k,82,7894,0.00058910329362165,0.0107291196472942,0.0,0.003477543592453,0.015393912792205748,4,0.03600181
L12_16k_l082,12,16k,82,7912,0.00155613886726475,0.01432569092139595,0.0,-0.03739001601934425,0.03739001601934425,4,0.0418687
L12_16k_l082,12,16k,82,7960,3.246988252756457e-05,0.0001473814481869,0.0,-0.0003407895565032,0.0003407895565032,1,0.032577787
L12_16k_l082,12,16k,82,8049,2.2662110586069945e-05,0.0002096846146741745,0.0,0.00067681074142455,0.0008427798748016001,4,0.033525527
L12_16k_l082,12,16k,82,8081,0.0143791418193705,0.5050729513168335,0.25,-0.0454995334148407,0.1905180513858795,4,0.043129213
L12_16k_l082,12,16k,82,8095,0.00016162247136835,0.00144130323315035,0.0,-0.00987291336059565,0.00987291336059565,4,0.050373852
L12_16k_l082,12,16k,82,8203,0.00018097857516035,0.003847180516459,0.0,-0.0064295232295989505,0.01000878214836115,4,0.035452034
L12_16k_l082,12,16k,82,8236,0.0001231092630568771,0.0006144873623269999,0.0,-0.00329571962356565,0.00329571962356565,4,0.03381539
L12_16k_l082,12,16k,82,8250,0.00046832173815125003,0.0070241251960396,0.0,0.007093906402587901,0.0250352025032043,4,0.038616046
L12_16k_l082,12,16k,82,8261,0.0070969580187713495,0.3227415734436363,0.5,0.1894837915897369,0.1894837915897369,4,0.046955258
L12_16k_l082,12,16k,82,8336,0.00015483616744858976,0.00163866480579595,0.0,3.3892691135399996e-05,0.0011171475052833,4,0.035471864
L12_16k_l082,12,16k,82,8360,6.289439537370364e-05,0.0003365816082805,0.0,0.0003501772880554,0.0033161044120788,3,0.032627746
L12_16k_l082,12,16k,82,8542,0.0002176866361737,0.001702737994492,0.0,0.0035840719938278,0.00732380896806715,4,0.03554227
L12_16k_l082,12,16k,82,8545,0.00011210678198209984,0.0011344879458191999,0.0,0.009543359279632551,0.01326206326484675,4,0.03425012
L12_16k_l082,12,16k,82,8559,0.00031433647701795,0.0022048493847250496,0.0,0.00215261429548265,0.0068637579679489,4,0.036504783
L12_16k_l082,12,16k,82,8638,0.000196802922595,0.00192958820844065,0.0,0.0005979984998703,0.00186397880315775,4,0.033445943
L12_16k_l082,12,16k,82,8677,0.00040623331839295,0.007187243085354501,0.0,0.0032027289271354,0.0033637881278991,4,0.032292932
L12_16k_l082,12,16k,82,8827,2.2244062226427975e-05,0.00017575274250700368,0.0,-0.00015595555305479998,0.00062870979309075,4,0.03478627
L12_16k_l082,12,16k,82,8846,5.53319524228671e-05,0.00093507140991275,0.0,-0.0027248859405516997,0.0027248859405516997,4,0.034352306
L12_16k_l082,12,16k,82,8869,0.00046006091207699995,0.0063275601714849,0.0,0.021056480705737998,0.021056480705737998,4,0.03482649
L12_16k_l082,12,16k,82,8879,9.418512271140692e-05,0.00275418441742655,0.0,0.0011505633592606,0.00501652061939235,4,0.035471167
L12_16k_l082,12,16k,82,8977,0.0002702154133291,0.0009552496485412,0.0,0.0007392615079879,0.0027263462543487,3,0.03965674
L12_16k_l082,12,16k,82,9020,8.948912775240137e-05,0.00149435654748225,0.0,-0.001536577939987159,0.00180780887603755,4,0.04087721
L12_16k_l082,12,16k,82,9037,6.98851114221835e-05,0.00057041016407305,0.0,0.00217524170875545,0.0025768503546714496,4,0.041371997
L12_16k_l082,12,16k,82,9139,0.00063607971392785,0.006041519169229999,0.25,0.015532046556472749,0.015532046556472749,4,0.03418372
L12_16k_l082,12,16k,82,9232,0.00029258959472029997,0.0080201220698654,0.0,0.01824589073657985,0.01824589073657985,4,0.03256784
L12_16k_l082,12,16k,82,9281,0.00016398625796605143,0.0027273145969956497,0.0,0.0062322318553924,0.00672371685504905,4,0.035359494
L12_16k_l082,12,16k,82,9296,0.00036054444976175,0.0039236759766936,0.25,0.02525548636913295,0.032134622335433904,4,0.03345606
L12_16k_l082,12,16k,82,9397,0.0003556821009982,0.0030316537013277,0.25,0.0089441500604152,0.0123386196792125,4,0.03587622
L12_16k_l082,12,16k,82,9398,0.00011411074764833498,0.0028507853858172,0.0,0.0205563604831695,0.0205563604831695,4,0.034437466
L12_16k_l082,12,16k,82,9415,0.0001735837663233,0.0011118190013803,0.0,0.0014932602643967,0.00841148197650905,4,0.042064697
L12_16k_l082,12,16k,82,9493,0.00020633612264080002,0.0009645618265494,0.0,0.00431507080793375,0.00431507080793375,4,0.033636834
L12_16k_l082,12,16k,82,9508,0.0004497873583153,0.007445466937497199,0.25,0.014941066503524749,0.014941066503524749,4,0.039391693
L12_16k_l082,12,16k,82,9662,8.882281831040125e-05,0.00201402851962475,0.0,0.0047043710947036,0.0047043710947036,4,0.03282695
L12_16k_l082,12,16k,82,9764,0.00022956465823215,0.00124271420645525,0.0,-1.7821788787800164e-05,0.010898277163505499,4,0.03437836
L12_16k_l082,12,16k,82,9888,0.0001180037329382,0.00229230872355395,0.0,-0.00979807227849955,0.0234128460288047,4,0.033473313
L12_16k_l082,12,16k,82,9913,0.00034976230787965,0.0039773045573383,0.0,-0.01855649054050445,0.02938841283321375,4,0.03174488
L12_16k_l082,12,16k,82,10031,4.16821666826819e-05,0.00047160209214775,0.0,0.000334545969963,0.0030124932527541503,4,0.03212845
L12_16k_l082,12,16k,82,10036,8.655776286108602e-06,0.0001991665194509,0.0,0.00129768252372735,0.00129768252372735,4,0.032969296
L12_16k_l082,12,16k,82,10044,0.00015371993782825732,0.0007389413658529,0.0,0.00304226577281945,0.00304226577281945,2,0.033881597
L12_16k_l082,12,16k,82,10047,0.00014786085827815,0.0009359742980449999,0.0,0.00794211030006405,0.00794211030006405,4,0.035662025
L12_16k_l082,12,16k,82,10107,0.00031113816494975,0.0022251363843679003,0.0,0.00283147022128105,0.0042540095746517,4,0.031929392
L12_16k_l082,12,16k,82,10130,0.00020156310653114998,0.00142869743285695,0.0,-0.00039365887641905004,0.006761774420738151,4,0.033677794
L12_16k_l082,12,16k,82,10192,8.471806799846772e-05,0.0012044433278788186,0.0,-0.0013353675603866525,0.0022910535335540503,4,0.034490373
L12_16k_l082,12,16k,82,10216,0.000126326910193,0.0011159665882587,0.0,0.0017314702272415,0.006289571523666351,4,0.034995925
L12_16k_l082,12,16k,82,10318,4.361260634633423e-05,0.00034702167613425,0.0,-0.0007918030023575,0.0027104467153549,4,0.032152377
L12_16k_l082,12,16k,82,10343,4.0042625991425844e-05,0.00043463407928355773,0.0,0.0003030225634574654,0.0005635619163512501,4,0.03313904
L12_16k_l082,12,16k,82,10430,0.00025724163514530003,0.0041244861204177,0.0,0.0134472325444221,0.0134472325444221,4,0.03257882
L12_16k_l082,12,16k,82,10460,9.084223163586624e-05,0.0006383159779943,0.0,-0.00130139291286465,0.0031875818967818503,4,0.035645977
L12_16k_l082,12,16k,82,10560,0.0002020713209175,0.0010086357360705,0.0,-0.0008842945098877001,0.0024996995925903,4,0.03419054
L12_16k_l082,12,16k,82,10592,9.303665563588016e-06,9.192701691058893e-05,0.0,-0.0012232959270476814,0.0012232959270476814,4,0.034073185
L12_16k_l082,12,16k,82,10602,0.00012371678502312184,0.00443908071611075,0.0,0.00865730643272395,0.01542416214942925,4,0.04330841
L12_16k_l082,12,16k,82,10622,0.00038362318128644997,0.0035335870925336504,0.0,-0.00070969574153425,0.0029679965227842,4,0.0333294
L12_16k_l082,12,16k,82,10789,0.000212612345028,0.0022117950720712,0.0,0.00434310734271995,0.00434310734271995,4,0.033271622
L12_16k_l082,12,16k,82,10897,0.00038145221473825,0.0015531128738075,0.0,0.00108120962977405,0.0040506348013877,4,0.036337797
L12_16k_l082,12,16k,82,10902,0.00020582703563125002,0.00163160538068035,0.0,0.0036392174661159004,0.0036392174661159004,4,0.032346893
L12_16k_l082,12,16k,82,10937,0.0003873631911914,0.00140922842547295,0.0,-0.00114171206951145,0.01177091896533965,4,0.033272438
L12_16k_l082,12,16k,82,10945,5.04986104480634e-05,0.00033908210025395,0.0,0.0025778859853744,0.0025778859853744,4,0.03249375
L12_16k_l082,12,16k,82,10962,0.00019703331755130003,0.00214632588904345,0.0,-0.0018304139375686498,0.00630424916744225,4,0.03382934
L12_16k_l082,12,16k,82,11151,1.2998076754699191e-05,5.392184539232403e-05,0.0,0.0003659725189208,0.0007071495056152,3,0.032386485
L12_16k_l082,12,16k,82,11177,0.0003241692747314,0.00118433590978375,0.25,-0.00066585838794705,0.00386142358183855,4,0.037779767
L12_16k_l082,12,16k,82,11221,1.4250726470390955e-05,6.076892896089185e-05,0.0,-0.00010554492473597949,0.00028546154499045,4,0.03447041
L12_16k_l082,12,16k,82,11390,3.677220073433423e-05,0.00029467314016069996,0.0,-0.0005752742290496,0.0017490684986114,4,0.034153946
L12_16k_l082,12,16k,82,11440,0.00019167861204858573,0.0015470694052055,0.0,-0.00091189146041865,0.00091189146041865,4,0.034648
L12_16k_l082,12,16k,82,11465,0.00013629973034066521,0.00047821542830205,0.25,0.00229901075363155,0.0046746134757995,4,0.037209667
L12_16k_l082,12,16k,82,11488,0.0002776412624761,0.0035704558249562497,0.25,-0.00022895634174345005,0.0069242827594279506,4,0.03426269
L12_16k_l082,12,16k,82,11577,0.0002046847968654,0.00235029554460195,0.0,0.0030972361564636,0.0084057301282882,4,0.041092716
L12_16k_l082,12,16k,82,11607,0.00017768639179186136,0.0018245415412820498,0.0,0.0008640885353088,0.0033415779471396502,4,0.034093227
L12_16k_l082,12,16k,82,11703,0.0001025069860037129,0.00172768684569745,0.0,-0.005993410944938601,0.005993410944938601,4,0.03428539
L12_16k_l082,12,16k,82,11707,0.0003391877069042543,0.00437430947204115,0.25,0.03683105111122125,0.03683105111122125,4,0.047981314
L12_16k_l082,12,16k,82,11751,0.0024508801648518,0.09686786215752355,0.5,0.02106609195470805,0.02731467783451075,4,0.03881789
L12_16k_l082,12,16k,82,11776,0.0003863021440416,0.0030376967042684,0.0,-0.00152626633644095,0.00860859453678125,4,0.04471954
L12_16k_l082,12,16k,82,11789,9.650572682568254e-05,0.0007186825096141,0.0,-0.00036805868148805,0.006614267826080249,4,0.031596817
L12_16k_l082,12,16k,82,11875,9.288884761981194e-05,0.00041591128683639994,0.0,0.00211492925882335,0.00211492925882335,2,0.034261543
L12_16k_l082,12,16k,82,11918,0.00012515994941895167,0.00040411535883314996,0.0,-0.00152957439422605,0.00155305862426755,4,0.034046657
L12_16k_l082,12,16k,82,11927,0.00040883828878835,0.00890038278885185,0.0,0.011885754764080051,0.03620057553052895,4,0.03514445
L12_16k_l082,12,16k,82,12112,0.0002628645120535,0.00573236052878195,0.0,-0.0046640634536743,0.02394530177116385,4,0.03461966
L12_16k_l082,12,16k,82,12207,0.0007769215771148,0.00943557871505615,0.25,0.012990772724151601,0.02002258598804465,4,0.042243514
L12_16k_l082,12,16k,82,12243,0.00035891589213455,0.0041410913690924,0.0,0.0033676922321319,0.00527858734130855,4,0.03552623
L12_16k_l082,12,16k,82,12259,4.563147847038277e-06,1.923280069604516e-05,0.0,0.0002250671386718,0.0002250671386718,1,0.040054042
L12_16k_l082,12,16k,82,12268,0.00012097568578381797,0.0008335777092724501,0.0,-0.0008520409464835999,0.00214018672704695,4,0.034745313
L12_16k_l082,12,16k,82,12289,0.0003007874852715,0.00444107817020265,0.0,-0.0048259943723678,0.0083471685647964,4,0.034932133
L12_16k_l082,12,16k,82,12378,0.0001554865459793,0.0021525443880818502,0.0,0.0031740069389342997,0.0057120025157928,4,0.03934066
L12_16k_l082,12,16k,82,12382,7.22820350237211e-05,0.0019704474834725,0.0,0.019264511764049502,0.019264511764049502,4,0.032858115
L12_16k_l082,12,16k,82,12459,8.07064025325202e-05,0.00081084575504055,0.0,-0.0014549791812896,0.0036236941814422,4,0.033423297
L12_16k_l082,12,16k,82,12472,0.00031584129418154997,0.002654930925928,0.5,0.00501283630728725,0.0099441222846508,4,0.043397397
L12_16k_l082,12,16k,82,12505,0.0035232513530926504,0.15413031727075577,0.75,0.041021449491381604,0.041021449491381604,4,0.037229758
L12_16k_l082,12,16k,82,12515,0.00014523422288955002,0.0013580359518527499,0.0,-0.00720075517892835,0.00720075517892835,4,0.031686164
L12_16k_l082,12,16k,82,12662,0.00015239426336364998,0.00150217826012515,0.0,0.001056894659996,0.005764156579971249,4,0.03176776
L12_16k_l082,12,16k,82,12711,1.0345100962018028e-05,0.0001686522227828228,0.0,-0.0004768371582030926,0.0005331635475158367,4,0.03326939
L12_16k_l082,12,16k,82,12795,0.0002111675137076,0.002822401584126,0.0,0.01055057346820825,0.01139079034328455,4,0.03336603
L12_16k_l082,12,16k,82,12860,0.0001529976467235,0.00206993857864285,0.0,0.00282181799411775,0.0100975409150123,4,0.03452336
L12_16k_l082,12,16k,82,12878,0.0001564776907208,0.0004883762449026,0.0,-0.0001043379306793,0.0001043379306793,1,0.034838077
L12_16k_l082,12,16k,82,12923,0.00014534526465027694,0.0009286533704652985,0.0,-5.219504237174988e-05,5.219504237174988e-05,2,0.039435886
L12_16k_l082,12,16k,82,12927,0.00020079586386351038,0.00096646031306585,0.0,-0.0036651119589805,0.0036992505192756,4,0.039599918
L12_16k_l082,12,16k,82,13001,0.00024870161190159996,0.00223886093590405,0.0,-0.0006361007690429499,0.0092195272445678,4,0.04223678
L12_16k_l082,12,16k,82,13131,7.195186281275691e-05,0.00083094730507575,0.0,-0.00388638675212855,0.00388638675212855,4,0.036109716
L12_16k_l082,12,16k,82,13138,0.0001606232068638721,0.0009986329823732,0.0,-0.00223509967327115,0.00424289703369135,4,0.031907443
L12_16k_l082,12,16k,82,13139,0.00046944288063935,0.0031899072928353502,0.0,0.0048061683773993995,0.0073325522243976,4,0.035466507
L12_16k_l082,12,16k,82,13143,0.0007222233642141,0.006883602589368751,0.0,0.04407054185867305,0.04407054185867305,4,0.033924483
L12_16k_l082,12,16k,82,13198,8.827869331698515e-05,0.00121914764167735,0.0,0.0032055675983429,0.013652980327606149,4,0.032760676
L12_16k_l082,12,16k,82,13266,0.0003432828606795,0.0013436244335025,0.0,-0.0003736540675163,0.001249223947525,3,0.038858287
L12_16k_l082,12,16k,82,13288,0.0001303568865626575,0.00046289837337095,0.0,0.0026675760746001503,0.0064455568790435,4,0.035386316
L12_16k_l082,12,16k,82,13309,0.0001987611905017,0.0009386922465637,0.0,0.0032543838024139,0.0032543838024139,3,0.04119819
L12_16k_l082,12,16k,82,13322,0.00051229816412375,0.0055569438263773,0.0,-0.0126396529376506,0.0210691317915916,4,0.035069346
L12_16k_l082,12,16k,82,13355,0.00030178023850575,0.00435769825708115,0.25,0.0096451342105865,0.0096451342105865,4,0.04639147
L12_16k_l082,12,16k,82,13378,0.0001311204299392729,0.00200396287254985,0.0,0.0004328191280365,0.00687193870544425,4,0.03232843
L12_16k_l082,12,16k,82,13533,0.0001537067895296,0.00147911021485915,0.0,-0.00597468391060825,0.00597468391060825,4,0.032660384
L12_16k_l082,12,16k,82,13555,0.0005231766393816,0.004271709942258849,0.0,0.0032894425094127,0.00359544157981865,4,0.036253206
L12_16k_l082,12,16k,82,13558,5.93160566269979e-05,0.0002321686479263,0.0,0.0054211616516113,0.0054211616516113,1,0.032762956
L12_16k_l082,12,16k,82,13621,0.00015877025841445,0.00110238813795145,0.0,8.851289749150007e-06,0.00048206001520150003,4,0.042078987
L12_16k_l082,12,16k,82,13714,0.00022063824968294999,0.0022174323676153497,0.0,0.0002911128103733,0.00095522031188005,4,0.03255628
L12_16k_l082,12,16k,82,13787,8.305256902909155e-05,0.00152450962923465,0.0,-0.010967671871185258,0.017019897699356003,4,0.03599577
L12_16k_l082,12,16k,82,13800,0.0006425998345473,0.0181558365002274,0.0,-0.0038129687309265,0.02138569951057425,4,0.03819959
L12_16k_l082,12,16k,82,13851,0.00127810070855835,0.0570998359471559,0.0,-0.008769944310188281,0.023524358868598903,4,0.039325923
L12_16k_l082,12,16k,82,13943,0.0002170662422749,0.0007911095162853,0.0,-0.0026977956295013,0.0026977956295013,1,0.039316252
L12_16k_l082,12,16k,82,13963,8.437203250675292e-05,0.00133521261159325,0.0,0.00167989730834955,0.0095228552818298,4,0.031875722
L12_16k_l082,12,16k,82,13982,0.0002509080015869,0.0025853349361568,0.0,-0.0014203041791916002,0.0103073567152023,4,0.031908683
L12_16k_l082,12,16k,82,14026,8.446594681051078e-05,0.00091191534011155,0.0,0.0022978186607360497,0.0094586908817291,4,0.044243515
L12_16k_l082,12,16k,82,14057,3.818475052893918e-05,0.00017207636665257805,0.0,0.0013529658317565495,0.0014103651046752507,2,0.048558556
L12_16k_l082,12,16k,82,14085,0.0002032090011147,0.001341568888165,0.0,-0.0066667422652244,0.0092681646347045,4,0.03367476
L12_16k_l082,12,16k,82,14105,0.0001788572464031,0.00116062344750385,0.0,-0.0029951781034468997,0.0029951781034468997,4,0.03234881
L12_16k_l082,12,16k,82,14247,0.0002798413616018,0.0031303542200475,0.0,0.00102304294705395,0.013742532581090901,4,0.033011947
L12_16k_l082,12,16k,82,14272,0.00020262034006595002,0.00311334035359315,0.0,0.0162883102893829,0.0162883102893829,4,0.035341937
L12_16k_l082,12,16k,82,14286,0.00019676688311725,0.0049453616375103,0.0,0.0001491308212279996,0.01218521595001215,4,0.033759736
L12_16k_l082,12,16k,82,14371,0.00045485286774145004,0.00636418769136065,0.0,0.0028424933552741996,0.0227886140346527,4,0.04199708
L12_16k_l082,12,16k,82,14406,0.0002384809082718,0.0008239694871008,0.0,0.0066604912281036,0.0066604912281036,1,0.033802696
L12_16k_l082,12,16k,82,14445,7.817232936306487e-06,6.009357821312733e-05,0.0,-0.0008255243301391,0.0008255243301391,4,0.03489587
L12_16k_l082,12,16k,82,14473,0.0007091829568163001,0.02254230203106995,0.25,0.0320547632873058,0.0320547632873058,4,0.042798396
L12_16k_l082,12,16k,82,14485,0.0002291973822018,0.00419731769943605,0.0,-0.0008337050676345999,0.0030059665441512498,4,0.04441335
L12_16k_l082,12,16k,82,14488,7.8513468977758e-05,0.00057071256742345,0.0,-0.0001706182956695,0.00092330574989315,4,0.03225081
L12_16k_l082,12,16k,82,14540,0.00015526681106455,0.0020512321498244498,0.0,-0.0133174210786819,0.0133174210786819,4,0.034069452
L12_16k_l082,12,16k,82,14587,7.74718745946216e-05,0.0022576090414076497,0.0,0.0069313049316406,0.0175326466560363,4,0.03234889
L12_16k_l082,12,16k,82,14589,4.453134897342707e-05,0.00028800962172675004,0.0,0.0003781318664550725,0.0006618350744247001,4,0.037912514
L12_16k_l082,12,16k,82,14634,0.00010014943090408617,0.0005071807536296,0.0,-0.0010113418102264502,0.00367254018783565,4,0.037961654
L12_16k_l082,12,16k,82,14913,0.00034633539160089995,0.00309782708063715,0.25,0.01156327128410335,0.01361811161041255,4,0.039030638
L12_16k_l082,12,16k,82,14952,0.00013481446172587775,0.0012621507776202,0.0,-0.0007928460836410501,0.00468831509351725,4,0.035366736
L12_16k_l082,12,16k,82,14957,0.0002515968199765,0.0020397333428263,0.0,0.009778499603271451,0.009778499603271451,4,0.03623248
L12_16k_l082,12,16k,82,14965,0.0001249151853821,0.00100223196204745,0.0,-0.00513179600238795,0.00984112918376915,4,0.039682426
L12_16k_l082,12,16k,82,14975,0.00016138930589341158,0.00120632318430575,0.0,0.000185489654540984,0.0037441104650497,4,0.04364932
L12_16k_l082,12,16k,82,15007,0.00019223497321642412,0.0008700641046743,0.0,-0.00441665947437285,0.00441665947437285,2,0.039267067
L12_16k_l082,12,16k,82,15033,0.00040641241060175,0.0045379851944744,0.0,-0.01072786748409265,0.01072786748409265,4,0.033598002
L12_16k_l082,12,16k,82,15050,0.00013891980068145,0.0017077705124393,0.0,0.002619117498397801,0.0181558728218078,4,0.033315152
L12_16k_l082,12,16k,82,15092,0.0011337887163421,0.043626578059047405,0.25,0.023746125400066348,0.03555825352668755,4,0.041265
L12_16k_l082,12,16k,82,15106,0.00033756376880879997,0.0011548111069714,0.0,0.015266537666320749,0.015266537666320749,2,0.034662038
L12_16k_l082,12,16k,82,15172,0.0003942117272175,0.0021445431630126997,0.0,-0.011682242155075,0.011682242155075,4,0.03349754
L12_16k_l082,12,16k,82,15233,0.0005919077675876,0.015964914113283102,0.0,-0.01030467450618745,0.0251485258340835,4,0.033556607
L12_16k_l082,12,16k,82,15297,5.631785337921855e-05,0.0002497361419955,0.0,0.0002314150333404,0.00176641345024105,4,0.035561536
L12_16k_l082,12,16k,82,15313,7.546106812980395e-05,0.0010540138318901693,0.0,0.0122883021831512,0.0122883021831512,4,0.032679077
L12_16k_l082,12,16k,82,15329,1.4638218904629295e-05,7.395520879072137e-05,0.0,-0.00047683715820305,0.0011596977710723,4,0.03498693
L12_16k_l082,12,16k,82,15378,0.00031166029394375,0.00219006533734495,0.0,-0.0043728053569793,0.013418897986412,4,0.04228689
L12_16k_l082,12,16k,82,15380,0.00032961072739084996,0.00601345277391365,0.0,0.0227777808904648,0.0354165583848953,4,0.038218416
L12_16k_l082,12,16k,82,15406,7.942584216093207e-05,0.0020566927269101,0.0,-0.0028454735875129,0.0056289210915565005,4,0.034598093
L12_16k_l082,12,16k,82,15482,0.0003031127653417,0.0041790320537984,0.0,0.01246146857738495,0.01408670097589485,4,0.032526296
L12_16k_l082,12,16k,82,15489,0.0002368659795151,0.0008006484713405,0.0,0.0007619857788085999,0.0038344264030455997,4,0.0399261
L12_16k_l082,12,16k,82,15517,6.43008471268938e-05,0.00044734602852255,0.0,-0.001254417002201,0.0017210617661475502,4,0.033508286
L12_16k_l082,12,16k,82,15561,0.00027959235068215,0.00454974826425305,0.0,-0.014391548931598601,0.01671469956636425,4,0.032137685
L12_16k_l082,12,16k,82,15660,0.00016455910022681057,0.00282234832411625,0.0,-0.00012016296386720008,0.01013982295989985,4,0.034426603
L12_16k_l082,12,16k,82,15677,2.973701380777316e-05,0.0001705216855043,0.0,0.000937134027481,0.000937134027481,1,0.04304358
L12_16k_l082,12,16k,82,15700,0.000229098734503,0.0016653060447424,0.0,-0.00115247070789335,0.0014228671789169,4,0.033703275
L12_16k_l082,12,16k,82,15719,0.0002035657503485,0.0017589105991646001,0.0,0.00601543486118315,0.0128666758537292,4,0.034296073
L12_16k_l082,12,16k,82,15854,0.00015952825296295,0.0013236425002105,0.0,-0.004135042428970351,0.0095710456371307,4,0.04982641
L12_16k_l082,12,16k,82,15887,0.00023546632717645,0.0026196881663054002,0.0,0.0038623958826065506,0.0109705179929733,4,0.03677949
L12_16k_l082,12,16k,82,16007,0.0003227388845787,0.0028414204716682,0.0,-0.0069637037813663,0.0069637037813663,4,0.041506585
L12_16k_l082,12,16k,82,16123,0.0002551384353235,0.0011042872210964,0.0,0.0006331801414489,0.0006331801414489,1,0.03438588
L12_16k_l082,12,16k,82,16184,0.0001550479769564,0.0038336134748532995,0.0,-0.0006177425384521001,0.008752495050430199,4,0.03689942
L12_16k_l082,12,16k,82,16263,0.0002530510161393,0.00613467767834655,0.0,-0.00016070902347565,0.0083316564559936,4,0.049453985
L12_16k_l082,12,16k,82,16272,0.0003542571109041,0.00641742721199985,0.0,-0.020553901791572498,0.02232162654399865,4,0.04089545
L12_16k_l082,12,16k,82,16300,0.00013638340772670902,0.00172787264455105,0.0,-0.0013157129287719499,0.00326491892337795,4,0.032415617
L12_65k_l072,12,65k,72,182,0.00022679030595335,0.00123590679140755,0.0,0.00668218731880185,0.00668218731880185,4,0.03879253
L12_65k_l072,12,65k,72,342,0.00011459805884798832,0.00142469975980925,0.0,0.00624406337738035,0.00624406337738035,4,0.032734077
L12_65k_l072,12,65k,72,554,2.147621846755872e-05,0.0003843121521640555,0.0,0.00188384950160975,0.00188384950160975,4,0.03938318
L12_65k_l072,12,65k,72,985,3.8006657285910895e-05,0.0009596343152225,0.0,0.0073454976081848,0.0073454976081848,1,0.041736603
L12_65k_l072,12,65k,72,1069,0.0001170203964154,0.0004278579726815,0.0,0.0013476908206939,0.0013476908206939,1,0.038100112
L12_65k_l072,12,65k,72,1082,0.0003787141585413,0.0036815099883823997,0.0,0.0087255463004112,0.0101285800337791,4,0.032201923
L12_65k_l072,12,65k,72,1090,5.0103314280704845e-05,0.0003917352878488,0.0,0.00185698270797725,0.00185698270797725,4,0.034454163
L12_65k_l072,12,65k,72,1460,0.00020372587795420001,0.00159680657088755,0.25,0.0024192035198211505,0.007664039731025651,4,0.035017874
L12_65k_l072,12,65k,72,1692,0.00015479234233685228,0.0010423986241220999,0.0,-0.003617737442255,0.0047967471182346,4,0.032088723
L12_65k_l072,12,65k,72,1832,0.0003251368015687,0.0010884520597755,0.0,-0.0033822655677795,0.0033822655677795,1,0.034080826
L12_65k_l072,12,65k,72,1849,0.00019747627563173521,0.00072845451359165,0.0,-0.0012225061655044,0.0012225061655044,4,0.04081166
L12_65k_l072,12,65k,72,2171,0.00020417997736895,0.0011899094679392501,0.0,0.00012954324483870547,0.004324667155742599,4,0.038155697
L12_65k_l072,12,65k,72,2621,0.0002702395425006,0.0027409859467297498,0.0,0.0017080679535866,0.00417678058147425,4,0.034373008
L12_65k_l072,12,65k,72,2632,0.00023060869575069806,0.00114390045928295,0.0,0.0005494356155395,0.00601962208747855,4,0.03391143
L12_65k_l072,12,65k,72,2692,0.0001077293969075,0.0005685334326699,0.0,0.0005281120538711,0.0026332736015319,3,0.034753256
L12_65k_l072,12,65k,72,2769,0.0001955657318305,0.0015392825007438,0.0,-0.00387787073850635,0.007094770669937101,4,0.03558724
L12_65k_l072,12,65k,72,3120,0.00033645829556495,0.00188016402535135,0.0,0.00044301152229310004,0.010017558932304351,4,0.046434056
L12_65k_l072,12,65k,72,3128,0.00015162958869375002,0.001839691074565,0.0,-0.0033459737896919498,0.00816469639539715,4,0.0325787
L12_65k_l072,12,65k,72,3207,0.00041111190113534996,0.01029499806463715,0.0,-0.01075489819049835,0.0247554183006286,4,0.04745977
L12_65k_l072,12,65k,72,3350,0.000361010334194,0.0012614112347364,0.3333333333333333,-0.0003215670585632,0.0163639187812805,3,0.035575744
L12_65k_l072,12,65k,72,3755,0.00017716785344632573,0.0039377557113766,0.0,-0.00260227173566815,0.00511792302131645,4,0.03387916
L12_65k_l072,12,65k,72,3930,0.00022929528201965,0.0014048721059225,0.0,0.001028761267662,0.00321207940578455,4,0.032627773
L12_65k_l072,12,65k,72,4250,0.0001163256246377249,0.00147042272146785,0.0,0.0010191202163696,0.0074475705623626,4,0.032222904
L12_65k_l072,12,65k,72,4291,0.00032699128987335,0.0013281915453262,0.0,-0.008210152387618973,0.01141257584094995,4,0.03953077
L12_65k_l072,12,65k,72,4662,0.00013931506078060168,0.0015828544565010501,0.0,-0.01594392955303185,0.01594392955303185,4,0.037514303
L12_65k_l072,12,65k,72,4805,0.0001181021252390657,0.0011230019445065001,0.0,-0.0037390068173407997,0.0037390068173407997,4,0.033041738
L12_65k_l072,12,65k,72,4993,0.0001559866971452,0.0006093356059864,0.3333333333333333,0.0015196204185485,0.0015196204185485,3,0.041043036
L12_65k_l072,12,65k,72,5095,0.00013104963557715,0.0007773287361487499,0.0,0.00150910019874565,0.00150910019874565,4,0.03628895
L12_65k_l072,12,65k,72,5170,0.00036951445647825,0.0095149180851876,0.0,-0.01514062285423275,0.028596505522727952,4,0.03507863
L12_65k_l072,12,65k,72,5330,0.0002629141318741651,0.0008204296173061499,0.0,0.0086513012647628,0.0086513012647628,2,0.036296073
L12_65k_l072,12,65k,72,5333,0.00059740511493125,0.00631967908702785,0.0,0.0012208595871924998,0.00864142179489135,4,0.03288555
L12_65k_l072,12,65k,72,5439,0.0002058977369349,0.001194346230477,0.3333333333333333,0.0013364553451538,0.0013364553451538,3,0.043690503
L12_65k_l072,12,65k,72,5788,0.0006513907368516001,0.0117624700069427,0.0,8.81180167197999e-05,0.00858077406883235,4,0.03772032
L12_65k_l072,12,65k,72,5902,0.00069635575633465,0.00335000141058115,0.0,0.0069468468427658,0.01826216280460355,4,0.046157576
L12_65k_l072,12,65k,72,5958,1.7665208350226546e-06,1.0580646403468563e-05,0.0,-6.198883056638145e-05,0.0001931488513946,4,0.04336172
L12_65k_l072,12,65k,72,6874,0.00040819467880634996,0.0024107162607832997,0.0,0.00267077982425685,0.00302345305681225,4,0.034964643
L12_65k_l072,12,65k,72,7502,0.000119009024563,0.0003960757749155,0.0,-0.0014588832855224,0.0050723552703857,3,0.03266681
L12_65k_l072,12,65k,72,7792,0.0007367362747830999,0.00399462983477855,0.0,0.0023057907819747,0.010707437992095899,4,0.049741216
L12_65k_l072,12,65k,72,8114,5.227808815862392e-05,0.00099496962502595,0.0,0.009331494569778399,0.009331494569778399,4,0.04661228
L12_65k_l072,12,65k,72,8174,0.00010133420955644867,0.00050076340266965,0.0,0.00020126625895495,0.00128564983606335,4,0.033218984
L12_65k_l072,12,65k,72,8224,0.00087713063503225,0.01718975091353055,0.0,-0.00505572557449335,0.014237999916076601,4,0.031840812
L12_65k_l072,12,65k,72,8674,0.0001680819164466282,0.0008726069645490001,0.0,0.0015130043029785078,0.0075295567512512,4,0.0378501
L12_65k_l072,12,65k,72,8837,0.00024052248193235,0.0015610588015988,0.25,0.009433373808860751,0.009433373808860751,4,0.03723181
L12_65k_l072,12,65k,72,9170,0.00010715270331935,0.001339552400168,0.0,0.0019296407699584501,0.0019296407699584501,4,0.034206152
L12_65k_l072,12,65k,72,9265,0.000290480148831,0.0016475776210427,0.0,-0.0107369720935821,0.0107369720935821,1,0.037059955
L12_65k_l072,12,65k,72,9564,2.265703419421121e-06,7.584870218124706e-06,0.0,-3.975629806518555e-05,3.975629806518555e-05,1,0.043597803
L12_65k_l072,12,65k,72,9756,0.00016982739122735,0.0007803677290212001,0.0,-0.0029238164424896,0.00568495690822595,4,0.03432891
L12_65k_l072,12,65k,72,9760,0.00017459802968395,0.0025751010980456504,0.0,-0.0025033876299858,0.01782127469778055,4,0.035417076
L12_65k_l072,12,65k,72,9800,0.00010058357591319864,0.0006989412358961501,0.25,-0.0008860528469085,0.0012193322181701,4,0.032231517
L12_65k_l072,12,65k,72,9827,0.0001837775045673,0.0008764656959101,0.0,0.00757637619972225,0.00757637619972225,4,0.032156557
L12_65k_l072,12,65k,72,11398,0.0002489554502977488,0.0011221060267416001,0.0,0.00168389081954955,0.0099321752786636,4,0.034783773
L12_65k_l072,12,65k,72,11435,0.0003274981148972,0.0016182999825105,0.0,0.0185133814811706,0.0185133814811706,1,0.040826518
L12_65k_l072,12,65k,72,11990,0.0005028647100771,0.005577593576163,0.25,0.014094769954681351,0.014094769954681351,4,0.04718206
L12_65k_l072,12,65k,72,12055,0.00012194830729395,0.00083514646394175,0.0,-0.00907480716705315,0.00907480716705315,4,0.043200027
L12_65k_l072,12,65k,72,12793,0.0001734007024755376,0.0008403340179938586,0.0,-0.0053429901599884,0.00584048032760615,4,0.040700294
L12_65k_l072,12,65k,72,12964,9.952398445887186e-05,0.0012574221764225,0.0,-0.00076957046985625,0.0043126940727233,4,0.035093073
L12_65k_l072,12,65k,72,13032,0.0005292463140755,0.0017272841650992,0.0,0.0049178153276443,0.0049178153276443,1,0.03741545
L12_65k_l072,12,65k,72,13744,0.00020557411509229998,0.0013560083461924498,0.0,0.0061648432165384,0.0061648432165384,4,0.044005565
L12_65k_l072,12,65k,72,14310,0.00020166150595912185,0.001049509795848247,0.0,0.00920322537422175,0.00920322537422175,2,0.03495056
L12_65k_l072,12,65k,72,14817,0.00011653970027714655,0.00063539663096885,0.0,0.0014776661992072658,0.00236804038286205,4,0.032151937
L12_65k_l072,12,65k,72,14834,9.02105648340434e-05,0.00077245107968335,0.0,-0.0024974048137664,0.00775913894176475,4,0.034010414
L12_65k_l072,12,65k,72,14837,0.0001176070027755,0.00046880134323145,0.0,-0.00032983720302585,0.001434251666069,4,0.032873504
L12_65k_l072,12,65k,72,15045,0.00025588886449965,0.0027327539864927,0.0,-0.010248795151710462,0.023137092590331948,4,0.038304485
L12_65k_l072,12,65k,72,15076,0.0001580308142047,0.0014161063591018,0.0,0.0011897832155227,0.0011897832155227,1,0.04424752
L12_65k_l072,12,65k,72,15081,0.0001198379607462,0.0011101737036369,0.0,-0.00150287151336665,0.005948357284069,4,0.03317342
L12_65k_l072,12,65k,72,15196,0.0004893531614152,0.0023454558104276,0.0,0.0272989273071289,0.0272989273071289,1,0.034826297
L12_65k_l072,12,65k,72,15228,0.00058233586878645,0.01836379244923585,0.0,-0.00254677236080165,0.016002282500267,4,0.0425025
L12_65k_l072,12,65k,72,15651,0.00031463818880815,0.00113385915756225,0.0,-0.00238335132598875,0.011361509561538651,4,0.03741239
L12_65k_l072,12,65k,72,15879,0.0093982364836195,0.0682553797960281,0.3333333333333333,0.0951119065284729,0.0951119065284729,3,0.05401756
L12_65k_l072,12,65k,72,16661,0.0004523067996828,0.007040662807412349,0.0,-0.0037154257297516,0.0315958261489868,4,0.03394968
L12_65k_l072,12,65k,72,16796,0.00016688948224385,0.0028182626701890997,0.0,-0.00126957893371585,0.01260700821876525,4,0.0343862
L12_65k_l072,12,65k,72,16981,0.0051285370433951,0.0354993417859077,0.0,0.0686361193656921,0.0686361193656921,3,0.04214684
L12_65k_l072,12,65k,72,17229,0.00018538392171024617,0.0010980897059198,0.0,-0.00283426046371455,0.0062077939510345,4,0.03256977
L12_65k_l072,12,65k,72,17430,0.0001824222377898,0.000724692014046,0.0,-0.0012679994106292,0.0012679994106292,3,0.04134214
L12_65k_l072,12,65k,72,17552,3.178392259780034e-05,0.00017119493713833818,0.0,0.00034072995185845003,0.0003849267959594,4,0.03437242
L12_65k_l072,12,65k,72,17567,0.0002161087721412,0.0014113904326222499,0.0,0.00115190446376795,0.00527645647525785,4,0.041674666
L12_65k_l072,12,65k,72,17858,0.00022972356810495,0.0015161889605224,0.0,0.0049145594239235,0.00592239946126935,4,0.033808745
L12_65k_l072,12,65k,72,18041,0.00013264619881176004,0.0007850790279917,0.0,0.0038749575614928497,0.0038749575614928497,4,0.03292274
L12_65k_l072,12,65k,72,18399,8.928132267120524e-05,0.00089742516865945,0.0,-0.0061058104038238,0.0061058104038238,4,0.036777698
L12_65k_l072,12,65k,72,18869,0.00023588753968702944,0.0008974310458142556,0.0,-0.0030761957168578984,0.003080546855926502,2,0.038284633
L12_65k_l072,12,65k,72,18881,0.0002819341609912,0.0010048962431028,0.0,0.00013031810522074516,0.0068226605653762,4,0.039837983
L12_65k_l072,12,65k,72,19475,0.00010737697368207088,0.0004924383538309,0.0,-0.0038449466228485,0.0038449466228485,4,0.03649719
L12_65k_l072,12,65k,72,19493,7.12935634914558e-05,0.0003206986439181,0.0,0.0020963847637176,0.0020963847637176,4,0.032119874
L12_65k_l072,12,65k,72,19984,4.284679064479239e-05,0.0008966957102529,0.0,0.0059155002236365994,0.0059155002236365994,4,0.0351643
L12_65k_l072,12,65k,72,20173,0.0003818659873765,0.00329666875768445,0.0,-0.00282724574208255,0.00447300076484675,4,0.034806762
L12_65k_l072,12,65k,72,20258,0.0001390734143772,0.0005342909134924,0.0,-0.0017815828323364,0.0017815828323364,1,0.035173178
L12_65k_l072,12,65k,72,20595,0.0004092852996712,0.0020352667197585,0.0,-0.0123958885669708,0.0123958885669708,1,0.039694455
L12_65k_l072,12,65k,72,20928,0.0002625387360075,0.00152960931882255,0.0,0.008057028055191,0.008057028055191,4,0.038293015
L12_65k_l072,12,65k,72,21334,1.671666895551843e-06,1.5090065062395297e-05,0.0,5.52535057067498e-05,0.0002383589744567,4,0.03335851
L12_65k_l072,12,65k,72,21353,0.00015226011108040001,0.0006019563297741,0.0,-0.0026323646306991,0.0026323646306991,4,0.03456189
L12_65k_l072,12,65k,72,21907,0.00035728442934760004,0.00432392768561835,0.0,0.005545351654291101,0.0084068328142166,4,0.037294492
L12_65k_l072,12,65k,72,22032,0.00016610694328830002,0.00151979312067845,0.0,0.0071530640125274,0.00992234051227565,4,0.03262015
L12_65k_l072,12,65k,72,22575,0.0003503612717259,0.0018393732607364498,0.0,-0.0046822130680084,0.0066237300634384,4,0.037757356
L12_65k_l072,12,65k,72,22866,0.00037379208878755,0.00185932312160725,0.25,0.002021998167038,0.012527123093605,4,0.037302494
L12_65k_l072,12,65k,72,23329,9.088422289129961e-05,0.00045738279004575,0.0,0.00345093011856075,0.004170790314674299,4,0.03557402
L12_65k_l072,12,65k,72,23570,0.00025343517669165,0.00152340729255225,0.0,0.00755186378955835,0.01486638188362115,4,0.032364145
L12_65k_l072,12,65k,72,23872,9.820525019061349e-05,0.00041474425233895,0.0,2.999603748325e-05,0.0010479912161827,4,0.03457341
L12_65k_l072,12,65k,72,24027,0.00020078314975045,0.00141696864739055,0.0,-0.00742581486701965,0.00742581486701965,4,0.0351507
L12_65k_l072,12,65k,72,24222,6.028298593104217e-05,0.00030621526093454966,0.0,-0.00010648369789122324,0.0023529380559921,4,0.03854061
L12_65k_l072,12,65k,72,24496,7.127377134342e-05,0.00035860107163895004,0.0,0.00140482187271115,0.00415444374084465,4,0.03500361
L12_65k_l072,12,65k,72,24613,0.00050213946500305,0.0066832872107624505,0.0,-0.00729332119226455,0.00729332119226455,4,0.043171637
L12_65k_l072,12,65k,72,24745,0.00012890116166917222,0.00056282017612825,0.0,0.0025366991758346003,0.0042098090052604,4,0.03634573
L12_65k_l072,12,65k,72,25031,0.00014721379030815,0.00065509782871225,0.0,-0.0013067126274108499,0.0013067126274108499,4,0.034969434
L12_65k_l072,12,65k,72,25130,0.0002453094047021,0.0015421540010720001,0.0,-0.01181325316429135,0.01181325316429135,4,0.034233496
L12_65k_l072,12,65k,72,25397,0.0004591975121757,0.0017838282219599499,0.0,-0.014394015073776249,0.01508608460426325,2,0.033599436
L12_65k_l072,12,65k,72,25585,8.553298007192795e-05,0.0009585741208866,0.0,0.00142303109169005,0.00666645169258115,4,0.03576035
L12_65k_l072,12,65k,72,25708,1.7833720002181987e-05,9.956209942170705e-05,0.0,0.0004258006811142,0.000938668847084,4,0.038741246
L12_65k_l072,12,65k,72,26175,5.051997781388928e-07,1.8155766383642915e-06,0.0,2.688169479370117e-05,2.688169479370117e-05,1,0.037758235
L12_65k_l072,12,65k,72,26292,0.00048361739446494995,0.0065131683368235506,0.0,-0.015910916030406907,0.02269189059734335,4,0.032442857
L12_65k_l072,12,65k,72,26429,4.283579040552886e-06,2.2515615455631632e-05,0.0,-1.7911195755004883e-05,7.66217708587582e-05,4,0.03995214
L12_65k_l072,12,65k,72,26644,0.00017294298257394998,0.0012272019521333,0.0,0.0054741650819778,0.0054741650819778,4,0.03228583
L12_65k_l072,12,65k,72,26665,0.00012046835871523681,0.0014693806806462737,0.0,0.00029370188713075,0.012021891772747,4,0.036235955
L12_65k_l072,12,65k,72,26783,0.00023591665398575,0.00182891983422445,0.0,0.013661503791809049,0.013661503791809049,4,0.046964765
L12_65k_l072,12,65k,72,27088,0.00096998792502475,0.028751784004271,0.0,0.03948655724525445,0.03948655724525445,4,0.041425947
L12_65k_l072,12,65k,72,27130,0.00011452739759725012,0.00060659390874205,0.0,0.00202254951000205,0.00282528251409525,4,0.032955986
L12_65k_l072,12,65k,72,27270,0.0002809895936801,0.00234509748406705,0.0,-0.0088697969913482,0.0088697969913482,4,0.04048524
L12_65k_l072,12,65k,72,27500,0.0030957003405057,0.1428866982460022,1.0,0.039625234901905,0.039625234901905,1,0.04310344
L12_65k_l072,12,65k,72,27566,7.981243717333676e-05,0.000520519883139,0.0,-0.0013252347707748001,0.0013252347707748001,4,0.033912513
L12_65k_l072,12,65k,72,27603,0.00038939997290125003,0.0022417462896555003,0.0,-0.01434408128261565,0.01434408128261565,4,0.037485156
L12_65k_l072,12,65k,72,27783,2.390695410173692e-06,2.4277012926177122e-05,0.0,2.288818359375e-05,0.0003310739994049,4,0.03387854
L12_65k_l072,12,65k,72,27901,5.678718063582991e-05,0.00047774054110045,0.0,-0.0025974661111831,0.00260460376739495,4,0.031878088
L12_65k_l072,12,65k,72,28199,0.00017946682955345,0.0007067853584885001,0.0,0.0037451088428497497,0.00642037391662595,4,0.032322526
L12_65k_l072,12,65k,72,28788,0.00013398725622967012,0.00057793629821385,0.0,-0.00040763616561885,0.00489351153373715,4,0.034605928
L12_65k_l072,12,65k,72,29007,8.28458209386459e-05,0.0005186936759855,0.0,0.0006089359521866,0.00171309709548945,4,0.035992306
L12_65k_l072,12,65k,72,29451,0.00020615322916965,0.00183351960731665,0.0,-0.00010866671800614965,0.00767248868942255,4,0.046297252
L12_65k_l072,12,65k,72,29708,0.0002787959553624,0.00217019300907845,0.0,0.00532281771302215,0.00532281771302215,4,0.03424614
L12_65k_l072,12,65k,72,29848,0.00019120523338472806,0.0009375519875902567,0.0,0.0027572512626647,0.0027572512626647,4,0.033130478
L12_65k_l072,12,65k,72,30098,0.000284763805443,0.0011390643194317,0.0,0.0031740218400955,0.0031740218400955,3,0.037316546
L12_65k_l072,12,65k,72,30126,0.00017201299746973873,0.00224935635924335,0.0,0.00354900956153865,0.00645834207534785,4,0.036591884
L12_65k_l072,12,65k,72,31060,8.737149711478651e-05,0.00103921745903785,0.0,-0.00244943797588345,0.00244943797588345,4,0.033525877
L12_65k_l072,12,65k,72,31445,0.00017407457872465,0.00157614401541645,0.0,-0.00554820895195005,0.00998029112815855,4,0.0339531
L12_65k_l072,12,65k,72,31507,6.996882360200149e-05,0.00036646571243175,0.0,0.0002434030175208582,0.00083317607641215,4,0.031190306
L12_65k_l072,12,65k,72,31746,0.0002390684203924,0.0012364368885755,0.0,0.0039838254451751,0.0039838254451751,1,0.035348795
L12_65k_l072,12,65k,72,32309,0.00020095623453429999,0.0018938748980872,0.0,-0.0019198507070541,0.00327489525079725,4,0.03628026
L12_65k_l072,12,65k,72,32462,0.0001921717881064,0.0024040823336689996,0.0,0.0048666596412658,0.00967839360237115,4,0.033584006
L12_65k_l072,12,65k,72,32556,0.0008488156043153509,0.004124723520362718,0.0,0.02415930479764935,0.02415930479764935,2,0.042765625
L12_65k_l072,12,65k,72,32697,3.6339438693379704e-05,0.0005390304086176853,0.0,-0.004366993904113739,0.0047008395195006995,4,0.031759903
L12_65k_l072,12,65k,72,32825,0.0001249233102708,0.00047492512385355,0.0,0.002346023917198175,0.00279700756072995,4,0.040297624
L12_65k_l072,12,65k,72,32898,0.00018942694613605,0.00089288924937135,0.0,0.0022990852594375,0.0022990852594375,4,0.03461539
L12_65k_l072,12,65k,72,32959,0.0001563989976688,0.00058206758694715,0.0,0.00146634876728055,0.0015835650265216498,4,0.033782676
L12_65k_l072,12,65k,72,33318,0.00010330382105613131,0.0008770822314545,0.0,0.001355320215225216,0.0039931237697601,4,0.035843737
L12_65k_l072,12,65k,72,33369,0.0006889860703963,0.0021745841950178,0.0,0.0019481591880321,0.0019481591880321,3,0.036377113
L12_65k_l072,12,65k,72,33629,0.00094115978319925,0.00813280791044235,0.25,-0.00141790509223935,0.0034859851002693,4,0.04065765
L12_65k_l072,12,65k,72,33851,0.00026099171051415,0.0011093124048784,0.0,-0.00401258468627925,0.006385006010532299,4,0.043545656
L12_65k_l072,12,65k,72,34289,6.332381168782163e-05,0.0002947000903077,0.0,0.0003691092133522,0.00065980106592175,4,0.03444018
L12_65k_l072,12,65k,72,34293,0.00028908338702435,0.00141142733627925,0.0,0.00218750908970825,0.00218750908970825,4,0.03844543
L12_65k_l072,12,65k,72,34648,0.00018508034171915,0.00146668456727635,0.0,-0.0023097768425941,0.0060345456004142,4,0.0332678
L12_65k_l072,12,65k,72,34699,0.00026933862985110003,0.00185108016012235,0.0,-0.0006599351763725,0.0009064972400664999,4,0.036880657
L12_65k_l072,12,65k,72,35323,0.00016795896483295011,0.0008051429758779,0.0,0.0007559657096861999,0.0028568431735038003,4,0.032940615
L12_65k_l072,12,65k,72,35324,0.00010978351491438252,0.0010664521105354,0.0,-0.00200179219245905,0.0027290284633635998,4,0.032865085
L12_65k_l072,12,65k,72,35426,3.532984935328436e-05,0.000136765622301,0.0,-0.0002789497375488,0.0002789497375488,1,0.034031935
L12_65k_l072,12,65k,72,36128,0.00069849306790285,0.0046185636892914494,0.0,0.012614324688911351,0.012614324688911351,4,0.035120714
L12_65k_l072,12,65k,72,36281,0.0003705727056033,0.0017935546347871,1.0,0.027584820985794,0.027584820985794,1,0.034909233
L12_65k_l072,12,65k,72,36374,0.00041139456815165,0.00210404838435345,0.0,-0.004418596625328,0.007422395050525599,4,0.036345985
L12_65k_l072,12,65k,72,36503,9.826849356039786e-05,0.0003928982187062,0.0,-9.518861770627793e-05,0.0018126666545867501,4,0.03247851
L12_65k_l072,12,65k,72,36771,0.0020106760153771083,0.00733587989816435,0.0,0.0355764776468277,0.038025572896003695,2,0.041121088
L12_65k_l072,12,65k,72,36854,0.0001414831843251,0.000474278058391,0.0,-0.0017031878232955,0.00325444340705865,4,0.033950962
L12_65k_l072,12,65k,72,37234,0.00021032573336955001,0.0020137485698796,0.0,0.0016539543867111,0.01730485260486595,4,0.049091656
L12_65k_l072,12,65k,72,37288,7.905406906619828e-05,0.000297071179375,0.0,0.0040226578712463,0.0040226578712463,1,0.03674262
L12_65k_l072,12,65k,72,37461,0.0002950582904768,0.0019804508192464,0.0,0.0004342347383499499,0.0042600035667419,4,0.034410447
L12_65k_l072,12,65k,72,37762,0.0004674982998919,0.0015869378112256,0.0,-0.0011975169181823,0.0011975169181823,1,0.037447974
L12_65k_l072,12,65k,72,37925,9.384341064556375e-05,0.00108840543543915,0.0,-0.00100716948509215,0.0045742839574813,4,0.03516478
L12_65k_l072,12,65k,72,38428,0.00036483080786665,0.009255358017981,0.0,0.00012222677469249997,0.00608965009450905,4,0.034213003
L12_65k_l072,12,65k,72,38751,0.0002429332211111,0.00148164457641535,0.0,0.01259193569421765,0.01259193569421765,4,0.033262767
L12_65k_l072,12,65k,72,38907,0.0002876930334932399,0.0010144995612790565,0.0,0.01051014661788945,0.01103889942169185,2,0.03393682
L12_65k_l072,12,65k,72,38933,0.00011904334073715857,0.0004705213650595,0.0,0.0011717975139618,0.0014324635267256999,4,0.034408346
L12_65k_l072,12,65k,72,39402,0.0022867598556453,0.044163167476654,0.0,-0.0384292006492614,0.0384292006492614,1,0.04570852
L12_65k_l072,12,65k,72,39442,7.090127297673044e-05,0.0006389969203155,0.0,0.004350006580352749,0.0044952034950256,4,0.032950178
L12_65k_l072,12,65k,72,40084,0.00025742956128355,0.00167183449957515,0.0,-0.00135359168052675,0.00341098010540005,4,0.041672055
L12_65k_l072,12,65k,72,40229,0.00046157107613455,0.007184682413935601,0.0,0.00519092753529545,0.0104407928884029,4,0.038329404
L12_65k_l072,12,65k,72,40537,7.397824817397504e-05,0.0017503260460216001,0.0,-0.00120437145233155,0.0076425969600677005,4,0.03446015
L12_65k_l072,12,65k,72,40675,0.00029287228619575,0.0031853390391916,0.0,0.0054855495691299005,0.008035734295845,4,0.034434963
L12_65k_l072,12,65k,72,40707,0.0004656546332123,0.0029595335945487,0.0,0.014517530798912,0.014517530798912,3,0.04064232
L12_65k_l072,12,65k,72,40936,0.00016338918592615,0.0007116400229278,0.0,0.0011860728263854,0.0011860728263854,2,0.041350417
L12_65k_l072,12,65k,72,41085,8.226941935975793e-05,0.00115383710362945,0.0,-0.0017669200897217,0.01400303840637205,4,0.034824967
L12_65k_l072,12,65k,72,41111,0.00010870410103332236,0.00044728905049845006,0.0,0.00357295572757715,0.00357295572757715,4,0.033466917
L12_65k_l072,12,65k,72,41175,0.006025587541279266,0.3070256197534036,0.0,0.0555272810161113,0.0555272810161113,2,0.04264016
L12_65k_l072,12,65k,72,41464,0.0008533257132163001,0.00768873048946255,0.0,-0.0156938955187797,0.0204803347587585,4,0.043927547
L12_65k_l072,12,65k,72,41585,7.038685791174439e-05,0.00069769690162495,0.0,0.0016211047768593,0.0029952824115752497,4,0.03632249
L12_65k_l072,12,65k,72,41766,0.0006501712243599999,0.0024874121882021,0.0,0.0007416903972625993,0.028970807790756198,2,0.03598878
L12_65k_l072,12,65k,72,42193,0.00013141657364265676,0.00083682755939655,0.0,0.0017768815159797998,0.00338288396596905,4,0.034402575
L12_65k_l072,12,65k,72,42296,0.00021217655144554999,0.0026460972148925,0.0,-0.012171566486358601,0.012171566486358601,4,0.031800773
L12_65k_l072,12,65k,72,42416,0.00015263497964979227,0.00054652742983305,0.0,-0.0011519119143486001,0.00246998667716975,4,0.03498462
L12_65k_l072,12,65k,72,42603,0.0003447334117019,0.0010369038209319,0.0,0.0002737641334533,0.0002737641334533,1,0.033652503
L12_65k_l072,12,65k,72,43013,0.00037517724316585,0.0091088359476998,0.0,0.0064395666122436,0.0064395666122436,4,0.043193243
L12_65k_l072,12,65k,72,43699,0.0004350611357377,0.007805463857948751,0.0,0.01101681590080255,0.0202359557151794,4,0.04040155
L12_65k_l072,12,65k,72,43717,0.0001763390884259,0.0008245212375186,0.0,-0.0079439282417297,0.0079439282417297,1,0.03478678
L12_65k_l072,12,65k,72,43723,0.0002336634159771,0.00087381599587385,0.0,0.00073166936635965,0.00137374550104135,4,0.032614116
L12_65k_l072,12,65k,72,43847,0.00030487410372715003,0.00211829319596285,0.0,-0.0010952800512313999,0.0085183456540107,4,0.038651
L12_65k_l072,12,65k,72,43908,0.0001940600302941,0.0007188314921222499,0.0,0.00060017406940455,0.0009761080145835,4,0.036517277
L12_65k_l072,12,65k,72,43918,0.0002369851510111,0.0018114506965503001,0.0,-0.0064985156059265,0.0119209587574005,4,0.043562517
L12_65k_l072,12,65k,72,44689,0.0003750675376059,0.0011696520959958,0.0,-0.0017419382929801499,0.0017419382929801499,2,0.037805118
L12_65k_l072,12,65k,72,44890,0.00011269901560441677,0.00265421229414635,0.25,-0.00405305624008176,0.00979539006948465,4,0.036130644
L12_65k_l072,12,65k,72,45333,0.00021790571821565,0.0016614752821623498,0.25,0.0049168467521667,0.0071272030472754495,4,0.032200404
L12_65k_l072,12,65k,72,45931,6.5296056729530564e-06,7.403556082862024e-05,0.0,-0.00026881694793695003,0.00026881694793695003,4,0.042602513
L12_65k_l072,12,65k,72,46088,0.000218759381755,0.0016611982136964,0.0,-0.018581286072731,0.018581286072731,1,0.032352984
L12_65k_l072,12,65k,72,46516,0.0002512767831238,0.0018545306520536,0.0,0.01418441534042355,0.01418441534042355,4,0.03715693
L12_65k_l072,12,65k,72,46590,0.0003755274988242,0.0013739309506490501,0.0,0.0010855942964553998,0.01194128394126885,4,0.036819026
L12_65k_l072,12,65k,72,46618,8.35720647003795e-05,0.00034063936618615,0.0,-0.0006186515092849999,0.0033594965934752997,4,0.03309401
L12_65k_l072,12,65k,72,46884,0.00013633910818865,0.0007453133584931001,0.0,0.0037222206592559502,0.0037222206592559502,4,0.034845784
L12_65k_l072,12,65k,72,46937,0.00030879509525394996,0.00151785992784425,0.0,-0.0022868365049361927,0.0072383061051368,4,0.03352358
L12_65k_l072,12,65k,72,47056,0.0014764836447247998,0.012826451566070301,0.0,0.01817741990089415,0.026647478342056254,4,0.04113208
L12_65k_l072,12,65k,72,47104,4.183956914269674e-05,0.0002287879469804,0.0,-1.4454126358032227e-05,0.0009830594062804727,4,0.032208882
L12_65k_l072,12,65k,72,47508,0.00064581517553985,0.0037019990850239498,0.25,0.01744370907545085,0.01744370907545085,4,0.03704318
L12_65k_l072,12,65k,72,47535,0.0019762129528288,0.043476054444909054,0.0,0.006892263889312701,0.01992439851164815,4,0.038417146
L12_65k_l072,12,65k,72,47680,0.0001354661294701,0.0004624919965863,0.0,-0.0001488327980041,0.0001893043518066,3,0.036974028
L12_65k_l072,12,65k,72,47937,0.0003059188676984,0.00450999266467985,0.0,-0.0038961581885814498,0.0053348466753959,4,0.034532726
L12_65k_l072,12,65k,72,48026,0.00050637158574215,0.00641078432090575,0.0,7.628649473190004e-05,0.00461687520146365,4,0.034539945
L12_65k_l072,12,65k,72,49002,0.0004188009935458,0.0013234606012701,0.0,0.004549965262413,0.004549965262413,1,0.03816948
L12_65k_l072,12,65k,72,49520,9.49073317174006e-05,0.0003881573793478,0.0,-0.0028288960456848,0.0028288960456848,1,0.03203178
L12_65k_l072,12,65k,72,49524,0.00026928543905335,0.0016146787675097,0.0,-0.0005234107375145001,0.0017005503177642501,4,0.040611766
L12_65k_l072,12,65k,72,49610,0.00049276180816985,0.00736697739921505,0.0,0.042110741138458196,0.042110741138458196,4,0.030999402
L12_65k_l072,12,65k,72,49619,0.0001146147448323,0.0004436811432242,0.0,-0.0008571743965148,0.0008571743965148,1,0.057587788
L12_65k_l072,12,65k,72,49760,0.0003841514577914,0.0021218070760369,0.0,0.0231254398822784,0.0231254398822784,1,0.04444927
L12_65k_l072,12,65k,72,49787,0.0001776841994587,0.00209242268465455,0.0,-0.00969311594963075,0.0138488709926605,4,0.038311303
L12_65k_l072,12,65k,72,49865,2.437442426937344e-05,0.00012300788876015207,0.0,0.0007798671722412,0.0013777017593383498,4,0.03278871
L12_65k_l072,12,65k,72,49889,0.00013965399188665002,0.0024649308761581,0.25,0.00014483928680419998,0.007235348224639849,4,0.03456738
L12_65k_l072,12,65k,72,50053,0.0001158951782522,0.0006539631285704,0.0,-0.00201016664505,0.0037307739257812,3,0.041907888
L12_65k_l072,12,65k,72,50061,0.00014719771386188975,0.000631177710602,0.0,-0.00244194269180295,0.0029179453849792,4,0.03257684
L12_65k_l072,12,65k,72,51005,0.00026334797906775,0.0024402401177211997,0.0,0.0053226202726364,0.0059481561183929,4,0.046749372
L12_65k_l072,12,65k,72,51347,0.00017477483186187793,0.0010174266062676501,0.0,-0.0011835694313049,0.0019678100943565,4,0.036772057
L12_65k_l072,12,65k,72,51357,0.0001567541743475,0.00081113286432805,0.0,-0.00111040472984315,0.00212901830673215,4,0.034487687
L12_65k_l072,12,65k,72,51670,0.00015221055677659478,0.00287759723141785,0.0,0.0048262178897857,0.0064397752285003,4,0.03778609
L12_65k_l072,12,65k,72,51814,0.0002684715809629,0.0008788284612819,0.0,-0.0034940540790557,0.0034940540790557,3,0.036463648
L12_65k_l072,12,65k,72,51987,1.6580208867116183e-05,9.57243173616007e-05,0.0,0.0030074119567871,0.0030074119567871,1,0.038743906
L12_65k_l072,12,65k,72,52472,0.00036433367009875003,0.0025579381617717003,0.25,0.0050066411495208,0.01034742593765255,4,0.03412827
L12_65k_l072,12,65k,72,52479,0.00019731683560045,0.0026425381656735502,0.0,-0.00305247306823725,0.0031252056360244,4,0.037214946
L12_65k_l072,12,65k,72,52545,0.0004780038033643,0.0114794643595814,0.0,-0.0377135276794433,0.0377135276794433,1,0.042110726
L12_65k_l072,12,65k,72,52918,0.000201782361371,0.0012093033874406999,0.0,-0.0012297481298446,0.00504000484943385,4,0.03400079
L12_65k_l072,12,65k,72,53046,0.0002139449578711,0.0015869119670241499,0.0,-0.0056247264146804,0.010795801877975401,4,0.033959072
L12_65k_l072,12,65k,72,53105,0.0001914585443041,0.0019352018134668,0.5,0.00514968857169145,0.00514968857169145,4,0.034123477
L12_65k_l072,12,65k,72,53286,1.066436670401434e-05,4.049083509016782e-05,0.0,0.0003793239593505,0.0003793239593505,1,0.035099138
L12_65k_l072,12,65k,72,53603,0.00013950551820752791,0.00075559143442655,0.0,-0.0002998411655426,0.0048139095306396,4,0.041165855
L12_65k_l072,12,65k,72,53688,0.0021574914128862,0.0468584075570106,0.0,0.0180816352367401,0.0180816352367401,1,0.04295894
L12_65k_l072,12,65k,72,53766,0.0005132900866107,0.00651922891847785,0.0,-0.00169898569583895,0.0286777317523956,4,0.040364005
L12_65k_l072,12,65k,72,53902,0.00248084447656195,0.0793423149734735,0.0,0.0716800391674041,0.08700869977474204,4,0.0422672
L12_65k_l072,12,65k,72,54050,0.00024763696847495,0.0012724316911771,0.0,-0.005040943622589081,0.00591261684894555,4,0.03232693
L12_65k_l072,12,65k,72,54051,0.00035813026044335,0.006298373918980299,0.0,0.01638135313987725,0.02165855467319485,4,0.03915548
L12_65k_l072,12,65k,72,54253,7.445728163355912e-05,0.0009931758868333388,0.0,0.00711309909820555,0.00711309909820555,4,0.03489711
L12_65k_l072,12,65k,72,54370,0.0003964985099423,0.0014564217999577,0.0,-0.00691393017768855,0.00691393017768855,2,0.03970928
L12_65k_l072,12,65k,72,54496,0.00015549516886508057,0.00077483567292795,0.0,-0.0049510449171065495,0.0049510449171065495,4,0.03740697
L12_65k_l072,12,65k,72,54695,0.00031053161228985,0.0024871048517524502,0.0,0.016295418143272348,0.016295418143272348,4,0.035905413
L12_65k_l072,12,65k,72,55009,0.0002058437784906,0.0013085360988043001,0.0,0.0024003386497497064,0.00311197340488425,4,0.036033567
L12_65k_l072,12,65k,72,55040,0.00028293651637755,0.0020869832951575,0.0,-0.0135421752929687,0.0200189650058746,4,0.03388211
L12_65k_l072,12,65k,72,55053,0.00017678661683850018,0.0009822722058743117,0.25,-0.00013110041618345,0.01515978574752805,4,0.03307884
L12_65k_l072,12,65k,72,55254,0.0004153331090288,0.0015282543608918,0.0,-0.0011116340756416,0.0011116340756416,1,0.04190981
L12_65k_l072,12,65k,72,55523,7.333861427697192e-05,0.0002604875189717,0.0,0.0012661218643188,0.0012661218643188,4,0.03497366
L12_65k_l072,12,65k,72,55730,0.00309331876948615,0.1044558715075254,0.25,-0.04347582161426545,0.08292737603187555,4,0.042710595
L12_65k_l072,12,65k,72,56026,0.00014495892337396213,0.000636801298242,0.0,-0.00031509995460509994,0.00582614541053765,4,0.03566874
L12_65k_l072,12,65k,72,56117,0.00013703394062698784,0.00230798404663795,0.0,-0.00318381190299985,0.006081014871597201,4,0.034828957
L12_65k_l072,12,65k,72,56152,0.0021291647552,0.0143469860777258,0.0,0.0252996087074279,0.0252996087074279,1,0.036848657
L12_65k_l072,12,65k,72,56321,0.00014607337182890516,0.0008279678222606,0.0,-0.00032360851764675003,0.0049159079790115,4,0.04059716
L12_65k_l072,12,65k,72,56383,0.00017500032943619677,0.0025912886485457,0.0,0.00360369682312005,0.01448319852352135,4,0.035291865
L12_65k_l072,12,65k,72,56874,0.00036366947967455003,0.00482632848434145,0.0,0.0168341696262359,0.028863176703453,4,0.03583376
L12_65k_l072,12,65k,72,56942,6.179800141969765e-05,0.00068267612368795,0.0,0.00207111239433285,0.0058059394359588,4,0.034166526
L12_65k_l072,12,65k,72,57102,0.0001238596627996272,0.0013146514247637,0.0,0.006457597017288199,0.012574553489685,4,0.04160402
L12_65k_l072,12,65k,72,57106,0.00022247678856509998,0.0007223419379442501,0.0,-0.00308105349540705,0.00452648103237145,4,0.03979805
L12_65k_l072,12,65k,72,57909,5.2068213489006e-05,0.00020643421885320002,0.0,0.0031304955482482502,0.00458759069442745,4,0.034537833
L12_65k_l072,12,65k,72,57980,0.000446596733835,0.0018313120817765,0.0,-2.641230821609974e-05,0.00583028048276895,4,0.03591107
L12_65k_l072,12,65k,72,58075,8.143333386437043e-05,0.0012164132203906,0.0,0.0013334453105926,0.0013334453105926,4,0.03713915
L12_65k_l072,12,65k,72,58113,0.00043513351864474996,0.00183845916762945,0.0,0.0024465098977088503,0.009958729147910999,4,0.03628462
L12_65k_l072,12,65k,72,58143,0.0001019895232669,0.0003591554122976,0.0,-0.0002585053443908,0.0002585053443908,2,0.04109075
L12_65k_l072,12,65k,72,58341,0.0003032096175435489,0.0016845723148434999,0.0,-0.0106614381074905,0.0106614381074905,4,0.03329167
L12_65k_l072,12,65k,72,58349,3.4821508815625305e-05,0.00018139847816198192,0.0,-0.0006338804960251,0.0011462122201919,2,0.040949445
L12_65k_l072,12,65k,72,58654,0.00026905319504385,0.0023220648290589,0.25,0.0045025795698165495,0.0045025795698165495,4,0.033887215
L12_65k_l072,12,65k,72,58798,0.00049810211076125,0.0015818619867786,0.0,0.0012469738721847512,0.004119545221328701,4,0.03475872
L12_65k_l072,12,65k,72,58869,6.807932086530881e-06,7.223529246402904e-05,0.0,0.00026056170463555,0.0003241896629333,4,0.03801184
L12_65k_l072,12,65k,72,59337,0.0005379537919134,0.0019826344214379,0.0,0.0309374928474426,0.0309374928474426,1,0.032273278
L12_65k_l072,12,65k,72,59580,0.0001655386230825,0.0005896370857954,0.0,-0.0002370327711105,0.0010533332824707,3,0.035516582
L12_65k_l072,12,65k,72,60348,0.00030291108461514996,0.0017366990214213,0.0,-0.0062215551733971,0.01136596500873565,4,0.032645304
L12_65k_l072,12,65k,72,60356,0.0005284764601318,0.0032854489982128,0.0,-0.0038649737834930502,0.01468403637409205,4,0.032576635
L12_65k_l072,12,65k,72,60485,0.00026553761197935,0.0042844649869948495,0.0,0.0139614641666412,0.0147808343172073,4,0.035694722
L12_65k_l072,12,65k,72,60560,0.00043063681487945,0.0020640022121369,0.0,0.015018839389085749,0.015018839389085749,4,0.033744544
L12_65k_l072,12,65k,72,60622,0.000162806587955,0.0016346275806426499,0.0,-0.0031327381730079,0.01060874015092845,4,0.038680866
L12_65k_l072,12,65k,72,60748,0.0002024144542669,0.005882847122848,0.0,0.0060727298259734995,0.01233096420764915,4,0.03874412
L12_65k_l072,12,65k,72,60793,0.0004212382622709,0.00953893456608055,0.0,-0.00236344337463375,0.00754215568304055,4,0.035226323
L12_65k_l072,12,65k,72,60822,0.00013890608778704998,0.00126551371067755,0.0,0.0030483007431030503,0.008414149284362751,4,0.0393124
L12_65k_l072,12,65k,72,60850,0.00021321132375660002,0.00104931381065395,0.0,-0.0084011554718017,0.0084011554718017,2,0.038177323
L12_65k_l072,12,65k,72,60856,0.00027092025954395,0.0015142743941396,0.25,-0.00023536384105685008,0.00576004385948175,4,0.04066402
L12_65k_l072,12,65k,72,61470,0.00020399886557389998,0.0025953615549951,0.0,0.0005148239433764999,0.00294656306505195,4,0.03885301
L12_65k_l072,12,65k,72,61658,0.00121033863205115,0.00963892787694925,0.0,-0.0159109234809875,0.03521031141281125,4,0.042552646
L12_65k_l072,12,65k,72,61717,0.0003128742566553,0.001020505442284,0.0,0.0030839443206787,0.0030839443206787,2,0.0334828
L12_65k_l072,12,65k,72,61743,8.045703374991082e-05,0.0008129209745674499,0.0,0.005700349807739201,0.005700349807739201,4,0.03417218
L12_65k_l072,12,65k,72,61864,0.0001892941844399,0.0024035172536969,0.0,0.0168650299310684,0.0168650299310684,4,0.032970373
L12_65k_l072,12,65k,72,61874,0.00014966521708574998,0.00064613344147795,0.0,0.0017516762018203501,0.0039492398500442,4,0.032871835
L12_65k_l072,12,65k,72,61951,0.00058738367222925,0.0098101645708084,0.25,-0.008301571011543251,0.010033100843429501,4,0.036441416
L12_65k_l072,12,65k,72,62313,0.00013091561096185002,0.0012502471217885,0.0,0.0053342878818512,0.00681148469448085,4,0.034805484
L12_65k_l072,12,65k,72,62555,0.0004215475524391,0.00347087334375825,0.0,0.009370893239974951,0.0145541131496429,4,0.041942712
L12_65k_l072,12,65k,72,62809,1.5621808057192422e-05,5.4533669754164293e-05,0.0,0.0001524984836578,0.0003336369991302,2,0.032729868
L12_65k_l072,12,65k,72,63142,0.0004456718002536,0.0032833600416779,0.0,0.0095841884613037,0.0095841884613037,3,0.041397937
L12_65k_l072,12,65k,72,63224,0.00025547835009904997,0.00328353268560015,0.0,0.0070418789982794995,0.0076187700033187,4,0.035293132
L12_65k_l072,12,65k,72,63241,0.0001389063068019,0.0015598027966916002,0.0,0.01725125312805175,0.01725125312805175,4,0.0358749
L12_65k_l072,12,65k,72,63388,0.0001568326346925,0.0010500742355361,0.0,-0.0004603862762451,0.0004603862762451,3,0.043018
L12_65k_l072,12,65k,72,63483,8.617016798207506e-05,0.0010567364661255,0.0,0.008533686399459799,0.009374886751174899,4,0.036595378
L12_65k_l072,12,65k,72,63550,0.00024497585500515,0.0031307354802265,0.0,-0.006663568317890151,0.0177795067429542,4,0.03595528
L12_65k_l072,12,65k,72,63856,0.00020823029949235003,0.0013821874163113,0.0,-0.0021578371524810505,0.00542114675045005,4,0.033925567
L12_65k_l072,12,65k,72,64113,8.485297706358437e-05,0.0010567857971181499,0.0,0.00215407460927965,0.0027643740177154,4,0.03446657
L12_65k_l072,12,65k,72,64922,7.582376209038594e-05,0.0008233922999352,0.0,-0.0014445781707763416,0.0043771564960479,4,0.043316968
L12_65k_l072,12,65k,72,64960,0.00014758104079833783,0.0016358883585780501,0.0,0.0025831311941147,0.0043752938508987,4,0.032467496
L12_65k_l072,12,65k,72,65004,0.0001149192315582,0.00127770297694945,0.25,-0.0005038529634475,0.00252886116504665,4,0.032663547
L19_16k_l023,19,16k,23,41,0.0014543170360149002,0.04853653069585555,0.25,0.0163761060684919,0.0480720549821853,4,0.03292529
L19_16k_l023,19,16k,23,79,0.0030209249621979,0.19720594771206373,0.25,0.0046074613928795,0.0199484899640083,4,0.03401301
L19_16k_l023,19,16k,23,124,0.00022006008010315,0.00392699753865595,0.0,-0.0016291886568068998,0.00554668158292765,4,0.040156253
L19_16k_l023,19,16k,23,228,0.0001859772607334,0.00663949712179595,0.0,-0.00440982729196545,0.01951018720865245,4,0.039941236
L19_16k_l023,19,16k,23,246,2.02407508427344e-05,0.0005254920688457,0.0,0.00341561436653135,0.00341561436653135,4,0.03680621
L19_16k_l023,19,16k,23,252,0.000800194647576,0.0115214847028255,0.0,0.0320762395858764,0.0320762395858764,3,0.038262334
L19_16k_l023,19,16k,23,259,0.00175203613996495,0.0497124716639518,0.25,-0.003936693072319051,0.01942524313926695,4,0.03313905
L19_16k_l023,19,16k,23,341,3.212765579576189e-05,0.0005351271247491,0.0,0.0015038251876831,0.0015038251876831,1,0.03336333
L19_16k_l023,19,16k,23,381,0.00051568698731275,0.01113358419388525,0.0,0.005777779966592801,0.0058968029916286,4,0.0540531
L19_16k_l023,19,16k,23,424,7.37911791791284e-05,0.0012986392721358747,0.0,0.0007530748844146,0.01118996739387505,4,0.04248011
L19_16k_l023,19,16k,23,431,1.7485014333358156e-05,0.0002415081253275,0.0,-0.0033430457115173,0.0033430457115173,1,0.03503548
L19_16k_l023,19,16k,23,504,0.00035813675554789996,0.0161822102963924,0.0,0.0022936612367630005,0.015229232609271951,4,0.03798567
L19_16k_l023,19,16k,23,612,0.0004546786199725,0.03646802529692645,0.25,0.02614659070968625,0.04291084408760065,4,0.037494127
L19_16k_l023,19,16k,23,622,0.00042244413042153247,0.00844630366191265,0.0,0.024117231369018548,0.03237485885620115,2,0.036380194
L19_16k_l023,19,16k,23,627,0.00013021340243697205,0.01175664155744015,0.0,0.05004546046257015,0.05004546046257015,4,0.03508931
L19_16k_l023,19,16k,23,645,0.014463943257493901,1.4606306999921799,0.5,0.17820603027939796,0.17820603027939796,2,0.034638077
L19_16k_l023,19,16k,23,746,0.0003055530253531,0.0152449770830571,0.0,-0.0213726460933685,0.0242131948471069,4,0.035251793
L19_16k_l023,19,16k,23,749,0.00053186725049515,0.013404433149844349,0.0,-0.00511012971401215,0.02884466946125025,4,0.033633344
L19_16k_l023,19,16k,23,771,0.00042210428183640206,0.0072668920038267,0.0,0.0006094425916671497,0.01096355170011515,4,0.033865202
L19_16k_l023,19,16k,23,808,0.0001475023190357,0.00252843310590825,0.0,-0.012386396527290301,0.01304657757282255,4,0.051347587
L19_16k_l023,19,16k,23,904,0.00021536688676675,0.0029165514861233003,0.0,2.1323561668400116e-05,0.0023452788591384003,2,0.035672378
L19_16k_l023,19,16k,23,934,0.00015300063611404087,0.00400525901932265,0.0,-0.006731241941452,0.014347523450851399,4,0.03978334
L19_16k_l023,19,16k,23,1010,0.0040793964441844,0.36101527512073517,0.75,0.0228621140122413,0.0472015365958213,4,0.03389506
L19_16k_l023,19,16k,23,1017,0.00236277007565425,0.29339295579120517,0.5,0.09286386519670485,0.09648419171571725,2,0.03654114
L19_16k_l023,19,16k,23,1132,0.0002649876283096,0.0050842175260186,0.0,-0.0007761567831039,0.0087666511535644,3,0.03509615
L19_16k_l023,19,16k,23,1175,0.00098174226162555,0.020436879247426952,0.0,-0.0091884583234787,0.023372173309326102,4,0.03413716
L19_16k_l023,19,16k,23,1197,0.00041578674619235,0.0091666554799303,0.0,0.00533314049243925,0.00533314049243925,2,0.032411303
L19_16k_l023,19,16k,23,1233,0.000683726713266,0.0107335234060883,0.25,-0.00335522741079325,0.0033733565360307503,4,0.050850403
L19_16k_l023,19,16k,23,1253,0.00027477495871865,0.00874780397862195,0.5,0.015565872192382799,0.015565872192382799,4,0.0357207
L19_16k_l023,19,16k,23,1256,0.00030667626857965,0.0053632836788892,0.0,-0.0043542832136154,0.00634983927011485,4,0.039121166
L19_16k_l023,19,16k,23,1265,0.0002300524711429,0.0038965176790952,0.0,0.0124819278717041,0.0124819278717041,1,0.033676494
L19_16k_l023,19,16k,23,1295,0.00011301332571765,0.00338581786490975,0.0,0.00011117756366730002,0.0018740594387054,4,0.03439487
L19_16k_l023,19,16k,23,1381,0.054482716350653396,6.301281929016113,1.0,0.64093017578125,0.64093017578125,2,0.034794558
L19_16k_l023,19,16k,23,1386,0.00088953581821135,0.0242582326754927,0.25,0.004745777696371049,0.02502587437629695,4,0.03612327
L19_16k_l023,19,16k,23,1392,0.00026976717284815004,0.006253077415749399,0.0,-0.01384624838829035,0.01384624838829035,4,0.03471864
L19_16k_l023,19,16k,23,1611,0.00046491116190450004,0.02348083630204195,0.25,0.019300565123558,0.06192699074745175,4,0.034689885
L19_16k_l023,19,16k,23,1754,0.0004949237957434,0.0109673561528325,0.0,-0.010779872536659199,0.010779872536659199,4,0.03401336
L19_16k_l023,19,16k,23,1821,7.389478448300053e-05,0.004733903799206,0.0,-0.0031488239765167,0.0101139843463897,3,0.0352658
L19_16k_l023,19,16k,23,1897,0.0001316275298065,0.0021451171487569,0.0,0.0060505867004394,0.0060505867004394,3,0.0352835
L19_16k_l023,19,16k,23,1906,0.0007974810764619,0.0102303801104426,0.0,-0.0325446724891662,0.0325446724891662,1,0.03803368
L19_16k_l023,19,16k,23,1934,0.00011394536103375,0.0025724475271999498,0.0,-0.0130766481161117,0.0130766481161117,4,0.037939265
L19_16k_l023,19,16k,23,2051,0.0004867084254516,0.01913805818185205,0.0,0.0043392926454544,0.0067191421985626,4,0.04007372
L19_16k_l023,19,16k,23,2126,0.0002103597356167,0.0135668814182281,0.0,0.0111320614814758,0.01394866406917565,4,0.03514256
L19_16k_l023,19,16k,23,2177,0.00024172530658195,0.01571773737668985,0.0,0.00031906366348264997,0.005900926887989,4,0.04607318
L19_16k_l023,19,16k,23,2189,0.0008865259106852999,0.026740504428744302,0.0,0.0083117485046387,0.03382495045661925,4,0.049615845
L19_16k_l023,19,16k,23,2270,0.00016406203314155,0.0055683115497231,0.0,0.00878643989562985,0.00878643989562985,4,0.03510091
L19_16k_l023,19,16k,23,2354,0.00085902432079465,0.0307053076103329,0.0,-0.035508781671524006,0.035508781671524006,4,0.036389176
L19_16k_l023,19,16k,23,2361,0.0025519744373145503,0.18306215852499005,0.25,0.0831295996904373,0.11610898375511165,4,0.0357151
L19_16k_l023,19,16k,23,2363,0.00081846791675825,0.01782259531319135,0.5,-0.0061887763440608996,0.016409665346145602,4,0.048801266
L19_16k_l023,19,16k,23,2403,0.0016275830284643998,0.062443491071462603,0.0,-0.05300708860158915,0.0692314058542251,4,0.03684805
L19_16k_l023,19,16k,23,2849,0.0058110060081952,0.4848517030477524,0.5,0.1089400351047516,0.2089736014604568,4,0.03469207
L19_16k_l023,19,16k,23,2920,0.00117916720756395,0.0831961650401353,0.0,0.0840494558215141,0.0840494558215141,4,0.0341179
L19_16k_l023,19,16k,23,2960,0.00036645343592975,0.00819224119186395,0.0,-0.010778665542602501,0.01266507804393765,4,0.04043183
L19_16k_l023,19,16k,23,3168,0.0005710075071103,0.0321089625358581,0.0,-0.005571506917476651,0.02931359410285945,4,0.04067887
L19_16k_l023,19,16k,23,3218,0.0039375476498950505,0.22095650434494019,0.5,0.13049829006195068,0.1682405322790146,4,0.032960728
L19_16k_l023,19,16k,23,3230,0.0042170056493826494,0.15909452643245453,0.25,0.1476411186158657,0.1476411186158657,4,0.037940554
L19_16k_l023,19,16k,23,3354,0.00146626537944715,0.02625489514321085,0.0,-0.01426532864570615,0.01426532864570615,2,0.03766444
L19_16k_l023,19,16k,23,3502,0.0071529247131765,0.5584007501602173,0.5,0.15089521557092667,0.15804401785135264,4,0.03634042
L19_16k_l023,19,16k,23,3634,0.0046284052125257,0.29957249760627747,0.25,0.002571631222963302,0.08458117023110386,4,0.03610153
L19_16k_l023,19,16k,23,3641,0.0004918329318671999,0.0109238885343074,0.0,-0.015466436743736201,0.015466436743736201,4,0.034055606
L19_16k_l023,19,16k,23,3709,0.0004611586247047,0.02945093065500255,0.0,0.0078910775482654,0.0079239830374717,4,0.03616656
L19_16k_l023,19,16k,23,3710,0.00012377908169186684,0.0054708982352167,0.0,-0.00484824553132055,0.0097797662019729,4,0.035790365
L19_16k_l023,19,16k,23,3726,0.000191379322211,0.0028976001776754,0.0,6.9141387939453125e-06,0.0079092979431152,3,0.035034183
L19_16k_l023,19,16k,23,3747,0.00256976646684985,0.10503002535551785,0.25,0.01824560575187205,0.01824560575187205,4,0.04483385
L19_16k_l023,19,16k,23,3752,0.00012643816284191347,0.00278912039357235,0.25,0.0042564570903778,0.00933331251144405,4,0.034152173
L19_16k_l023,19,16k,23,3870,0.0007850257390609,0.02080667484551665,0.0,0.056096598505973747,0.0668512284755706,4,0.04140004
L19_16k_l023,19,16k,23,3892,3.491152053336053e-05,0.0009927696664817,0.0,0.0011878311634063,0.0012162029743194,4,0.036628667
L19_16k_l023,19,16k,23,4141,0.0001242347096434776,0.0056422299239784,0.0,-0.0022566914558410497,0.01129709184169765,4,0.03697183
L19_16k_l023,19,16k,23,4144,0.0001110263777725,0.00447226688265795,0.0,0.0089443624019622,0.0108827799558639,4,0.03663382
L19_16k_l023,19,16k,23,4197,0.00275426627330425,0.20062270760536188,0.0,0.01823650300502775,0.08180068433284755,4,0.033541232
L19_16k_l023,19,16k,23,4266,0.00021903103955931772,0.00582552643027155,0.25,0.0320218503475189,0.0320218503475189,4,0.051512398
L19_16k_l023,19,16k,23,4279,0.0011627495105692,0.02501068264245985,0.0,0.1036627441644668,0.1036627441644668,4,0.03745427
L19_16k_l023,19,16k,23,4282,0.00022110927882840003,0.0040513616986572,0.0,-0.021527156233787502,0.023309059441089602,4,0.04360588
L19_16k_l023,19,16k,23,4358,0.0003019558347822,0.01030276482924815,0.0,0.00752283632755275,0.02126082777976985,4,0.034286685
L19_16k_l023,19,16k,23,4428,0.0014383038177565501,0.09668258577585215,0.0,0.0725374817848205,0.0725374817848205,4,0.032395847
L19_16k_l023,19,16k,23,4543,0.0007718730894231999,0.0930271781980991,0.0,-0.026845037937164303,0.07508629560470576,4,0.04654774
L19_16k_l023,19,16k,23,4548,0.0004200376582098,0.0085910875350236,0.0,-0.0197484195232391,0.0197484195232391,1,0.034351666
L19_16k_l023,19,16k,23,4618,0.0013456833503024,0.0201013516634702,1.0,0.0403997302055358,0.0403997302055358,1,0.03432663
L19_16k_l023,19,16k,23,4622,8.560283296083331e-05,0.001403082627803,0.0,-0.0023595690727233,0.0023595690727233,3,0.033384256
L19_16k_l023,19,16k,23,4830,0.00075093122018115,0.022772429510951,0.0,-0.0077182576060295,0.019949153065681402,4,0.044315506
L19_16k_l023,19,16k,23,4887,0.000278309517198,0.0049944787751883,0.0,0.00645893812179565,0.0219950228929519,4,0.03484593
L19_16k_l023,19,16k,23,4968,0.00038066444629705,0.01454781182110305,0.0,0.0067802965641021,0.0067802965641021,4,0.03655235
L19_16k_l023,19,16k,23,5024,0.0038077845192649,0.0911816358566284,0.0,0.1544278860092163,0.1544278860092163,3,0.035625905
L19_16k_l023,19,16k,23,5029,0.00023205665409135,0.0047834224533289,0.0,0.00219326466321945,0.01176724582910535,2,0.03759466
L19_16k_l023,19,16k,23,5113,0.0017699383632621,0.0352882035076618,0.0,-0.0090623795986175,0.0220719277858734,3,0.03745899
L19_16k_l023,19,16k,23,5210,0.00020265401590815,0.005452788667753301,0.0,-0.00341409444808955,0.0058410763740539,4,0.037056252
L19_16k_l023,19,16k,23,5227,0.00407432843710085,0.2660873681306839,0.25,0.14278820157051086,0.16566377878189087,4,0.038999196
L19_16k_l023,19,16k,23,5300,0.000439652771929,0.0192211335524916,0.0,0.002930611371994,0.01906283199787135,4,0.035564795
L19_16k_l023,19,16k,23,5417,0.00031874684878314995,0.0192589070647954,0.0,0.0206761360168457,0.038575977087020846,4,0.04176498
L19_16k_l023,19,16k,23,5465,0.00034784353284745,0.00597630254924295,0.0,-0.0163094997406005,0.0163094997406005,4,0.03319979
L19_16k_l023,19,16k,23,5485,0.00045217103843085,0.006891202880069551,0.0,-0.00424605980515475,0.0046598762273788,4,0.03381042
L19_16k_l023,19,16k,23,5609,7.489332327451772e-07,9.929219231707975e-06,0.0,-0.0002343654632568,0.0002343654632568,1,0.034765895
L19_16k_l023,19,16k,23,5776,0.00942537923649615,0.4981091618537903,0.25,0.3178214728832245,0.3178214728832245,4,0.0522467
L19_16k_l023,19,16k,23,5799,0.00113585856943245,0.07158772647380825,0.0,-0.0870569050312042,0.0870569050312042,4,0.04530407
L19_16k_l023,19,16k,23,5866,0.00035643123071975,0.02689058426767585,0.25,-0.020635098218917798,0.0250181779265403,4,0.035556313
L19_16k_l023,19,16k,23,5879,4.7611085585900626e-05,0.00098357292881695,0.0,0.0007107257843017504,0.005216658115386951,4,0.055405088
L19_16k_l023,19,16k,23,6101,0.00034662925483235,0.028423908166587297,0.0,-0.027557283639907802,0.027557283639907802,4,0.03533751
L19_16k_l023,19,16k,23,6113,0.00012915362411581764,0.00189193271216935,0.0,0.0016665905714035,0.00225530564785,2,0.03896951
L19_16k_l023,19,16k,23,6165,1.1784881967163457e-05,0.00023379524282060002,0.0,0.00047841668128965,0.00115343928337095,4,0.046177797
L19_16k_l023,19,16k,23,6181,0.0011300262722455001,0.07435332611203191,0.25,0.07818975672125811,0.07818975672125811,4,0.0458387
L19_16k_l023,19,16k,23,6254,0.00040827663523829996,0.0093876917380839,0.0,-0.0003917068243026,0.00269252061843865,4,0.03395155
L19_16k_l023,19,16k,23,6346,4.185929754695301e-05,0.0008580633439123001,0.0,0.0049841850996017005,0.0049841850996017005,4,0.037442256
L19_16k_l023,19,16k,23,6369,0.0013403425694179,0.06924744322896,0.5,0.09977548569440836,0.09977548569440836,4,0.033507757
L19_16k_l023,19,16k,23,6453,0.00013213672909581257,0.01069078338332465,0.0,-0.00210037827491755,0.025689423084259002,4,0.032474097
L19_16k_l023,19,16k,23,6488,0.0013507264834423998,0.0964708868414163,0.0,-0.12066802382469174,0.12066802382469174,2,0.037943445
L19_16k_l023,19,16k,23,6520,9.095968902590451e-06,0.0001319635048275,0.0,0.0008792281150817,0.0008792281150817,1,0.037735544
L19_16k_l023,19,16k,23,6569,0.0003711498226087,0.00527550769038495,0.0,0.0063818320631981,0.007228173315524999,2,0.036484037
L19_16k_l023,19,16k,23,6591,0.0006897979169965,0.03225929476320735,0.25,-0.024792239069938653,0.024792239069938653,4,0.037709553
L19_16k_l023,19,16k,23,6597,0.0002474499834693,0.010281047783792,0.25,-0.0020652636885642997,0.02624096721410745,4,0.038268607
L19_16k_l023,19,16k,23,6611,0.0003491634734836,0.01240559620782725,0.0,-0.0069777965545654,0.0268748998641967,4,0.0385484
L19_16k_l023,19,16k,23,6628,0.0023973616396617,0.10016220808029169,0.5,0.0034748762845992973,0.06256820261478416,4,0.034857273
L19_16k_l023,19,16k,23,6636,0.0015207371877576001,0.06590654700994486,0.0,4.261732101449971e-06,0.0416926741600036,4,0.035030894
L19_16k_l023,19,16k,23,6699,0.00013502969853063153,0.0037855630507692,0.0,-0.0044965744018554,0.0073383376002310995,4,0.03640416
L19_16k_l023,19,16k,23,6781,0.0013142766737908138,0.02706912037683645,0.0,-0.010249430313706351,0.010249430313706351,2,0.03712057
L19_16k_l023,19,16k,23,6847,0.00040556596488485,0.01314575690776105,0.0,-0.013960152864456099,0.029824994504451696,4,0.03621217
L19_16k_l023,19,16k,23,6867,0.0002138713133672,0.0051230231765656995,0.25,0.00838447362184525,0.013885565102100351,4,0.037305392
L19_16k_l023,19,16k,23,6883,0.007877231014982201,1.1278437823057175,0.75,0.47220587730407715,0.47220587730407715,4,0.041341804
L19_16k_l023,19,16k,23,6888,0.001498438670866,0.1822803961113095,0.0,0.0316933691501617,0.0504725873470306,4,0.03550756
L19_16k_l023,19,16k,23,6901,0.00044750225922075,0.012976740021258551,0.0,-0.01257944107055665,0.02658490836620325,4,0.032914247
L19_16k_l023,19,16k,23,7112,0.0002458276037303,0.0094466493465006,0.0,0.029468685388565,0.0300137400627136,4,0.03398471
L19_16k_l023,19,16k,23,7118,0.00046041964401725,0.0138479187153279,0.0,0.001334935426712,0.0165898352861404,4,0.036125947
L19_16k_l023,19,16k,23,7223,0.0032861369302145,0.163654513657093,0.25,-0.01976084709167485,0.06566926836967465,4,0.03461021
L19_16k_l023,19,16k,23,7257,7.293544194634804e-05,0.00127746333600945,0.0,-0.0042856484651565,0.0042856484651565,4,0.03603555
L19_16k_l023,19,16k,23,7291,0.00255670542911025,0.0893164053559303,0.5,0.025178000330924946,0.0354000851511955,4,0.034503028
L19_16k_l023,19,16k,23,7410,4.708121096745631e-05,0.0009431071812286,0.0,0.0025772452354431,0.0025772452354431,3,0.034586206
L19_16k_l023,19,16k,23,7499,5.9236564873456875e-05,0.0021725818514823003,0.0,-0.00515824556350705,0.0096301585435867,4,0.042134453
L19_16k_l023,19,16k,23,7662,0.0003331712262858,0.0046175252646207,0.3333333333333333,0.0119394287467002,0.0135873705148696,3,0.035413
L19_16k_l023,19,16k,23,7709,0.0011351987031474001,0.03273077402263875,0.75,0.01702725142240515,0.01702725142240515,4,0.03494724
L19_16k_l023,19,16k,23,7853,0.0014809174050898,0.08206861093640325,0.0,0.1320014894008636,0.1320014894008636,4,0.03676922
L19_16k_l023,19,16k,23,7859,0.003540052258949,0.22820928692817682,0.25,0.045772939920425394,0.15005210041999814,4,0.036209546
L19_16k_l023,19,16k,23,7912,0.0014959324245177,0.07790561765432355,0.5,0.14597842097282404,0.14597842097282404,4,0.034771964
L19_16k_l023,19,16k,23,7930,0.00137544160382765,0.07890591025352475,0.0,-0.00372584164142605,0.004904419183730999,4,0.035336684
L19_16k_l023,19,16k,23,8027,8.612313629930695e-05,0.0013328827917575,0.0,0.0130729675292968,0.0130729675292968,1,0.03470331
L19_16k_l023,19,16k,23,8055,0.00058532558416955,0.0451148115098476,0.0,0.02434301376342765,0.02434301376342765,4,0.034856327
L19_16k_l023,19,16k,23,8075,0.0006498978505795499,0.03083479776978485,0.25,0.0291627347469329,0.0291627347469329,4,0.033327483
L19_16k_l023,19,16k,23,8191,0.0015767633504068998,0.0911141671240329,0.0,-0.06652889028191561,0.06652889028191561,4,0.037721988
L19_16k_l023,19,16k,23,8214,0.0005238347436395,0.0083528188988566,0.0,-0.0200309455394744,0.0200309455394744,2,0.033918016
L19_16k_l023,19,16k,23,8236,0.00016469321133575,0.0051846646238118,0.25,0.0015517435967922,0.01714869961142535,4,0.035334162
L19_16k_l023,19,16k,23,8238,0.0003602430796036,0.0118431327864527,0.3333333333333333,0.0135474801063537,0.0135474801063537,3,0.036144067
L19_16k_l023,19,16k,23,8307,0.0001016945060903,0.0013855540892109,0.0,0.0031656175851821,0.0031656175851821,3,0.062004965
L19_16k_l023,19,16k,23,8368,0.00011693365982954129,0.0016588061698712,0.0,-2.3514032363900275e-05,0.0098532140254974,2,0.03717006
L19_16k_l023,19,16k,23,8522,0.00037908792573585,0.011953708250075551,0.0,-0.0089355483651161,0.01574030518531795,4,0.03463264
L19_16k_l023,19,16k,23,8547,0.00059165512082775,0.02269206475466485,0.25,0.010617740452289502,0.01891314983367915,4,0.03495435
L19_16k_l023,19,16k,23,8570,0.00053093132327655,0.011244142428040501,0.0,-0.0015992820262908998,0.005199372768402049,4,0.037006658
L19_16k_l023,19,16k,23,8645,0.00101527090572405,0.0316563062369823,0.25,0.0206511244177818,0.03296579420566555,4,0.03473433
L19_16k_l023,19,16k,23,8654,0.0005318802709892,0.031654591672122395,0.0,0.06811401247978205,0.06811401247978205,4,0.03175949
L19_16k_l023,19,16k,23,8807,0.0032933487138005,0.3208932280540466,0.3333333333333333,0.0278013944625854,0.0278013944625854,3,0.038256187
L19_16k_l023,19,16k,23,8841,0.00030387443363024996,0.01043712487444275,0.0,-0.010471388697624151,0.010471388697624151,4,0.037927415
L19_16k_l023,19,16k,23,8848,5.890374039631559e-05,0.0008117717225104,0.0,0.0033071041107177,0.0033071041107177,1,0.037522003
L19_16k_l023,19,16k,23,8883,0.0007419937345503,0.08159964485093946,0.25,0.06023801863193505,0.06914797425270075,4,0.0358282
L19_16k_l023,19,16k,23,8939,0.00033604484400135,0.008528975304216101,0.25,0.0179744362831115,0.0179744362831115,4,0.06812892
L19_16k_l023,19,16k,23,8981,2.447579315162312e-05,0.0015878502745181,0.0,0.0057464838027954,0.0057464838027954,1,0.03663497
L19_16k_l023,19,16k,23,9057,0.00018282522130025,0.0060771696735173,0.25,-0.0026025548577308,0.00785732269287105,4,0.03917896
L19_16k_l023,19,16k,23,9163,0.00023465404295525003,0.0140165807679295,0.0,0.0020048767328262,0.03516957163810725,4,0.03659797
L19_16k_l023,19,16k,23,9236,0.00359419893022395,0.26006585359573364,0.5,0.2481371015310287,0.2481371015310287,4,0.030673614
L19_16k_l023,19,16k,23,9292,0.0014459821700529502,0.05573113635182375,0.25,0.0016321241855621498,0.012271195650100649,4,0.035433892
L19_16k_l023,19,16k,23,9299,0.0010273710900497999,0.02898745518177745,0.0,-0.0065726637840271,0.0168639943003654,4,0.037046216
L19_16k_l023,19,16k,23,9367,0.0016547552616217498,0.08460921607911585,0.0,-0.0688614100217819,0.0688614100217819,4,0.036622245
L19_16k_l023,19,16k,23,9390,0.000874620019631,0.0598297864198684,0.0,-0.0138810649514198,0.045554243028163854,4,0.0332376
L19_16k_l023,19,16k,23,9416,0.0003795280427551,0.006096648285165349,0.25,-0.00363835692405695,0.0061656534671783005,4,0.049891777
L19_16k_l023,19,16k,23,9435,0.00068702543853535,0.029965743422508198,0.0,-0.03974354267120355,0.03974354267120355,4,0.035257287
L19_16k_l023,19,16k,23,9452,0.0004079004176335,0.0168644580990076,0.0,0.0846385359764099,0.0846385359764099,1,0.036451023
L19_16k_l023,19,16k,23,9637,0.000778694166124,0.03349100612103935,0.0,-0.023958981037139847,0.0524274110794067,4,0.033722255
L19_16k_l023,19,16k,23,9726,7.635821626381537e-05,0.001458811428165,0.0,-0.0019288957118988,0.0022741854190826,2,0.041678507
L19_16k_l023,19,16k,23,9844,0.0006558020800200757,0.01612574438331645,0.0,0.0041262432932853,0.0041262432932853,2,0.045662034
L19_16k_l023,19,16k,23,9912,8.773175485909409e-05,0.0012083838228136,0.0,-0.007567286491394,0.007567286491394,1,0.035194613
L19_16k_l023,19,16k,23,9981,0.00154567328076615,0.0343180429190397,0.0,-0.01992258429527275,0.01992258429527275,4,0.04359238
L19_16k_l023,19,16k,23,9987,3.5120660141801834e-05,0.00194137770449735,0.0,0.0035300552845001,0.006717681884765599,4,0.0385374
L19_16k_l023,19,16k,23,10001,0.00332260018016145,0.3321254923939705,0.25,0.30447717010974884,0.30447717010974884,4,0.033604044
L19_16k_l023,19,16k,23,10022,0.001489454847854,0.06834577582776545,0.0,0.0379915833473205,0.0379915833473205,4,0.033604607
L19_16k_l023,19,16k,23,10063,0.0002876416621791,0.00829806854017075,0.0,-0.002431690692901599,0.0254465043544769,4,0.03473043
L19_16k_l023,19,16k,23,10099,0.00165105133338925,0.0366159547120332,0.25,0.0056303665041923506,0.0200048014521598,4,0.0338117
L19_16k_l023,19,16k,23,10136,0.0005731787007090001,0.0119164590723812,0.0,-0.00452285259962075,0.011693641543388299,4,0.034031563
L19_16k_l023,19,16k,23,10145,0.0001182316693323,0.0016330815851688,0.0,-0.0093322098255157,0.0093322098255157,1,0.03536206
L19_16k_l023,19,16k,23,10268,0.0016884398769045,0.0623439769260585,0.25,0.01265966892242425,0.07905773073434826,4,0.034705255
L19_16k_l023,19,16k,23,10310,0.00275952030046505,0.20386048406362528,0.5,0.1049084216356277,0.125789999961853,4,0.036693927
L19_16k_l023,19,16k,23,10371,0.0001832970545225,0.0078130261972546,0.0,0.0020468086004257,0.01125833392143245,4,0.03715427
L19_16k_l023,19,16k,23,10398,0.00051046417205355,0.01114942319691175,0.0,-0.01585835218429565,0.01585835218429565,4,0.03575881
L19_16k_l023,19,16k,23,10504,0.00075360883035245,0.02400140091776845,0.0,0.02202899008989325,0.02202899008989325,4,0.03778707
L19_16k_l023,19,16k,23,10514,5.404835112354054e-05,0.0028792484372388498,0.0,-0.0133754611015319,0.0133754611015319,2,0.036897883
L19_16k_l023,19,16k,23,10560,2.872986561989106e-05,0.0008269044337793501,0.0,0.00261509418487545,0.00265794992446895,4,0.03682849
L19_16k_l023,19,16k,23,10592,0.00202498194079825,0.1265922226011753,0.0,-0.02073182165622705,0.02073182165622705,4,0.035431176
L19_16k_l023,19,16k,23,10716,0.00540904875459425,0.719873309135437,0.75,0.4605661928653717,0.4605661928653717,4,0.04842158
L19_16k_l023,19,16k,23,10823,0.00014709314679670787,0.0028595743933691998,0.0,0.00395566970109935,0.00395566970109935,4,0.039543476
L19_16k_l023,19,16k,23,10841,0.0002887479534994,0.0076972031965851,0.25,-0.02364700287580485,0.0321630090475082,4,0.036059
L19_16k_l023,19,16k,23,10896,0.00036665107582405,0.0073955485131591,0.0,-0.00654525309801095,0.00654525309801095,4,0.040676795
L19_16k_l023,19,16k,23,10899,0.0001690557069502,0.0107460955623537,0.0,0.0019514858722687002,0.0054569542407989,4,0.04497464
L19_16k_l023,19,16k,23,10926,0.00040424244200395,0.014692588709294751,0.0,0.00414022803306575,0.01389956474304195,4,0.0353639
L19_16k_l023,19,16k,23,11066,0.00032299938932165003,0.0064798884559422,0.0,-0.01262017339467995,0.01262017339467995,2,0.038685128
L19_16k_l023,19,16k,23,11126,0.0006196542709781499,0.02871160395443435,0.25,0.03609143197536465,0.03609143197536465,4,0.035969526
L19_16k_l023,19,16k,23,11162,0.0022631973850404,0.07424025051295755,0.0,-0.0264089107513427,0.0264089107513427,4,0.035805155
L19_16k_l023,19,16k,23,11282,1.3111541392685606e-05,0.00026953627821055,0.0,0.00275340676307675,0.00275340676307675,4,0.03900972
L19_16k_l023,19,16k,23,11382,0.002928780681329,0.13553781062364575,0.25,0.1380847468972206,0.1380847468972206,4,0.037729364
L19_16k_l023,19,16k,23,11410,0.0005712411410745001,0.0234796795994043,0.25,-0.005079358816146825,0.01820299029350275,4,0.03589398
L19_16k_l023,19,16k,23,11415,0.00168091409955845,0.14688367396593094,0.0,-0.040144152939319555,0.04918020218610755,4,0.03454885
L19_16k_l023,19,16k,23,11484,0.00029696277671485,0.0048901529517024,0.0,0.00344893336296075,0.00344893336296075,4,0.034243144
L19_16k_l023,19,16k,23,11546,0.00023566298537444999,0.00812099850736555,0.0,-0.00614299625158305,0.0062570273876189995,4,0.037209038
L19_16k_l023,19,16k,23,11646,0.00027722220133755,0.0043400253634899005,0.5,0.01184669137001035,0.01184669137001035,2,0.03498784
L19_16k_l023,19,16k,23,11697,0.00031596615810749996,0.00563296279869965,0.0,-0.02293350547552105,0.02293350547552105,4,0.037414208
L19_16k_l023,19,16k,23,11704,0.00087379707619315,0.0211732732132077,0.0,0.0002002865076064994,0.01862087100744245,4,0.04077618
L19_16k_l023,19,16k,23,11706,0.0001612543033626,0.0036057392135262,0.0,-0.0013630390167236,0.0101279914379119,3,0.036807455
L19_16k_l023,19,16k,23,11795,0.00015702007147135,0.0031154311727732,0.0,0.0016107261180877998,0.00951382517814635,4,0.03507711
L19_16k_l023,19,16k,23,11891,9.512462657123043e-05,0.0021908570779487,0.0,-0.00365331768989565,0.01545497775077815,2,0.03729209
L19_16k_l023,19,16k,23,11917,0.00011274786637195,0.00190212065353985,0.0,0.00609953701496115,0.0177431255578994,4,0.040403303
L19_16k_l023,19,16k,23,12063,0.0003194607527742,0.00565129681490355,0.0,-0.0013414025306701998,0.005071744322776749,4,0.034642868
L19_16k_l023,19,16k,23,12141,0.0005793728543395001,0.0427860021591186,0.0,-0.02336873114109035,0.045604139566421446,4,0.037003607
L19_16k_l023,19,16k,23,12175,0.00016907100362314998,0.0029264738550409,0.0,-0.005942977964878049,0.005942977964878049,4,0.03603932
L19_16k_l023,19,16k,23,12202,9.982326330516947e-05,0.00133695593103765,0.0,-2.549588680264992e-05,0.007985457777976952,2,0.03694031
L19_16k_l023,19,16k,23,12219,0.0003092338118959,0.01641020923852915,0.0,0.00198262929916385,0.018031895160675,4,0.04378923
L19_16k_l023,19,16k,23,12260,0.00029630097480005,0.01586450776085255,0.0,0.017832338809967003,0.0338818579912185,4,0.033024475
L19_16k_l023,19,16k,23,12339,0.00187214114411305,0.11193170025944704,0.0,-0.02996098995208735,0.02996098995208735,4,0.033617005
L19_16k_l023,19,16k,23,12348,0.00020266355853811388,0.0031986188841983,0.0,0.0191043168306351,0.024016693234443602,2,0.03669065
L19_16k_l023,19,16k,23,12414,0.0001073506208439279,0.0015282831154763,0.0,-0.00132552534341805,0.00349257141351695,4,0.034534387
L19_16k_l023,19,16k,23,12434,0.00018626746959135,0.00383516587316985,0.0,0.0083776265382766,0.0083776265382766,2,0.04312325
L19_16k_l023,19,16k,23,12453,0.000203330937763464,0.00409340742044145,0.0,0.0071071684360504,0.0274298191070556,4,0.03496592
L19_16k_l023,19,16k,23,12492,0.00024633040796746776,0.010021221358329,0.0,0.0297187268733978,0.0297187268733978,4,0.038584307
L19_16k_l023,19,16k,23,12567,0.0008109967284807,0.012825192883610701,0.25,0.01732159033417695,0.0199174098670482,4,0.035408355
L19_16k_l023,19,16k,23,12660,0.0009790699352862,0.030861830338835702,0.5,0.05412112176418306,0.08412261307239526,2,0.034746625
L19_16k_l023,19,16k,23,12748,0.000565005132673,0.0094462819397449,1.0,0.0236140117049217,0.0236140117049217,1,0.03516948
L19_16k_l023,19,16k,23,12792,5.218519162204157e-05,0.0006841088761575,0.0,0.0101811289787292,0.0101811289787292,1,0.042840384
L19_16k_l023,19,16k,23,12825,0.00109343658162625,0.023581072688102698,0.0,0.05723853409290315,0.0624057501554489,4,0.042445324
L19_16k_l023,19,16k,23,12866,0.000815924990337,0.01646948978304855,0.0,-0.011276364326477,0.014148928225040401,4,0.034611814
L19_16k_l023,19,16k,23,12888,0.0007328777524249,0.020126502495258998,0.25,-0.0015686452388763,0.0025912225246429,4,0.035275444
L19_16k_l023,19,16k,23,12916,0.00031423214044055,0.0150828878395259,0.0,-0.03450173139572135,0.03450173139572135,4,0.042438082
L19_16k_l023,19,16k,23,13030,0.00218898771305655,0.11538809747435146,0.25,0.0168262422084808,0.0471964925527572,4,0.03518255
L19_16k_l023,19,16k,23,13036,0.00027222149763389997,0.0051942784339189,0.0,0.008225679397583051,0.01497663557529445,4,0.03704111
L19_16k_l023,19,16k,23,13043,4.3298668896016536e-05,0.0006218486942088818,0.0,0.00087830424308775,0.00087830424308775,4,0.037735626
L19_16k_l023,19,16k,23,13080,0.0009186691728977001,0.030895374715328203,0.0,0.0773358345031738,0.0773358345031738,4,0.037683222
L19_16k_l023,19,16k,23,13105,0.00067336894685015,0.01246304111555215,0.0,-0.0030147433280945006,0.02085536718368525,4,0.03654258
L19_16k_l023,19,16k,23,13152,0.0006885593729659801,0.02114044968038795,0.0,0.06438514590263365,0.06500995159149164,4,0.032171775
L19_16k_l023,19,16k,23,13185,0.0005409147141198,0.0162390330806374,0.0,0.00066733360290525,0.012722641229629449,4,0.053303927
L19_16k_l023,19,16k,23,13192,0.002477413642222,0.3128949478268623,0.25,0.18255317956209183,0.23707807064056396,4,0.03421634
L19_16k_l023,19,16k,23,13277,0.00322031784214305,0.09383874759078024,0.0,-0.08422484993934626,0.08422484993934626,4,0.03395228
L19_16k_l023,19,16k,23,13280,0.0026537098326871,0.08640181645750994,0.25,0.01256729289889335,0.02228317782282825,4,0.036335234
L19_16k_l023,19,16k,23,13302,0.00068444553576575,0.0341463135555386,0.25,0.02628796547651285,0.03491472825407975,4,0.03555344
L19_16k_l023,19,16k,23,13435,0.00010133562189997307,0.0024636468151584,0.0,0.0026567280292511,0.0033861249685287,4,0.037144914
L19_16k_l023,19,16k,23,13436,0.0002287026711803,0.0029158962424844,0.0,0.0171929895877838,0.0171929895877838,1,0.03638914
L19_16k_l023,19,16k,23,13475,0.00047194733343835,0.00830660562496625,0.0,0.00687092542648315,0.01362198591232295,2,0.03428789
L19_16k_l023,19,16k,23,13480,0.0002754058879394,0.0055410971399396,0.25,0.0049168467521666995,0.0061311796307563,4,0.033882074
L19_16k_l023,19,16k,23,13646,0.00049167555171845,0.0213100295513868,0.0,-0.00499579310417175,0.02679349482059475,4,0.036548894
L19_16k_l023,19,16k,23,13671,0.0003181602892998,0.0044343760237097,0.0,-0.0031331777572631,0.0031331777572631,1,0.03448735
L19_16k_l023,19,16k,23,13731,0.0005540551810854499,0.014219172298908199,0.0,0.017715789377689348,0.01835801452398295,4,0.04229362
L19_16k_l023,19,16k,23,13805,0.00015242579913299999,0.0096055804751813,0.0,0.0250245034694671,0.0386784076690673,4,0.037725486
L19_16k_l023,19,16k,23,13869,0.0038731030107164,0.40911945700645447,0.25,0.030088055878877647,0.11863061413168904,4,0.03531291
L19_16k_l023,19,16k,23,13906,0.0015045529070143,0.06631334498524664,0.5,0.04724244773387905,0.04724244773387905,4,0.034065194
L19_16k_l023,19,16k,23,13913,0.00136207984462475,0.05108281597495075,0.0,0.020766526460647552,0.03888668119907375,4,0.03250185
L19_16k_l023,19,16k,23,13943,0.00034768111384140003,0.00846942374482745,0.0,0.0095507130026817,0.02197756618261335,4,0.039337933
L19_16k_l023,19,16k,23,13984,8.55347457578518e-05,0.0022884034115122497,0.0,-0.0083558559417724,0.0083558559417724,4,0.041071247
L19_16k_l023,19,16k,23,13992,0.0003191868073978372,0.006181222881423301,0.25,0.0221363604068756,0.0221363604068756,4,0.034122154
L19_16k_l023,19,16k,23,14071,0.0006176752006714,0.012159641366451899,0.5,0.0015179924666881,0.0033584684133529,4,0.033514757
L19_16k_l023,19,16k,23,14185,6.4421129487163e-06,0.00020117885833311557,0.0,0.0001928508281707289,0.0006447732448577,4,0.035729174
L19_16k_l023,19,16k,23,14203,0.0014274606181921,0.0272110551595687,0.0,0.0784955024719238,0.0784955024719238,1,0.036189724
L19_16k_l023,19,16k,23,14235,0.0002405452186598,0.0035935642663389,0.0,0.0029464066028594997,0.011082202196121198,4,0.037733227
L19_16k_l023,19,16k,23,14289,0.002358252199858,0.15440166741609568,0.0,0.006930515170097351,0.03492251411080355,4,0.03687277
L19_16k_l023,19,16k,23,14320,0.0044249320562309,0.29094198346138,1.0,0.2908000648021698,0.2908000648021698,1,0.039600194
L19_16k_l023,19,16k,23,14387,0.0004764893304189,0.0173604283481836,0.0,-0.01751969754695885,0.032731324434280354,4,0.033990864
L19_16k_l023,19,16k,23,14391,0.00041639193016295003,0.00649684830568725,0.25,0.009635359048843349,0.020614683628082248,4,0.03573113
L19_16k_l023,19,16k,23,14452,3.703666903315901e-05,0.0009999150352086499,0.0,-0.0030220448970795,0.0067897737026214,4,0.034920584
L19_16k_l023,19,16k,23,14462,6.700753794930543e-05,0.0009569858520990155,0.0,0.0079566985368728,0.0079566985368728,4,0.043152057
L19_16k_l023,19,16k,23,14485,5.102211099114513e-06,8.115944547167433e-05,0.0,0.00014919042587278007,0.00030344724655145003,4,0.03720144
L19_16k_l023,19,16k,23,14495,0.0005566904438646,0.01415651990100735,0.0,0.00798925757408135,0.00798925757408135,4,0.035487734
L19_16k_l023,19,16k,23,14544,0.0005426629133226,0.03025427833199495,0.0,0.06481380015611644,0.06481380015611644,4,0.039296493
L19_16k_l023,19,16k,23,14584,0.0014868961021204002,0.0521017257124185,0.0,0.0138285607099533,0.10094217956066125,4,0.03281304
L19_16k_l023,19,16k,23,14815,0.0010659309145123,0.0393145885318517,0.25,-0.0355981737375259,0.04501058161258695,4,0.04982243
L19_16k_l023,19,16k,23,14854,8.208463883261415e-05,0.0013550576986744501,0.0,-0.0007790029048919215,0.008006364107131899,4,0.038054667
L19_16k_l023,19,16k,23,14868,0.0016109612558817,0.10381024703383446,0.0,0.0989337265491485,0.0989337265491485,4,0.040059842
L19_16k_l023,19,16k,23,14877,1.823231563935553e-05,0.0002830277080647,0.0,-0.0001866519451141,0.0001866519451141,1,0.03397445
L19_16k_l023,19,16k,23,14911,0.004870073947948587,0.33648962108418345,0.25,0.21528193354606623,0.21528193354606623,4,0.03864236
L19_16k_l023,19,16k,23,14917,0.00028243845130525,0.00485820509493345,0.0,0.0009852405637502,0.006749235093593551,4,0.037324004
L19_16k_l023,19,16k,23,14918,0.00032557698789095,0.007241107057779949,0.25,0.021150320768356302,0.021150320768356302,4,0.03217728
L19_16k_l023,19,16k,23,14960,0.00103689560897,0.02314548753201955,0.0,-0.03247536718845365,0.03247536718845365,4,0.035472926
L19_16k_l023,19,16k,23,14965,0.00019994647591385,0.00830071582458905,0.25,0.01762351393699645,0.0183320119976997,4,0.035162497
L19_16k_l023,19,16k,23,14994,0.0007468018287039,0.017853494733572,0.0,0.0022682547569274,0.0022682547569274,3,0.03206601
L19_16k_l023,19,16k,23,15024,0.00032072839086805,0.0084630539640784,0.25,0.0087150633335113,0.0118626654148101,4,0.03534331
L19_16k_l023,19,16k,23,15165,0.0011952385816427,0.01731475815176955,0.25,-0.01371985673904415,0.01700074970722195,4,0.036517303
L19_16k_l023,19,16k,23,15217,0.0023412045040983,0.05429300665855405,0.25,0.11270274594426155,0.11270274594426155,4,0.039955843
L19_16k_l023,19,16k,23,15244,0.0114409965953391,1.0996238589286804,0.25,0.051732055842876455,0.08838050812482831,4,0.036225144
L19_16k_l023,19,16k,23,15269,0.0014975242020557,0.0578118823468685,0.25,0.01100277900695795,0.028473541140556252,4,0.03439706
L19_16k_l023,19,16k,23,15275,0.00030095287061965,0.009745264425873701,0.0,0.02595208585262295,0.02595208585262295,4,0.03913134
L19_16k_l023,19,16k,23,15295,3.850531713691538e-07,5.6434355428791605e-06,0.0,0.000181496143341,0.000181496143341,1,0.033892423
L19_16k_l023,19,16k,23,15303,0.00114164392822105,0.0834032706916332,0.0,0.047068923711776706,0.047068923711776706,4,0.032522347
L19_16k_l023,19,16k,23,15374,0.0023541245097908,0.09601147472858425,0.5,0.1599110513925552,0.1599110513925552,4,0.03311131
L19_16k_l023,19,16k,23,15395,0.00011432279739612673,0.0015558461891487,0.0,0.00284635275602335,0.00284635275602335,2,0.0338124
L19_16k_l023,19,16k,23,15443,0.0009498139681473,0.05784206278622145,0.25,0.00209990143775935,0.00391319394111625,4,0.051161703
L19_16k_l023,19,16k,23,15466,0.00039220435382075,0.00752999377436935,0.0,0.0103616118431091,0.0116539895534515,4,0.038559053
L19_16k_l023,19,16k,23,15565,0.0047846016394247,0.599316269159317,0.25,-0.03492868132889265,0.1198416650295257,4,0.03924107
L19_16k_l023,19,16k,23,15576,0.00024054363623525,0.0043395557440817,0.0,-0.00042665004730225,0.006162531673908201,4,0.03643142
L19_16k_l023,19,16k,23,15603,0.0006695830444853,0.018653541104868,0.25,0.00844418257474895,0.0126656703650951,4,0.036651567
L19_16k_l023,19,16k,23,15616,0.00049831119714775,0.03327672183513635,0.0,-0.01495119929313655,0.0318674743175506,4,0.03687459
L19_16k_l023,19,16k,23,15745,0.00168551953904725,0.06000372301787135,0.0,0.00157451629638675,0.032855108380317646,4,0.039621532
L19_16k_l023,19,16k,23,15846,0.0002186339760137,0.0030574547126889,0.0,-0.0221319198608398,0.0221319198608398,3,0.040188145
L19_16k_l023,19,16k,23,15946,0.0001920359681877047,0.0078904885449446,0.0,0.02389526367187495,0.0251572281122207,4,0.036293715
L19_16k_l023,19,16k,23,16031,0.00026022204868165,0.009642255492508401,0.0,-0.0085870027542114,0.0085870027542114,4,0.036854897
L19_16k_l023,19,16k,23,16118,7.677229297058642e-05,0.00374748476315285,0.0,-0.01761096715927115,0.01761096715927115,4,0.039457206
L19_16k_l023,19,16k,23,16152,0.0014329548504407501,0.06944939680397505,0.25,0.07041228562593455,0.07041228562593455,4,0.035707083
L19_16k_l023,19,16k,23,16233,0.0001267657592345,0.00388077797833825,0.0,0.0073819495737552,0.00808056071400635,4,0.034810554
L19_16k_l023,19,16k,23,16259,2.6550480645787607e-05,0.00102359440643335,0.25,0.00431978702545165,0.00431978702545165,4,0.049863573
L19_16k_l023,19,16k,23,16277,0.0001570605777423749,0.00704243592917915,0.25,0.0065463483333587005,0.0278353095054626,4,0.044089768
L19_16k_l023,19,16k,23,16297,0.0002745453228423669,0.01592831790912895,0.0,-0.00644144415855405,0.0247673392295837,4,0.03486048
L19_16k_l023,19,16k,23,16372,0.00022623751212425,0.0038412371650337496,0.25,0.0021921023726462997,0.00705295056104655,4,0.0358004
L19_16k_l0279,19,16k,279,43,0.0002825501642795972,0.00374676089268175,0.0,-0.0017171427607536,0.0017171427607536,4,0.03209445
L19_16k_l0279,19,16k,279,87,9.512280860209892e-05,0.0009822452557273,0.0,0.0010875836014747,0.0022594332695007,4,0.033024475
L19_16k_l0279,19,16k,279,135,0.0009266394163353,0.04328305646777145,0.25,0.00716701894998545,0.048252284526824896,4,0.039463703
L19_16k_l0279,19,16k,279,240,0.0001453777495252,0.0034533829893916503,0.0,-0.014329716563224699,0.014329716563224699,4,0.034562126
L19_16k_l0279,19,16k,279,261,7.548173756781256e-05,0.0010982892708851998,0.0,0.005016170442104249,0.005016170442104249,4,0.033590924
L19_16k_l0279,19,16k,279,265,0.00012761824007314666,0.00253940722905095,0.0,0.00136673450469975,0.0115747600793838,4,0.034189925
L19_16k_l0279,19,16k,279,266,0.0011046662162552,0.0735481716692447,0.0,-0.0151420682668686,0.040722444653511,4,0.034275535
L19_16k_l0279,19,16k,279,355,0.00012088606885397483,0.0013841877225786,0.0,0.00330251455307,0.00456355512142175,4,0.032980945
L19_16k_l0279,19,16k,279,419,0.00012850446810665,0.0023624221794306503,0.0,0.0063414573669432995,0.0063414573669432995,4,0.034382403
L19_16k_l0279,19,16k,279,454,0.0009167991944444001,0.034535275772213894,0.5,0.00986419618129725,0.0180134959518909,4,0.03337981
L19_16k_l0279,19,16k,279,460,0.00017427817100676595,0.0009912854511639668,0.0,0.01565451920032495,0.01565451920032495,2,0.032727458
L19_16k_l0279,19,16k,279,537,0.0004317283305791,0.0013053007423877,0.0,-0.0075413286685943,0.0075413286685943,1,0.033162966
L19_16k_l0279,19,16k,279,655,0.00021359236164757983,0.00468168826773755,0.0,-0.00059676170349125,0.0023570954799652,4,0.03329922
L19_16k_l0279,19,16k,279,656,0.00035422833155576,0.00751132552977645,0.0,-0.00545343756675715,0.0181988328695297,4,0.03387731
L19_16k_l0279,19,16k,279,679,0.00013326053175295,0.0012764020357280501,0.0,-0.0003110580146312499,0.00349035859107965,4,0.031992234
L19_16k_l0279,19,16k,279,701,0.0001876868575261,0.00337444245815275,0.0,-0.015260100364685,0.015260100364685,4,0.035376564
L19_16k_l0279,19,16k,279,780,0.0006691702723796001,0.01829993678256865,0.0,-0.0080992877483368,0.01537927612662315,4,0.03390132
L19_16k_l0279,19,16k,279,783,0.0004518973840342,0.0111846616491675,0.0,-0.02853134274482725,0.042835503816604545,4,0.03209923
L19_16k_l0279,19,16k,279,803,0.00025324801171964996,0.0146730244159698,0.25,0.036823034286499,0.036823034286499,4,0.032969404
L19_16k_l0279,19,16k,279,837,0.00025327283314554997,0.0092064966447651,0.25,0.00013121217489240038,0.008603110909461899,4,0.03241629
L19_16k_l0279,19,16k,279,941,0.00041380133337225004,0.01053459127433595,0.0,0.0040002912282943994,0.012266606092452951,4,0.033171035
L19_16k_l0279,19,16k,279,990,0.000676879858262,0.02222118899226185,0.25,-0.017644852399826,0.0414783954620361,4,0.031649802
L19_16k_l0279,19,16k,279,1068,7.968104591627999e-05,0.0009737478103488499,0.25,0.0037646815180778,0.0067809745669364496,4,0.032417733
L19_16k_l0279,19,16k,279,1079,0.0002381436998559,0.00542718940414485,0.25,0.00617565214633935,0.010028906166553449,4,0.036348853
L19_16k_l0279,19,16k,279,1170,0.0001657208812884,0.00191792147234075,0.0,0.00994914025068275,0.015135407447814851,4,0.03458506
L19_16k_l0279,19,16k,279,1200,0.00012256066367145,0.0036875242367386497,0.0,-0.0187611579895019,0.0187611579895019,4,0.032920443
L19_16k_l0279,19,16k,279,1251,4.254626631136903e-05,0.00020041837524327632,0.25,0.0036004781723022,0.0036004781723022,4,0.03213336
L19_16k_l0279,19,16k,279,1273,0.00010269615707228204,0.0007121410890249438,0.0,0.00551694631576535,0.005558341741561851,4,0.031880733
L19_16k_l0279,19,16k,279,1285,0.000824100580276802,0.0239138966426253,0.25,0.0020000338554382177,0.0052094161510467,4,0.032346625
L19_16k_l0279,19,16k,279,1329,0.00023111787292895,0.0036973189562558503,0.0,0.0006189439445734,0.0016021281480789,4,0.03347213
L19_16k_l0279,19,16k,279,1333,7.73285042167177e-05,0.0003168261027894,0.0,0.0015441477298736499,0.0037131607532501,4,0.034101866
L19_16k_l0279,19,16k,279,1348,0.0001275572548883,0.0007106878329068,0.0,-0.0013176184147596,0.0023126900196074997,4,0.03453898
L19_16k_l0279,19,16k,279,1429,0.00019866468858794999,0.0031758325640112,0.25,0.00340513885021205,0.0067825317382812,4,0.03438231
L19_16k_l0279,19,16k,279,1462,0.0002676390671056,0.0048475679941475,0.0,-0.00461032986640925,0.00461032986640925,4,0.036611628
L19_16k_l0279,19,16k,279,1480,0.0001906126998481,0.0009513532277196,0.0,0.00021618604660035,0.00074798241257665,4,0.034481212
L19_16k_l0279,19,16k,279,1698,0.00035494067497685,0.01677717547863715,0.0,0.01217275857925415,0.0265833735466003,4,0.032770433
L19_16k_l0279,19,16k,279,1853,0.00018810562224490002,0.00122721417574205,0.0,0.00535609200596807,0.0062735527753829505,4,0.033734374
L19_16k_l0279,19,16k,279,1923,0.00034690086408249997,0.0114474482834339,0.0,0.00102023407816885,0.01134861633181565,4,0.031897217
L19_16k_l0279,19,16k,279,1987,0.0003078805326341,0.00679297605529425,0.0,0.0006333515048027004,0.021068356931209502,4,0.032933835
L19_16k_l0279,19,16k,279,2018,0.00017105875775868672,0.00547266309149555,0.0,-0.022772967815399163,0.03723299503326415,4,0.034143887
L19_16k_l0279,19,16k,279,2034,0.0002355156767589,0.00898742303252215,0.0,0.00433972477912905,0.011614829301834051,4,0.040272623
L19_16k_l0279,19,16k,279,2136,6.282989790979714e-05,0.00153093633707605,0.0,0.0008788406848907499,0.01218473911285395,4,0.03213206
L19_16k_l0279,19,16k,279,2164,6.0473674862008685e-05,0.00024046711052960493,0.0,-0.0019028857350349314,0.0019028857350349314,4,0.033082213
L19_16k_l0279,19,16k,279,2258,0.0002620293518364,0.0034252924378961,0.0,0.0029338598251342,0.0075476169586181,4,0.033063404
L19_16k_l0279,19,16k,279,2286,0.0003354514620784,0.00862473668530575,0.0,0.03925627470016475,0.03925627470016475,4,0.036942355
L19_16k_l0279,19,16k,279,2366,0.0002481732717475,0.00177630840335035,0.25,0.009662218391895249,0.009662218391895249,4,0.032871522
L19_16k_l0279,19,16k,279,2406,0.00036520611518175,0.01292266137897965,0.0,0.0275250375270843,0.0379819273948669,4,0.030884
L19_16k_l0279,19,16k,279,2410,1.045664742977596e-06,4.188870661891997e-06,0.0,0.00015509128570553534,0.00015509128570553534,4,0.03248452
L19_16k_l0279,19,16k,279,2418,0.00013739656782995,0.00099451630376275,0.0,0.00317665934562675,0.0076435655355453005,4,0.033142038
L19_16k_l0279,19,16k,279,2421,1.782771437274974e-05,0.00016708151088094998,0.0,-0.0006256699562072,0.00185281038284295,4,0.03396302
L19_16k_l0279,19,16k,279,2796,0.00010541873224718084,0.0008542069699614501,0.0,-0.0005347281694412,0.0039734244346618505,4,0.03247374
L19_16k_l0279,19,16k,279,2807,0.00011169959407522517,0.0022040222538635,0.25,0.00017516314983364998,0.0037598684430122003,4,0.033452135
L19_16k_l0279,19,16k,279,2965,0.0012652488516285499,0.06064553558826445,0.25,0.0271268188953399,0.0271268188953399,4,0.037101552
L19_16k_l0279,19,16k,279,2979,1.9263481183079222e-06,2.401568463028525e-05,0.0,0.00025200843811032364,0.00025200843811032364,4,0.03288357
L19_16k_l0279,19,16k,279,3152,0.0001756493781380502,0.0013894732110202258,0.0,-0.014495551586151118,0.01509898900985715,4,0.0324341
L19_16k_l0279,19,16k,279,3193,0.00025294995227815,0.0010681784478947,0.0,0.00401689112186425,0.00401689112186425,4,0.032415234
L19_16k_l0279,19,16k,279,3210,0.00013742315251202643,0.0015353202325058498,0.0,-0.00047515332698819994,0.0010548979043959999,2,0.031898957
L19_16k_l0279,19,16k,279,3402,8.053854141999455e-05,0.00049841697909865,0.0,-0.00271153450012205,0.00271153450012205,4,0.032192193
L19_16k_l0279,19,16k,279,3551,8.171861028616489e-05,0.0006785062141716,0.0,6.189942359920938e-05,0.0024032518267631,4,0.03564182
L19_16k_l0279,19,16k,279,3652,0.00057944863624085,0.029482229612767648,0.25,0.0092725418508053,0.0275554023683071,4,0.03399729
L19_16k_l0279,19,16k,279,3669,1.3643651492934817e-05,0.0001332571955571883,0.0,-0.0006538629531859499,0.0006538629531859499,4,0.03277405
L19_16k_l0279,19,16k,279,3671,0.0001627000884121,0.0014612530940212001,0.0,-0.00075455754995345,0.004911623895168251,4,0.034952804
L19_16k_l0279,19,16k,279,3715,5.859839061460582e-05,0.00207623286405575,0.0,0.0010126531124115,0.0087632089853286,4,0.032582678
L19_16k_l0279,19,16k,279,3717,0.00013942290274002582,0.0020606573671102,0.0,-0.0054349601268768,0.0054349601268768,4,0.034728806
L19_16k_l0279,19,16k,279,3720,6.377882939184273e-05,0.00102210917975745,0.0,-0.0041956529021263,0.004563234746456099,4,0.031678498
L19_16k_l0279,19,16k,279,3764,0.0002444937906402,0.0065549414139240494,0.0,0.0104685723781585,0.0104685723781585,4,0.032289077
L19_16k_l0279,19,16k,279,3768,0.00020490171559405,0.00295044714584945,0.0,0.0098954886198044,0.012854374945163699,4,0.032780986
L19_16k_l0279,19,16k,279,3851,9.089157471418678e-05,0.0021342487307265,0.0,0.0080263316631317,0.0080263316631317,4,0.03519528
L19_16k_l0279,19,16k,279,3925,0.0001192649482639,0.0006331220502033,0.0,-0.0081703662872314,0.0081703662872314,3,0.032066442
L19_16k_l0279,19,16k,279,4092,0.00017191241956065,0.00326136429794125,0.25,0.00015427172183990001,0.0008409768342970999,4,0.03233845
L19_16k_l0279,19,16k,279,4126,0.0001747115802954,0.00600133463740345,0.25,-0.009561680257320349,0.01673752814531325,4,0.03411864
L19_16k_l0279,19,16k,279,4205,0.0002689044414282,0.00360945216380055,0.0,-0.0048440210521221005,0.00537658855319015,4,0.0320854
L19_16k_l0279,19,16k,279,4245,0.0013026380142504,0.03186245448887345,0.0,0.01644311845302585,0.03427761793136595,4,0.03314312
L19_16k_l0279,19,16k,279,4314,0.00020665333697155,0.00308613688684995,0.25,-0.0015705972909927498,0.0052475035190581495,4,0.03309732
L19_16k_l0279,19,16k,279,4317,0.0008437631621037,0.01346286223269995,0.0,-0.0067631006240844,0.0089018195867538,4,0.032790426
L19_16k_l0279,19,16k,279,4352,0.0002819811917473,0.008372872602194499,0.0,0.01030284166336055,0.02320399880409235,4,0.032339647
L19_16k_l0279,19,16k,279,4434,0.00026168679208044996,0.00120466621592635,0.25,0.010522395372390698,0.010522395372390698,4,0.032979947
L19_16k_l0279,19,16k,279,4444,0.0006512145768249,0.017675220035016502,0.0,-0.012103073298931101,0.0307624042034149,4,0.0331387
L19_16k_l0279,19,16k,279,4562,2.2207352569602934e-05,0.00034250874887215,0.0,-0.00211662054061885,0.00211662054061885,4,0.035883408
L19_16k_l0279,19,16k,279,4692,3.713104047629492e-06,4.2026329538202845e-05,0.0,0.00021696090698238008,0.00058126449584955,4,0.04371285
L19_16k_l0279,19,16k,279,4697,0.0001437059929646,0.00197699980344615,0.0,0.00768780708312985,0.012079700827598551,4,0.035717048
L19_16k_l0279,19,16k,279,4808,0.00023490984923475,0.01918161846697325,0.25,0.02631473541259765,0.02631473541259765,4,0.034481548
L19_16k_l0279,19,16k,279,4820,1.882641413428676e-05,0.0001280297728953446,0.0,0.00120911002159115,0.00120911002159115,4,0.03327418
L19_16k_l0279,19,16k,279,4927,0.00010288597983431095,0.0006070130330044,0.0,-0.00048421323299405,0.00336186587810515,4,0.033378005
L19_16k_l0279,19,16k,279,4988,4.2720133977983056e-05,0.00027552750543685,0.0,-0.003210961818695,0.003210961818695,4,0.032497194
L19_16k_l0279,19,16k,279,5039,3.3452807335233074e-05,0.0006795367080484999,0.0,0.0016800612211226998,0.0016800612211226998,4,0.032041054
L19_16k_l0279,19,16k,279,5100,5.892363905520176e-06,2.115240022249054e-05,0.0,-0.0001969337463378,0.0001969337463378,1,0.03252679
L19_16k_l0279,19,16k,279,5179,0.00010693297609405225,0.00083645246922965,0.0,-0.0017155855894088,0.0044369995594024,4,0.033307694
L19_16k_l0279,19,16k,279,5283,5.08756431443341e-05,0.00122025253949685,0.0,0.0015735626220703,0.0031379386782646,4,0.032128703
L19_16k_l0279,19,16k,279,5300,0.0001506668527928,0.00175533024594185,0.0,-0.008718833327293351,0.008718833327293351,4,0.032729037
L19_16k_l0279,19,16k,279,5416,0.0003235004099642,0.0110393688082695,0.0,0.0191327631473541,0.0191327631473541,4,0.033963818
L19_16k_l0279,19,16k,279,5438,0.00019782093611185,0.0050350159872323,0.25,0.00603210926055905,0.01054046303033825,4,0.03347889
L19_16k_l0279,19,16k,279,5594,0.0007560881100758075,0.042174026253633146,0.0,0.0032999515533446502,0.0392526537179946,4,0.031053875
L19_16k_l0279,19,16k,279,5651,0.00030446084506595,0.00197215192019935,0.25,0.00636427104473105,0.0115127265453338,4,0.036189985
L19_16k_l0279,19,16k,279,5759,0.00022611672107535,0.0041767191141843,0.0,-0.00035437941551210003,0.01632228493690485,4,0.032989018
L19_16k_l0279,19,16k,279,5843,0.0008369063894152001,0.024144126102328252,0.5,0.0161417052149772,0.02147617936134335,4,0.03214775
L19_16k_l0279,19,16k,279,5898,4.11211469120462e-05,0.000209677524253485,0.0,0.001041173934936496,0.0024816691875457,4,0.032185104
L19_16k_l0279,19,16k,279,5954,0.00029943056719509997,0.0065934634767472,0.0,0.0086893960833549,0.01361840218305585,4,0.032114495
L19_16k_l0279,19,16k,279,6023,0.0004766423195186,0.001671977341175,0.0,0.0179634988307952,0.0179634988307952,1,0.03369562
L19_16k_l0279,19,16k,279,6040,0.0003098217469602,0.01169059798121445,0.0,0.0077983140945434,0.01103186607360835,4,0.031750653
L19_16k_l0279,19,16k,279,6078,0.00114664591773665,0.029615966603159898,0.0,-0.014143571257591199,0.07812531292438506,4,0.032648522
L19_16k_l0279,19,16k,279,6101,0.00018477424396025002,0.012707561254501301,0.0,-2.4855136871299727e-05,0.01463702321052545,4,0.03260176
L19_16k_l0279,19,16k,279,6167,0.0002673851588713,0.0048980265855789,0.0,-0.0120238661766052,0.01613347232341765,4,0.032807212
L19_16k_l0279,19,16k,279,6229,5.176371945801662e-06,0.00013818727893515,0.0,-0.0006269812583923,0.001213252544403,4,0.032082096
L19_16k_l0279,19,16k,279,6257,9.077690136004921e-05,0.00604543596273285,0.25,0.01499199867248535,0.01499199867248535,4,0.033727184
L19_16k_l0279,19,16k,279,6312,0.00132636303609515,0.052654437720775604,0.25,0.06322446465492246,0.06322446465492246,4,0.032574646
L19_16k_l0279,19,16k,279,6327,0.00010705954087277892,0.0003667263081297,0.25,0.00334951281547545,0.00334951281547545,4,0.03207157
L19_16k_l0279,19,16k,279,6466,0.0001555660552535,0.0018705143593250998,0.0,-0.004931613802909801,0.00700975954532615,4,0.032818213
L19_16k_l0279,19,16k,279,6482,0.0023279989667955,0.1026001945137977,0.5,-0.0007334612309932,0.014206860214471751,4,0.032162223
L19_16k_l0279,19,16k,279,6535,0.00022180489883801574,0.00438278258661735,0.0,0.00018894672393800002,0.0008440017700195,4,0.033479836
L19_16k_l0279,19,16k,279,6600,0.0001705443821505,0.0018645854433998001,0.0,0.0027417242527007497,0.00510007143020625,4,0.035456788
L19_16k_l0279,19,16k,279,6631,0.0001592217007332,0.0007245832821354,0.0,0.0055220127105712,0.0055220127105712,1,0.034182858
L19_16k_l0279,19,16k,279,6638,1.387067376047658e-05,5.574816168518737e-05,0.0,-0.00035783648490905,0.00060090422630305,2,0.033523526
L19_16k_l0279,19,16k,279,6718,9.36469001242166e-06,4.959622856404167e-05,0.0,2.2947788238500047e-06,0.0008869171142577499,4,0.037070528
L19_16k_l0279,19,16k,279,6732,0.0009901471448413,0.037895240820944254,0.0,0.0106867328286171,0.017133392393589,4,0.032765143
L19_16k_l0279,19,16k,279,6784,0.00024759017016085,0.0048423567786812505,0.0,-0.0013514235615730498,0.0081977844238281,4,0.03319442
L19_16k_l0279,19,16k,279,6791,0.0009396462064768,0.0304200947284698,0.0,0.022401176393032064,0.0236444473266601,4,0.033186574
L19_16k_l0279,19,16k,279,6806,7.997448781620444e-05,0.0006708345317747,0.0,-0.0006350278854370499,0.00376629829406735,4,0.03168152
L19_16k_l0279,19,16k,279,6809,0.0001970472986014,0.0010102682572323,0.0,-0.0030541718006134,0.00592455267906185,4,0.03224547
L19_16k_l0279,19,16k,279,6882,0.00145411593131235,0.0882950723171234,0.25,-0.0106055177748203,0.02312439307570455,4,0.035174422
L19_16k_l0279,19,16k,279,6928,6.0187829175066415e-05,0.00040230352897190004,0.0,0.0002225041389465084,0.004471004009246799,4,0.032712143
L19_16k_l0279,19,16k,279,7005,0.0007422650539745999,0.02211555838584895,0.25,-0.02986389398574825,0.02986389398574825,4,0.032831166
L19_16k_l0279,19,16k,279,7127,9.18920321949503e-05,0.0004235220549162,0.0,-0.00078988075256345,0.00078988075256345,4,0.03288308
L19_16k_l0279,19,16k,279,7198,1.318621619808602e-07,3.8579594274779083e-07,0.0,-4.112720489501953e-06,4.112720489501953e-06,1,0.033880826
L19_16k_l0279,19,16k,279,7277,0.0003114979572814,0.0017132334178313,0.0,0.0272437930107116,0.0272437930107116,1,0.03213035
L19_16k_l0279,19,16k,279,7384,0.0006611486216436,0.03825471922755235,0.0,0.0800656676292419,0.0800656676292419,4,0.032082956
L19_16k_l0279,19,16k,279,7421,7.1112410471700666e-06,0.0001329959341091906,0.0,0.0015313625335692499,0.0015313625335692499,4,0.031853314
L19_16k_l0279,19,16k,279,7460,1.5410505043004697e-06,5.514039003173821e-06,0.0,-0.0001697540283203,0.0001697540283203,1,0.03296078
L19_16k_l0279,19,16k,279,7685,0.002044345013256,0.06921698898077006,0.0,-0.012145958840847,0.020285278558731,4,0.03371292
L19_16k_l0279,19,16k,279,7743,0.00030186402259055,0.00553440162912005,0.25,0.00552298128604885,0.00552298128604885,4,0.033142164
L19_16k_l0279,19,16k,279,7808,0.0047165841966720495,0.2513416260480881,0.5,0.0233568977564573,0.0233568977564573,4,0.033080507
L19_16k_l0279,19,16k,279,7839,9.291754266768407e-05,0.00043481247485030103,0.0,-0.00222682952880855,0.00222682952880855,4,0.032884657
L19_16k_l0279,19,16k,279,8037,4.1386432115079057e-05,0.00040933548007155,0.0,0.0008467137813568,0.0019346326589584,4,0.032322977
L19_16k_l0279,19,16k,279,8068,6.708110129589241e-05,0.0052182415965944,0.0,0.007202714681625351,0.0162710398435592,4,0.033567365
L19_16k_l0279,19,16k,279,8072,0.0005391802809044,0.01910120900720355,0.0,0.0019086003303528006,0.0191216170787811,4,0.033908535
L19_16k_l0279,19,16k,279,8095,8.100586126476262e-05,0.00032210351491810004,0.0,0.0022179521620273,0.0022179521620273,4,0.03399943
L19_16k_l0279,19,16k,279,8105,8.378393285448697e-05,0.00362462596967815,0.0,-0.00042505562305449995,0.0020778030157089,4,0.034918405
L19_16k_l0279,19,16k,279,8146,0.00032881302720044997,0.0101011884398758,0.0,-0.011736206710338551,0.011736206710338551,4,0.03286421
L19_16k_l0279,19,16k,279,8172,5.6912525071595964e-05,0.00117501197382805,0.0,-1.668930053699987e-06,0.0045733898878097005,4,0.03200799
L19_16k_l0279,19,16k,279,8212,0.0002138369053089,0.0051498413085937,0.25,0.00833079218864435,0.0091027989983558,4,0.03322246
L19_16k_l0279,19,16k,279,8267,0.00015463513946700001,0.00106574967503545,0.0,-0.00991966575384135,0.00991966575384135,4,0.031864863
L19_16k_l0279,19,16k,279,8359,8.461519225670574e-05,0.00128433050122105,0.0,-0.00042269378900525005,0.00309965759515755,4,0.03289604
L19_16k_l0279,19,16k,279,8406,0.00056766235008305,0.00888951146043835,0.0,-0.008169449865817998,0.01308982074260705,4,0.033903986
L19_16k_l0279,19,16k,279,8469,3.1434780931555785e-06,1.0140900485566817e-05,0.0,-0.00015839934349055,0.00015839934349055,4,0.0317102
L19_16k_l0279,19,16k,279,8477,0.00034980937082765,0.013725087512284451,0.0,0.0201806128025054,0.0201806128025054,4,0.033201415
L19_16k_l0279,19,16k,279,8578,8.101301193324566e-05,0.0036879323888569498,0.0,-0.0024983286857604503,0.01391434669494625,4,0.033784263
L19_16k_l0279,19,16k,279,8593,0.00013479543905075,0.00367199862375855,0.0,-0.0045909285545348505,0.0059798061847686,4,0.031352557
L19_16k_l0279,19,16k,279,8719,8.296959307015448e-05,0.0043561775237321,0.0,0.0018044710159302,0.022460401058197,4,0.033744596
L19_16k_l0279,19,16k,279,8743,3.751047714079781e-05,0.00049748232595445,0.0,0.0058568418025970355,0.0058568418025970355,4,0.037458055
L19_16k_l0279,19,16k,279,8776,0.00024178376116105,0.0017033577896654502,0.0,0.0021084398031234,0.00393501669168465,4,0.032781553
L19_16k_l0279,19,16k,279,8921,0.0002472128535112,0.00131683214567595,0.0,0.0019169598817825,0.0042949542403221,4,0.03365496
L19_16k_l0279,19,16k,279,9007,0.0004055188106555,0.0171424846630543,0.0,0.053039431571960394,0.053039431571960394,4,0.03169478
L19_16k_l0279,19,16k,279,9043,0.0002548193252533,0.0034649445442482,0.0,0.0009821355342865,0.00460402667522425,4,0.033628523
L19_16k_l0279,19,16k,279,9056,0.00026199662571105,0.00506419362500305,0.0,0.0018716640770435,0.0058386251330374995,4,0.034042038
L19_16k_l0279,19,16k,279,9163,0.00033102855129945,0.012569268234074098,0.0,0.00018614530563355013,0.0048618018627166,4,0.032294918
L19_16k_l0279,19,16k,279,9179,0.0002240057664931,0.0028959822375327,0.0,0.00059228017926215,0.0034536570310592,4,0.03343145
L19_16k_l0279,19,16k,279,9236,0.0013037635741079,0.069036278873682,0.0,0.046516448259353596,0.046516448259353596,4,0.032354083
L19_16k_l0279,19,16k,279,9237,5.45278110011019e-05,0.00060180417494845,0.0,0.00633355975151055,0.00633355975151055,4,0.03661621
L19_16k_l0279,19,16k,279,9287,0.0018011206737283,0.1972960084676742,0.5,-0.0012359321117400997,0.020578809082508052,4,0.032759313
L19_16k_l0279,19,16k,279,9344,0.00014476395625450002,0.0010336234699934,0.0,0.00348478555679315,0.00571963191032405,4,0.033217747
L19_16k_l0279,19,16k,279,9405,0.0001229142911783995,0.0004150281727106284,0.0,-0.0018456131219863423,0.0018456131219863423,2,0.03268185
L19_16k_l0279,19,16k,279,9578,0.00015425954829913598,0.00235738500487055,0.0,0.009481877088546701,0.009481877088546701,4,0.03261758
L19_16k_l0279,19,16k,279,9604,0.0010886623935906,0.016748881898820348,0.0,0.00047269091010091797,0.00256061181426045,4,0.0333557
L19_16k_l0279,19,16k,279,9718,0.0006433242145628,0.0178129971027374,0.0,-0.01656106114387515,0.04755788296461105,4,0.041205894
L19_16k_l0279,19,16k,279,9720,3.1058805447956777e-06,1.8379258108325303e-05,0.0,-1.4632940292358398e-05,0.00012892484664912794,4,0.03260496
L19_16k_l0279,19,16k,279,9760,3.597011183746618e-05,0.000486837408971,0.0,0.00173561275005335,0.00324231386184685,4,0.036033455
L19_16k_l0279,19,16k,279,9802,0.00038595715075385003,0.0091999699361622,0.0,-0.012573361396789499,0.012573361396789499,4,0.034184575
L19_16k_l0279,19,16k,279,9922,7.247859779155539e-05,0.0010032663121819,0.0,-0.0048908889293669995,0.0104409009218215,4,0.031630307
L19_16k_l0279,19,16k,279,10013,0.00014226613232990002,0.00190651405137025,0.0,-0.00108735263347625,0.0050880834460258,4,0.03218533
L19_16k_l0279,19,16k,279,10063,0.0001458290408267,0.00285739358514545,0.0,-0.0232728719711303,0.0232728719711303,4,0.03147251
L19_16k_l0279,19,16k,279,10075,0.000318203963189,0.0131584741175174,0.0,-0.0032534562051296,0.0142607800662517,4,0.03471687
L19_16k_l0279,19,16k,279,10094,0.00021814699698305,0.0010154839837923,0.0,-0.0045930594205856,0.0045930594205856,4,0.03428272
L19_16k_l0279,19,16k,279,10169,0.00039568775094895,0.00913503393530845,0.0,-0.01004813611507415,0.01710318773984905,4,0.0335699
L19_16k_l0279,19,16k,279,10189,0.00031822416549969997,0.0048652563709765,0.0,0.00185437873005865,0.00501937791705125,4,0.03312754
L19_16k_l0279,19,16k,279,10198,0.00011660103909080999,0.00097888667369255,0.25,0.0058816894888877504,0.0058816894888877504,4,0.033193395
L19_16k_l0279,19,16k,279,10234,0.00012262533075761827,0.0005177482962608,0.0,0.0036681815981864504,0.0036681815981864504,2,0.033726115
L19_16k_l0279,19,16k,279,10242,0.0002249976597747,0.0040562171489,0.0,0.0009285360574722499,0.0036006569862365,4,0.033789024
L19_16k_l0279,19,16k,279,10317,5.11669253014277e-05,0.0001610443941899,0.0,-0.00136381387710565,0.00136381387710565,4,0.03403651
L19_16k_l0279,19,16k,279,10419,0.00028420558318885,0.0078475498594343,0.0,0.00766538083553315,0.0187630355358123,4,0.041688956
L19_16k_l0279,19,16k,279,10433,0.0002913677456503,0.0015992085100151,0.25,-0.007270902395248403,0.0163566321134567,4,0.03395484
L19_16k_l0279,19,16k,279,10443,0.00071817559921395,0.0270511312410235,0.0,0.014263652265071852,0.02831154316663735,4,0.0327025
L19_16k_l0279,19,16k,279,10492,0.00014722716732665,0.00549184135161335,0.0,-0.0240492224693298,0.0240492224693298,4,0.03184658
L19_16k_l0279,19,16k,279,10611,0.0017806721496866,0.0993916466832161,0.25,-0.0199523270130157,0.04828130453824995,4,0.03226853
L19_16k_l0279,19,16k,279,10705,5.410652792772804e-06,2.1211556486377958e-05,0.0,-0.0004264414310455,0.0005514621734619,4,0.034177553
L19_16k_l0279,19,16k,279,10797,0.0001725954362622,0.00269085168838495,0.0,0.0094385594129562,0.01843583583831785,4,0.034013264
L19_16k_l0279,19,16k,279,10808,0.00017259523877090002,0.00138938718009735,0.0,-0.00026858225464820005,0.0013431608676910001,4,0.032303665
L19_16k_l0279,19,16k,279,10862,0.0011550141451764,0.026905191130936097,0.25,-0.00203733518719675,0.008644580841064401,4,0.03344479
L19_16k_l0279,19,16k,279,10865,0.00037533688664885003,0.0026012026937678,0.0,0.0278725177049636,0.0278725177049636,4,0.041260738
L19_16k_l0279,19,16k,279,10867,0.0001465992883535,0.0065436771837994005,0.0,-0.0027910470962523998,0.02031905949115745,4,0.032774456
L19_16k_l0279,19,16k,279,10889,0.0006890902686164,0.0198297789320349,0.0,-0.0085274502635002,0.02235441654920575,4,0.033261776
L19_16k_l0279,19,16k,279,11061,0.0001249516231276398,0.0009958270820788501,0.0,0.00055976212024685,0.00236982107162475,4,0.03466959
L19_16k_l0279,19,16k,279,11113,8.186952416056199e-08,2.756704873263516e-07,0.0,4.3213367462158203e-07,4.3213367462158203e-07,1,0.034410276
L19_16k_l0279,19,16k,279,11282,0.0001249914762551,0.00231404975056645,0.0,0.00916233658790585,0.018399536609649603,4,0.03156441
L19_16k_l0279,19,16k,279,11366,0.0001529345953891,0.00144177378388115,0.0,0.0025243163108825,0.0054182186722755,4,0.03820611
L19_16k_l0279,19,16k,279,11427,4.968578172707039e-05,0.0004905385430902,0.0,-0.0015343427658080658,0.0025272145867346997,4,0.033839375
L19_16k_l0279,19,16k,279,11551,0.00018890185956045,0.00199987372616305,0.0,0.0032067447900771496,0.0032067447900771496,4,0.034831062
L19_16k_l0279,19,16k,279,11560,0.00021471945383145,0.00413585593923925,0.25,0.0019465722143649999,0.0035028681159018998,4,0.033795163
L19_16k_l0279,19,16k,279,11610,0.0005912900822274501,0.0247952034696936,0.0,0.0015970952808856999,0.00844882801175115,4,0.034164496
L19_16k_l0279,19,16k,279,11620,0.0012607420820574498,0.0410514650866389,0.25,0.0069900080561638,0.0201768204569816,4,0.03368803
L19_16k_l0279,19,16k,279,11628,0.00013754220464569456,0.0028769666096194997,0.0,0.0024929940700531,0.0054707527160644,4,0.03238889
L19_16k_l0279,19,16k,279,11646,0.00046743059597115,0.02707269787788385,0.0,-0.0033451914787292,0.0164703577756881,4,0.031408552
L19_16k_l0279,19,16k,279,11730,5.405924957625756e-05,0.0026731906691565503,0.0,0.01266509294509885,0.01266509294509885,4,0.033058994
L19_16k_l0279,19,16k,279,11739,0.0004333621109435,0.022483322769403402,0.25,0.0061924830079078,0.013378515839576648,4,0.03348668
L19_16k_l0279,19,16k,279,11751,1.6416556113684345e-07,1.306020067204372e-06,0.0,3.248453140258789e-06,2.3037195205688477e-05,4,0.037780453
L19_16k_l0279,19,16k,279,11852,8.78401904182656e-05,0.0012040808796882,0.0,0.0020544752478599496,0.00643700361251825,4,0.03261294
L19_16k_l0279,19,16k,279,11931,0.00014716535197675,0.0011339708580635,0.0,0.0006605181843042001,0.00112702883779995,4,0.033432923
L19_16k_l0279,19,16k,279,11935,0.00016681671231935,0.0018945842748506999,0.0,-0.0028470456600189,0.0028470456600189,4,0.034667555
L19_16k_l0279,19,16k,279,12175,0.0001056963483873813,0.0011237381841056001,0.0,0.00021797418594360002,0.0026692897081374498,4,0.032256328
L19_16k_l0279,19,16k,279,12292,7.94881570673635e-06,0.0001647437020437,0.0,0.0002607405185699,0.00049555301666255,4,0.033571582
L19_16k_l0279,19,16k,279,12295,0.0003011996577079,0.00136384891811755,0.0,0.0034691095352172496,0.008912876248359649,4,0.032353695
L19_16k_l0279,19,16k,279,12304,0.00020543592035539998,0.00967191858217115,0.0,0.00894162058830265,0.0160451531410217,4,0.032181762
L19_16k_l0279,19,16k,279,12317,0.0001032266463194844,0.0007836519507691001,0.0,0.0014554038643836,0.00194504112005225,4,0.032805428
L19_16k_l0279,19,16k,279,12321,5.803724767747205e-05,0.0004074193911946642,0.0,0.00016689300537107968,0.00016689300537107968,4,0.036755618
L19_16k_l0279,19,16k,279,12365,7.922020409031105e-05,0.00087893864838405,0.0,0.00250022858381265,0.00250022858381265,4,0.035648603
L19_16k_l0279,19,16k,279,12396,0.00013286198523845,0.00075904262484975,0.0,0.004426866769790649,0.00615823268890375,4,0.03504076
L19_16k_l0279,19,16k,279,12425,0.0002005405196514,0.000866315793246,0.0,0.0027549862861633,0.00578629970550535,4,0.031964593
L19_16k_l0279,19,16k,279,12438,2.7241449952928643e-06,1.104549301089719e-05,0.0,-8.291006088256836e-05,8.291006088256836e-05,3,0.03726158
L19_16k_l0279,19,16k,279,12493,5.746473074426617e-05,0.0002428595144010519,0.0,-0.00027637183666225,0.0005310028791427,4,0.032005057
L19_16k_l0279,19,16k,279,12719,4.461463721835002e-05,0.00054670948884445,0.0,-0.0034905076026916,0.0034905076026916,4,0.03239981
L19_16k_l0279,19,16k,279,12732,0.00010051729303460556,0.00036786295822815004,0.0,-0.003714382648468015,0.003714382648468015,4,0.03264025
L19_16k_l0279,19,16k,279,12764,0.00061819355879575,0.0425413409247994,0.5,0.018669022247195202,0.049148691818118054,4,0.03263878
L19_16k_l0279,19,16k,279,12813,0.00012690732658995,0.0019191076280549,0.0,-0.00183153152465815,0.0068800896406172995,4,0.0332884
L19_16k_l0279,19,16k,279,12899,0.0003484869438551,0.0014783976366742999,0.25,-0.0019183494150638498,0.0047417618334293,4,0.03288916
L19_16k_l0279,19,16k,279,12941,6.089407382382494e-05,0.00144784944131965,0.0,0.0023686736822128,0.00402630865573875,4,0.03313468
L19_16k_l0279,19,16k,279,12987,0.00014999249793355,0.0015942191821522501,0.0,-0.0005459189414978,0.00231079757213585,4,0.03192214
L19_16k_l0279,19,16k,279,13065,0.00030002155628575003,0.00436866236850615,0.0,0.0023965239524841,0.00468447804450985,4,0.03236055
L19_16k_l0279,19,16k,279,13087,0.0011602750527903,0.04013970028609035,0.0,-0.0048899352550506505,0.032771348953247,4,0.031943556
L19_16k_l0279,19,16k,279,13113,0.0002009059335749,0.0058955512940882995,0.0,-0.0020732805132866,0.01934742927551265,4,0.03200826
L19_16k_l0279,19,16k,279,13139,8.589270075268454e-05,0.00049220415530725,0.0,0.00030981004238130007,0.0032263547182082497,4,0.031919945
L19_16k_l0279,19,16k,279,13245,4.336834720401433e-05,0.00041272229282180003,0.0,-0.0006089061498641499,0.00132822990417475,4,0.032823037
L19_16k_l0279,19,16k,279,13280,0.001772244282107,0.0570890344679355,0.0,-0.02397084236145015,0.02397084236145015,4,0.035098378
L19_16k_l0279,19,16k,279,13388,2.2125754586657088e-05,7.37279879103654e-05,0.0,0.00076341629028315,0.00076341629028315,4,0.03292287
L19_16k_l0279,19,16k,279,13396,0.00569522363149285,0.5430918335914612,0.75,0.18261361867189407,0.18261361867189407,4,0.033253554
L19_16k_l0279,19,16k,279,13418,0.0001546972446522,0.00099408277310425,0.0,0.00510749220848075,0.00636214762926095,4,0.03443863
L19_16k_l0279,19,16k,279,13469,0.00011101761164717709,0.0012334681814536001,0.0,-0.003678411245346,0.003678411245346,4,0.03217753
L19_16k_l0279,19,16k,279,13476,6.238777294766869e-05,0.0031667556613683,0.0,0.01708525419235225,0.020032659173011752,4,0.033530228
L19_16k_l0279,19,16k,279,13482,0.00018923496592205,0.0054457043297588496,0.0,0.0021175146102904996,0.00641630589962,4,0.032088064
L19_16k_l0279,19,16k,279,13511,0.0002165880315016,0.0019856794388033,0.0,0.0009658783674240004,0.00868519395589825,4,0.03407842
L19_16k_l0279,19,16k,279,13565,0.00018277924664357033,0.0007999916815606042,0.25,0.00367863476276395,0.00367863476276395,4,0.034243807
L19_16k_l0279,19,16k,279,13566,0.0002160281383482,0.0041727544739842,0.0,0.0140933990478516,0.0219747424125671,4,0.033698224
L19_16k_l0279,19,16k,279,13601,0.00023417247654096654,0.0189828597940504,0.0,0.0045141577720642,0.011588305234909,4,0.033936698
L19_16k_l0279,19,16k,279,13640,0.0004512354617912,0.00262552348431195,0.0,-0.0023849252611398,0.00548316724598405,4,0.03160933
L19_16k_l0279,19,16k,279,13655,0.00212845314404725,0.08818220347166056,0.0,0.00967163592576975,0.02591405063867565,4,0.033097487
L19_16k_l0279,19,16k,279,13679,0.00012132783140891728,0.00075394182931625,0.0,-0.0010633766651153,0.00407403707504265,4,0.03175808
L19_16k_l0279,19,16k,279,13735,0.00015458601141101952,0.0040311937918886005,0.0,-0.0046367794275284,0.01700852811336515,4,0.033356983
L19_16k_l0279,19,16k,279,13808,3.013473464695965e-05,0.0012965536152477499,0.0,0.00048467516899105005,0.0017968714237212502,4,0.03364081
L19_16k_l0279,19,16k,279,13887,0.00015666063764427186,0.0005770462448708,0.0,0.00014315545558928652,0.0012663602828978998,4,0.031823695
L19_16k_l0279,19,16k,279,13906,0.00029389243823835004,0.00817114487290375,0.0,0.0095382630825042,0.0179264992475509,4,0.035395797
L19_16k_l0279,19,16k,279,13928,0.000335810446747,0.00748742418363685,0.0,0.00038178637623784975,0.007506478577852201,4,0.032243896
L19_16k_l0279,19,16k,279,14034,0.00038970765607534996,0.0031196803320198497,0.0,0.0060455203056335,0.0060455203056335,4,0.033773124
L19_16k_l0279,19,16k,279,14053,8.643396453470932e-05,0.00047240316052915,0.0,-0.0013576447963714,0.0027807950973509996,4,0.030796597
L19_16k_l0279,19,16k,279,14091,0.00027908297555705,0.00505387037992475,0.0,-0.006673619151115399,0.02388315647840495,4,0.033988636
L19_16k_l0279,19,16k,279,14130,0.00348676728958345,0.1494738077744841,0.5,0.03631548210978505,0.03631548210978505,4,0.034113057
L19_16k_l0279,19,16k,279,14174,0.00016608344724509998,0.00129384882166045,0.25,0.0003582537174224487,0.0091129839420318,4,0.032336008
L19_16k_l0279,19,16k,279,14188,0.00016553221455705,0.00244398333597925,0.0,-0.0003609731793403501,0.00300472229719155,4,0.03294537
L19_16k_l0279,19,16k,279,14263,4.528595074009668e-05,0.00029757301672355,0.0,0.0026624202728271,0.0026624202728271,4,0.0338056
L19_16k_l0279,19,16k,279,14371,8.82281654011142e-06,3.49937245118781e-05,0.0,0.00061914324760435,0.00061914324760435,4,0.035787523
L19_16k_l0279,19,16k,279,14397,0.0001411168972204,0.0024731829762458,0.0,-0.001112550497055,0.0096222907304763,4,0.0346428
L19_16k_l0279,19,16k,279,14436,0.0009869668970566002,0.0142223159782588,0.25,0.007243238389492,0.007781933993101051,4,0.032731697
L19_16k_l0279,19,16k,279,14487,0.00013743909120589998,0.0007268055924214,0.0,-0.0025696754455566,0.00483533740043635,4,0.034808688
L19_16k_l0279,19,16k,279,14493,0.00024450844052475,0.00144520465983075,0.0,0.0028904490172862504,0.0028904490172862504,4,0.032471914
L19_16k_l0279,19,16k,279,14508,0.0057259400559866,0.34552896022796625,0.5,0.35994862020015717,0.35994862020015717,4,0.02853796
L19_16k_l0279,19,16k,279,14541,0.00022844278914780074,0.0008606450755905001,0.0,-0.0044374465942382,0.00449967384338375,4,0.03338514
L19_16k_l0279,19,16k,279,14571,0.00043212164176005,0.0108975558541715,0.0,0.01284980773925775,0.01347019523382185,4,0.03343629
L19_16k_l0279,19,16k,279,14624,6.210704981573238e-05,0.0002823887862177563,0.0,0.0018247663974761499,0.0018247663974761499,4,0.032166682
L19_16k_l0279,19,16k,279,14665,0.0006298218745254,0.03921315073966975,0.25,-0.04089652001857755,0.0423590242862701,4,0.03227855
L19_16k_l0279,19,16k,279,14686,0.00012269695444106342,0.0009696478955446999,0.0,0.0025248825550079,0.0025248825550079,4,0.032325074
L19_16k_l0279,19,16k,279,14907,0.0004584154741956,0.0123827811330556,0.0,0.01536339521408085,0.02716210484504695,4,0.037748363
L19_16k_l0279,19,16k,279,15031,0.00055530732794715,0.01765219960361715,0.0,-0.01811306923627845,0.01811306923627845,4,0.03399141
L19_16k_l0279,19,16k,279,15046,0.00020379490223894998,0.00771770486608145,0.0,0.01316452026367185,0.030465185642242404,4,0.031303532
L19_16k_l0279,19,16k,279,15048,0.00010665103752693408,0.00346344581339505,0.0,0.007283642888069101,0.007283642888069101,4,0.032968972
L19_16k_l0279,19,16k,279,15054,8.975696617090931e-06,4.109189103473909e-05,0.0,-0.0011273622512817,0.0011273622512817,3,0.03537001
L19_16k_l0279,19,16k,279,15086,0.0001106804215944,0.0012699270155280499,0.0,-0.0011389330029487501,0.00391270220279685,4,0.037730455
L19_16k_l0279,19,16k,279,15095,7.221121083279037e-05,0.0002848984440788,0.0,-0.001329094171524,0.001329094171524,3,0.033671994
L19_16k_l0279,19,16k,279,15129,0.0002721816901175727,0.0030708695412613,0.0,-0.00031609833240507304,0.0032711029052733998,4,0.03324868
L19_16k_l0279,19,16k,279,15158,2.9190144788206887e-06,2.4107644549076213e-05,0.0,0.0007723271846770916,0.000893622636795,4,0.032480802
L19_16k_l0279,19,16k,279,15165,9.74101306773334e-05,0.00202354282373555,0.0,-0.0124219208955764,0.023389250040054252,4,0.03347883
L19_16k_l0279,19,16k,279,15179,0.00027131222231315,0.0035848766565322503,0.0,0.0021136552095413,0.0112955123186111,4,0.03479593
L19_16k_l0279,19,16k,279,15281,1.1416294944738297e-05,8.2485691564184e-05,0.0,-0.00012892484664913398,0.000756025314331,4,0.03315432
L19_16k_l0279,19,16k,279,15334,9.184634341872582e-05,0.0008413760951952499,0.0,-0.0091057419776916,0.0091057419776916,4,0.03366189
L19_16k_l0279,19,16k,279,15340,0.001083428331586,0.03566122427582735,0.0,-0.012287825345993004,0.01769433915615075,4,0.033471465
L19_16k_l0279,19,16k,279,15348,0.00032870311821125,0.0023073526099324,0.0,0.0055507589131593505,0.0080855414271354,4,0.031747747
L19_16k_l0279,19,16k,279,15411,0.00099646152943435,0.0437941905111074,0.25,0.02620229125022885,0.02620229125022885,4,0.032657385
L19_16k_l0279,19,16k,279,15465,0.0005412646856724,0.0025526774115860002,0.0,-0.02374675869941705,0.02374675869941705,2,0.03148393
L19_16k_l0279,19,16k,279,15492,7.377089664157906e-06,3.814201772911474e-05,0.0,0.00037172436714165,0.00037172436714165,4,0.03198562
L19_16k_l0279,19,16k,279,15576,9.140655921080123e-05,0.0008446016581728499,0.0,-0.00109457969665525,0.0015529170632362,4,0.034257166
L19_16k_l0279,19,16k,279,15618,0.00036026510549935,0.00299369078129525,0.0,0.011247351765632598,0.02600075304508205,4,0.03248188
L19_16k_l0279,19,16k,279,15688,6.084539966970111e-05,0.00050190783804275,0.0,-0.00152751803398125,0.00587871670722955,4,0.032368954
L19_16k_l0279,19,16k,279,15737,5.0066317944324505e-05,0.0002640605962369,0.25,0.00064292550086975,0.0013130903244018498,4,0.032756235
L19_16k_l0279,19,16k,279,15768,3.0315917117445342e-05,0.00046348290925375,0.0,0.0020006000995635657,0.0064192116260528,4,0.031969663
L19_16k_l0279,19,16k,279,15773,0.0001245344515110433,0.00117287214379755,0.0,0.0014704465866089002,0.0055758357048034494,4,0.03545996
L19_16k_l0279,19,16k,279,15812,0.000158503301877,0.0007736273691989,0.0,0.0005984008312225502,0.0078341960906982,4,0.031116545
L19_16k_l0279,19,16k,279,15818,0.0001120297454942,0.0010727191111072,0.0,0.0039127916097640505,0.009555444121360751,4,0.0325355
L19_16k_l0279,19,16k,279,15827,0.0001686322583721,0.0005243472405709,0.0,0.0001238286495208,0.0001420229673385,3,0.03227602
L19_16k_l0279,19,16k,279,15957,0.00013557216095045,0.00205412728246295,0.0,-0.00762215256690975,0.00883769989013665,4,0.034819495
L19_16k_l0279,19,16k,279,16080,0.00019084084921165,0.0024132199469022,0.0,0.00012870132923124996,0.00655274093151085,4,0.0342567
L19_16k_l0279,19,16k,279,16142,0.00053917600763265,0.01458610733970995,0.25,0.0066643655300139505,0.0066643655300139505,4,0.03381606
L19_16k_l0279,19,16k,279,16150,0.0001514471666864,0.00144704291597,0.0,-0.0025377720594405998,0.00271172821521755,4,0.03283492
L19_16k_l0279,19,16k,279,16349,0.00020024450318485,0.0012981759209651001,0.0,0.00214954465627665,0.00214954465627665,4,0.034622155
L19_16k_l0279,19,16k,279,16376,0.00032926478570375,0.0072443676181137,0.25,0.00250918418169015,0.00381606072187415,4,0.03306902
L19_16k_l073,19,16k,73,41,0.00070442922473925,0.02784147951751945,0.25,0.0524846613407135,0.0755225121974945,4,0.031524803
L19_16k_l073,19,16k,73,85,0.00023772561437815002,0.0034345439635217,0.0,0.0009968131780624502,0.00854183733463285,4,0.035680868
L19_16k_l073,19,16k,73,128,0.0007017437641934001,0.03072120435535905,0.0,0.0056011453270912,0.026783395558595602,4,0.034178413
L19_16k_l073,19,16k,73,231,7.843130638126284e-05,0.00065050856210285,0.0,0.0018555223941803,0.0057129561901092,4,0.03615576
L19_16k_l073,19,16k,73,256,0.00015884958558874999,0.00306057720445095,0.0,0.01004470139741895,0.01004470139741895,4,0.032976467
L19_16k_l073,19,16k,73,265,0.00025996940059755,0.006164114456623749,0.0,0.0008323341608047499,0.00616599991917605,4,0.033432797
L19_16k_l073,19,16k,73,271,0.0002220519700195,0.0016105356044135001,0.0,-0.00476044043898585,0.00605678930878635,2,0.035953876
L19_16k_l073,19,16k,73,362,0.00248230979318505,0.16825676709413526,0.75,0.09166873246431345,0.09166873246431345,4,0.033617362
L19_16k_l073,19,16k,73,415,0.00364948222172995,0.16356957703828812,0.0,0.27385377883911133,0.27385377883911133,4,0.038409732
L19_16k_l073,19,16k,73,463,0.002673848459512,0.14173112809658045,0.25,0.2131191492080688,0.2131191492080688,4,0.034913324
L19_16k_l073,19,16k,73,467,3.911150223895062e-05,0.0004701779398601,0.0,0.0030809342861175,0.0037259757518768,4,0.03864744
L19_16k_l073,19,16k,73,563,0.0016024737532589,0.038407277315855,0.0,0.0001909583806991499,0.00336568057537075,4,0.034248315
L19_16k_l073,19,16k,73,658,0.0010959033741456499,0.0238518919795751,0.0,0.0017899945378303,0.0042468681931495,4,0.03412111
L19_16k_l073,19,16k,73,677,0.00043795040690105,0.0050391803961247,0.0,0.021626353263854897,0.021626353263854897,4,0.033352513
L19_16k_l073,19,16k,73,681,0.0006235061645536,0.01241729408502575,0.0,0.00685672461986545,0.0241240561008453,4,0.035512045
L19_16k_l073,19,16k,73,699,0.0001790480868363639,0.00431929610203945,0.0,-0.00015261769294735487,0.01032894849777215,4,0.037690543
L19_16k_l073,19,16k,73,802,0.0010140841823677723,0.0231545524729881,0.0,-0.0013442710041999002,0.0013442710041999002,4,0.0340529
L19_16k_l073,19,16k,73,803,1.346728425993986e-05,0.00029935954444226505,0.0,5.453824996948242e-06,0.0012328028678893963,4,0.03357553
L19_16k_l073,19,16k,73,820,0.00017064022519229998,0.00313054292928425,0.25,0.0014712214469909503,0.0127228051424026,4,0.035667118
L19_16k_l073,19,16k,73,862,0.00041120766926580003,0.014946704264730151,0.0,-0.01132434606552125,0.0228672847151756,4,0.032444146
L19_16k_l073,19,16k,73,971,0.0002259561449052,0.0022044744109734503,0.0,0.0010544881224632502,0.0104340240359306,4,0.036612846
L19_16k_l073,19,16k,73,998,0.000175881320152,0.0023649779614061,0.0,-0.0064569413661956,0.0073624551296234,3,0.03366609
L19_16k_l073,19,16k,73,1082,0.0001849002510121,0.0019907299429178,0.0,0.005637809634208651,0.01692776381969445,4,0.0374831
L19_16k_l073,19,16k,73,1091,0.00011231080862665,0.00302163173910225,0.0,-0.01377356052398675,0.02597163617610925,4,0.03262515
L19_16k_l073,19,16k,73,1211,0.0003176939790629,0.0084188936743885,0.0,0.0076702386140823,0.008405826985836,4,0.034052435
L19_16k_l073,19,16k,73,1256,0.00016595237366185,0.00427094509359445,0.0,0.00954551994800565,0.00954551994800565,4,0.033389803
L19_16k_l073,19,16k,73,1277,0.000112859353479,0.0007520969957113,0.0,0.0002690851688385,0.0013574659824371,3,0.037070572
L19_16k_l073,19,16k,73,1309,0.0007821132397108,0.037482343614101354,0.0,0.01320062763988965,0.01320062763988965,4,0.033855908
L19_16k_l073,19,16k,73,1332,0.0007268789383265001,0.019515296444296802,0.25,0.0114013701677322,0.02286545932292935,4,0.034852386
L19_16k_l073,19,16k,73,1335,0.00114442464846495,0.032490851357579204,0.0,-0.012040950357914,0.0139852352440357,4,0.031856205
L19_16k_l073,19,16k,73,1350,0.0003444986898356,0.0186541015282273,0.0,-0.0043189227581024,0.015340983867645201,4,0.03826213
L19_16k_l073,19,16k,73,1384,0.0005104692514877,0.01864823279902335,0.25,-0.017118215560913003,0.033839002251625006,4,0.033309456
L19_16k_l073,19,16k,73,1475,4.465441471779199e-05,0.00029964671557531454,0.0,-0.0040760636329651,0.0045135021209716,2,0.034727413
L19_16k_l073,19,16k,73,1486,9.878163665476923e-05,0.00112097541568795,0.0,0.0031211376190186,0.004556268453598,4,0.034571927
L19_16k_l073,19,16k,73,1488,0.00162360044946625,0.10809757746756075,0.25,0.02521113678812975,0.02657751366496085,4,0.036305286
L19_16k_l073,19,16k,73,1732,0.0006751386947779501,0.0213536899536848,0.0,0.01416710019111635,0.031413167715072604,4,0.033323307
L19_16k_l073,19,16k,73,1879,7.601884966139706e-06,6.15869794273749e-05,0.0,-0.0016703009605407,0.0016703009605407,1,0.031722557
L19_16k_l073,19,16k,73,1951,0.0009196331819065499,0.015425474382936899,0.25,0.01165947318077085,0.01276756078004835,4,0.034899436
L19_16k_l073,19,16k,73,2029,0.00138942386818435,0.1174460649490356,0.0,-0.040728941559791496,0.0702457353472709,4,0.04407446
L19_16k_l073,19,16k,73,2042,0.00033034418378145,0.00405140244401985,0.25,0.01151002943515775,0.018018186092376702,4,0.0330031
L19_16k_l073,19,16k,73,2056,0.00014646039636245,0.0047362683108076,0.0,0.00212559103965755,0.0095453858375549,4,0.034017723
L19_16k_l073,19,16k,73,2161,4.261231097151498e-06,7.666604506082367e-05,0.0,2.586841583251953e-05,0.0002958476543426459,4,0.034420695
L19_16k_l073,19,16k,73,2221,4.8596799223551144e-05,0.0003994873259216,0.0,0.00128298997879025,0.0025185346603393,4,0.033205733
L19_16k_l073,19,16k,73,2279,2.5321811152320277e-05,0.00057400169316675,0.0,0.00298732519149775,0.00298732519149775,4,0.04151277
L19_16k_l073,19,16k,73,2292,0.0016127648182922,0.0591562315821647,0.25,0.015122953802347204,0.0566015057265758,4,0.03367737
L19_16k_l073,19,16k,73,2362,0.00016811822008713735,0.0036152531392871497,0.0,-0.012315347790717999,0.012315347790717999,4,0.033865
L19_16k_l073,19,16k,73,2431,0.0001765068421272508,0.001970921177417,0.25,0.00491176545619965,0.00570710003376005,4,0.03405007
L19_16k_l073,19,16k,73,2435,0.0008558950150004999,0.02762267459183925,0.25,-0.0366946011781692,0.039077077060937854,4,0.034148943
L19_16k_l073,19,16k,73,2439,0.0002309519544501,0.0035506845451891,0.0,0.0048765838146209006,0.0048765838146209006,4,0.03339075
L19_16k_l073,19,16k,73,2477,0.000206662250228,0.0021134539856575,0.0,0.00272428616881365,0.00272428616881365,4,0.0328484
L19_16k_l073,19,16k,73,2902,0.0001280205871271136,0.0010583718467386501,0.0,-0.0090971291065216,0.0090971291065216,2,0.03527687
L19_16k_l073,19,16k,73,2903,0.00040594143453355,0.0187279959209263,0.0,0.0052565634250641025,0.03752598166465755,4,0.03429272
L19_16k_l073,19,16k,73,2983,0.00141366151642505,0.047798015177249846,0.25,0.04143656790256495,0.04143656790256495,4,0.03190206
L19_16k_l073,19,16k,73,3014,0.0004692242395984,0.00958048761822275,0.0,-0.0040537491440773,0.01889303326606745,4,0.04785754
L19_16k_l073,19,16k,73,3202,0.00032795637466115,0.0056386142969131,0.0,0.024132564663886948,0.024132564663886948,4,0.032752372
L19_16k_l073,19,16k,73,3254,0.0053349496886671,0.3789989799261093,0.5,0.10276912152767174,0.10276912152767174,4,0.040686943
L19_16k_l073,19,16k,73,3267,0.0003855846965727,0.0031449608504772,0.0,-0.0334489345550537,0.0334489345550537,1,0.034091584
L19_16k_l073,19,16k,73,3409,0.00011849502508975808,0.0040231470484286,0.0,-0.02119638025760645,0.02119638025760645,4,0.03927047
L19_16k_l073,19,16k,73,3555,0.0008649867649510501,0.0492734648287296,0.25,0.011452034115791349,0.05056233704090115,4,0.033437394
L19_16k_l073,19,16k,73,3676,0.00021410100923,0.0015102908946573,0.0,-0.0044634640216827,0.0073409080505371,3,0.034233347
L19_16k_l073,19,16k,73,3687,9.18074019280266e-05,0.0011305824446025928,0.0,-0.0094978660345077,0.0094978660345077,4,0.032254916
L19_16k_l073,19,16k,73,3746,0.0009033632197776,0.04413078911602495,0.25,0.02310260385274885,0.02310260385274885,4,0.03962736
L19_16k_l073,19,16k,73,3754,0.0002593458679191,0.0051330726128071,0.0,0.005368761718273151,0.017071850597858353,4,0.035985377
L19_16k_l073,19,16k,73,3762,0.00015020536519585,0.00260699400678275,0.0,0.00300863385200495,0.00300863385200495,4,0.03418372
L19_16k_l073,19,16k,73,3774,0.00019594879597561608,0.00149313261499625,0.0,0.00040449202060699983,0.0037115365266799,2,0.04388995
L19_16k_l073,19,16k,73,3792,0.00117233369560325,0.044663626700639704,0.0,0.0103545486927032,0.02106512710452075,4,0.03329208
L19_16k_l073,19,16k,73,3797,0.0001352045760874,0.0010383471380919,0.0,0.0133431553840637,0.0133431553840637,1,0.04919005
L19_16k_l073,19,16k,73,3922,0.00043005000769414997,0.00526148919016115,0.0,0.0024174153804779504,0.0088332891464233,4,0.03813199
L19_16k_l073,19,16k,73,3929,2.9014053084401174e-05,0.0002390772424405,0.0,0.00041328370571135,0.00070558488368985,4,0.033229996
L19_16k_l073,19,16k,73,4184,0.00031604879560735,0.0165717992931604,0.0,0.035475194454193046,0.035475194454193046,4,0.03400918
L19_16k_l073,19,16k,73,4200,0.000266593328051,0.0017286543734371,0.0,0.0013569667935371,0.0013569667935371,1,0.034212984
L19_16k_l073,19,16k,73,4239,0.00012950571128972103,0.0009137680608546032,0.0,0.0092404335737228,0.0092404335737228,2,0.033985894
L19_16k_l073,19,16k,73,4334,0.0002914927368262484,0.0030853337375447,0.0,-0.009006112813949599,0.01406830549240105,4,0.03388938
L19_16k_l073,19,16k,73,4336,4.5250969795230614e-05,0.00032223982270805,0.0,-0.00017604231834405002,0.0010991394519805498,4,0.033832237
L19_16k_l073,19,16k,73,4352,0.00040096636283701255,0.0226813135668635,0.0,-0.00787375867366785,0.00787375867366785,4,0.034879
L19_16k_l073,19,16k,73,4426,0.00035371145383945,0.01099947956390675,0.0,0.0108393467962741,0.015555616468191098,4,0.0337154
L19_16k_l073,19,16k,73,4461,0.00237361012083915,0.3039753437042236,0.5,0.046860553324222606,0.13836049288511276,4,0.035999704
L19_16k_l073,19,16k,73,4583,8.161594246094194e-05,0.0008421919774263501,0.0,0.0016418993473053,0.00274582207202905,4,0.03263504
L19_16k_l073,19,16k,73,4603,9.876773851433742e-05,0.0020359989866847,0.0,-0.0005832910537719,0.0005832910537719,4,0.03320382
L19_16k_l073,19,16k,73,4679,0.00019263358662225,0.0017368416883982,0.0,-0.0019239783287048,0.0019239783287048,4,0.0348299
L19_16k_l073,19,16k,73,4681,0.00150214824962085,0.0526312831789255,0.5,0.00522295385599135,0.01101932674646375,4,0.040093474
L19_16k_l073,19,16k,73,4900,1.59241557815148e-05,0.000249240809353,0.0,-0.0007842779159546,0.0025043487548828,4,0.033454835
L19_16k_l073,19,16k,73,4948,0.00024263400114800002,0.009440458379685799,0.0,-0.018011063337326,0.0226175487041473,4,0.033535264
L19_16k_l073,19,16k,73,5049,0.0003179781707111,0.0033118878491222503,0.0,0.00890159606933595,0.01576330512762065,4,0.0381931
L19_16k_l073,19,16k,73,5091,0.00010823133519717933,0.0016705674352124,0.0,-0.0017508417367934999,0.00337242335081095,4,0.0347649
L19_16k_l073,19,16k,73,5106,0.0001215601664844,0.0011360759381204,0.0,-0.0004217028617859,0.00234963744878765,4,0.034835454
L19_16k_l073,19,16k,73,5195,0.00037131329093954997,0.0087920408695936,0.25,0.01987788826227185,0.0336004868149757,4,0.03381996
L19_16k_l073,19,16k,73,5282,0.0001480841075493,0.01250405050814145,0.0,-0.0210798680782318,0.0210798680782318,4,0.03474335
L19_16k_l073,19,16k,73,5319,0.00128568572519325,0.0574245192110538,0.25,0.0023635029792785,0.00599016994237895,4,0.035306748
L19_16k_l073,19,16k,73,5385,4.123401603643777e-06,3.0272833100752905e-05,0.0,-0.00017499923706052148,0.0002455115318298,4,0.034838267
L19_16k_l073,19,16k,73,5500,6.512137494024337e-06,0.00012639459509951735,0.0,0.0010018646717071,0.0010018646717071,4,0.03752704
L19_16k_l073,19,16k,73,5536,0.0012762044431525,0.034783214330673204,0.25,-0.05590447783470153,0.0716021507978439,4,0.03465099
L19_16k_l073,19,16k,73,5579,2.307142171550341e-06,1.483394134993432e-05,0.0,0.0004650950431823,0.0004650950431823,1,0.032382403
L19_16k_l073,19,16k,73,5707,5.5663317117676776e-05,0.00265547080198295,0.0,0.00037932395935055,0.0024747252464294,4,0.03247319
L19_16k_l073,19,16k,73,5864,0.0004626389410042,0.00745212542824445,0.0,-0.0093772448599338,0.0167916156351566,4,0.03325715
L19_16k_l073,19,16k,73,5875,0.00013689458734819315,0.001612211319297746,0.0,-0.00448885560035705,0.00448885560035705,2,0.03394717
L19_16k_l073,19,16k,73,5967,6.499684639212873e-05,0.00071814269176675,0.0,0.0031130164861678496,0.0031130164861678496,4,0.03350291
L19_16k_l073,19,16k,73,5973,0.0017014525104618997,0.18548654392361635,0.25,0.0086735412478447,0.06892485916614526,4,0.03343412
L19_16k_l073,19,16k,73,5975,0.01592603849642295,0.9419084191322327,0.5,-0.0012495145201683,0.01747246086597435,4,0.042022366
L19_16k_l073,19,16k,73,6169,0.00286602799726055,0.0996138416230678,0.25,0.020453982055187198,0.02538236975669855,4,0.032187834
L19_16k_l073,19,16k,73,6181,9.592072064037076e-06,0.0001070103098754,0.0,-0.0006504356861114,0.0006504356861114,4,0.033410374
L19_16k_l073,19,16k,73,6240,0.00023602466101222682,0.00829360156785695,0.0,-0.008681342005729599,0.010265529155731149,4,0.03458965
L19_16k_l073,19,16k,73,6245,1.1823058002988163e-05,0.00032875456236065,0.0,0.00036403536796565,0.00036403536796565,4,0.032529626
L19_16k_l073,19,16k,73,6306,0.0048531466962171005,0.1998953372240066,0.25,0.07511375844478604,0.15460909903049463,4,0.03220938
L19_16k_l073,19,16k,73,6382,1.8506894378784465e-05,0.0001227540487889,0.0,-5.841255187988281e-05,5.841255187988281e-05,1,0.0344131
L19_16k_l073,19,16k,73,6414,0.0001168446520486,0.00265009270515285,0.0,-0.0069242566823959,0.0069242566823959,4,0.040261906
L19_16k_l073,19,16k,73,6485,0.0007414592061351999,0.042973443865776,0.25,-0.01241415739059445,0.0164057537913322,4,0.03436163
L19_16k_l073,19,16k,73,6554,0.00010721059639237956,0.0022838339209556,0.0,0.00038394331932069996,0.00477698445320125,4,0.03383638
L19_16k_l073,19,16k,73,6555,0.0045552827531543,0.5252529457211494,0.25,0.08953846991062164,0.08953846991062164,4,0.03359597
L19_16k_l073,19,16k,73,6610,0.00050593648279095,0.005059444520156799,0.0,0.02374638617038725,0.02374638617038725,4,0.035705905
L19_16k_l073,19,16k,73,6626,0.0006701263665654499,0.0136037082411348,0.0,-0.0137574449181556,0.0137574449181556,4,0.03300655
L19_16k_l073,19,16k,73,6634,0.00014595587331499998,0.0031739224214106,0.0,-0.010306149721145599,0.0139260441064834,4,0.037002992
L19_16k_l073,19,16k,73,6667,0.0061188484070504,0.35248786211013794,0.25,-0.0445306897163391,0.0445306897163391,4,0.032367926
L19_16k_l073,19,16k,73,6685,0.0003149035528875,0.0110116600990295,0.0,-0.0140477642416954,0.0140477642416954,4,0.03561024
L19_16k_l073,19,16k,73,6699,0.00036972076101775004,0.0074186064302921,0.0,-0.02136716246604915,0.02155363559722895,4,0.03248531
L19_16k_l073,19,16k,73,6751,0.00035298101424465,0.00526499585248525,0.25,0.00160250440239905,0.01122312247753135,4,0.033820674
L19_16k_l073,19,16k,73,6844,0.0017789731417025998,0.07207411341369145,0.0,-0.03089905530214305,0.03089905530214305,4,0.042525932
L19_16k_l073,19,16k,73,6929,0.00048467862742302326,0.00850668069324455,0.0,0.0017545223236083499,0.00511782243847845,4,0.03665643
L19_16k_l073,19,16k,73,6940,0.00014043153725150698,0.00182479177601635,0.0,0.0025174021720886,0.0060096085071563495,4,0.035343353
L19_16k_l073,19,16k,73,6943,0.000323736694217,0.0024788507726043,0.0,0.00064288079738615,0.0010755285620689,4,0.0348455
L19_16k_l073,19,16k,73,6959,3.555346527833516e-05,0.0006962420884519501,0.0,-0.0003670752048492172,0.00811845064163205,4,0.03433498
L19_16k_l073,19,16k,73,6976,0.0001112161480855,0.000854535086546,0.0,-0.0051876008510589,0.0051876008510589,1,0.03217461
L19_16k_l073,19,16k,73,7197,0.00193025181929255,0.07986423745751375,0.0,0.029141649603843696,0.08992713689804069,4,0.032848403
L19_16k_l073,19,16k,73,7198,0.0001553340683666,0.0025966707617043998,0.0,-0.0209089666604995,0.0209089666604995,4,0.03306963
L19_16k_l073,19,16k,73,7326,0.00120721189771305,0.028929859399795498,0.25,0.0218412056565285,0.029056563973426798,4,0.032546632
L19_16k_l073,19,16k,73,7359,0.00016843046591097835,0.0169282290153205,0.25,0.00824858248233795,0.01365897059440605,4,0.033674236
L19_16k_l073,19,16k,73,7375,2.725929676285859e-05,0.00020716503786385,0.25,-0.0001856684684753,0.0009906888008117,4,0.03327639
L19_16k_l073,19,16k,73,7508,0.00029399018614515,0.0023767895181663,0.25,-0.010083869099617,0.025345876812934848,4,0.033805802
L19_16k_l073,19,16k,73,7582,0.0008739164741049001,0.028817459009587702,0.0,0.016127042472362497,0.016127042472362497,4,0.03384812
L19_16k_l073,19,16k,73,7745,0.0036179447208736,0.14732486009597773,0.5,0.0529356971383095,0.14775601774454117,4,0.03340596
L19_16k_l073,19,16k,73,7804,0.0014503614891797,0.1078659929335117,0.0,0.07797989249229426,0.07797989249229426,4,0.034449723
L19_16k_l073,19,16k,73,7918,0.00026786409288854997,0.00982458703219885,0.25,0.01634632050991055,0.01634632050991055,4,0.033143412
L19_16k_l073,19,16k,73,7949,5.0274128008347974e-05,0.0003910472296411,0.0,0.00663918256759635,0.00663918256759635,4,0.034379825
L19_16k_l073,19,16k,73,7969,0.00074278306434045,0.01977264508605,0.0,0.01087661460042,0.02556794881820675,4,0.03618228
L19_16k_l073,19,16k,73,8013,0.0003593813104764,0.0058783153071998995,0.0,0.009955123066902102,0.009955123066902102,4,0.042105444
L19_16k_l073,19,16k,73,8089,7.692918397486409e-06,5.688544479198754e-05,0.0,-8.958578109741211e-05,8.958578109741211e-05,1,0.036067177
L19_16k_l073,19,16k,73,8120,0.00059721011921685,0.01699180388823145,0.0,0.00515139102935795,0.018669918179512,4,0.03292093
L19_16k_l073,19,16k,73,8139,0.0013044651688597,0.0147158969193696,0.0,-0.015959545969963,0.015959545969963,1,0.033273324
L19_16k_l073,19,16k,73,8252,0.00042536257683595,0.0119427423924207,0.25,0.0028357952833175503,0.028701692819595302,4,0.03423525
L19_16k_l073,19,16k,73,8288,0.0011738864515482,0.08250476419925686,0.5,-0.02179139852523805,0.0367093980312347,4,0.03665294
L19_16k_l073,19,16k,73,8301,3.434139775585901e-05,0.0003122932976111,0.0,0.0001416057348251,0.0001416057348251,1,0.035345867
L19_16k_l073,19,16k,73,8316,0.00013039671194626002,0.0012338920496404002,0.0,-0.00250792503356935,0.01601332426071165,4,0.033748444
L19_16k_l073,19,16k,73,8400,5.2398982401181856e-05,0.0005046173173468,0.0,0.0009056031703948998,0.00240150094032285,4,0.037321735
L19_16k_l073,19,16k,73,8426,0.0001574414651675,0.00365719734691075,0.0,-0.0085067376494407,0.009350799024105,4,0.033478808
L19_16k_l073,19,16k,73,8616,0.00030774620752424997,0.004771410254761551,0.0,0.00230480730533595,0.0034471303224563,4,0.041514806
L19_16k_l073,19,16k,73,8618,0.00109557780059595,0.0902265871409326,0.0,0.0903973132371902,0.0903973132371902,4,0.03836622
L19_16k_l073,19,16k,73,8635,0.0026971598270757,0.23757040500640866,0.0,-0.011318065226078049,0.0197966396808624,4,0.032619733
L19_16k_l073,19,16k,73,8705,0.0003287428832023,0.029547824990004252,0.0,0.020092874765396073,0.037611007690429604,4,0.034250658
L19_16k_l073,19,16k,73,8740,2.6587222336117583e-05,0.00033271170104850003,0.0,0.00420418381690975,0.0065677762031555,4,0.035272364
L19_16k_l073,19,16k,73,8901,0.00017368429024699968,0.0034197669010609,0.5,0.0069284364581108,0.007160089910030349,4,0.035905864
L19_16k_l073,19,16k,73,8917,0.0005234986839326001,0.01315825060009955,0.0,0.00282376259565355,0.0172662362456321,4,0.035583746
L19_16k_l073,19,16k,73,8945,0.0002311457030244,0.00325640896335235,0.25,-0.00078063830733295,0.0163899511098861,4,0.0333953
L19_16k_l073,19,16k,73,8949,0.00018732678035859998,0.0052655453328043,0.0,-0.021399758756160698,0.0228982865810394,4,0.034314394
L19_16k_l073,19,16k,73,9046,0.00029379718090565,0.0152888754382729,0.25,-0.02348686382174485,0.02348686382174485,4,0.049106866
L19_16k_l073,19,16k,73,9089,0.0008176375131223499,0.05783291347324845,0.25,-0.005453862249851249,0.022580385208129848,4,0.034045786
L19_16k_l073,19,16k,73,9112,0.00044816630295140003,0.01781032886356115,0.0,-0.01936780661344525,0.020572945475578253,4,0.034916207
L19_16k_l073,19,16k,73,9209,2.0748968203092978e-05,0.00054786924010835,0.0,0.00483876466751095,0.00483876466751095,4,0.03544877
L19_16k_l073,19,16k,73,9304,9.74343698419198e-05,0.00141565405647265,0.0,0.0044971853494644,0.012729868292808501,4,0.034224045
L19_16k_l073,19,16k,73,9356,0.00048089400085798474,0.00655879330588495,0.25,0.0001233220100403,0.00366293080151075,4,0.03396529
L19_16k_l073,19,16k,73,9369,2.9676248092663148e-05,0.0014081761473789,0.0,0.01460102200508115,0.0146800279617309,4,0.031815283
L19_16k_l073,19,16k,73,9461,0.010559339911736399,1.197254478931427,0.75,0.4736816883087158,0.4736816883087158,4,0.041302335
L19_16k_l073,19,16k,73,9464,9.005134816000004e-05,0.000886439695023,0.0,0.0132991671562194,0.0132991671562194,1,0.032485865
L19_16k_l073,19,16k,73,9484,1.299159613055757e-05,9.51529946178198e-05,0.0,0.0014712214469909,0.0014712214469909,1,0.042356096
L19_16k_l073,19,16k,73,9553,0.0002473730776497,0.004369023721665101,0.0,0.00864501297473905,0.00864501297473905,4,0.033038463
L19_16k_l073,19,16k,73,9570,0.000139937332105,0.00117506197420875,0.0,0.0007859766483307001,0.0028465092182159,4,0.0409796
L19_16k_l073,19,16k,73,9722,0.00335465049813955,0.11305991560220716,0.25,-0.057013705372810294,0.06497529149055475,4,0.03488934
L19_16k_l073,19,16k,73,9825,0.00012032652653230503,0.00443046016152945,0.0,-0.0091667175292968,0.013911277055740301,4,0.035559423
L19_16k_l073,19,16k,73,9938,3.971824396864064e-05,0.0002775629982352,0.0,0.0026592016220092,0.0026592016220092,1,0.032465447
L19_16k_l073,19,16k,73,9967,0.0003362717203482,0.0029029687866568,0.0,-0.0112836584448814,0.0112836584448814,1,0.03376329
L19_16k_l073,19,16k,73,10080,0.0006695497350851,0.022333328146487398,0.0,-0.0067596137523651,0.0106766819953918,4,0.03604665
L19_16k_l073,19,16k,73,10087,0.0012156783551152501,0.07436379045248025,0.25,-0.0192434638738632,0.02785995602607725,4,0.033711936
L19_16k_l073,19,16k,73,10088,0.00016963695021555,0.0031978870974853,0.0,-0.0037695392966270004,0.0037695392966270004,4,0.04064282
L19_16k_l073,19,16k,73,10143,5.801452393913808e-05,0.0031388150528073,0.0,-0.003998994827270451,0.0071388185024261,4,0.032621186
L19_16k_l073,19,16k,73,10167,0.0002356505420715,0.00285074790008365,0.0,0.008198000490665401,0.0167872905731201,4,0.033806168
L19_16k_l073,19,16k,73,10225,0.00042062279002899996,0.01202934468165035,0.0,0.0037044584751129003,0.012532562017440749,4,0.035554036
L19_16k_l073,19,16k,73,10245,0.000235440711767,0.0016581986565142,0.0,-0.0040380358695983,0.0130011439323425,3,0.040068757
L19_16k_l073,19,16k,73,10356,0.01685618608380725,1.0052447319030762,0.5,0.6453696191310883,0.6453696191310883,4,0.032391235
L19_16k_l073,19,16k,73,10384,0.000882033186174496,0.0147967185475863,0.0,-0.00884703546762465,0.011204011738300301,4,0.036886852
L19_16k_l073,19,16k,73,10472,0.0003169981058731,0.007073443382978399,0.0,-0.00712803006172175,0.0071446448564529,4,0.036929965
L19_16k_l073,19,16k,73,10497,6.476517958677084e-06,5.171101292944513e-05,0.0,-0.0002299547195434,0.0002299547195434,1,0.03670321
L19_16k_l073,19,16k,73,10606,8.30728121961235e-05,0.00138672158936965,0.0,-0.013155996799468949,0.013155996799468949,4,0.039344426
L19_16k_l073,19,16k,73,10631,0.00032565684404505,0.01668599899858235,0.0,0.03191781044006345,0.0390848815441131,4,0.03298034
L19_16k_l073,19,16k,73,10644,0.000136590846391,0.0028272066265344,0.0,0.00433757901191705,0.0048352926969527504,4,0.039545596
L19_16k_l073,19,16k,73,10664,0.0001532619840779,0.0010009910911321,0.0,0.0101754069328308,0.0101754069328308,1,0.032710854
L19_16k_l073,19,16k,73,10836,0.0002635774158421,0.0025323547888547,0.0,-0.00492678582668305,0.0071853175759315005,4,0.035462096
L19_16k_l073,19,16k,73,10934,0.00070026294060205,0.021099810488521997,0.0,0.00955993682146075,0.0174322202801704,4,0.032382578
L19_16k_l073,19,16k,73,10943,0.0003740685345032,0.012035230873152551,0.0,0.018523782491683898,0.0196396820247173,4,0.0333073
L19_16k_l073,19,16k,73,10985,0.00190947184653105,0.0694806687533855,0.25,-0.0020630806684494,0.012501254677772501,4,0.03289195
L19_16k_l073,19,16k,73,10992,2.83755727226489e-05,0.0004060947467223501,0.0,-0.0007714629173278501,0.0007714629173278501,4,0.033496458
L19_16k_l073,19,16k,73,11013,7.611694454152595e-05,0.0006056614220142,0.0,4.336237907409668e-05,4.336237907409668e-05,1,0.036547344
L19_16k_l073,19,16k,73,11202,0.00046475158710245,0.008164349710568751,0.25,0.0015084445476531492,0.00187385082244865,4,0.03372198
L19_16k_l073,19,16k,73,11227,0.00028527564815105,0.01048764376901085,0.0,0.0119436383247375,0.0119436383247375,4,0.03178248
L19_16k_l073,19,16k,73,11267,0.00010055332304016607,0.00224142684601245,0.0,0.00334940850734705,0.00334940850734705,4,0.035211567
L19_16k_l073,19,16k,73,11435,6.723844440381668e-05,0.00133146104053585,0.0,0.0087770745158195,0.0087770745158195,4,0.033474386
L19_16k_l073,19,16k,73,11493,0.00020522900390795,0.00316753343213345,0.0,-0.01325767487287515,0.01325767487287515,4,0.033109196
L19_16k_l073,19,16k,73,11520,0.00160778613037605,0.041808408219367196,0.0,0.09362846612930295,0.09362846612930295,4,0.0379784
L19_16k_l073,19,16k,73,11539,0.0033585142260797504,0.5083709061145782,1.0,0.27206961810588837,0.27206961810588837,4,0.033526473
L19_16k_l073,19,16k,73,11626,0.00014815628951975134,0.0018201252969446999,0.0,-0.0017399862408637977,0.017549335956573448,4,0.037414595
L19_16k_l073,19,16k,73,11659,0.0001441316380517,0.0009616351453587,0.0,-0.0014148354530334,0.0020775496959686,3,0.03701007
L19_16k_l073,19,16k,73,11756,0.0001472589525328,0.0016647223383188,0.0,-0.0027187466621398,0.0027187466621398,1,0.035551574
L19_16k_l073,19,16k,73,11758,7.740162352575792e-05,0.0005542108556255,0.0,0.0001751780509948,0.0022358298301696,3,0.0332554
L19_16k_l073,19,16k,73,11807,0.0007771483463983,0.01610647561028595,0.0,-0.026717260479927,0.026717260479927,4,0.034324594
L19_16k_l073,19,16k,73,11829,0.00021881881580806332,0.00316208059666675,0.0,-0.0014562159776688002,0.0027111023664474,4,0.033824828
L19_16k_l073,19,16k,73,11840,0.0006914688831542,0.021423759870231103,0.0,-0.0096113085746765,0.0158409774303436,4,0.032277722
L19_16k_l073,19,16k,73,11921,0.0005762714152581,0.0152178173884749,0.0,0.0026538819074631006,0.025307387113571153,4,0.031824943
L19_16k_l073,19,16k,73,11973,0.0018066889447032,0.0814261250197887,0.25,-0.06078113988041875,0.09067699685692784,4,0.034859467
L19_16k_l073,19,16k,73,11982,0.0005823707268149,0.0044110193848609,0.0,-0.0050202757120132,0.0050202757120132,1,0.031872578
L19_16k_l073,19,16k,73,12162,0.0001530778164258,0.0012377919629216,0.0,-0.0037565529346466,0.0037565529346466,1,0.032464974
L19_16k_l073,19,16k,73,12251,3.31319897435159e-05,0.0007874536677263,0.25,0.0010784268379211,0.00126144289970395,4,0.034925073
L19_16k_l073,19,16k,73,12295,0.0003583750352841,0.0026822001673281,0.0,0.0032618641853332,0.0032618641853332,3,0.037682675
L19_16k_l073,19,16k,73,12314,1.7099248703903493e-06,2.3049815354170278e-05,0.0,0.00028124451637265,0.00028124451637265,4,0.03344224
L19_16k_l073,19,16k,73,12321,0.00073545775365795,0.0261991340667009,0.25,-0.01473976671695705,0.02628210186958305,4,0.04130673
L19_16k_l073,19,16k,73,12346,0.0003664341587254,0.0161378313787281,0.0,-0.01203404366970055,0.01203404366970055,4,0.033230517
L19_16k_l073,19,16k,73,12424,0.0005961301766112,0.023112289607524802,0.0,0.0316143333911895,0.0316143333911895,4,0.03858938
L19_16k_l073,19,16k,73,12427,8.260975774855998e-05,0.0005877312723896,0.0,-0.0006124638020991999,0.0010347627103328,4,0.032448307
L19_16k_l073,19,16k,73,12496,0.0002342713452005,0.00226703134831035,0.0,0.0130852162837982,0.0130852162837982,2,0.03296289
L19_16k_l073,19,16k,73,12511,0.00031159101390611623,0.0030465424060821,0.0,-0.0010225027799606,0.008315682411193799,4,0.033057947
L19_16k_l073,19,16k,73,12544,0.0002180634883376,0.0017819823697209,0.0,-0.0104142129421234,0.0104142129421234,1,0.032695014
L19_16k_l073,19,16k,73,12549,0.00011193143454877303,0.00256629753857845,0.0,-0.00168512761592865,0.0137615650892257,4,0.03335492
L19_16k_l073,19,16k,73,12690,0.00036542113673845,0.00342798588098955,0.0,0.01594454050064085,0.01932153105735775,4,0.035686906
L19_16k_l073,19,16k,73,12747,0.00021239110534175,0.00231326947687185,0.0,0.00204178690910335,0.00204178690910335,4,0.033367157
L19_16k_l073,19,16k,73,12836,0.00049020239137175,0.0106154468376189,0.0,-0.01900595426559445,0.022624440491199452,4,0.032803543
L19_16k_l073,19,16k,73,12903,0.00045680398918635,0.007134250132366951,0.0,0.00408914685249325,0.00408914685249325,4,0.03416387
L19_16k_l073,19,16k,73,12918,0.00027328692880915,0.00334239797666665,0.0,0.0018071681261062002,0.0023272037506103,4,0.037717927
L19_16k_l073,19,16k,73,12968,0.0005120533345505,0.0035223239101469,0.3333333333333333,-0.0072066783905029,0.0072066783905029,3,0.033849947
L19_16k_l073,19,16k,73,12970,0.00021873421319035,0.00204689084785055,0.0,0.00905093550682065,0.01062892377376555,4,0.036927164
L19_16k_l073,19,16k,73,13035,0.0008936256586080001,0.0298299854621291,0.0,0.0014808773994446,0.04083859920501705,4,0.0346471
L19_16k_l073,19,16k,73,13150,0.0002094722060669,0.0037973301950842003,0.0,0.010012857615947649,0.010012857615947649,4,0.030558815
L19_16k_l073,19,16k,73,13156,0.00018133367692515,0.0015451337676495001,0.0,-0.0163052380084991,0.0163052380084991,4,0.032095216
L19_16k_l073,19,16k,73,13157,8.291575674717254e-05,0.0032905640546232002,0.0,0.0151786506175994,0.0151786506175994,4,0.033533633
L19_16k_l073,19,16k,73,13162,0.0003486418908524226,0.0190117181045934,0.5,0.01773013174533845,0.01954086124897,4,0.034641586
L19_16k_l073,19,16k,73,13210,0.0003382852146629,0.0108572852332144,0.0,0.00374788045883175,0.0131646171212196,4,0.04192419
L19_16k_l073,19,16k,73,13273,4.599807922303011e-05,0.00035955529892815004,0.0,0.0042923688888549,0.0061309337615966,4,0.033255346
L19_16k_l073,19,16k,73,13296,0.0017940006889750498,0.04523766972124575,0.0,-0.06507694721221921,0.06507694721221921,4,0.031515617
L19_16k_l073,19,16k,73,13313,0.00127898031925705,0.0543574579060077,0.25,0.0167194008827209,0.0319745242595672,4,0.034035098
L19_16k_l073,19,16k,73,13336,2.4236349164137226e-05,0.0001625540899112,0.0,-0.0012418031692504,0.0012418031692504,1,0.033843827
L19_16k_l073,19,16k,73,13363,0.0006325174040016,0.02663658792152995,0.0,-0.00467516481876375,0.0080752074718475,4,0.033070363
L19_16k_l073,19,16k,73,13378,0.0020885917012812,0.07896761968731875,0.25,-0.0150216296315193,0.0308545976877212,4,0.03486866
L19_16k_l073,19,16k,73,13532,0.00010278691483209876,0.0006730079942371853,0.0,0.008922189474105818,0.008922189474105818,2,0.033156075
L19_16k_l073,19,16k,73,13556,0.00013316855305375,0.00343823200091715,0.0,-0.0030822157859802498,0.01469203829765315,4,0.0335371
L19_16k_l073,19,16k,73,13557,0.00028139223575306073,0.009842861501965599,0.0,0.036231368780136046,0.036231368780136046,4,0.033619102
L19_16k_l073,19,16k,73,13612,0.00043932576309695,0.01618622150272125,0.0,0.019195884466171202,0.02785523235797875,4,0.03292986
L19_16k_l073,19,16k,73,13713,4.833708891417987e-05,0.0008613339159637499,0.0,-0.00853988528251645,0.00853988528251645,4,0.04145516
L19_16k_l073,19,16k,73,13783,0.00064273439597685,0.0208255313336849,0.0,0.024434462189674398,0.05052351951599115,4,0.03342846
L19_16k_l073,19,16k,73,13790,0.00017962541821315,0.0028547454858198,0.0,-0.009755641222000101,0.009755641222000101,4,0.032890696
L19_16k_l073,19,16k,73,13797,0.000387785331592,0.0030946815386414,1.0,0.0045874863862991,0.0045874863862991,1,0.038356204
L19_16k_l073,19,16k,73,13846,0.0006894069335197,0.01512298593297595,0.0,0.00967391580343245,0.0133413672447204,4,0.033078846
L19_16k_l073,19,16k,73,13943,0.0003046268662221,0.0084999590180814,0.0,0.004559740424156199,0.01201129332184785,4,0.03648102
L19_16k_l073,19,16k,73,13957,0.0006172536918157,0.0203095832839608,0.0,-0.009634785354137351,0.009634785354137351,4,0.033516012
L19_16k_l073,19,16k,73,13978,6.649751470496777e-06,8.91551208042074e-05,0.0,-0.0005020201206207234,0.001430869102478,4,0.033247568
L19_16k_l073,19,16k,73,14023,0.00015530118733716016,0.00549682060955085,0.25,0.0003477036952972,0.0114109814167022,4,0.036291834
L19_16k_l073,19,16k,73,14047,0.00128457855366795,0.0343042248860001,0.0,-0.01736158132553095,0.027317464351653997,4,0.03358507
L19_16k_l073,19,16k,73,14078,0.00013352040335994165,0.0015441472642122999,0.0,0.0013074576854705498,0.008159941062331151,4,0.034707338
L19_16k_l073,19,16k,73,14104,5.182290935889353e-05,0.0004127146607970395,0.0,0.0055927336215972675,0.005618005990982033,2,0.03488664
L19_16k_l073,19,16k,73,14242,0.0017072881505185,0.15524008125066754,0.25,0.0052510537207126505,0.02492580562829965,4,0.03582467
L19_16k_l073,19,16k,73,14265,0.00010750302550260781,0.0010444985236972,0.0,0.004032477736473,0.004032477736473,4,0.03419097
L19_16k_l073,19,16k,73,14270,0.0003282610949964,0.01954395649954675,0.0,0.0402850806713104,0.0402850806713104,4,0.030495953
L19_16k_l073,19,16k,73,14370,0.0011718579369285002,0.029827903956174802,0.25,0.00234445184469225,0.027979545295238453,4,0.034169026
L19_16k_l073,19,16k,73,14405,0.0001609838008155,0.0027927736518904,0.0,0.0002517104148865,0.01296103000640865,4,0.033330444
L19_16k_l073,19,16k,73,14444,3.917237788694581e-05,0.00061261814698805,0.0,0.0033814460039138,0.0045395046472549005,4,0.03261915
L19_16k_l073,19,16k,73,14469,0.0008191203847675,0.0085815330967307,0.0,0.0195431113243103,0.0195431113243103,1,0.03496267
L19_16k_l073,19,16k,73,14485,0.00016637918253715,0.0016414895653723998,0.0,0.0006121993064880219,0.00154532492160795,4,0.03743033
L19_16k_l073,19,16k,73,14489,0.0004890935844902,0.00535634648986155,0.0,0.006562612950801801,0.01030323654413215,4,0.051152606
L19_16k_l073,19,16k,73,14537,0.0002608253837166,0.0049621178768575,0.0,-0.0019692033529281,0.00359009206295005,4,0.033607118
L19_16k_l073,19,16k,73,14584,0.00023550534214935,0.0051585882902145,0.0,0.0002150535583496,0.007995039224624599,4,0.0339465
L19_16k_l073,19,16k,73,14586,0.0001446350644724,0.00417404994368545,0.0,0.02042667567729945,0.02042667567729945,4,0.034403507
L19_16k_l073,19,16k,73,14637,0.00014607110116,0.0023325816728174,0.0,-0.0017693638801574,0.0017693638801574,1,0.033703778
L19_16k_l073,19,16k,73,14894,0.0010038217722818,0.0245072245597839,0.0,0.004093378782272301,0.0166984945535659,4,0.036118656
L19_16k_l073,19,16k,73,14932,0.00040885018207235,0.01062391605228185,0.0,-0.00493220984935755,0.012299858033657,4,0.033230104
L19_16k_l073,19,16k,73,14933,0.00017654530886025,0.0079701256472617,0.0,0.005962885916233,0.005962885916233,4,0.03614061
L19_16k_l073,19,16k,73,14940,0.00198224006328885,0.1317206062376499,0.25,0.01323414221405975,0.0355608537793159,4,0.037970856
L19_16k_l073,19,16k,73,14946,0.0001564097411966,0.0016836525755934,0.0,-0.0027934759855270503,0.0059067606925964,4,0.03640986
L19_16k_l073,19,16k,73,14977,0.0017323841553474,0.0114296842366456,0.0,-0.0611649751663208,0.0611649751663208,1,0.03636359
L19_16k_l073,19,16k,73,15000,0.00018784262076995,0.0018154912395402,0.0,-0.00285111367702485,0.0084085166454315,4,0.033049446
L19_16k_l073,19,16k,73,15020,0.0005633917760129,0.0086082662455737,0.0,-0.01597791910171505,0.01597791910171505,4,0.039348822
L19_16k_l073,19,16k,73,15061,7.500301425523382e-05,0.0027868205215781,0.0,0.0098202228546142,0.0098202228546142,4,0.03403487
L19_16k_l073,19,16k,73,15070,0.00098328836162895,0.02033878490328785,0.25,-0.013791859149932799,0.052838325500488253,4,0.050707046
L19_16k_l073,19,16k,73,15131,0.0002664678092949,0.0019859834574162,0.0,-0.0261047780513763,0.0261047780513763,1,0.034202382
L19_16k_l073,19,16k,73,15206,0.00119611031075985,0.03872686438262455,0.25,0.00962178409099575,0.0116931870579719,4,0.032185175
L19_16k_l073,19,16k,73,15268,0.00050353924105975,0.011229854542762,0.0,-0.036206021904945346,0.036206021904945346,4,0.035620403
L19_16k_l073,19,16k,73,15285,0.0026073158230608996,0.13937775045633316,0.0,0.24082404375076294,0.24082404375076294,4,0.033304594
L19_16k_l073,19,16k,73,15299,0.00264549406502045,0.08386760763823985,0.0,0.17217120528221125,0.17217120528221125,4,0.033390343
L19_16k_l073,19,16k,73,15351,0.0009091596023373,0.0159814581274986,1.0,0.0047187432646751,0.0047187432646751,1,0.034665983
L19_16k_l073,19,16k,73,15352,4.930104136299652e-05,0.0038145375438034,0.25,0.0066631436347961,0.0066631436347961,4,0.033237312
L19_16k_l073,19,16k,73,15374,0.00051998687658255,0.028396640904247702,0.0,-0.00273537635803225,0.00664848089218135,4,0.03316277
L19_16k_l073,19,16k,73,15446,0.0013260230232806,0.041015965864062254,0.0,-0.019408877938985797,0.019408877938985797,4,0.048040878
L19_16k_l073,19,16k,73,15453,0.0010851118508362,0.10061332955956455,0.0,0.044188722968101446,0.05405841767787925,4,0.034361996
L19_16k_l073,19,16k,73,15481,0.0041530305491039,0.3265275694429874,0.25,0.0254081189632415,0.0805701129138469,4,0.045799084
L19_16k_l073,19,16k,73,15519,0.00021136605318505,0.00597196887247255,0.0,-0.007401198148727349,0.007401198148727349,4,0.039487626
L19_16k_l073,19,16k,73,15629,0.00043415490669233283,0.0084853840526193,0.0,-0.0021917298436164,0.00287874042987815,4,0.033388283
L19_16k_l073,19,16k,73,15647,0.0002244772239906,0.00144770543556655,0.0,-0.010207600891590049,0.010207600891590049,2,0.036212176
L19_16k_l073,19,16k,73,15669,0.0004611624396594168,0.01690780231729145,0.5,0.0141619741916656,0.0141619741916656,4,0.03277564
L19_16k_l073,19,16k,73,15689,0.00337951436703425,0.13598516955971715,0.25,0.0071055367588996506,0.03249225765466685,4,0.035082564
L19_16k_l073,19,16k,73,15843,5.478270274263114e-06,3.436757833696902e-05,0.0,0.0009863972663879,0.0009863972663879,1,0.033176534
L19_16k_l073,19,16k,73,15888,2.6734335172038577e-05,0.00047634774819009995,0.0,-0.0007611811161041001,0.00312247872352595,4,0.037731048
L19_16k_l073,19,16k,73,16000,0.00013822738811415002,0.00190059276064855,0.0,-0.01050774753093715,0.01050774753093715,4,0.03242757
L19_16k_l073,19,16k,73,16114,0.0028777370424914,0.14918452501296992,0.25,0.07524894177913664,0.1090995222330093,4,0.033090524
L19_16k_l073,19,16k,73,16177,2.674344762030184e-07,2.555242645030376e-06,0.0,4.369020462036133e-05,4.369020462036133e-05,1,0.037022676
L19_16k_l073,19,16k,73,16274,0.0002048757732096,0.0014592480147257,0.0,0.00228072702884675,0.00932382047176355,2,0.044164628
L19_16k_l073,19,16k,73,16323,0.0007062707507468999,0.00831304083112625,0.0,0.0050266906619072,0.0083136782050132,4,0.040876668
L19_65k_l063,19,65k,63,175,0.0012217440408023,0.02701258473098275,0.0,0.02831663563847535,0.03639605268836015,4,0.03305615
L19_65k_l063,19,65k,63,348,0.0003337848228732,0.0031761387363076,0.0,0.0322607159614563,0.0322607159614563,1,0.03687166
L19_65k_l063,19,65k,63,534,0.0003284167083366,0.00523106520995495,0.0,0.004385732114315,0.00649137049913405,4,0.034190964
L19_65k_l063,19,65k,63,971,0.0001534153379354,0.0047849600668996,0.0,0.0058154463768005,0.01026257872581475,4,0.032434635
L19_65k_l063,19,65k,63,1083,0.00016255004948445,0.0022862139157950497,0.0,-0.0029112696647643497,0.0029112696647643497,4,0.03357366
L19_65k_l063,19,65k,63,1100,0.0002521585370034,0.0031462828628718497,0.0,-0.015442512929439552,0.01923910528421395,2,0.032687623
L19_65k_l063,19,65k,63,1105,0.0007616554459995,0.011971239000558801,0.0,0.05139434337615965,0.05139434337615965,4,0.032913465
L19_65k_l063,19,65k,63,1470,7.759069493082134e-05,0.0006204259116202,0.0,-0.0002865493297576,0.0028266906738281,3,0.033547025
L19_65k_l063,19,65k,63,1723,0.00052503704564865,0.009377353824675,0.0,0.014740318059921249,0.0323341786861419,4,0.03629135
L19_65k_l063,19,65k,63,1869,2.66824847706997e-05,0.0001988704898394,0.0,0.0016945600509643,0.0016945600509643,1,0.035548635
L19_65k_l063,19,65k,63,1888,0.0017832318430964001,0.0852563008666038,0.0,-0.03158605098724365,0.08876383304595944,4,0.042013794
L19_65k_l063,19,65k,63,2212,0.0003025211885387,0.0059927203692495,0.0,0.00913208350539205,0.00913208350539205,4,0.034127742
L19_65k_l063,19,65k,63,2662,0.0004077472736833,0.00940000824630255,0.0,0.004213631153106701,0.01590821146965025,4,0.035782967
L19_65k_l063,19,65k,63,2680,0.0003329642958159,0.013337637297809051,0.5,0.0145137906074524,0.0691966116428375,4,0.034264546
L19_65k_l063,19,65k,63,2751,9.17405429829944e-05,0.0017643957544350502,0.0,-0.0010451376438141,0.00816738605499265,4,0.032324776
L19_65k_l063,19,65k,63,2847,8.850503804757326e-05,0.0006623984954785,0.0,0.00931671261787405,0.00931671261787405,2,0.035513457
L19_65k_l063,19,65k,63,3176,7.105504097027688e-05,0.00104329880559815,0.0,-0.0030138790607452002,0.0081625133752822,4,0.03180717
L19_65k_l063,19,65k,63,3180,0.0001145890109912,0.0019999332726001,0.0,0.0003079771995544,0.0004932284355163,3,0.036679234
L19_65k_l063,19,65k,63,3254,0.0005068442481942,0.0247564986348152,0.0,-0.031598642468452454,0.031598642468452454,4,0.034907725
L19_65k_l063,19,65k,63,3382,0.0003545359486529,0.00391036598011845,0.25,-0.00510722026228905,0.011236265301704351,4,0.04402042
L19_65k_l063,19,65k,63,3812,3.787587465057572e-06,3.71351865737779e-05,0.0,3.834068775177002e-05,4.373490810394287e-05,2,0.032509897
L19_65k_l063,19,65k,63,3989,0.0008889973919519499,0.01098976749926805,0.25,0.0044760517776012,0.0057829059660434,4,0.032608446
L19_65k_l063,19,65k,63,4287,0.0001742039179953,0.00161366112297395,0.0,0.0008923634886741206,0.00163817033171645,4,0.03490027
L19_65k_l063,19,65k,63,4330,0.0006773917469368,0.01269789971411225,0.0,-0.0123612135648727,0.01279701292514795,4,0.034668133
L19_65k_l063,19,65k,63,4701,0.00018505221841430731,0.00415461981901895,0.0,-0.007221519947051999,0.0196147263050079,2,0.038767945
L19_65k_l063,19,65k,63,4813,0.00016696642227774982,0.0011856757337227,0.0,0.00521233677864075,0.010614544153213449,2,0.050816342
L19_65k_l063,19,65k,63,5000,0.000222919832037655,0.0024795979261398,0.0,0.0010275542736053,0.0030497610569,4,0.033448685
L19_65k_l063,19,65k,63,5087,0.00034585940191375,0.00476325303316115,0.0,0.00071929767727855,0.013595186173915851,4,0.042191725
L19_65k_l063,19,65k,63,5139,2.757139520046605e-05,0.0001870763953775,0.0,-0.0020927190780639,0.0020927190780639,1,0.03606985
L19_65k_l063,19,65k,63,5274,0.00022164370400855,0.010245132725685752,0.0,-0.01602900028228755,0.025851219892501748,4,0.035691995
L19_65k_l063,19,65k,63,5276,5.086357048338607e-05,0.0003584276710171,0.0,0.0041361451148986,0.0041361451148986,1,0.05319779
L19_65k_l063,19,65k,63,5377,0.0004874111168213,0.00488276337273415,0.0,-0.0094288289546966,0.02260064333677285,4,0.03577549
L19_65k_l063,19,65k,63,5736,0.0002984044992039,0.0042569255456328,0.0,-0.0069120824337005,0.0069120824337005,1,0.036005415
L19_65k_l063,19,65k,63,5845,0.00012566627759331539,0.00171818386297665,0.0,0.0011751092970371,0.0035555399954318497,4,0.043598097
L19_65k_l063,19,65k,63,5893,1.749172237619185e-06,1.1437909051892348e-05,0.0,-2.9146671295166016e-05,2.9146671295166016e-05,1,0.035164732
L19_65k_l063,19,65k,63,6802,7.109014399187971e-05,0.0006542408373206,0.0,0.010504126548767,0.010504126548767,1,0.034650598
L19_65k_l063,19,65k,63,7436,0.0014390866432771499,0.04218527302145955,0.0,-0.00977434217929835,0.0280356556177139,4,0.035564862
L19_65k_l063,19,65k,63,7730,0.0001456981660419,0.0011848837602883,0.3333333333333333,-0.0012673810124397,0.0041534528136253,3,0.0434249
L19_65k_l063,19,65k,63,8074,0.0003445256295075,0.00404698145575815,0.0,-0.010131649672985051,0.01213683187961575,4,0.03072388
L19_65k_l063,19,65k,63,8154,1.4909065439079902e-06,1.2229998901602812e-05,0.0,1.8894672393798828e-05,1.8894672393798828e-05,1,0.034092084
L19_65k_l063,19,65k,63,8202,8.0101746264557e-05,0.0008544194788555,0.0,6.558746099475e-05,0.00230360031127925,4,0.03696566
L19_65k_l063,19,65k,63,8643,0.004287023441765799,0.32900739368051285,0.5,0.028285376727580996,0.028285376727580996,4,0.031705525
L19_65k_l063,19,65k,63,8796,0.0015312672372195,0.0505612790584564,0.0,-0.0378772169351577,0.052767530083656256,4,0.032901347
L19_65k_l063,19,65k,63,9131,0.0006459519114417501,0.0311309872195124,0.0,0.00385472923517225,0.0127210244536399,4,0.033835847
L19_65k_l063,19,65k,63,9222,0.00028104854514456864,0.0159759819507598,0.0,0.034447073936462395,0.034447073936462395,2,0.037697252
L19_65k_l063,19,65k,63,9508,8.672554938821197e-05,0.0006199447670951,0.0,-0.0062895417213439,0.0062895417213439,1,0.035421606
L19_65k_l063,19,65k,63,9681,6.693566974781649e-05,0.0006053238175809,0.0,-0.00477117300033565,0.00477117300033565,4,0.037175436
L19_65k_l063,19,65k,63,9685,0.0003349733580417,0.0020648157224059,0.0,-0.0007052272558212,0.0107916444540023,3,0.03455379
L19_65k_l063,19,65k,63,9731,0.00012538654654792374,0.0013301637372932999,0.0,0.00323037803173065,0.0053832381963729,4,0.03647587
L19_65k_l063,19,65k,63,9765,8.010653217087668e-05,0.0021495141554623,0.0,0.00391156971454615,0.00391156971454615,4,0.03455975
L19_65k_l063,19,65k,63,11413,0.0003432020335086,0.0059178844094275995,0.0,-0.014492057263851152,0.028287261724472004,4,0.07559558
L19_65k_l063,19,65k,63,11446,5.906676034652426e-06,5.526566383195991e-05,0.0,-0.0002861917018889902,0.00035783648490900975,2,0.034570996
L19_65k_l063,19,65k,63,11959,0.00017699816071097154,0.00147556775482365,0.0,0.0129852592945099,0.0137625634670257,2,0.03339793
L19_65k_l063,19,65k,63,12052,0.00018823931969534998,0.0012977392179890999,0.0,-0.0086833834648132,0.0086833834648132,4,0.037595235
L19_65k_l063,19,65k,63,12750,0.00014348941546000002,0.0011657347204162998,0.0,-0.0063565075397491,0.0063565075397491,4,0.036422506
L19_65k_l063,19,65k,63,12938,0.00013086415443915,0.0014373723533935,0.0,-0.0018868148326873996,0.0099812448024749,2,0.03440232
L19_65k_l063,19,65k,63,13021,0.0005741971951947001,0.01922379527240985,0.0,-0.006266675889492,0.00916857272386545,4,0.032232918
L19_65k_l063,19,65k,63,13739,3.570325334020524e-05,0.0004143989535805271,0.0,0.003399163484573349,0.00348168611526485,4,0.035728887
L19_65k_l063,19,65k,63,14298,0.0001404276597482,0.0008996268152259,0.0,0.001612976193428,0.001612976193428,1,0.03424492
L19_65k_l063,19,65k,63,14761,0.0002775455792676,0.00197923963423815,0.0,0.0024296119809150496,0.0024296119809150496,4,0.03880533
L19_65k_l063,19,65k,63,14770,0.00028873904863295,0.0023388415575027,0.0,-0.0047795176506042,0.00602791458368295,4,0.037110265
L19_65k_l063,19,65k,63,14772,0.0002338480017644627,0.00373198348097495,0.0,-0.0016535073518753002,0.0057289078831672,4,0.041766964
L19_65k_l063,19,65k,63,14969,0.00032621028137815,0.0098646478727459,0.0,-0.00955231487751,0.0164451897144317,4,0.036386833
L19_65k_l063,19,65k,63,15002,0.0008063996033705,0.0071160905063152,0.0,0.014149367809295599,0.0213079303503036,4,0.03351674
L19_65k_l063,19,65k,63,15007,0.00126720079599585,0.031390244141221005,0.0,-0.0057202279567718,0.0057202279567718,4,0.03388511
L19_65k_l063,19,65k,63,15136,0.0003968517013034,0.01229076460003845,0.0,0.002390652894973748,0.01067883521318435,4,0.03593701
L19_65k_l063,19,65k,63,15172,0.0001409165127297432,0.00353771576192225,0.0,0.002179220318794226,0.0041994899511337,4,0.035314333
L19_65k_l063,19,65k,63,15565,0.0566712092682134,7.87729549407959,1.0,0.9857540726661682,0.9857540726661682,1,0.0397051
L19_65k_l063,19,65k,63,15772,0.0003683219054121,0.0024415315128862,0.0,0.0082520619034767,0.0082520619034767,1,0.031841554
L19_65k_l063,19,65k,63,16563,0.00022893365934665,0.0042593895923346,0.0,0.0100261270999908,0.01293024420738215,4,0.04162362
L19_65k_l063,19,65k,63,16727,0.00012688120674155,0.0013628038577735,0.0,0.0020546019077301,0.014087438583374,4,0.03258053
L19_65k_l063,19,65k,63,16905,0.0006698079474681999,0.05265727266669265,0.25,-0.01718440651893615,0.060299187898635795,4,0.03548985
L19_65k_l063,19,65k,63,17169,0.0001246829025726,0.0007368754595518,0.0,-0.0036946535110473,0.0036946535110473,1,0.06314917
L19_65k_l063,19,65k,63,17368,0.0008410396217026501,0.0381185412406921,0.25,-0.0147439464926719,0.0147439464926719,4,0.037868034
L19_65k_l063,19,65k,63,17479,0.0012993071947357,0.03764361888170235,0.0,0.0007435381412505999,0.00126621127128595,4,0.03503281
L19_65k_l063,19,65k,63,17482,1.6851954150589873e-05,0.00016196352589756093,0.25,-2.7835369110099995e-05,0.0013359487056732,4,0.03446433
L19_65k_l063,19,65k,63,17782,0.00030646191742875,0.0074461274780332504,0.25,-0.0009034685790539,0.0074260979890823,4,0.03368836
L19_65k_l063,19,65k,63,17966,0.0001162059331558,0.0023149724584072,0.0,0.0139632523059844,0.0139632523059844,3,0.036957264
L19_65k_l063,19,65k,63,18331,0.00022929402192019998,0.00157182622933755,0.0,-0.00498571991920465,0.0062665939331054,4,0.033033796
L19_65k_l063,19,65k,63,18807,1.4383547347421008e-05,0.0002011460310313,0.0,0.0023795962333679,0.0023795962333679,1,0.03483925
L19_65k_l063,19,65k,63,18817,7.362157661733632e-05,0.0025169514119625,0.0,0.0157053470611572,0.0157053470611572,1,0.04513321
L19_65k_l063,19,65k,63,19380,0.0004286793384888,0.0043936960864812,0.0,0.003379788249731,0.003379788249731,2,0.035904195
L19_65k_l063,19,65k,63,19402,0.00032756148105505005,0.0081682060845196,0.0,-0.00936691462993615,0.010661132633686,4,0.03291054
L19_65k_l063,19,65k,63,19941,0.00205079651370035,0.0532455258071422,0.0,-0.0339213982224464,0.0339213982224464,4,0.032065343
L19_65k_l063,19,65k,63,20136,0.00012356333998402938,0.0019777391571551,0.0,0.00016510486602785003,0.0058498978614807,4,0.033243626
L19_65k_l063,19,65k,63,20225,0.00011915827707415,0.00220318604260675,0.0,-0.005976766347885101,0.0145438611507415,4,0.034923166
L19_65k_l063,19,65k,63,20574,0.00028322095256871574,0.00243678409606215,0.0,-0.00392118096351625,0.0086591690778732,4,0.034950152
L19_65k_l063,19,65k,63,20897,0.0001164407557234,0.0018487000488675502,0.0,0.01486644148826595,0.025089114904403652,4,0.03951323
L19_65k_l063,19,65k,63,21281,0.00083505572112085,0.084313977509737,0.5,0.13506044074892995,0.13506044074892995,4,0.033942785
L19_65k_l063,19,65k,63,21295,0.0001400219088314,0.0040233391337096,0.0,0.0124091580510139,0.0124091580510139,4,0.033546925
L19_65k_l063,19,65k,63,21782,0.00025114105881534997,0.00660120509564875,0.0,-0.0062189251184463,0.010052889585494901,4,0.034432195
L19_65k_l063,19,65k,63,21887,8.682203598481572e-05,0.00101096095750105,0.0,0.00214350968599315,0.00214350968599315,4,0.035140574
L19_65k_l063,19,65k,63,22431,0.00023756770383345002,0.0029009608551858997,0.0,-0.00042894110083579995,0.00205442681908605,4,0.03366988
L19_65k_l063,19,65k,63,22724,7.136388199680889e-06,0.00012149053145545698,0.0,-0.0002680718898772826,0.00065174698829645,4,0.032346614
L19_65k_l063,19,65k,63,23231,8.728249701157622e-05,0.0006146629748399802,0.0,-0.0011900067329405999,0.0011900067329405999,2,0.036023285
L19_65k_l063,19,65k,63,23451,0.0004343118248406,0.0031623193062841,0.3333333333333333,0.0114634037017822,0.0114634037017822,3,0.03390465
L19_65k_l063,19,65k,63,23718,0.00030680060146555,0.00257254461757835,0.0,0.0025270283222198486,0.02482602000236505,2,0.035971597
L19_65k_l063,19,65k,63,23899,0.00020753840569170002,0.007947240024805,0.5,0.02229070290923115,0.02229070290923115,4,0.031864867
L19_65k_l063,19,65k,63,24123,0.0002551105306636,0.00469574215821915,0.0,0.0091672912240028,0.0091672912240028,4,0.03281251
L19_65k_l063,19,65k,63,24415,7.331296136964786e-05,0.0058301763492636,0.0,3.829598426819997e-05,0.0020319521427154003,2,0.036686905
L19_65k_l063,19,65k,63,24546,0.00027232108439045,0.0041672113584354,0.0,0.01644624024629585,0.01644624024629585,4,0.03573448
L19_65k_l063,19,65k,63,24670,0.001088586541331,0.08221014402806755,0.25,-0.00785452127456665,0.06423422694206235,4,0.032913506
L19_65k_l063,19,65k,63,24951,0.0002337415055482,0.00204910547472535,0.0,0.0013671815395355502,0.0059051215648651,4,0.038777873
L19_65k_l063,19,65k,63,25062,0.00035426503601629995,0.015464810188859649,0.0,0.0009063705801964001,0.01295786350965495,4,0.03748155
L19_65k_l063,19,65k,63,25281,0.0006028378737409,0.01377882622182365,0.25,-0.004246518015861549,0.01929323375225065,4,0.037451956
L19_65k_l063,19,65k,63,25500,0.0005778005057009,0.00695194303989405,0.0,0.0191584676504135,0.0330733507871627,4,0.044927377
L19_65k_l063,19,65k,63,25618,0.00011327371582485752,0.0008323200454469713,0.0,-0.011243700981140149,0.01184952259063715,2,0.03291268
L19_65k_l063,19,65k,63,26118,0.0001335265041315,0.00488501274958245,0.0,0.00755126774311065,0.013115182518959,4,0.03579464
L19_65k_l063,19,65k,63,26229,4.9217257409351246e-05,0.0003919979499187,0.0,0.00034316629171375005,0.00091696530580515,2,0.034051567
L19_65k_l063,19,65k,63,26370,8.06099255673518e-05,0.00169966125395145,0.25,0.00449027866125105,0.00966431200504295,4,0.036869988
L19_65k_l063,19,65k,63,26591,0.00025521491710825,0.00567165715619915,0.0,-0.00438709557056425,0.00438709557056425,4,0.030833144
L19_65k_l063,19,65k,63,26619,1.7539679611652055e-06,1.8362158925810945e-05,0.0,3.057718276977539e-05,0.00019201636314389453,4,0.043913502
L19_65k_l063,19,65k,63,26723,0.00024937598233415004,0.0079776337370276,0.0,0.018729031085967948,0.018729031085967948,4,0.03553169
L19_65k_l063,19,65k,63,27015,2.3869494962103957e-06,1.4937060768716036e-05,0.0,0.0003101825714111,0.0003101825714111,3,0.03565772
L19_65k_l063,19,65k,63,27050,0.00116494654675755,0.0570178590714931,0.25,0.03541503846645355,0.041609376668930054,4,0.040955186
L19_65k_l063,19,65k,63,27196,0.0013124372341222,0.06094512343406675,0.25,0.0250341743230819,0.045384645462036105,4,0.03152992
L19_65k_l063,19,65k,63,27417,0.00016787417786485,0.00318473833613095,0.0,-0.00637224316596985,0.008704274892806951,4,0.03278603
L19_65k_l063,19,65k,63,27472,0.0001372325514148,0.00172081741038705,0.0,-0.00175765901803965,0.0068772137165069,4,0.03484993
L19_65k_l063,19,65k,63,27517,0.00099913004626075,0.0182692520320415,0.0,0.0013247877359390506,0.028725758194923352,4,0.030720213
L19_65k_l063,19,65k,63,27758,7.15853244724431e-05,0.00153617718024175,0.0,0.0029475092887878,0.00328363478183745,4,0.035837106
L19_65k_l063,19,65k,63,27900,3.2026697264136736e-05,0.0008258096640929,0.0,0.0025694072246551,0.0025694072246551,4,0.03862198
L19_65k_l063,19,65k,63,28182,1.216369958401453e-05,0.0001841632183641,0.0,0.001609444618225,0.001609444618225,3,0.03506954
L19_65k_l063,19,65k,63,28766,0.00010885538511066451,0.0019100710051133999,0.0,-0.0054885149002075004,0.0102188289165496,4,0.03584185
L19_65k_l063,19,65k,63,28964,0.0006126577927023,0.01200915174558755,0.25,-0.00197923928499215,0.00455745309591285,4,0.03556879
L19_65k_l063,19,65k,63,29372,0.00014089445423245002,0.00166830688249315,0.0,-0.00458588451147075,0.00458588451147075,4,0.033441883
L19_65k_l063,19,65k,63,29640,0.00149838720853035,0.0599009599536657,0.0,0.1064592897891998,0.1064592897891998,4,0.039284945
L19_65k_l063,19,65k,63,29790,0.00017291229505165,0.0025502319331280002,0.0,-0.00192768871784205,0.00192768871784205,2,0.033877183
L19_65k_l063,19,65k,63,30023,6.969913175645659e-05,0.0005167542840354,0.0,-0.0078019499778747,0.0078019499778747,1,0.036319207
L19_65k_l063,19,65k,63,30057,0.0007658729926729,0.0285762390121817,0.0,-0.04609267413616175,0.04609267413616175,4,0.036575463
L19_65k_l063,19,65k,63,30958,0.00029754448969205,0.008445375598967,0.0,-0.01741106808185575,0.01741106808185575,4,0.031765014
L19_65k_l063,19,65k,63,31325,7.732228307296702e-05,0.00241518893744795,0.0,-0.014787510037422149,0.014787510037422149,4,0.03682698
L19_65k_l063,19,65k,63,31406,0.0002970691749409,0.00305689347442235,0.0,0.0013345181941985997,0.010428890585899301,4,0.046008877
L19_65k_l063,19,65k,63,31660,0.0015498199517623,0.05625157989561555,0.0,0.0670997127890586,0.0670997127890586,4,0.035827156
L19_65k_l063,19,65k,63,32211,1.2204959644776049e-05,8.600763976573944e-05,0.0,-0.0008490085601806,0.0008490085601806,1,0.03491857
L19_65k_l063,19,65k,63,32382,4.963472145903853e-05,0.0006329170428216,0.0,0.00206324458122245,0.0022940039634704,4,0.033535976
L19_65k_l063,19,65k,63,32495,5.3899890277116385e-05,0.00047558644291705,0.0,-0.0026831626892089497,0.0026831626892089497,2,0.03435985
L19_65k_l063,19,65k,63,32638,0.0023718418966960997,0.09581726416945449,0.0,0.017707459628582,0.0395400077104568,4,0.03835276
L19_65k_l063,19,65k,63,32774,4.3597257162603965e-05,0.00028557368204925,0.0,-0.00036966800689695195,0.0037029087543487,4,0.03462304
L19_65k_l063,19,65k,63,32850,0.0006724139886087,0.01164071401581165,0.0,-0.0024815425276756495,0.01980618387460705,4,0.0325082
L19_65k_l063,19,65k,63,32899,2.2342949891561483e-05,0.00021045005996704998,0.0,0.00114899873733515,0.00229680538177485,4,0.03588385
L19_65k_l063,19,65k,63,33263,0.00013737111144054493,0.00295850215479725,0.0,0.005095131695270451,0.0104724913835525,4,0.04261898
L19_65k_l063,19,65k,63,33323,0.00028808731850965,0.010063230991363449,0.0,-0.02103129029273985,0.024610668420791598,4,0.033472933
L19_65k_l063,19,65k,63,33607,0.0002132777942751,0.00314556527882805,0.0,-0.0159926265478134,0.0159926265478134,4,0.03862511
L19_65k_l063,19,65k,63,33836,0.0013105270160289001,0.03739487752318375,0.25,-0.0026851743459702,0.0136333554983139,4,0.03285574
L19_65k_l063,19,65k,63,34250,0.0002187016831554,0.0029319871682673,0.0,0.0334097743034362,0.0334097743034362,1,0.035955884
L19_65k_l063,19,65k,63,34256,9.222743549232597e-05,0.00103700748877595,0.0,0.00421723723411555,0.00421723723411555,4,0.034844436
L19_65k_l063,19,65k,63,34617,0.0005342341294736,0.0114814024418592,0.0,-0.0020803958177566,0.0164146274328231,4,0.0339933
L19_65k_l063,19,65k,63,34661,0.00022309731624378296,0.0032875982287805,0.0,-0.0045625418424606,0.0045625418424606,2,0.03664502
L19_65k_l063,19,65k,63,35306,0.00984684964701355,0.6390871107578278,0.25,0.49177175760269165,0.49177175760269165,4,0.039778322
L19_65k_l063,19,65k,63,35319,0.0002570124670378,0.0019526882097125,0.0,-0.0220248103141784,0.0220248103141784,1,0.03481982
L19_65k_l063,19,65k,63,35412,0.00026326355959840203,0.005624346318654649,0.0,-0.01066155731678,0.01066155731678,4,0.037525464
L19_65k_l063,19,65k,63,36110,0.0005240905648396499,0.0168016557581722,0.25,0.00907487422227855,0.0316308662295341,4,0.033670846
L19_65k_l063,19,65k,63,36256,0.0050950420828109,0.0554885230958461,0.0,0.1324021816253662,0.1324021816253662,1,0.034153227
L19_65k_l063,19,65k,63,36334,0.0004202453297602,0.006689210887998299,0.0,-0.0022011175751686504,0.0037988349795341,4,0.037005562
L19_65k_l063,19,65k,63,36451,1.4044396490447987e-05,0.00021666859174724706,0.0,-0.00024050474166867873,0.00038269162178035,4,0.034884613
L19_65k_l063,19,65k,63,36740,0.0002492772750948,0.00457765650935465,0.25,0.0019202828407287,0.0019202828407287,4,0.035297006
L19_65k_l063,19,65k,63,36847,0.00030053034649915003,0.00438605574890965,0.0,0.0007999539375304999,0.002625823020935,2,0.033794172
L19_65k_l063,19,65k,63,37230,0.00047820483515549996,0.0033503710292279,0.5,-0.00610990822315215,0.00746811926364895,2,0.035589814
L19_65k_l063,19,65k,63,37282,0.00010362882286524238,0.00082584755728015,0.0,-0.0015850067138671502,0.0015850067138671502,4,0.034688327
L19_65k_l063,19,65k,63,37446,0.0001867735917039,0.003086635377258,0.0,-0.00223689526319505,0.00437826663255685,2,0.03534579
L19_65k_l063,19,65k,63,37752,0.0006482585587342,0.0115571692585945,0.0,-0.0223828256130218,0.0223828256130218,3,0.039490115
L19_65k_l063,19,65k,63,37903,9.23190958577374e-05,0.0010511878354009,0.0,0.004106357693672151,0.004106357693672151,4,0.034238935
L19_65k_l063,19,65k,63,38443,0.0003658821401412,0.0031489813700318,0.25,0.0037715658545493997,0.008471168577670999,4,0.033475675
L19_65k_l063,19,65k,63,38812,3.593791403489258e-05,0.00027502416924105,0.0,-0.00010696053504944997,0.00156775116920465,4,0.033594385
L19_65k_l063,19,65k,63,38995,0.00010443004552146392,0.0015306012064684,0.0,0.0018772333860397,0.004554733633995,4,0.033841714
L19_65k_l063,19,65k,63,39020,0.00018247684872801467,0.00198662397451695,0.0,0.020286351442337,0.020286351442337,2,0.033794604
L19_65k_l063,19,65k,63,39544,2.1254962340251497e-05,0.0002680147299543,0.0,0.0014746189117431,0.0014746189117431,1,0.046341147
L19_65k_l063,19,65k,63,39572,9.147266078426881e-05,0.00339920795522625,0.0,-0.0044431239366531,0.010345458984374951,4,0.031963583
L19_65k_l063,19,65k,63,40184,0.00016034360071,0.001401751069352,0.0,0.0087451338768005,0.0087451338768005,1,0.032077152
L19_65k_l063,19,65k,63,40338,0.00018940426000284998,0.0019907156238332,0.0,-0.00615891814231865,0.00929892063140865,4,0.036581017
L19_65k_l063,19,65k,63,40660,0.00013313205273335,0.0019862545304930998,0.0,-0.0074761435389519,0.01715449988842005,4,0.036626928
L19_65k_l063,19,65k,63,40792,9.763504067731415e-05,0.00155181362060825,0.0,0.004302650690078749,0.01116099953651425,4,0.03439597
L19_65k_l063,19,65k,63,40833,0.00037456355026,0.0031135827302932,0.0,-0.0034367740154266,0.0034367740154266,1,0.034075163
L19_65k_l063,19,65k,63,41085,0.0004017817835344,0.0033017494715749498,0.0,-0.0080201849341392,0.0080201849341392,2,0.03971037
L19_65k_l063,19,65k,63,41247,0.0004342643343679,0.0082242162898182,0.0,0.0103197433054447,0.0396303236484527,4,0.03585871
L19_65k_l063,19,65k,63,41258,5.040935954346502e-07,7.352339935096097e-06,0.0,2.202391624450391e-05,9.71257686614961e-05,2,0.08234293
L19_65k_l063,19,65k,63,41314,6.200808805657536e-05,0.0027823890559375,0.0,0.0021336078643798,0.0021336078643798,3,0.039271727
L19_65k_l063,19,65k,63,41601,0.0005198799370685,0.0086755212396383,0.0,0.0042401552200317,0.031673789024353,3,0.034974948
L19_65k_l063,19,65k,63,41730,5.404277650122679e-05,0.0018393143764114498,0.0,0.00495135039091105,0.00495135039091105,4,0.03326673
L19_65k_l063,19,65k,63,41943,6.634061443404759e-05,0.0012630060082300999,0.0,0.0037343502044677,0.00401669740676875,4,0.033743996
L19_65k_l063,19,65k,63,42341,0.0001111154383383,0.0007899554912,0.0,0.004762440919876,0.004762440919876,3,0.034108102
L19_65k_l063,19,65k,63,42435,0.0014808039818557002,0.0111217075027525,0.0,-0.0167392715811729,0.03363329172134395,4,0.03765711
L19_65k_l063,19,65k,63,42548,0.000716472169037596,0.011016915887012112,0.0,-0.022064954042434647,0.02260819077491755,2,0.03655944
L19_65k_l063,19,65k,63,42744,0.00020267235215085,0.0014861986855976002,0.0,6.933510303495e-05,0.0023867711424827,4,0.034985818
L19_65k_l063,19,65k,63,43169,1.540831556303951e-05,0.0006081734318286,0.0,-0.00043442845344540004,0.0017786026000975999,4,0.0376181
L19_65k_l063,19,65k,63,43773,0.0003408558021754,0.0023167515173554,0.0,0.0012496411800384,0.0012496411800384,1,0.03500884
L19_65k_l063,19,65k,63,43787,0.000152338333787,0.00178686436265705,0.0,-0.010341227054595899,0.0246464014053344,4,0.03269497
L19_65k_l063,19,65k,63,43798,0.0001178473011283,0.0014801164506934,0.0,-0.004426315426826449,0.004426315426826449,4,0.042757347
L19_65k_l063,19,65k,63,43892,0.0020257023884262,0.11204444617033,0.0,0.017169505357742303,0.030221223831176702,4,0.03385163
L19_65k_l063,19,65k,63,43942,0.00015864339257425,0.0016961757210083,0.25,0.00784502923488615,0.00784502923488615,4,0.036030147
L19_65k_l063,19,65k,63,43957,0.0003402219379168,0.0077960796188563004,0.0,-0.0185301154851913,0.0185301154851913,4,0.036226794
L19_65k_l063,19,65k,63,44709,0.00044575762560935,0.0032794154249131003,0.0,0.006129264831542951,0.02409684658050535,2,0.03805397
L19_65k_l063,19,65k,63,44924,0.00021058770736375002,0.00213090906618155,0.0,-0.01446571946144095,0.01677197962999335,4,0.032952778
L19_65k_l063,19,65k,63,45342,0.0001975879411474,0.006719471130054401,0.0,0.0091477334499359,0.0200799405574798,2,0.036723256
L19_65k_l063,19,65k,63,45913,0.0006573860273343,0.030865017324686002,0.5,-0.004858963191509249,0.02165727131068705,4,0.0423781
L19_65k_l063,19,65k,63,46086,0.00011410645943208594,0.00101560523035,0.0,-0.0019820630550384504,0.00481909513473505,4,0.033556644
L19_65k_l063,19,65k,63,46553,0.0005487954363569999,0.029313756152987404,0.25,0.0050656795501709,0.0474899038672447,4,0.04738408
L19_65k_l063,19,65k,63,46625,1.342512103900117e-06,1.048311241902411e-05,0.0,-6.586313247680664e-05,6.586313247680664e-05,1,0.033585712
L19_65k_l063,19,65k,63,46641,0.00013370258416024912,0.0015058785211294,0.0,0.01052932441234585,0.01052932441234585,4,0.036481746
L19_65k_l063,19,65k,63,46952,0.00301190555396955,0.11681126430630681,0.25,0.1203600168228149,0.1203600168228149,4,0.030320413
L19_65k_l063,19,65k,63,46997,9.968534175987914e-05,0.00072373327566305,0.0,0.00121034681797025,0.00121034681797025,4,0.03403402
L19_65k_l063,19,65k,63,47115,0.0004913058599046,0.0058378425892442,0.0,0.0037542432546614998,0.0065401345491409,4,0.031192418
L19_65k_l063,19,65k,63,47168,7.508997694366583e-05,0.000684019178152,0.0,-0.0025465786457061,0.0025465786457061,1,0.038958434
L19_65k_l063,19,65k,63,47553,0.00023567912684807274,0.012700077380941366,0.0,-0.01293134689331055,0.01356917619705195,2,0.03608949
L19_65k_l063,19,65k,63,47574,0.000177892794003,0.0011451870668679,0.0,0.0001655668020248,0.0001655668020248,1,0.03378618
L19_65k_l063,19,65k,63,47719,0.000253577553446,0.0018599336035549,0.0,0.001375138759613,0.0114244818687438,3,0.04396396
L19_65k_l063,19,65k,63,47956,0.00017254858027055,0.00275142071768635,0.0,0.013767793774604749,0.013767793774604749,4,0.031585418
L19_65k_l063,19,65k,63,48062,0.00010301325645519161,0.0007407030789181,0.0,-0.00255498290061945,0.00255498290061945,4,0.03631477
L19_65k_l063,19,65k,63,49033,0.00057292484499475,0.00842333538457745,0.5,0.01937254518270485,0.01937254518270485,4,0.034580797
L19_65k_l063,19,65k,63,49586,4.967850890888831e-05,0.0003338539827382,0.0,-0.0006403326988219499,0.00417140126228325,4,0.03427855
L19_65k_l063,19,65k,63,49590,0.0002195337012376,0.0015513179823756,0.0,-0.0097094774246215,0.0097094774246215,1,0.034906328
L19_65k_l063,19,65k,63,49676,0.00012086991426564999,0.001403457543347,0.0,-0.0057503506541251494,0.0057503506541251494,4,0.032946777
L19_65k_l063,19,65k,63,49695,0.0011051837477134,0.0093336906284093,0.3333333333333333,0.0562567412853241,0.0562567412853241,3,0.037389707
L19_65k_l063,19,65k,63,49830,0.0007605900219671,0.0081762317568063,0.0,0.0023032389581203,0.003390610218048,3,0.034316342
L19_65k_l063,19,65k,63,49854,2.362778306623135e-06,2.3681063794356305e-05,0.0,0.00032153725624080624,0.00032153725624080624,2,0.035100758
L19_65k_l063,19,65k,63,49945,0.00071458613612775,0.009528130991384349,0.0,-0.00738644599914545,0.0097352340817451,4,0.034588326
L19_65k_l063,19,65k,63,49955,0.0002128552512027,0.0019838486332446,0.0,0.0280085504055023,0.0280085504055023,1,0.03903344
L19_65k_l063,19,65k,63,50113,0.00013218335167425,0.0016832358087412501,0.0,-0.00439983606338495,0.01000604033470145,4,0.034901287
L19_65k_l063,19,65k,63,50140,0.0001513549267754,0.00312090385705225,0.0,0.0021022707223892,0.008949950337409949,4,0.033437777
L19_65k_l063,19,65k,63,51125,0.00030407839617294997,0.00874314550310365,0.0,-0.02150551974773405,0.02150551974773405,4,0.03656407
L19_65k_l063,19,65k,63,51470,0.0003641442902892,0.00747759547084565,0.0,-0.00432007014751435,0.0168584138154983,4,0.033237066
L19_65k_l063,19,65k,63,51478,6.22212898930377e-05,0.00092952430713915,0.0,-0.0017239749431610498,0.0055015832185745,4,0.03504251
L19_65k_l063,19,65k,63,51777,0.00052379122262745,0.0208060042932629,0.25,0.034917276352643946,0.0452753417193889,4,0.038188137
L19_65k_l063,19,65k,63,51913,0.0005954588930090999,0.014675033278763249,0.0,0.0078898966312408,0.01395386457443235,4,0.034965817
L19_65k_l063,19,65k,63,52077,0.00019456246947649214,0.0013309626374393,0.0,-0.007117480039596551,0.00830686092376705,2,0.033834584
L19_65k_l063,19,65k,63,52568,0.0003180069826829,0.0059603252448141,0.0,0.004656359553337101,0.02484993636608115,4,0.038455162
L19_65k_l063,19,65k,63,52590,0.00011802847885793811,0.00141808390617365,0.0,0.0015266686677932,0.0100275129079818,4,0.034376774
L19_65k_l063,19,65k,63,52678,0.00046172127373565,0.0219086660072207,0.0,-0.027526885271072353,0.027526885271072353,4,0.03706337
L19_65k_l063,19,65k,63,53048,0.0001862305940731,0.004285029368475,0.0,0.016568511724472,0.0265472531318664,4,0.03177004
L19_65k_l063,19,65k,63,53212,0.00024788412063315004,0.00332509027794,0.0,0.00235595554113385,0.00754285603761665,4,0.031698152
L19_65k_l063,19,65k,63,53244,4.652345396197496e-06,5.582855737884529e-05,0.0,0.0004758834838867,0.0004758834838867,3,0.035426326
L19_65k_l063,19,65k,63,53439,5.58496420373973e-05,0.0015669970889575502,0.0,0.013175874948501549,0.013175874948501549,4,0.036522977
L19_65k_l063,19,65k,63,53765,0.00010893126562239308,0.0014566816389560001,0.0,-0.0011702105402946,0.0031042471528052997,4,0.038094074
L19_65k_l063,19,65k,63,53854,0.00014877806042675,0.002744790748693,0.0,-0.008380740880966141,0.00860270857810965,4,0.0336336
L19_65k_l063,19,65k,63,53915,0.0002538331264872,0.0017382726073265,0.0,-0.0057790577411651,0.0057790577411651,3,0.040919285
L19_65k_l063,19,65k,63,54118,0.00027414687341640004,0.003005017992109,0.0,0.006233483552932699,0.0067643523216246995,4,0.03293785
L19_65k_l063,19,65k,63,54257,0.00015246195120825,0.0023104881402104998,0.0,-0.001759186387062,0.001759186387062,4,0.03562776
L19_65k_l063,19,65k,63,54264,0.0002606028906091,0.0023013126337900498,0.0,-0.0009466409683227,0.0011929869651794,4,0.034359813
L19_65k_l063,19,65k,63,54442,0.00017540568414271346,0.0022052761632948502,0.0,-0.0003123730421065883,0.00073216110467905,4,0.031880133
L19_65k_l063,19,65k,63,54567,0.00017712557679787239,0.00121297209989275,0.0,-0.0006904304027557,0.0015812218189238999,4,0.033703808
L19_65k_l063,19,65k,63,54704,4.495450863606415e-06,7.422333146677403e-05,0.0,0.0009269118309021,0.0013693273067474,4,0.031957995
L19_65k_l063,19,65k,63,54883,0.00016163601491771054,0.00559345632791515,0.0,-0.00742399692535395,0.00742399692535395,4,0.032198574
L19_65k_l063,19,65k,63,55215,0.00021884645615205002,0.0018211789429187501,0.0,0.0006125494837761,0.01055352389812465,4,0.034406874
L19_65k_l063,19,65k,63,55221,0.0001254574891563,0.0012222658842801501,0.0,-0.0020824372768402,0.006593108177185,4,0.03592223
L19_65k_l063,19,65k,63,55235,0.0008290621977402499,0.02232885733246795,0.0,-0.04537986218929285,0.04537986218929285,4,0.045309156
L19_65k_l063,19,65k,63,55454,0.00014254367406056037,0.0014729320537298,0.0,0.00472143292427055,0.00472143292427055,4,0.03317184
L19_65k_l063,19,65k,63,55750,0.00021377937424655,0.006113894283771499,0.0,-0.0026293545961379497,0.01419168710708615,4,0.035888042
L19_65k_l063,19,65k,63,55927,0.00010578195352836539,0.0015778457454871,0.0,0.0065497457981109,0.00692266225814815,4,0.03596617
L19_65k_l063,19,65k,63,56227,1.9238553630636657e-05,0.00030882171995464996,0.0,0.00254315137863155,0.00254315137863155,4,0.0390059
L19_65k_l063,19,65k,63,56301,0.00056906095474715,0.0120360204018652,0.25,-0.0045033730566501505,0.00547264888882635,4,0.034535713
L19_65k_l063,19,65k,63,56348,0.0029201261409532503,0.14497235417366025,0.25,0.0306272003799677,0.04899273253977295,4,0.03578982
L19_65k_l063,19,65k,63,56505,0.0005172707784158,0.0050514684990048,0.0,0.0089510306715965,0.0089510306715965,1,0.033552963
L19_65k_l063,19,65k,63,56568,0.0002401698529913,0.0024861469864845,0.0,0.0029827058315277,0.0029827058315277,3,0.04016218
L19_65k_l063,19,65k,63,57058,0.0002853006096913,0.00309175031725315,0.0,0.02415588498115535,0.026829645037651,4,0.032785397
L19_65k_l063,19,65k,63,57116,0.0002454933182102,0.0016897022724151,0.0,6.324052810668945e-05,0.0150053054094314,3,0.034994483
L19_65k_l063,19,65k,63,57263,5.57052115029117e-05,0.00193078210577365,0.0,0.0149264633655548,0.0149264633655548,2,0.035650186
L19_65k_l063,19,65k,63,57278,0.00022931023431305,0.00367816281504925,0.0,0.0099181085824966,0.0099181085824966,4,0.03626421
L19_65k_l063,19,65k,63,58074,3.493058270016227e-05,0.0003765710971492686,0.0,-0.00372126698493955,0.00372126698493955,4,0.034031775
L19_65k_l063,19,65k,63,58151,0.0006794394346711,0.0092415027320384,0.0,0.008363202214241,0.008363202214241,3,0.0329675
L19_65k_l063,19,65k,63,58228,0.0003445067384307,0.0117431608960032,0.0,-0.01557779312133785,0.01557779312133785,4,0.03476425
L19_65k_l063,19,65k,63,58279,0.0001619713998259,0.0010260852868668,0.0,-0.0021230429410934,0.00380766391754145,4,0.048431013
L19_65k_l063,19,65k,63,58306,0.0001695036193576,0.008824648335576,0.0,0.0008187592029571,0.0008187592029571,3,0.036206722
L19_65k_l063,19,65k,63,58487,0.00026983884836714997,0.0044811656698584505,0.0,0.019994705915450998,0.019994705915450998,4,0.0315515
L19_65k_l063,19,65k,63,58755,9.60822674346113e-05,0.0006260409718379,0.0,0.0010099485516548,0.0010099485516548,1,0.040457893
L19_65k_l063,19,65k,63,58911,0.0001956905887673,0.0012046955525875,0.0,-0.002966895699501,0.002966895699501,1,0.034199104
L19_65k_l063,19,65k,63,58957,8.629430321193044e-05,0.00063102456624615,0.0,-3.1992793083150044e-05,0.002244621515274,4,0.033127364
L19_65k_l063,19,65k,63,59423,0.0001849194995736,0.0019941659411415,0.25,0.0016382113099097997,0.005494751036167049,4,0.03283856
L19_65k_l063,19,65k,63,59696,0.00016876903025500698,0.0100213375408202,0.0,0.0018388032913208,0.0074817836284637,4,0.032870676
L19_65k_l063,19,65k,63,60380,0.00012240382671465,0.0032180247362702504,0.0,0.0030584335327148503,0.0091842338442802,4,0.035739172
L19_65k_l063,19,65k,63,60386,0.00022214774264316204,0.007848782464861849,0.0,-0.0010014474391937503,0.0193158388137817,4,0.035950348
L19_65k_l063,19,65k,63,60502,0.0004684344724272,0.01182470610365265,0.0,-0.01529403030872345,0.02682793140411375,4,0.031845246
L19_65k_l063,19,65k,63,60582,9.066515883396077e-05,0.0033719388302415002,0.0,0.0057372823357582,0.0122269392013549,4,0.03762579
L19_65k_l063,19,65k,63,60659,0.00046281633047170004,0.00808760779909785,0.0,-0.0073622241616249,0.0073622241616249,4,0.0330141
L19_65k_l063,19,65k,63,60785,0.0655927618248618,3.586443781852722,0.75,0.7459702789783478,0.7459702789783478,4,0.03959392
L19_65k_l063,19,65k,63,60800,0.00012739492771545,0.00332060782238835,0.0,-0.01563155651092525,0.01563155651092525,4,0.03515116
L19_65k_l063,19,65k,63,60830,0.00037332387300415004,0.00652757380157705,0.0,-0.035070389509201,0.035070389509201,4,0.037929714
L19_65k_l063,19,65k,63,60870,0.0003529438237745,0.0025078419130295,0.0,0.0301637053489685,0.0301637053489685,3,0.034616522
L19_65k_l063,19,65k,63,60871,0.0006974465588385501,0.013521888293325849,0.0,-0.0035333819687366503,0.0077397413551807005,4,0.044982918
L19_65k_l063,19,65k,63,61460,8.804852483964126e-05,0.0005743829533457,0.0,0.0015298128128051,0.0015298128128051,1,0.03263028
L19_65k_l063,19,65k,63,61650,0.00029089264069,0.0047029675915837,0.0,-0.00381172075867645,0.00381172075867645,4,0.033417523
L19_65k_l063,19,65k,63,61689,2.2712893747979618e-05,0.00016420572501374097,0.0,0.0033671855926513,0.0033671855926513,4,0.040636737
L19_65k_l063,19,65k,63,61717,4.233797769883123e-05,0.00068589836882885,0.0,-0.0060032606124877505,0.0061715245246887,4,0.040894713
L19_65k_l063,19,65k,63,61852,0.0003395977492132,0.0035180818522348497,0.25,-0.00712203979492185,0.0086567252874374,4,0.06175808
L19_65k_l063,19,65k,63,61897,0.0002402004642503,0.0022070950362831,0.3333333333333333,0.0001150667667388,0.0269734561443328,3,0.035135046
L19_65k_l063,19,65k,63,61954,0.00026604376216,0.0022879084572196,0.3333333333333333,0.0068316124379634,0.023537129163742,3,0.03497223
L19_65k_l063,19,65k,63,62280,7.232695060931929e-05,0.0008345954120159,0.0,-0.0106688141822814,0.0106688141822814,1,0.034527928
L19_65k_l063,19,65k,63,62510,0.00033818972196734997,0.00880774436518545,0.0,-0.0042968690395355,0.0042968690395355,4,0.04327533
L19_65k_l063,19,65k,63,62798,4.546152117890928e-07,3.282334091636585e-06,0.0,-4.2110681533813477e-05,4.2110681533813477e-05,2,0.04430334
L19_65k_l063,19,65k,63,63085,0.0001559814236871,0.0025537991896271,0.25,0.00286206975579255,0.0045130066573619496,4,0.035339583
L19_65k_l063,19,65k,63,63188,0.00010595094180226039,0.00127841334324325,0.25,0.0008598119020461648,0.003944382071495,4,0.033064008
L19_65k_l063,19,65k,63,63197,0.00072413573257705,0.0091004284331575,0.0,-0.0035935193300247,0.0073344856500625,2,0.032592416
L19_65k_l063,19,65k,63,63367,0.00017161230245439998,0.00155032053589815,0.0,-0.01080515980720515,0.01080515980720515,4,0.03468257
L19_65k_l063,19,65k,63,63484,9.743252486231448e-05,0.0064244950190186,1.0,0.0299862027168273,0.0299862027168273,1,0.038234044
L19_65k_l063,19,65k,63,63564,0.0004258005702317822,0.00549384579062455,0.0,-0.0083303898572921,0.0083303898572921,4,0.032548565
L19_65k_l063,19,65k,63,63843,7.751413304934716e-05,0.00077386165503405,0.0,-0.0069123208522796,0.0069123208522796,4,0.0372125
L19_65k_l063,19,65k,63,64109,8.798637893005789e-05,0.0042260675691068,0.0,0.0161839127540588,0.0161839127540588,1,0.035080146
L19_65k_l063,19,65k,63,64913,0.0001514431584313,0.0017309931572526,0.0,0.0001851320266724,0.002398744225502,4,0.036682777
L19_65k_l063,19,65k,63,64959,0.0006453817960097501,0.0193313173949718,0.0,0.00394012778997415,0.00796821340918535,4,0.03495939
L19_65k_l063,19,65k,63,64996,0.00010471697352788095,0.0022930901104700405,0.0,0.0035324990749359,0.00396770238876335,4,0.050402697
L19_65k_l063,19,65k,63,65361,0.000198446154704,0.00162292737513775,0.0,0.00367423519492145,0.0050954259932040995,4,0.034949843
