kind,fid,bin,freq,kl,pnorm,kl_per_norm
trained,3690,-1,0.0006535947904922068,0.008726793341338634,8.073712348937988,0.0010808898018873005
trained,3690,-1,0.0006535947904922068,0.009980481117963791,7.051719665527344,0.0014153258483535346
trained,3690,-1,0.0006535947904922068,0.0027635968290269375,5.619156837463379,0.0004918169947850203
trained,3690,-1,0.0006535947904922068,0.0030613448470830917,4.991037368774414,0.0006133684484584069
trained,3690,-1,0.0006535947904922068,0.0021383105777204037,4.834841728210449,0.0004422710603417974
trained,3690,-1,0.0006535947904922068,0.0015067459316924214,4.566475868225098,0.0003299581504802882
trained,8783,-1,0.0018790849717333913,0.008752007968723774,36.21662139892578,0.00024165721789231744
trained,8783,-1,0.0018790849717333913,0.008265591226518154,35.465511322021484,0.0002330599762532065
trained,8783,-1,0.0018790849717333913,0.00101943570189178,35.15155792236328,2.9001152783706892e-05
trained,8783,-1,0.0018790849717333913,0.02429059147834778,34.622711181640625,0.0007015797044579323
trained,8783,-1,0.0018790849717333913,0.015305549837648869,34.40629959106445,0.00044484731050891107
trained,8783,-1,0.0018790849717333913,0.0002068722969852388,32.704002380371094,6.325595704744791e-06
trained,11758,-1,0.0059232027269899845,0.007583308033645153,11.90853500366211,0.0006367960484906948
trained,11758,-1,0.0059232027269899845,0.0004799775779247284,10.224027633666992,4.6946036838182685e-05
trained,11758,-1,0.0059232027269899845,0.0023138553369790316,9.253477096557617,0.0002500525275887707
trained,11758,-1,0.0059232027269899845,0.0005056516383774579,8.612403869628906,5.871202117687562e-05
trained,11758,-1,0.0059232027269899845,0.0025484669022262096,8.597565650939941,0.00029641726573470187
trained,11758,-1,0.0059232027269899845,0.001129372976720333,7.601302623748779,0.0001485762418130583
trained,13010,-1,8.169934881152585e-05,0.0018877261318266392,4.971834182739258,0.00037968404867166883
trained,13010,-1,8.169934881152585e-05,0.0008493514033034444,3.481834650039673,0.00024393789156350852
trained,4304,-1,0.021282680332660675,0.007081463932991028,13.600186347961426,0.0005206887429195035
trained,4304,-1,0.021282680332660675,0.0020417203195393085,10.814809799194336,0.00018878929518403636
trained,4304,-1,0.021282680332660675,0.0016307312762364745,10.198016166687012,0.00015990671612812744
trained,4304,-1,0.021282680332660675,2.7517238777363673e-05,9.85309886932373,2.7927496863991507e-06
trained,4304,-1,0.021282680332660675,0.002413925714790821,9.45506763458252,0.00025530496534596244
trained,4304,-1,0.021282680332660675,7.618950621690601e-05,9.24618148803711,8.240104989879496e-06
trained,14471,-1,0.0006127451197244227,0.0017591184005141258,5.855432510375977,0.0003004250151285875
trained,14471,-1,0.0006127451197244227,0.0016259122639894485,4.4179792404174805,0.0003680217075523892
trained,14471,-1,0.0006127451197244227,0.00010323817696189508,4.332118988037109,2.383087289314564e-05
trained,14471,-1,0.0006127451197244227,0.0011341802310198545,3.82271409034729,0.0002966950193538579
trained,14471,-1,0.0006127451197244227,0.00014833040768280625,3.7858846187591553,3.9179854279717155e-05
trained,14471,-1,0.0006127451197244227,0.00021190854022279382,3.6285955905914307,5.83996025272837e-05
trained,8107,-1,0.0023692811373621225,0.0024688844569027424,9.935469627380371,0.00024849197365557234
trained,8107,-1,0.0023692811373621225,0.04531237483024597,9.410642623901367,0.004815013877496587
trained,8107,-1,0.0023692811373621225,0.0023529771715402603,9.289360046386719,0.0002532980915575016
trained,8107,-1,0.0023692811373621225,0.0011122152209281921,8.749295234680176,0.00012712054983807485
trained,8107,-1,0.0023692811373621225,0.0018118334701284766,7.903253555297852,0.00022925159334081287
trained,8107,-1,0.0023692811373621225,0.0022381776943802834,7.572416305541992,0.00029556981603642656
trained,6132,-1,0.005065359640866518,0.03677884861826897,21.499513626098633,0.0017106828209184455
trained,6132,-1,0.005065359640866518,0.0033874346408993006,19.468175888061523,0.00017399856362385643
trained,6132,-1,0.005065359640866518,0.004428320098668337,19.081300735473633,0.0002320764270768891
trained,6132,-1,0.005065359640866518,0.004334872588515282,18.80925941467285,0.00023046482016903365
trained,6132,-1,0.005065359640866518,0.014527615159749985,16.079496383666992,0.0009034869509039254
trained,6132,-1,0.005065359640866518,0.004396684002131224,15.665316581726074,0.00028066359075437067
trained,9599,-1,0.013357843272387981,0.03980301693081856,30.690753936767578,0.0012969058046871397
trained,9599,-1,0.013357843272387981,0.02025878056883812,28.70917510986328,0.0007056552649566738
trained,9599,-1,0.013357843272387981,0.002685396932065487,18.10010528564453,0.0001483636083705721
trained,9599,-1,0.013357843272387981,0.0015502495225518942,17.614858627319336,8.800805929532539e-05
trained,9599,-1,0.013357843272387981,0.005183275789022446,13.873571395874023,0.0003736078938234998
trained,9599,-1,0.013357843272387981,0.007036097347736359,13.402372360229492,0.0005249889466297352
trained,8739,-1,0.0006127451197244227,0.0007825838401913643,9.715150833129883,8.055292744634033e-05
trained,8739,-1,0.0006127451197244227,5.1750124839600176e-05,6.968063831329346,7.426758148644492e-06
trained,8739,-1,0.0006127451197244227,0.00012371165212243795,6.810244083404541,1.8165523967621535e-05
trained,8739,-1,0.0006127451197244227,7.427798118442297e-05,6.433192253112793,1.1546053384069549e-05
trained,8739,-1,0.0006127451197244227,0.0005507762543857098,6.019332408905029,9.15012192333636e-05
trained,8739,-1,0.0006127451197244227,0.0006855773972347379,5.776635646820068,0.00011868108690776363
trained,8575,-1,4.0849674405762926e-05,0.0024354644119739532,3.4284231662750244,0.0007103745056710958
trained,15093,-1,4.0849674405762926e-05,0.0005324450321495533,3.888117551803589,0.00013694159835845677
trained,943,-1,0.00044934640754945576,0.00017272714467253536,3.782475709915161,4.566510347171788e-05
trained,943,-1,0.00044934640754945576,0.00020031096937600523,3.7449848651885986,5.34877914295436e-05
trained,943,-1,0.00044934640754945576,3.017850758624263e-05,3.6612653732299805,8.242644143442422e-06
trained,943,-1,0.00044934640754945576,8.016213541850448e-05,3.57210111618042,2.2441171963301066e-05
trained,943,-1,0.00044934640754945576,0.0018579848110675812,3.453294515609741,0.0005380325375287374
trained,943,-1,0.00044934640754945576,3.9106933400034904e-05,3.368173599243164,1.161072380854191e-05
trained,13613,-1,0.00024509805371053517,0.0031484593637287617,16.914098739624023,0.0001861440808757362
trained,13613,-1,0.00024509805371053517,0.002722008153796196,11.999289512634277,0.00022684744383658236
trained,13613,-1,0.00024509805371053517,0.00032028096029534936,10.894586563110352,2.9398174812786167e-05
trained,13613,-1,0.00024509805371053517,0.0018942183814942837,4.430449485778809,0.0004275454189410101
trained,13613,-1,0.00024509805371053517,0.002054631942883134,4.394728183746338,0.00046752196199120527
trained,13613,-1,0.00024509805371053517,0.0018385779112577438,3.3799185752868652,0.0005439710662561442
trained,14526,-1,0.014256536029279232,0.00021621293853968382,9.066447257995605,2.3847592379584835e-05
trained,14526,-1,0.014256536029279232,0.001400016131810844,8.736573219299316,0.0001602477420687292
trained,14526,-1,0.014256536029279232,6.422668229788542e-05,8.600712776184082,7.467599950056833e-06
trained,14526,-1,0.014256536029279232,0.0005490285693667829,7.804372787475586,7.034883959513837e-05
trained,14526,-1,0.014256536029279232,0.0020026718266308308,7.768723964691162,0.00025778645704661033
trained,14526,-1,0.014256536029279232,0.0005093609215691686,7.747748374938965,6.574309036890749e-05
trained,16189,-1,0.00637254910543561,0.0007554426556453109,18.435474395751953,4.097766292465932e-05
trained,16189,-1,0.00637254910543561,0.0005041593685746193,17.621366500854492,2.8610685133310842e-05
trained,16189,-1,0.00637254910543561,0.00176951102912426,11.374274253845215,0.0001555713348942729
trained,16189,-1,0.00637254910543561,0.0009355073561891913,10.69482135772705,8.747292964489618e-05
trained,16189,-1,0.00637254910543561,0.001969215925782919,10.463212013244629,0.00018820376795292208
trained,16189,-1,0.00637254910543561,0.002078060992062092,10.324227333068848,0.00020128004983055656
trained,1510,-1,0.0012663399102166295,0.023955343291163445,36.940284729003906,0.000648488322894673
trained,1510,-1,0.0012663399102166295,0.0098236333578825,34.956459045410156,0.0002810248413639699
trained,1510,-1,0.0012663399102166295,0.0024329875595867634,14.927109718322754,0.00016299120228213475
trained,1510,-1,0.0012663399102166295,0.0017313987482339144,14.185465812683105,0.00012205441619589858
trained,1510,-1,0.0012663399102166295,0.008221746422350407,11.678102493286133,0.0007040310210564754
trained,1510,-1,0.0012663399102166295,0.002343679778277874,7.700231552124023,0.00030436484440930816
trained,15868,-1,0.0012663399102166295,0.0029514110647141933,8.811046600341797,0.00033496713825117015
trained,15868,-1,0.0012663399102166295,0.0018459560815244913,6.938631057739258,0.0002660403855117122
trained,15868,-1,0.0012663399102166295,0.0025898113381117582,6.208049297332764,0.000417169905404013
trained,15868,-1,0.0012663399102166295,0.0012870966456830502,5.8971476554870605,0.00021825749004019903
trained,15868,-1,0.0012663399102166295,0.0009691007435321808,5.824164390563965,0.0001663930958237154
trained,15868,-1,0.0012663399102166295,0.0032253132667392492,5.528163433074951,0.0005834330525472944
trained,13669,-1,0.00024509805371053517,0.0022462494671344757,7.952642917633057,0.0002824532033437541
trained,13669,-1,0.00024509805371053517,0.0016155214980244637,5.61794376373291,0.00028756455492730157
trained,13669,-1,0.00024509805371053517,0.0009894287213683128,4.220386028289795,0.0002344403366744283
trained,13669,-1,0.00024509805371053517,0.0009127731900662184,3.5857295989990234,0.0002545571730565027
trained,13669,-1,0.00024509805371053517,6.137222226243466e-05,3.4578042030334473,1.7748900359538664e-05
trained,13669,-1,0.00024509805371053517,2.8711107006529346e-05,3.328899621963501,8.624804069518484e-06
trained,2996,-1,8.169934881152585e-05,0.0001262294827029109,3.1367597579956055,4.024199889110148e-05
trained,2996,-1,8.169934881152585e-05,0.0001293137902393937,3.1017894744873047,4.169006030326027e-05
trained,10212,-1,0.0015931372763589025,0.09259422868490219,30.014177322387695,0.0030850163804368473
trained,10212,-1,0.0015931372763589025,0.006025347858667374,22.645172119140625,0.00026607648760481283
trained,10212,-1,0.0015931372763589025,0.007676349021494389,20.99409294128418,0.00036564328084873367
trained,10212,-1,0.0015931372763589025,8.300904300995171e-05,8.480424880981445,9.788311809248055e-06
trained,10212,-1,0.0015931372763589025,0.0009174519218504429,7.615701675415039,0.00012046846908567276
trained,10212,-1,0.0015931372763589025,0.004099084995687008,6.843646049499512,0.0005989621564351332
trained,16014,-1,0.0016748366178944707,0.002983903046697378,7.502214431762695,0.0003977363049054158
trained,16014,-1,0.0016748366178944707,0.0011048808228224516,6.979427337646484,0.00015830536939081104
trained,16014,-1,0.0016748366178944707,0.0005860920064151287,6.823958873748779,8.588738842928516e-05
trained,16014,-1,0.0016748366178944707,0.005187394097447395,6.810463905334473,0.0007616799926630892
trained,16014,-1,0.0016748366178944707,0.0015480625443160534,5.870447635650635,0.0002637043442675182
trained,16014,-1,0.0016748366178944707,0.00013118046626914293,5.796749114990234,2.2630005830322006e-05
trained,6902,-1,0.018504902720451355,0.007568793371319771,38.577816009521484,0.00019619548627251732
trained,6902,-1,0.018504902720451355,0.005362524185329676,36.41427993774414,0.00014726432032976464
trained,6902,-1,0.018504902720451355,0.006604096852242947,36.286338806152344,0.00018199953672711733
trained,6902,-1,0.018504902720451355,0.0019703726284205914,36.104713439941406,5.457383373775336e-05
trained,6902,-1,0.018504902720451355,0.0025968020781874657,35.621150970458984,7.290056630514332e-05
trained,6902,-1,0.018504902720451355,0.005656092893332243,35.14057540893555,0.00016095618320165615
trained,6505,-1,0.0006944444612599909,0.0016908240504562855,6.626773357391357,0.0002551504268016617
trained,6505,-1,0.0006944444612599909,0.0011190781369805336,6.543247222900391,0.00017102794665375425
trained,6505,-1,0.0006944444612599909,0.0007253373041749001,5.2750959396362305,0.00013750220137700834
trained,6505,-1,0.0006944444612599909,6.658044003415853e-05,4.991231441497803,1.3339481611812138e-05
trained,6505,-1,0.0006944444612599909,0.0016700966516509652,4.7852935791015625,0.00034900610047096115
trained,6505,-1,0.0006944444612599909,0.0018202364444732666,4.4266533851623535,0.0004111992257117974
trained,15222,-1,8.169934881152585e-05,0.0006878264830447733,3.8800947666168213,0.00017727053704013297
trained,15222,-1,8.169934881152585e-05,8.980814891401678e-05,3.5771067142486572,2.5106365587664688e-05
trained,14215,-1,0.02042483724653721,0.07882793247699738,27.746742248535156,0.0028409797363205392
trained,14215,-1,0.02042483724653721,0.0005336800822988153,25.747577667236328,2.0727389939206616e-05
trained,14215,-1,0.02042483724653721,0.011148766614496708,25.62128257751465,0.00043513694448227643
trained,14215,-1,0.02042483724653721,0.00556958606466651,24.860715866088867,0.0002240316045067582
trained,14215,-1,0.02042483724653721,0.027413923293352127,24.545059204101562,0.001116881530632901
trained,14215,-1,0.02042483724653721,0.0038546277210116386,24.40668487548828,0.00015793327691475439
trained,2430,-1,0.006331699434667826,0.0010905631352216005,17.891695022583008,6.095359516496816e-05
trained,2430,-1,0.006331699434667826,0.0002406722924206406,13.974759101867676,1.722192781043901e-05
trained,2430,-1,0.006331699434667826,0.0007682354189455509,11.763538360595703,6.530649158410596e-05
trained,2430,-1,0.006331699434667826,0.0006897834246046841,11.334465980529785,6.085716131572375e-05
trained,2430,-1,0.006331699434667826,0.0007641669944860041,9.457321166992188,8.080163304098091e-05
trained,2430,-1,0.006331699434667826,0.0003769544418901205,9.21237850189209,4.091825382692423e-05
trained,10028,-1,0.00363562093116343,0.03154725581407547,31.165285110473633,0.001012256287797395
trained,10028,-1,0.00363562093116343,0.013293474912643433,26.24560546875,0.0005065028859201457
trained,10028,-1,0.00363562093116343,0.012838706374168396,24.38498878479004,0.0005265004010244388
trained,10028,-1,0.00363562093116343,0.01679857447743416,16.570093154907227,0.0010137887771897811
trained,10028,-1,0.00363562093116343,0.0029754256829619408,16.318347930908203,0.0001823362080254617
trained,10028,-1,0.00363562093116343,0.00980302132666111,16.0887393951416,0.0006093094732842387
trained,2441,-1,0.006658496800810099,0.011171606369316578,34.652767181396484,0.00032238713609325005
trained,2441,-1,0.006658496800810099,0.04831752926111221,27.794925689697266,0.0017383579218929897
trained,2441,-1,0.006658496800810099,0.012629002332687378,27.139122009277344,0.0004653430692551598
trained,2441,-1,0.006658496800810099,0.009814674034714699,25.318496704101562,0.00038764837223233457
trained,2441,-1,0.006658496800810099,0.008916560560464859,24.873891830444336,0.0003584706655977115
trained,2441,-1,0.006658496800810099,0.01654396764934063,23.414243698120117,0.000706577067474057
trained,16293,-1,0.00024509805371053517,0.00037924753269180655,6.615211486816406,5.732961575720095e-05
trained,16293,-1,0.00024509805371053517,0.00012644915841519833,5.5102739334106445,2.294788969537332e-05
trained,16293,-1,0.00024509805371053517,0.001116094645112753,3.714722156524658,0.0003004517156558824
trained,16293,-1,0.00024509805371053517,4.122022073715925e-05,3.5208802223205566,1.1707362402118768e-05
trained,16293,-1,0.00024509805371053517,0.000208549783565104,3.382817268371582,6.164973364508558e-05
trained,16293,-1,0.00024509805371053517,0.0006605398375540972,3.0360026359558105,0.00021756892755336575
trained,10211,-1,0.00020424836839083582,0.0003978458698838949,4.495911121368408,8.849059937884262e-05
trained,10211,-1,0.00020424836839083582,0.0009838426485657692,3.749793529510498,0.0002623724855310103
trained,10211,-1,0.00020424836839083582,1.2391658401611494e-06,3.5739378929138184,3.4672282431602693e-07
trained,10211,-1,0.00020424836839083582,0.002089482732117176,3.3638129234313965,0.0006211649635930743
trained,10211,-1,0.00020424836839083582,0.0005739107728004456,3.2404940128326416,0.00017710595067533172
trained,8094,-1,0.00012254902685526758,0.0002696332521736622,3.9915072917938232,6.755173734193187e-05
trained,8094,-1,0.00012254902685526758,0.0010298371780663729,3.6206490993499756,0.00028443440659611617
trained,8094,-1,0.00012254902685526758,0.0007905089296400547,3.450697660446167,0.00022908669707616278
trained,11122,-1,0.0003267973952461034,7.770767115289345e-05,8.026171684265137,9.681785315561467e-06
trained,11122,-1,0.0003267973952461034,9.316182695329189e-05,6.7348198890686035,1.3832860935821666e-05
trained,11122,-1,0.0003267973952461034,0.0016749250935390592,4.808943271636963,0.00034829379323680714
trained,11122,-1,0.0003267973952461034,0.0007995060877874494,4.787869930267334,0.0001669857576399968
trained,11122,-1,0.0003267973952461034,0.000411047920351848,3.621093511581421,0.00011351485926480071
trained,11122,-1,0.0003267973952461034,3.1663132631365443e-06,3.5346086025238037,8.958030772843458e-07
trained,1303,-1,0.010457516647875309,0.00043753156205639243,13.332816123962402,3.281614011536834e-05
trained,1303,-1,0.010457516647875309,0.0017778888577595353,12.336735725402832,0.0001441133941208327
trained,1303,-1,0.010457516647875309,5.3109455620869994e-05,9.907706260681152,5.360418872290904e-06
trained,1303,-1,0.010457516647875309,0.00032367464154958725,9.586397171020508,3.376395070799376e-05
trained,1303,-1,0.010457516647875309,0.0019400554010644555,9.550070762634277,0.0002031456571667657
trained,1303,-1,0.010457516647875309,0.0012986002257093787,9.374855041503906,0.00013851949923068447
trained,8216,-1,0.005637255031615496,0.019881095737218857,15.27342700958252,0.0013016787735159565
trained,8216,-1,0.005637255031615496,0.004223166033625603,14.391695976257324,0.00029344463922756315
trained,8216,-1,0.005637255031615496,0.003166154958307743,14.109502792358398,0.00022439876194804746
trained,8216,-1,0.005637255031615496,0.0010888490360230207,13.758471488952637,7.914026183048837e-05
trained,8216,-1,0.005637255031615496,0.005435214377939701,13.704948425292969,0.0003965877294298182
trained,8216,-1,0.005637255031615496,0.0018124883063137531,12.285888671875,0.00014752602393857943
trained,140,-1,0.011683006770908833,0.0005192913813516498,7.327959060668945,7.08643944449446e-05
trained,140,-1,0.011683006770908833,0.00208142027258873,6.896745204925537,0.00030179747268352256
trained,140,-1,0.011683006770908833,0.0018840801203623414,6.549689292907715,0.0002876594653738009
trained,140,-1,0.011683006770908833,0.0022671350743621588,6.389126777648926,0.0003548427121986802
trained,140,-1,0.011683006770908833,0.0032719122245907784,6.372830867767334,0.0005134158261032063
trained,140,-1,0.011683006770908833,0.004355451092123985,6.281790256500244,0.0006933455136642091
trained,13519,-1,0.0001633986976230517,0.00022071212879382074,3.7701361179351807,5.854221754590119e-05
trained,13519,-1,0.0001633986976230517,0.0005695358850061893,3.4254817962646484,0.00016626446114156716
trained,13519,-1,0.0001633986976230517,0.00021898839622735977,3.3693435192108154,6.499438094654484e-05
trained,13519,-1,0.0001633986976230517,0.0011702944757416844,3.0845181941986084,0.0003794091660547782
trained,15141,-1,0.01037581730633974,0.0026715360581874847,8.796455383300781,0.00030370597493839817
trained,15141,-1,0.01037581730633974,0.0005589558277279139,8.327301025390625,6.712328832878884e-05
trained,15141,-1,0.01037581730633974,0.0006441031582653522,8.24155044555664,7.815315364751723e-05
trained,15141,-1,0.01037581730633974,0.0005353243323042989,7.673890590667725,6.975918225304265e-05
trained,15141,-1,0.01037581730633974,0.0002902007254306227,7.525173664093018,3.856399046514225e-05
trained,15141,-1,0.01037581730633974,2.4947548808995634e-05,7.51261568069458,3.3207540315291498e-06
trained,9397,-1,0.0049019609577953815,0.006348287686705589,25.50910186767578,0.00024886362991673617
trained,9397,-1,0.0049019609577953815,0.002190355211496353,18.803892135620117,0.00011648414039491189
trained,9397,-1,0.0049019609577953815,0.005293351132422686,16.588346481323242,0.00031910058898169567
trained,9397,-1,0.0049019609577953815,0.0038722120225429535,15.985225677490234,0.0002422369318185886
trained,9397,-1,0.0049019609577953815,0.0018137898296117783,15.165290832519531,0.00011960138777704132
trained,9397,-1,0.0049019609577953815,0.003512728027999401,14.727134704589844,0.00023852080519808295
trained,4860,-1,0.0004901961074210703,0.0028955787420272827,5.146385669708252,0.0005626431689857073
trained,4860,-1,0.0004901961074210703,0.00019344210159033537,5.125147819519043,3.774371167473731e-05
trained,4860,-1,0.0004901961074210703,0.0008614057442173362,4.625555038452148,0.00018622754178827992
trained,4860,-1,0.0004901961074210703,0.0017343265935778618,4.452734470367432,0.00038949697205608317
trained,4860,-1,0.0004901961074210703,0.0010393448173999786,3.987208366394043,0.00026066980250142853
trained,4860,-1,0.0004901961074210703,0.002104536397382617,3.898038864135742,0.0005398962069736127
trained,249,-1,4.0849674405762926e-05,0.0018322532996535301,3.476083755493164,0.0005271027479582643
trained,12424,-1,0.00040849673678167164,0.0015646913088858128,6.923879146575928,0.00022598478046220678
trained,12424,-1,0.00040849673678167164,0.00024834589567035437,6.674417018890381,3.7208627355388376e-05
trained,12424,-1,0.00040849673678167164,0.0030866656452417374,6.577589511871338,0.00046927003268763947
trained,12424,-1,0.00040849673678167164,0.0011394340544939041,5.1319475173950195,0.00022202761244765842
trained,12424,-1,0.00040849673678167164,0.002547895535826683,3.8528060913085938,0.0006613090499349003
trained,12424,-1,0.00040849673678167164,0.001868363469839096,3.743903398513794,0.0004990415806617165
trained,1269,-1,0.0019199346425011754,0.0009515734855085611,9.373656272888184,0.00010151572212657688
trained,1269,-1,0.0019199346425011754,2.6655594410840422e-05,8.687271118164062,3.068350699347544e-06
trained,1269,-1,0.0019199346425011754,0.001743565546348691,8.04494857788086,0.00021672799141843216
trained,1269,-1,0.0019199346425011754,0.0021659634076058865,7.355550765991211,0.0002944665160385183
trained,1269,-1,0.0019199346425011754,0.0022457679733633995,7.0341668128967285,0.0003192656689980563
trained,1269,-1,0.0019199346425011754,0.007632650900632143,5.581640243530273,0.0013674566198491945
trained,8914,-1,0.0005310457781888545,0.0010053855367004871,5.681826114654541,0.0001769476074087169
trained,8914,-1,0.0005310457781888545,0.0015141237527132034,4.803223133087158,0.00031523077541060145
trained,8914,-1,0.0005310457781888545,0.0004765286576002836,4.471445083618164,0.00010657151070604011
trained,8914,-1,0.0005310457781888545,0.0007255824748426676,4.3940300941467285,0.00016512915462486553
trained,8914,-1,0.0005310457781888545,0.0008064631838351488,4.372735023498535,0.00018442992303474044
trained,8914,-1,0.0005310457781888545,0.00046341726556420326,4.294703960418701,0.00010790435611748746
trained,13163,-1,8.169934881152585e-05,0.000359203084371984,3.5125813484191895,0.00010226185495565551
trained,13163,-1,8.169934881152585e-05,0.0008860304951667786,3.178971529006958,0.0002787160838283932
trained,15324,-1,0.0013480392517521977,0.029039205983281136,42.77570724487305,0.0006788714402088975
trained,15324,-1,0.0013480392517521977,0.1779046356678009,41.0679817199707,0.004331954681407894
trained,15324,-1,0.0013480392517521977,0.2343999594449997,40.140228271484375,0.005839527315581248
trained,15324,-1,0.0013480392517521977,0.040350865572690964,32.347801208496094,0.0012474067499244083
trained,15324,-1,0.0013480392517521977,0.01188337616622448,25.890913009643555,0.00045897864481636065
trained,15324,-1,0.0013480392517521977,0.03125796467065811,20.223114013671875,0.0015456553649218466
trained,3767,-1,0.0013071895809844136,0.06708541512489319,30.424972534179688,0.0022049457908147273
trained,3767,-1,0.0013071895809844136,0.004260681103914976,9.63000202178955,0.0004424382356591874
trained,3767,-1,0.0013071895809844136,0.0020804309751838446,9.401922225952148,0.00022127719472526863
trained,3767,-1,0.0013071895809844136,7.488729897886515e-05,8.259552955627441,9.066749663229962e-06
trained,3767,-1,0.0013071895809844136,0.0020626280456781387,7.764223575592041,0.00026565799214776714
trained,3767,-1,0.0013071895809844136,0.003778589889407158,7.313785076141357,0.0005166394486670758
trained,5040,-1,0.002573529491201043,0.01077152881771326,20.976613998413086,0.0005135017891127779
trained,5040,-1,0.002573529491201043,0.030203744769096375,19.488422393798828,0.0015498301585821096
trained,5040,-1,0.002573529491201043,0.006484103389084339,17.89790153503418,0.0003622828841913146
trained,5040,-1,0.002573529491201043,0.018098630011081696,17.31577491760254,0.001045210514528191
trained,5040,-1,0.002573529491201043,0.007132822182029486,14.774422645568848,0.0004827817880361481
trained,5040,-1,0.002573529491201043,0.0027596105355769396,13.80979061126709,0.0001998300056284298
trained,6113,-1,0.00020424836839083582,0.002448061481118202,5.233548164367676,0.00046776324669861526
trained,6113,-1,0.00020424836839083582,0.0029378305189311504,3.8687992095947266,0.0007593649501491965
trained,6113,-1,0.00020424836839083582,5.1827242714352906e-05,3.4669530391693115,1.4948931274468838e-05
trained,6113,-1,0.00020424836839083582,0.0006816079840064049,3.4180209636688232,0.00019941597528260415
trained,6113,-1,0.00020424836839083582,1.0018375178333372e-05,3.0322179794311523,3.303975916735653e-06
trained,11744,-1,0.00363562093116343,0.0001694524398772046,24.787477493286133,6.8362115476696655e-06
trained,11744,-1,0.00363562093116343,0.0031995135359466076,20.297988891601562,0.00015762712025477703
trained,11744,-1,0.00363562093116343,0.0005584672326222062,17.454761505126953,3.199512250328764e-05
trained,11744,-1,0.00363562093116343,0.0008873662445694208,16.32867431640625,5.4344047004344915e-05
trained,11744,-1,0.00363562093116343,0.00040762819116935134,16.004850387573242,2.5469041028077897e-05
trained,11744,-1,0.00363562093116343,0.007253885269165039,15.250253677368164,0.0004756566954640252
trained,3813,-1,0.0002859477244783193,0.005402976647019386,8.39376163482666,0.0006436895497010338
trained,3813,-1,0.0002859477244783193,0.0049366760067641735,8.213674545288086,0.0006010313629478029
trained,3813,-1,0.0002859477244783193,5.004764534533024e-05,5.191017150878906,9.641202078643976e-06
trained,3813,-1,0.0002859477244783193,0.0006736950017511845,4.890364646911621,0.0001377596662810489
trained,3813,-1,0.0002859477244783193,0.001413694117218256,4.826395034790039,0.0002929089117297576
trained,3813,-1,0.0002859477244783193,0.00010298090637661517,3.948557138442993,2.6080642312098567e-05
trained,5092,-1,8.169934881152585e-05,5.826007509313058e-06,3.6345605850219727,1.6029468688242646e-06
trained,5092,-1,8.169934881152585e-05,0.0011451843893155456,3.5195488929748535,0.00032537817320889474
trained,13785,-1,0.007434640545397997,0.000993430381640792,21.006311416625977,4.7291995340720135e-05
trained,13785,-1,0.007434640545397997,0.009182099252939224,17.325868606567383,0.0005299647285480823
trained,13785,-1,0.007434640545397997,0.0037414426915347576,12.501049995422363,0.00029929027504927986
trained,13785,-1,0.007434640545397997,0.0024048895575106144,12.475284576416016,0.00019277232056549265
trained,13785,-1,0.007434640545397997,0.0032960069365799427,12.413527488708496,0.0002655173510976661
trained,13785,-1,0.007434640545397997,0.0070666661486029625,12.361444473266602,0.0005716699341962537
trained,7757,-1,0.009763072244822979,0.001118214102461934,21.227331161499023,5.267803540419108e-05
trained,7757,-1,0.009763072244822979,0.0020193953532725573,21.10639762878418,9.56769311745826e-05
trained,7757,-1,0.009763072244822979,0.0015500015579164028,20.36393928527832,7.611501567562341e-05
trained,7757,-1,0.009763072244822979,0.0020541148260235786,16.90532112121582,0.00012150699837613307
trained,7757,-1,0.009763072244822979,0.0007379772141575813,16.574077606201172,4.452599002441427e-05
trained,7757,-1,0.009763072244822979,0.0008303011418320239,15.515993118286133,5.3512600547204765e-05
trained,6267,-1,0.0049019609577953815,0.001564406557008624,26.05472183227539,6.004311107519518e-05
trained,6267,-1,0.0049019609577953815,0.0011646163184195757,16.39619255065918,7.10296805079149e-05
trained,6267,-1,0.0049019609577953815,0.0024148018565028906,12.053197860717773,0.00020034532614559504
trained,6267,-1,0.0049019609577953815,0.007611542474478483,11.21718692779541,0.0006785607232431519
trained,6267,-1,0.0049019609577953815,0.005261347629129887,10.71242618560791,0.0004911443531063468
trained,6267,-1,0.0049019609577953815,0.0017883959226310253,10.334779739379883,0.00017304635103315073
trained,7437,-1,0.006290849763900042,0.0023068850859999657,16.580793380737305,0.0001391299579596706
trained,7437,-1,0.006290849763900042,0.005951344035565853,16.39451789855957,0.0003630081758054466
trained,7437,-1,0.006290849763900042,0.008997322991490364,14.02659797668457,0.0006414472708525605
trained,7437,-1,0.006290849763900042,0.007420371286571026,12.872794151306152,0.0005764382774518389
trained,7437,-1,0.006290849763900042,0.002590896561741829,12.338754653930664,0.0002099803938411618
trained,7437,-1,0.006290849763900042,0.01259278878569603,12.146490097045898,0.0010367430167138303
trained,10798,-1,4.0849674405762926e-05,0.0015246911207213998,3.1934189796447754,0.0004774478796675158
trained,5488,-1,0.013357843272387981,0.010277848690748215,33.94858169555664,0.0003027475133694151
trained,5488,-1,0.013357843272387981,0.02029752917587757,32.94676208496094,0.0006160705298910905
trained,5488,-1,0.013357843272387981,0.009045463986694813,28.405746459960938,0.0003184378202996624
trained,5488,-1,0.013357843272387981,0.014553318731486797,27.231855392456055,0.0005344225915476348
trained,5488,-1,0.013357843272387981,0.005678650923073292,25.070581436157227,0.00022650655061726821
trained,5488,-1,0.013357843272387981,0.0143950916826725,20.8427677154541,0.0006906516389375246
trained,10446,-1,0.004738562274724245,0.0014534562360495329,12.062112808227539,0.00012049764905681647
trained,10446,-1,0.004738562274724245,0.001090950332581997,12.024808883666992,9.072496229555951e-05
trained,10446,-1,0.004738562274724245,0.000599720748141408,11.667840957641602,5.139946201860369e-05
trained,10446,-1,0.004738562274724245,0.003073482308536768,11.375256538391113,0.0002701901533529259
trained,10446,-1,0.004738562274724245,0.0004905645037069917,8.34253215789795,5.880283041433288e-05
trained,10446,-1,0.004738562274724245,0.0018302102107554674,8.277159690856934,0.00022111573040896424
trained,10877,-1,4.0849674405762926e-05,0.0020888512954115868,3.8447935581207275,0.0005432934860701814
trained,11576,-1,0.006862745154649019,0.0007772680255584419,25.69802474975586,3.0246216708380524e-05
trained,11576,-1,0.006862745154649019,0.010846687480807304,19.609100341796875,0.000553145595246282
trained,11576,-1,0.006862745154649019,0.003767686430364847,12.63953685760498,0.0002980873803218429
trained,11576,-1,0.006862745154649019,0.0023468509316444397,10.139856338500977,0.00023144814416486948
trained,11576,-1,0.006862745154649019,0.0004858609172515571,9.679451942443848,5.019508543878239e-05
trained,11576,-1,0.006862745154649019,0.000579636194743216,9.526362419128418,6.084549057039212e-05
trained,365,-1,0.00024509805371053517,0.0005347870755940676,4.9177727699279785,0.00010874578810641135
trained,365,-1,0.00024509805371053517,0.00042244489304721355,3.8666129112243652,0.00010925450846680335
trained,365,-1,0.00024509805371053517,5.799874270451255e-05,3.6609644889831543,1.5842476177806877e-05
trained,365,-1,0.00024509805371053517,0.0026556653901934624,3.5832085609436035,0.0007411417295492615
trained,365,-1,0.00024509805371053517,0.0010192559566348791,3.161212921142578,0.0003224255948778302
trained,365,-1,0.00024509805371053517,7.845397340133786e-05,3.1281304359436035,2.5080147713748436e-05
trained,2831,-1,0.00637254910543561,1.249961496796459e-05,8.837934494018555,1.4143140545366376e-06
trained,2831,-1,0.00637254910543561,0.005759625695645809,8.713180541992188,0.0006610244867402832
trained,2831,-1,0.00637254910543561,0.0033876001834869385,8.317258834838867,0.0004072976747215259
trained,2831,-1,0.00637254910543561,0.002017177641391754,8.280299186706543,0.0002436116855089241
trained,2831,-1,0.00637254910543561,0.0022611990571022034,8.268651008605957,0.0002734665007325575
trained,2831,-1,0.00637254910543561,0.000668283028062433,8.1318359375,8.218107610615245e-05
trained,1454,-1,0.0006127451197244227,0.001972351223230362,4.424417495727539,0.0004457877732232487
trained,1454,-1,0.0006127451197244227,9.000216232379898e-05,4.065727710723877,2.2136790441329055e-05
trained,1454,-1,0.0006127451197244227,0.001749848248437047,4.003579139709473,0.00043707097758632744
trained,1454,-1,0.0006127451197244227,0.0014464044943451881,3.6016733646392822,0.000401592356637829
trained,1454,-1,0.0006127451197244227,0.0004373874980956316,3.5989444255828857,0.00012153216231584132
trained,1454,-1,0.0006127451197244227,0.001145354239270091,3.563631534576416,0.0003214008598131432
trained,4982,-1,0.005514706019312143,0.011998736299574375,16.49920654296875,0.0007272311106795447
trained,4982,-1,0.005514706019312143,0.011967141181230545,16.165264129638672,0.000740299761591216
trained,4982,-1,0.005514706019312143,0.010281965136528015,15.745361328125,0.0006530155086477409
trained,4982,-1,0.005514706019312143,0.0054548680782318115,14.649908065795898,0.0003723482805306915
trained,4982,-1,0.005514706019312143,0.005942824296653271,13.278337478637695,0.0004475578592737335
trained,4982,-1,0.005514706019312143,0.011209886521100998,12.902749061584473,0.000868798305508114
trained,2436,-1,0.003227124223485589,0.010972929187119007,10.318645477294922,0.0010634079067125396
trained,2436,-1,0.003227124223485589,0.0008880761452019215,7.100193500518799,0.00012507773839361299
trained,2436,-1,0.003227124223485589,0.0033883191645145416,6.543608665466309,0.0005178058985092264
trained,2436,-1,0.003227124223485589,0.0024474316742271185,6.532832145690918,0.00037463562810831656
trained,2436,-1,0.003227124223485589,0.001936206128448248,5.943397045135498,0.0003257743195926945
trained,2436,-1,0.003227124223485589,0.0011950894258916378,5.550177574157715,0.00021532453870595346
trained,8473,-1,0.0027777778450399637,0.0025233689229935408,9.401007652282715,0.0002684147291786138
trained,8473,-1,0.0027777778450399637,0.0020169110503047705,9.120123863220215,0.00022114952390488933
trained,8473,-1,0.0027777778450399637,0.0009256584453396499,8.662490844726562,0.00010685823072507605
trained,8473,-1,0.0027777778450399637,0.011532696895301342,8.647322654724121,0.0013336725545913233
trained,8473,-1,0.0027777778450399637,0.0023129356559365988,8.545843124389648,0.0002706503761267898
trained,8473,-1,0.0027777778450399637,0.0018940507434308529,8.2147798538208,0.00023056622053601415
trained,3902,-1,0.00044934640754945576,6.730957829859108e-05,6.8294219970703125,9.855823571521215e-06
trained,3902,-1,0.00044934640754945576,0.004077238962054253,4.056280612945557,0.0010051668883661075
trained,3902,-1,0.00044934640754945576,0.0024792831391096115,3.942744731903076,0.0006288216224216261
trained,3902,-1,0.00044934640754945576,0.002599548315629363,3.833733320236206,0.0006780722858076102
trained,3902,-1,0.00044934640754945576,0.0023844647221267223,3.7704885005950928,0.0006324020671990869
trained,3902,-1,0.00044934640754945576,0.0014141208957880735,3.552266836166382,0.00039808971594999814
trained,3236,-1,8.169934881152585e-05,0.0012393440119922161,3.4599828720092773,0.0003581936841417095
trained,3236,-1,8.169934881152585e-05,0.0004292895318940282,3.0849053859710693,0.00013915808693720959
trained,666,-1,0.00147058826405555,0.01317097619175911,12.547731399536133,0.0010496699182009918
trained,666,-1,0.00147058826405555,0.0007298014825209975,10.707027435302734,6.816097996673928e-05
trained,666,-1,0.00147058826405555,0.0036606164649128914,10.1492338180542,0.00036067909465255585
trained,666,-1,0.00147058826405555,0.0018838087562471628,9.178190231323242,0.00020524838870936865
trained,666,-1,0.00147058826405555,0.0029506073333323,6.8975396156311035,0.00042777678676113394
trained,666,-1,0.00147058826405555,0.005932229571044445,6.834919452667236,0.0008679296972153009
trained,467,-1,0.004942810628563166,0.003483407199382782,14.957173347473145,0.00023289207916890706
trained,467,-1,0.004942810628563166,0.0026397230103611946,14.772096633911133,0.00017869657068864494
trained,467,-1,0.004942810628563166,0.001676464919000864,9.030228614807129,0.0001856503296330633
trained,467,-1,0.004942810628563166,0.0017425287514925003,7.705788612365723,0.00022613243616574288
trained,467,-1,0.004942810628563166,0.002604350447654724,6.739949703216553,0.0003864050270897173
trained,467,-1,0.004942810628563166,0.0008052033372223377,6.725114345550537,0.00011973080245915454
trained,10878,-1,0.0001633986976230517,0.002283738926053047,4.152021408081055,0.0005500306240252567
trained,10878,-1,0.0001633986976230517,0.0001554418122395873,4.092769622802734,3.79796144335973e-05
trained,10878,-1,0.0001633986976230517,8.978332334663719e-05,3.4546380043029785,2.5989213120102937e-05
trained,10878,-1,0.0001633986976230517,0.0009356560185551643,3.199848175048828,0.00029240637910606077
trained,1374,-1,0.0005718954489566386,2.9749840905424207e-05,13.995902061462402,2.125610823423818e-06
trained,1374,-1,0.0005718954489566386,6.471291271736845e-05,10.695934295654297,6.050234689985051e-06
trained,1374,-1,0.0005718954489566386,4.541332964436151e-05,10.589431762695312,4.288552083063098e-06
trained,1374,-1,0.0005718954489566386,3.057952562812716e-05,8.517416000366211,3.59023506974561e-06
trained,1374,-1,0.0005718954489566386,1.7755703083821572e-05,7.534010887145996,2.3567397697971363e-06
trained,1374,-1,0.0005718954489566386,1.5273919416358694e-05,5.542975425720215,2.7555452159296033e-06
trained,12800,-1,0.008455882780253887,0.0013871178962290287,11.417057991027832,0.0001214952133307113
trained,12800,-1,0.008455882780253887,0.0022374452091753483,11.151890754699707,0.00020063370942119646
trained,12800,-1,0.008455882780253887,0.006436074618250132,11.069147109985352,0.0005814426851770921
trained,12800,-1,0.008455882780253887,0.001830647699534893,10.920022010803223,0.00016764139282172012
trained,12800,-1,0.008455882780253887,0.0040035187266767025,10.830615043640137,0.00036964832657657935
trained,12800,-1,0.008455882780253887,0.0016807056963443756,10.256999969482422,0.00016385938396655623
trained,1727,-1,0.0007761438027955592,0.0014411777956411242,5.33882999420166,0.0002699426273558707
trained,1727,-1,0.0007761438027955592,6.550581019837409e-06,4.55327844619751,1.4386515336675417e-06
trained,1727,-1,0.0007761438027955592,0.00040834833635017276,4.388206481933594,9.305586189514047e-05
trained,1727,-1,0.0007761438027955592,0.0010097362101078033,4.356838703155518,0.00023175891487019798
trained,1727,-1,0.0007761438027955592,0.000621405488345772,4.195751190185547,0.00014810351238160333
trained,1727,-1,0.0007761438027955592,0.0002895478392019868,4.036828517913818,7.172656403835093e-05
trained,8194,-1,0.0055555556900799274,0.041814856231212616,26.967365264892578,0.0015505725465012046
trained,8194,-1,0.0055555556900799274,0.0036947738844901323,24.771230697631836,0.00014915584653786934
trained,8194,-1,0.0055555556900799274,7.535857002949342e-05,23.144765853881836,3.2559659711076445e-06
trained,8194,-1,0.0055555556900799274,0.007705960422754288,19.599937438964844,0.0003931625009901701
trained,8194,-1,0.0055555556900799274,0.026157371699810028,18.32114028930664,0.001427715266995532
trained,8194,-1,0.0055555556900799274,0.0016640608664602041,17.858165740966797,9.318207091352239e-05
trained,15657,-1,0.001797385630197823,0.0026412089355289936,32.44375228881836,8.140886146635012e-05
trained,15657,-1,0.001797385630197823,0.0016553262248635292,13.800606727600098,0.00011994590220102502
trained,15657,-1,0.001797385630197823,0.00241730990819633,12.424493789672852,0.0001945600319109645
trained,15657,-1,0.001797385630197823,0.0009584907675161958,11.724982261657715,8.174773710750854e-05
trained,15657,-1,0.001797385630197823,0.0022999895736575127,10.378031730651855,0.00022162098106372313
trained,15657,-1,0.001797385630197823,0.00555354543030262,9.569735527038574,0.0005803238150742506
trained,5229,-1,0.0004901961074210703,0.0005433810874819756,6.5608930587768555,8.282120781637581e-05
trained,5229,-1,0.0004901961074210703,0.0023114290088415146,5.571531295776367,0.0004148642242382716
trained,5229,-1,0.0004901961074210703,0.0008173648966476321,4.396882057189941,0.0001858964798273466
trained,5229,-1,0.0004901961074210703,3.175309393554926e-05,4.255328178405762,7.461961241129328e-06
trained,5229,-1,0.0004901961074210703,0.0009481521556153893,4.202827453613281,0.00022559863950642037
trained,5229,-1,0.0004901961074210703,0.0001562335528433323,3.8736774921417236,4.033210125527308e-05
trained,13844,-1,0.0029820261988788843,0.0022066403180360794,13.478849411010742,0.00016371132659390766
trained,13844,-1,0.0029820261988788843,0.0008613281534053385,12.615324020385742,6.827634010933644e-05
trained,13844,-1,0.0029820261988788843,0.0019764145836234093,9.841202735900879,0.00020083059323769588
trained,13844,-1,0.0029820261988788843,0.001670540776103735,8.918074607849121,0.00018732078947101782
trained,13844,-1,0.0029820261988788843,0.00024961086455732584,7.560422897338867,3.301546328118555e-05
trained,13844,-1,0.0029820261988788843,8.634760160930455e-05,7.270580768585205,1.1876300443892473e-05
trained,13521,-1,0.002859477186575532,0.006363809108734131,20.049781799316406,0.0003174004172429998
trained,13521,-1,0.002859477186575532,0.0031493292190134525,15.957181930541992,0.00019736124039456158
trained,13521,-1,0.002859477186575532,0.006610214710235596,15.727191925048828,0.0004203048288428052
trained,13521,-1,0.002859477186575532,0.0011376470793038607,9.8758544921875,0.00011519479962000454
trained,13521,-1,0.002859477186575532,0.004363645799458027,9.457143783569336,0.00046141265262767214
trained,13521,-1,0.002859477186575532,0.0008456504438072443,8.906410217285156,9.494851721135012e-05
trained,10335,-1,0.011111111380159855,0.010890951380133629,24.379911422729492,0.00044671825058313993
trained,10335,-1,0.011111111380159855,0.004455504473298788,23.038869857788086,0.0001933907566126836
trained,10335,-1,0.011111111380159855,0.021809624508023262,18.567047119140625,0.0011746415231283541
trained,10335,-1,0.011111111380159855,0.00238603912293911,18.481674194335938,0.00012910297507951726
trained,10335,-1,0.011111111380159855,0.017711950466036797,18.157184600830078,0.0009754789002490548
trained,10335,-1,0.011111111380159855,0.012689728289842606,16.989635467529297,0.0007469099801520343
trained,2007,-1,0.015849674120545387,0.013669222593307495,16.526445388793945,0.0008271120783526842
trained,2007,-1,0.015849674120545387,0.015080561861395836,14.905357360839844,0.0010117544649426722
trained,2007,-1,0.015849674120545387,0.041973888874053955,14.461082458496094,0.002902541285862988
trained,2007,-1,0.015849674120545387,0.002432183362543583,13.518560409545898,0.00017991437615103888
trained,2007,-1,0.015849674120545387,0.0009466190822422504,13.506871223449707,7.008426056500747e-05
trained,2007,-1,0.015849674120545387,0.0017489399760961533,13.491621971130371,0.0001296315580023342
trained,9221,-1,0.011723856441676617,0.003427191637456417,17.066911697387695,0.00020080912693659696
trained,9221,-1,0.011723856441676617,0.0030985474586486816,15.751059532165527,0.0001967199382569205
trained,9221,-1,0.011723856441676617,0.00030599895399063826,12.939059257507324,2.3649242800483793e-05
trained,9221,-1,0.011723856441676617,0.0014259652234613895,12.727216720581055,0.00011204061773816388
trained,9221,-1,0.011723856441676617,0.0007504330715164542,12.348929405212402,6.076907939887496e-05
trained,9221,-1,0.011723856441676617,3.398947592359036e-05,12.229304313659668,2.7793466457143773e-06
trained,12400,-1,0.0003676470660138875,0.0004622380365617573,5.178551197052002,8.926010750359984e-05
trained,12400,-1,0.0003676470660138875,0.0014823880046606064,4.220199108123779,0.00035126020518961914
trained,12400,-1,0.0003676470660138875,0.00011390662984922528,3.8162262439727783,2.98479761332614e-05
trained,12400,-1,0.0003676470660138875,0.001112072728574276,3.785717248916626,0.00029375483044660094
trained,12400,-1,0.0003676470660138875,0.00148044154047966,3.619614839553833,0.00040900526882085185
trained,12400,-1,0.0003676470660138875,0.000154133012983948,3.60429310798645,4.2763728799530095e-05
trained,5353,-1,0.013194444589316845,0.00015545738278888166,12.15220832824707,1.2792521210118692e-05
trained,5353,-1,0.013194444589316845,0.00016245435108430684,11.0470609664917,1.4705662580940632e-05
trained,5353,-1,0.013194444589316845,0.008984335698187351,10.912826538085938,0.0008232821869597099
trained,5353,-1,0.013194444589316845,0.00026676541892811656,10.87278938293457,2.453514084866017e-05
trained,5353,-1,0.013194444589316845,0.00041064375545829535,10.664573669433594,3.850540754716405e-05
trained,5353,-1,0.013194444589316845,0.001442630309611559,10.116005897521973,0.00014260868609862584
trained,3188,-1,0.0015522876055911183,0.0013860337203368545,13.317567825317383,0.00010407558936564474
trained,3188,-1,0.0015522876055911183,0.001581400167196989,12.461227416992188,0.0001269056501641712
trained,3188,-1,0.0015522876055911183,0.001946943812072277,10.26330280303955,0.00018969953916741846
trained,3188,-1,0.0015522876055911183,0.0029140659607946873,8.569817543029785,0.00034003827341281347
trained,3188,-1,0.0015522876055911183,0.0009709688602015376,8.143266677856445,0.00011923579303154125
trained,3188,-1,0.0015522876055911183,0.000905897410120815,7.7995758056640625,0.00011614701013136524
trained,13706,-1,0.0009395424858666956,0.002053335774689913,41.73731231689453,4.919664589563805e-05
trained,13706,-1,0.0009395424858666956,0.0030898991972208023,20.990232467651367,0.00014720652579635466
trained,13706,-1,0.0009395424858666956,0.021290747448801994,17.486373901367188,0.001217562175491247
trained,13706,-1,0.0009395424858666956,0.0001481164072174579,13.808953285217285,1.0726114004311896e-05
trained,13706,-1,0.0009395424858666956,0.009179106913506985,12.816072463989258,0.000716218399927009
trained,13706,-1,0.0009395424858666956,0.0019788797944784164,8.544156074523926,0.0002316062320512653
trained,7704,-1,0.0011437908979132771,0.0001584095589350909,9.849424362182617,1.608312862864481e-05
trained,7704,-1,0.0011437908979132771,0.0039053596556186676,8.840171813964844,0.00044177418016348507
trained,7704,-1,0.0011437908979132771,0.005268958397209644,8.12579345703125,0.0006484238647058416
trained,7704,-1,0.0011437908979132771,3.417597326915711e-05,7.302908420562744,4.679775686756263e-06
trained,7704,-1,0.0011437908979132771,0.003229958936572075,5.268960952758789,0.0006130162978112206
trained,7704,-1,0.0011437908979132771,0.0003090397804044187,4.545334815979004,6.799054259281353e-05
trained,15185,-1,0.0020424837712198496,0.00019847240764647722,5.846506118774414,3.394718206299977e-05
trained,15185,-1,0.0020424837712198496,0.00017457442299928516,5.4783172607421875,3.1866431732658416e-05
trained,15185,-1,0.0020424837712198496,0.001963385147973895,5.351037979125977,0.00036691669086127266
trained,15185,-1,0.0020424837712198496,0.0007178982486948371,4.895088195800781,0.00014665685682858202
trained,15185,-1,0.0020424837712198496,0.01118890754878521,4.74776029586792,0.0023566706934474266
trained,15185,-1,0.0020424837712198496,0.0002837891224771738,4.7262773513793945,6.00449574535333e-05
trained,4370,-1,0.0003267973952461034,0.007275324314832687,13.20368480682373,0.0005510071181851269
trained,4370,-1,0.0003267973952461034,0.08868749439716339,8.33918571472168,0.01063503049711411
trained,4370,-1,0.0003267973952461034,0.026538711041212082,7.640812397003174,0.003473283947086688
trained,4370,-1,0.0003267973952461034,0.23230107128620148,7.339288711547852,0.03165171454839925
trained,4370,-1,0.0003267973952461034,0.0017245993949472904,7.290028095245361,0.00023656964999518913
trained,4370,-1,0.0003267973952461034,0.00041688227793201804,7.213872909545898,5.778896899893681e-05
trained,6342,-1,0.0006535947904922068,0.00013242346176411957,10.221298217773438,1.295564016847227e-05
trained,6342,-1,0.0006535947904922068,0.002757459878921509,7.024383544921875,0.000392555426577604
trained,6342,-1,0.0006535947904922068,0.005662389099597931,6.454034805297852,0.000877340961184453
trained,6342,-1,0.0006535947904922068,1.85379758477211e-05,6.274161338806152,2.9546539922495052e-06
trained,6342,-1,0.0006535947904922068,0.0021305889822542667,5.318764686584473,0.00040057966610710456
trained,6342,-1,0.0006535947904922068,0.00048658085870556533,4.847377777099609,0.00010038022227281555
trained,4185,-1,0.009926470927894115,0.01156994141638279,40.72016525268555,0.000284132968139655
trained,4185,-1,0.009926470927894115,0.007394074462354183,39.149845123291016,0.00018886599523111017
trained,4185,-1,0.009926470927894115,0.011729659512639046,37.3800048828125,0.000313795023553686
trained,4185,-1,0.009926470927894115,0.0019927844405174255,36.39158630371094,5.475948269708201e-05
trained,4185,-1,0.009926470927894115,0.0018855975940823555,15.133256912231445,0.00012459958917094194
trained,4185,-1,0.009926470927894115,0.005452006123960018,14.964627265930176,0.00036432622256970935
trained,3253,-1,0.009109477512538433,3.43503737449646,20.791118621826172,0.16521657333484763
trained,3253,-1,0.009109477512538433,1.3681138753890991,20.478290557861328,0.06680801170993735
trained,3253,-1,0.009109477512538433,0.512648344039917,20.182933807373047,0.025400090439410793
trained,3253,-1,0.009109477512538433,0.0007313842652365565,19.866554260253906,3.6814852523258304e-05
trained,3253,-1,0.009109477512538433,0.024344976991415024,17.61379623413086,0.0013821538904964124
trained,3253,-1,0.009109477512538433,1.8778777122497559,17.585283279418945,0.10678689006093764
trained,11434,-1,0.0022875817958265543,0.002740507945418358,17.829519271850586,0.00015370621628285277
trained,11434,-1,0.0022875817958265543,0.0045323679223656654,14.785463333129883,0.00030654216376229206
trained,11434,-1,0.0022875817958265543,0.0004182867705821991,13.707906723022461,3.0514270269995748e-05
trained,11434,-1,0.0022875817958265543,0.000500640831887722,13.558370590209961,3.692485233064936e-05
trained,11434,-1,0.0022875817958265543,0.00315724010579288,11.319499969482422,0.0002789204571142592
trained,11434,-1,0.0022875817958265543,0.0015587229281663895,10.93997573852539,0.00014247955986568679
trained,16200,-1,0.016135621815919876,0.022030789405107498,24.152273178100586,0.0009121621489890779
trained,16200,-1,0.016135621815919876,0.010347040370106697,22.27501678466797,0.0004645132468420239
trained,16200,-1,0.016135621815919876,0.005375963170081377,21.902427673339844,0.00024545056147475046
trained,16200,-1,0.016135621815919876,0.004196943715214729,21.88491439819336,0.00019177336675171985
trained,16200,-1,0.016135621815919876,0.00781983882188797,20.81334114074707,0.00037571280694471363
trained,16200,-1,0.016135621815919876,0.00583515502512455,20.713829040527344,0.00028170334966595804
trained,16378,-1,0.006821895483881235,0.004548044875264168,14.30151081085205,0.00031801149790503886
trained,16378,-1,0.006821895483881235,0.00024848864995874465,10.556378364562988,2.3539195108135133e-05
trained,16378,-1,0.006821895483881235,0.0007498066406697035,9.896624565124512,7.57638764343962e-05
trained,16378,-1,0.006821895483881235,0.0017374022863805294,9.69739818572998,0.00017916169400336373
trained,16378,-1,0.006821895483881235,0.0004264943127054721,8.942488670349121,4.769302242670009e-05
trained,16378,-1,0.006821895483881235,0.0008327693212777376,8.935126304626465,9.320174028726858e-05
trained,6201,-1,0.00024509805371053517,0.0009719260269775987,5.166819095611572,0.00018810916523148686
trained,6201,-1,0.00024509805371053517,0.00195710570551455,4.0956339836120605,0.0004778517107108582
trained,6201,-1,0.00024509805371053517,0.0007691681385040283,3.8903958797454834,0.00019770947797588884
trained,6201,-1,0.00024509805371053517,6.580897024832666e-05,3.2820510864257812,2.0051171817680002e-05
trained,6201,-1,0.00024509805371053517,0.00041489064460620284,3.2664599418640137,0.0001270153781128093
trained,6201,-1,0.00024509805371053517,0.0007303599268198013,3.1683125495910645,0.00023052016345864273
trained,7479,-1,0.0009803922148421407,2.6447837352752686,44.256595611572266,0.05976021649942969
trained,7479,-1,0.0009803922148421407,2.597956657409668,42.70079803466797,0.060840939209155676
trained,7479,-1,0.0009803922148421407,1.6277518272399902,42.35527420043945,0.03843091227640079
trained,7479,-1,0.0009803922148421407,1.4053399562835693,41.85860824584961,0.03357349933924075
trained,7479,-1,0.0009803922148421407,0.7524142861366272,38.36799621582031,0.019610466022366407
trained,7479,-1,0.0009803922148421407,0.49642646312713623,36.44826889038086,0.013620028556641526
trained,15209,-1,0.00012254902685526758,0.0008339064661413431,4.699619770050049,0.00017744126268590924
trained,15209,-1,0.00012254902685526758,0.0015821335837244987,3.547154426574707,0.00044602895545550823
trained,15209,-1,0.00012254902685526758,0.000884051201865077,3.507054328918457,0.0002520779888054116
trained,15543,-1,0.0015114379348233342,0.00220629945397377,11.55335521697998,0.00019096612304719663
trained,15543,-1,0.0015114379348233342,0.00345511082559824,8.411563873291016,0.0004107572477181263
trained,15543,-1,0.0015114379348233342,0.00025687285233289003,6.752896308898926,3.80389155382683e-05
trained,15543,-1,0.0015114379348233342,0.0019965744577348232,6.496380805969238,0.0003073364258296341
trained,15543,-1,0.0015114379348233342,0.001450910116545856,6.02519416809082,0.00024080719659290252
trained,15543,-1,0.0015114379348233342,9.97993047349155e-05,6.01324462890625,1.6596581528576197e-05
trained,15368,-1,0.004411764908581972,0.0009891194058582187,12.934553146362305,7.647109217193153e-05
trained,15368,-1,0.004411764908581972,0.0015997844748198986,12.383445739746094,0.00012918734481834942
trained,15368,-1,0.004411764908581972,0.0034995414316654205,11.032347679138184,0.00031720731918945423
trained,15368,-1,0.004411764908581972,0.0009733331389725208,10.565825462341309,9.212087994844062e-05
trained,15368,-1,0.004411764908581972,0.002339535392820835,10.150594711303711,0.0002304825933218993
trained,15368,-1,0.004411764908581972,0.0030011606868356466,9.682395935058594,0.0003099605414780515
trained,6633,-1,0.004044117871671915,0.000723792240023613,18.052574157714844,4.009357522646139e-05
trained,6633,-1,0.004044117871671915,0.0014550433261319995,16.99634552001953,8.560918724664332e-05
trained,6633,-1,0.004044117871671915,0.0017429158324375749,16.385271072387695,0.00010637088789911571
trained,6633,-1,0.004044117871671915,0.0012611343991011381,15.729493141174316,8.017641686113388e-05
trained,6633,-1,0.004044117871671915,0.0028811879456043243,15.614998817443848,0.00018451413152754695
trained,6633,-1,0.004044117871671915,0.0010994654148817062,15.33397388458252,7.170127086150572e-05
trained,11069,-1,0.0020833334419876337,0.12034447491168976,46.9635009765625,0.002562510724482585
trained,11069,-1,0.0020833334419876337,0.025558024644851685,39.8458366394043,0.0006414227131468204
trained,11069,-1,0.0020833334419876337,0.16535788774490356,36.70887756347656,0.004504574879985601
trained,11069,-1,0.0020833334419876337,0.010404017753899097,36.565677642822266,0.0002845296032942897
trained,11069,-1,0.0020833334419876337,0.024917121976614,36.1806755065918,0.0006886859249511337
trained,11069,-1,0.0020833334419876337,0.012467898428440094,35.58256912231445,0.0003503934295913798
trained,16286,-1,0.0006127451197244227,0.0021339310333132744,5.812845706939697,0.00036710608553839117
trained,16286,-1,0.0006127451197244227,0.0007413579151034355,5.6611247062683105,0.00013095594136666218
trained,16286,-1,0.0006127451197244227,0.0018074028193950653,5.170838832855225,0.0003495376432757733
trained,16286,-1,0.0006127451197244227,0.001468665897846222,4.896948337554932,0.0002999145174930584
trained,16286,-1,0.0006127451197244227,0.0013372681569308043,4.669777870178223,0.00028636654549904044
trained,16286,-1,0.0006127451197244227,0.001407800242304802,4.194056034088135,0.00033566557787082207
trained,4374,-1,0.009722222574055195,0.023830296471714973,27.765806198120117,0.0008582605634310162
trained,4374,-1,0.009722222574055195,0.021963825449347496,19.609214782714844,0.0011200767441594958
trained,4374,-1,0.009722222574055195,0.0026347581297159195,19.185028076171875,0.0001373340773469252
trained,4374,-1,0.009722222574055195,0.005336924456059933,18.057634353637695,0.00029554948070951574
trained,4374,-1,0.009722222574055195,0.0002109366760123521,16.38263702392578,1.2875624095455007e-05
trained,4374,-1,0.009722222574055195,0.0015532327815890312,14.357349395751953,0.00010818381156403431
trained,11558,-1,0.0037990196142345667,0.0021062190644443035,10.621230125427246,0.0001983027426740346
trained,11558,-1,0.0037990196142345667,6.392679642885923e-05,10.577381134033203,6.043726289031211e-06
trained,11558,-1,0.0037990196142345667,0.0027343500405550003,9.385587692260742,0.000291334984042578
trained,11558,-1,0.0037990196142345667,0.0018369886092841625,8.45673656463623,0.00021722192659588672
trained,11558,-1,0.0037990196142345667,0.0016702072462067008,8.35222053527832,0.00019997164097284515
trained,11558,-1,0.0037990196142345667,0.0002216114808106795,7.8214030265808105,2.833398049653487e-05
trained,12314,-1,0.008864379487931728,0.002627844922244549,18.303091049194336,0.00014357383215663023
trained,12314,-1,0.008864379487931728,0.009179140441119671,12.270870208740234,0.0007480431530097677
trained,12314,-1,0.008864379487931728,0.0008867384749464691,11.875835418701172,7.46674607455489e-05
trained,12314,-1,0.008864379487931728,0.0027530379593372345,11.784746170043945,0.00023361028906462806
trained,12314,-1,0.008864379487931728,0.0016235965304076672,11.184926986694336,0.00014515933204920412
trained,12314,-1,0.008864379487931728,0.000397601630538702,11.175996780395508,3.557639093419918e-05
trained,7852,-1,0.012704248540103436,0.00013491774734575301,21.213651657104492,6.3599492216875735e-06
trained,7852,-1,0.012704248540103436,0.005170613992959261,19.60892677307129,0.00026368674088068933
trained,7852,-1,0.012704248540103436,0.00126326410099864,18.375185012817383,6.874837451255407e-05
trained,7852,-1,0.012704248540103436,0.0030997050926089287,17.34612464904785,0.00017869726842871932
trained,7852,-1,0.012704248540103436,0.007629215717315674,16.306575775146484,0.00046786129856543347
trained,7852,-1,0.012704248540103436,0.001245490275323391,16.140865325927734,7.716378584255385e-05
trained,1882,-1,0.004738562274724245,0.00439796457067132,22.284576416015625,0.00019735464065229267
trained,1882,-1,0.004738562274724245,0.023772187530994415,22.15109634399414,0.0010731833387307623
trained,1882,-1,0.004738562274724245,0.005915938410907984,19.946170806884766,0.0002965951945456115
trained,1882,-1,0.004738562274724245,0.026562295854091644,18.17563247680664,0.0014614234683710161
trained,1882,-1,0.004738562274724245,0.01805814355611801,17.28608512878418,0.0010446635789180645
trained,1882,-1,0.004738562274724245,0.009066654369235039,16.877666473388672,0.0005371983374319312
trained,11303,-1,0.0005310457781888545,0.1349298655986786,40.82029342651367,0.0033054604529383098
trained,11303,-1,0.0005310457781888545,0.06978079676628113,29.33165168762207,0.002379027185698123
trained,11303,-1,0.0005310457781888545,0.029136689379811287,29.124074935913086,0.0010004331277105266
trained,11303,-1,0.0005310457781888545,0.06593889743089676,27.415485382080078,0.0024051697977230495
trained,11303,-1,0.0005310457781888545,0.006851113401353359,13.47269058227539,0.0005085185738895134
trained,11303,-1,0.0005310457781888545,0.0034728231839835644,7.254788398742676,0.00047869393193955014
trained,5938,-1,0.001756535959430039,0.008449353277683258,18.431713104248047,0.0004584138886002894
trained,5938,-1,0.001756535959430039,0.15466836094856262,12.16641902923584,0.012712726774977532
trained,5938,-1,0.001756535959430039,0.040825940668582916,11.961067199707031,0.003413235624124149
trained,5938,-1,0.001756535959430039,9.572609997121617e-05,11.708608627319336,8.17570242700413e-06
trained,5938,-1,0.001756535959430039,0.0015346999280154705,11.371357917785645,0.00013496188749938882
trained,5938,-1,0.001756535959430039,0.22332410514354706,9.339740753173828,0.023911167455869384
trained,15879,-1,0.0005718954489566386,0.0012698755599558353,10.345170021057129,0.0001227505741685309
trained,15879,-1,0.0005718954489566386,0.0006598178879357874,10.331686019897461,6.386352495275848e-05
trained,15879,-1,0.0005718954489566386,0.002157269511371851,8.658095359802246,0.00024916213343960256
trained,15879,-1,0.0005718954489566386,0.0005554904928430915,7.327054977416992,7.581361059186684e-05
trained,15879,-1,0.0005718954489566386,0.006789303384721279,7.184976100921631,0.0009449305452596289
trained,15879,-1,0.0005718954489566386,0.001142888329923153,5.872825622558594,0.00019460620889765747
trained,15382,-1,0.004084967542439699,0.0017942816484719515,13.406487464904785,0.00013383681991043392
trained,15382,-1,0.004084967542439699,0.0028572697192430496,10.397512435913086,0.0002748032028674492
trained,15382,-1,0.004084967542439699,0.003208925947546959,10.115599632263184,0.00031722547987291384
trained,15382,-1,0.004084967542439699,0.0008331304416060448,9.429771423339844,8.835107493103645e-05
trained,15382,-1,0.004084967542439699,0.0023522586561739445,8.200490951538086,0.00028684363778643695
trained,15382,-1,0.004084967542439699,0.0010681541170924902,7.831832408905029,0.0001363862326622269
trained,14705,-1,0.0045343139208853245,0.0011377888731658459,10.685954093933105,0.00010647517883422498
trained,14705,-1,0.0045343139208853245,0.002912901807576418,9.265213966369629,0.00031439120760184394
trained,14705,-1,0.0045343139208853245,0.0013936212053522468,8.714905738830566,0.00015991236705438578
trained,14705,-1,0.0045343139208853245,0.0009374890942126513,8.541098594665527,0.0001097621206244094
trained,14705,-1,0.0045343139208853245,0.0010872967541217804,8.126480102539062,0.00013379676568482117
trained,14705,-1,0.0045343139208853245,0.0032845172099769115,7.821340560913086,0.0004199429988244199
trained,13446,-1,0.022549020126461983,0.021785123273730278,31.30632209777832,0.0006958697737054293
trained,13446,-1,0.022549020126461983,0.0032549698371440172,28.25603675842285,0.00011519555502325507
trained,13446,-1,0.022549020126461983,0.0020668578799813986,24.50248146057129,8.435300250333129e-05
trained,13446,-1,0.022549020126461983,0.01400065142661333,20.727130889892578,0.0006754746472624746
trained,13446,-1,0.022549020126461983,0.030401797965168953,18.9894962310791,0.00160097969926195
trained,13446,-1,0.022549020126461983,0.0021239942871034145,15.515503883361816,0.00013689496023271908
trained,2181,-1,0.01568627543747425,0.0004469393170438707,11.456796646118164,3.9010844902733295e-05
trained,2181,-1,0.01568627543747425,0.0006984676001593471,10.142427444458008,6.886592031190733e-05
trained,2181,-1,0.01568627543747425,0.00579348299652338,9.240540504455566,0.0006269636493373848
trained,2181,-1,0.01568627543747425,0.000512369442731142,8.850947380065918,5.7888655386778056e-05
trained,2181,-1,0.01568627543747425,0.00208459235727787,8.75195026397705,0.00023818603790037903
trained,2181,-1,0.01568627543747425,0.00043095205910503864,8.21839714050293,5.2437482849443594e-05
trained,5879,-1,0.010580065660178661,3.0648066997528076,22.56644058227539,0.13581258810306276
trained,5879,-1,0.010580065660178661,0.09077487885951996,21.529027938842773,0.004216394679656832
trained,5879,-1,0.010580065660178661,1.428109049797058,19.70467758178711,0.07247563650151012
trained,5879,-1,0.010580065660178661,0.004396638832986355,19.002532958984375,0.00023137119890680833
trained,5879,-1,0.010580065660178661,0.4142003059387207,18.822786331176758,0.02200525993607376
trained,5879,-1,0.010580065660178661,0.30187612771987915,18.6415958404541,0.016193684827388984
trained,6560,-1,0.00498366029933095,0.002090099034830928,24.601449966430664,8.495836780689446e-05
trained,6560,-1,0.00498366029933095,0.0012876889668405056,22.58541488647461,5.701418252943605e-05
trained,6560,-1,0.00498366029933095,0.003910834901034832,21.17250633239746,0.00018471289320389072
trained,6560,-1,0.00498366029933095,0.019409386441111565,20.458484649658203,0.000948720629777232
trained,6560,-1,0.00498366029933095,0.0007222275598905981,19.516557693481445,3.700588860154488e-05
trained,6560,-1,0.00498366029933095,0.0005374435568228364,19.50246238708496,2.7557728155330042e-05
trained,15103,-1,4.0849674405762926e-05,4.286167677491903e-05,3.3270785808563232,1.2882676418146787e-05
trained,10079,-1,0.0073120915330946445,0.0006343782297335565,10.111767768859863,6.273662966105529e-05
trained,10079,-1,0.0073120915330946445,0.001290779560804367,9.707526206970215,0.0001329668891213046
trained,10079,-1,0.0073120915330946445,0.0003753993660211563,8.62539005279541,4.352259593170431e-05
trained,10079,-1,0.0073120915330946445,0.0012290123850107193,7.983313083648682,0.0001539476620963252
trained,10079,-1,0.0073120915330946445,0.0011878241784870625,7.894320487976074,0.00015046566456178848
trained,10079,-1,0.0073120915330946445,0.0024340215604752302,7.740242958068848,0.000314463198850609
trained,1357,-1,0.014910130761563778,0.0010861782357096672,6.970942497253418,0.00015581511913742314
trained,1357,-1,0.014910130761563778,4.5687611418543383e-05,6.571324825286865,6.9525723706024425e-06
trained,1357,-1,0.014910130761563778,0.0002904343418776989,6.162030220031738,4.7132898007144627e-05
trained,1357,-1,0.014910130761563778,0.0008063926361501217,6.124675750732422,0.0001316629106534642
trained,1357,-1,0.014910130761563778,0.0018567107617855072,6.000061511993408,0.00030944862116399365
trained,1357,-1,0.014910130761563778,0.001893516629934311,5.977452754974365,0.000316776511258671
trained,15827,-1,4.0849674405762926e-05,8.423870895057917e-06,3.649360418319702,2.3083143152346056e-06
trained,7295,-1,4.0849674405762926e-05,0.000320537481456995,3.434603691101074,9.332590024505455e-05
trained,6074,-1,0.0020833334419876337,0.008380996063351631,47.658836364746094,0.00017585398013517532
trained,6074,-1,0.0020833334419876337,0.10014690458774567,32.187530517578125,0.0031113571925952457
trained,6074,-1,0.0020833334419876337,0.015607587061822414,28.83684539794922,0.000541237671681396
trained,6074,-1,0.0020833334419876337,0.028469763696193695,28.65752601623535,0.0009934480624763182
trained,6074,-1,0.0020833334419876337,0.05252590402960777,27.940139770507812,0.0018799442114835602
trained,6074,-1,0.0020833334419876337,0.0015216092579066753,27.86685562133789,5.460283279113723e-05
trained,10716,-1,0.01482843142002821,0.0012880276190117002,22.71637535095215,5.6700402203809906e-05
trained,10716,-1,0.01482843142002821,0.0009107909863814712,17.04083824157715,5.344754603440074e-05
trained,10716,-1,0.01482843142002821,0.005211262032389641,15.276439666748047,0.00034113066565718853
trained,10716,-1,0.01482843142002821,0.0017160004936158657,14.136160850524902,0.0001213908437913783
trained,10716,-1,0.01482843142002821,0.00037978135515004396,11.73181438446045,3.237191986715108e-05
trained,10716,-1,0.01482843142002821,0.002541588619351387,11.38247299194336,0.00022328966834802522
trained,1082,-1,0.0010212418856099248,0.02972978539764881,36.22782516479492,0.0008206340088705986
trained,1082,-1,0.0010212418856099248,0.0026015916373580694,36.16630172729492,7.193413517851157e-05
trained,1082,-1,0.0010212418856099248,0.007776651531457901,36.08755874633789,0.0002154939763623402
trained,1082,-1,0.0010212418856099248,0.008344635367393494,35.342491149902344,0.00023610773026724096
trained,1082,-1,0.0010212418856099248,0.005682104267179966,35.338069915771484,0.00016079271677042062
trained,1082,-1,0.0010212418856099248,0.008144479244947433,34.8698616027832,0.00023356786837081586
trained,11638,-1,8.169934881152585e-05,0.00036384002305567265,6.413341522216797,5.673173988867973e-05
trained,11638,-1,8.169934881152585e-05,0.003943738527595997,5.863384246826172,0.000672604482595649
trained,4877,-1,0.0003676470660138875,0.008536403998732567,18.30811309814453,0.00046626345123450784
trained,4877,-1,0.0003676470660138875,0.00016040969057939947,13.17689037322998,1.2173561897827272e-05
trained,4877,-1,0.0003676470660138875,0.002944987267255783,9.162741661071777,0.00032140895991509427
trained,4877,-1,0.0003676470660138875,0.0026095814537256956,7.711674213409424,0.0003383936330178513
trained,4877,-1,0.0003676470660138875,0.0020258671138435602,7.127312660217285,0.0002842399667902038
trained,4877,-1,0.0003676470660138875,0.0006497125141322613,5.268101692199707,0.00012332953160229762
trained,12834,-1,4.0849674405762926e-05,0.0001525475236121565,3.9306883811950684,3.880936589681441e-05
trained,14709,-1,0.015400326810777187,0.21890075504779816,17.634471893310547,0.012413229972077354
trained,14709,-1,0.015400326810777187,0.009050726890563965,17.14295196533203,0.000527956148326562
trained,14709,-1,0.015400326810777187,0.006800747010856867,16.884675979614258,0.0004027762818231016
trained,14709,-1,0.015400326810777187,0.004152530338615179,15.337546348571777,0.0002707428061987151
trained,14709,-1,0.015400326810777187,0.00026300002355128527,13.73662281036377,1.9145901229293532e-05
trained,14709,-1,0.015400326810777187,0.0029856213368475437,13.512686729431152,0.0002209494970637294
trained,12918,-1,0.012581699527800083,0.01569264568388462,16.7760066986084,0.0009354219967727096
trained,12918,-1,0.012581699527800083,0.004364636726677418,14.005264282226562,0.00031164258229788476
trained,12918,-1,0.012581699527800083,0.0016214287606999278,13.976668357849121,0.00011600967549533032
trained,12918,-1,0.012581699527800083,0.002686864696443081,13.857590675354004,0.0001938911863821842
trained,12918,-1,0.012581699527800083,0.0019062544452026486,13.734789848327637,0.000138790215667898
trained,12918,-1,0.012581699527800083,0.0055656530894339085,13.464800834655762,0.00041334834118815977
trained,8716,-1,0.012295751832425594,0.08051730692386627,33.60257339477539,0.0023961649001675955
trained,8716,-1,0.012295751832425594,0.20889560878276825,31.65496253967285,0.006599142504779825
trained,8716,-1,0.012295751832425594,0.17510539293289185,31.522302627563477,0.005554968334698291
trained,8716,-1,0.012295751832425594,0.15835434198379517,31.337080001831055,0.005053257737304892
trained,8716,-1,0.012295751832425594,0.0006572176935151219,31.12006187438965,2.1118778496259394e-05
trained,8716,-1,0.012295751832425594,0.08428870886564255,31.075651168823242,0.0027123714450175544
trained,6354,-1,0.004697712603956461,0.0016899420879781246,16.550411224365234,0.0001021087672728168
trained,6354,-1,0.004697712603956461,0.005945210810750723,15.001364707946777,0.00039631133076854834
trained,6354,-1,0.004697712603956461,0.0024385368451476097,14.413579940795898,0.00016918328792457906
trained,6354,-1,0.004697712603956461,0.004554515704512596,13.658916473388672,0.0003334463398605626
trained,6354,-1,0.004697712603956461,0.0046796640381217,13.142796516418457,0.00035606303668140146
trained,6354,-1,0.004697712603956461,0.002389664063230157,12.877632141113281,0.00018556703880373218
trained,1946,-1,0.005514706019312143,0.005757498554885387,20.09437370300293,0.0002865229163138824
trained,1946,-1,0.005514706019312143,0.007665351033210754,15.827091217041016,0.000484318370829725
trained,1946,-1,0.005514706019312143,0.002380252815783024,14.960380554199219,0.00015910376124188313
trained,1946,-1,0.005514706019312143,0.0005243693012744188,14.921478271484375,3.5141913671952496e-05
trained,1946,-1,0.005514706019312143,0.007479017600417137,13.735326766967773,0.0005445096230548735
trained,1946,-1,0.005514706019312143,0.0029361099004745483,13.354056358337402,0.00021986652008110124
trained,90,-1,8.169934881152585e-05,0.0021173933055251837,7.219156265258789,0.0002933020463506036
trained,90,-1,8.169934881152585e-05,0.0008566440083086491,6.316746711730957,0.00013561474717955024
trained,6496,-1,0.00657679745927453,0.0037888523656874895,23.0687255859375,0.00016424194529398458
trained,6496,-1,0.00657679745927453,0.022441260516643524,23.005489349365234,0.0009754741651371446
trained,6496,-1,0.00657679745927453,0.008528563193976879,21.52962303161621,0.00039613156168376475
trained,6496,-1,0.00657679745927453,0.0212545283138752,18.662588119506836,0.0011388842843109831
trained,6496,-1,0.00657679745927453,0.0032502091489732265,18.124353408813477,0.00017932828143776543
trained,6496,-1,0.00657679745927453,0.017465418204665184,17.85789680480957,0.0009780221263212428
trained,786,-1,0.011887255124747753,0.005469930358231068,15.378946304321289,0.00035567653660992926
trained,786,-1,0.011887255124747753,0.005574088543653488,11.304340362548828,0.0004930927736500567
trained,786,-1,0.011887255124747753,0.0022049276158213615,10.019989967346191,0.00022005287660036848
trained,786,-1,0.011887255124747753,0.0007097938796505332,9.720640182495117,7.301925246947486e-05
trained,786,-1,0.011887255124747753,0.002338186837732792,9.671524047851562,0.00024175991562076486
trained,786,-1,0.011887255124747753,0.0032061233650892973,9.648768424987793,0.00033228317064655364
trained,5795,-1,4.0849674405762926e-05,6.2440212786896154e-06,3.717583656311035,1.6795913302689652e-06
trained,4417,-1,0.0058823530562222,0.0007884381338953972,20.87204360961914,3.7774841248991815e-05
trained,4417,-1,0.0058823530562222,0.013519106432795525,20.605283737182617,0.0006560990183503296
trained,4417,-1,0.0058823530562222,0.021329903975129128,20.46158218383789,0.0010424366885947414
trained,4417,-1,0.0058823530562222,0.0077470894902944565,18.11060333251953,0.0004277654006359758
trained,4417,-1,0.0058823530562222,0.006974329240620136,15.093256950378418,0.00046208245599670095
trained,4417,-1,0.0058823530562222,0.011885199695825577,13.931117057800293,0.0008531404658014004
trained,12311,-1,0.001797385630197823,4.449852466583252,31.7036190032959,0.1403578710090052
trained,12311,-1,0.001797385630197823,0.003480318933725357,22.7406005859375,0.0001530442839701227
trained,12311,-1,0.001797385630197823,0.0026571284979581833,21.34758949279785,0.00012446972052065328
trained,12311,-1,0.001797385630197823,0.003976675681769848,15.576875686645508,0.00025529353650675685
trained,12311,-1,0.001797385630197823,0.004709276370704174,12.426047325134277,0.00037898426164679723
trained,12311,-1,0.001797385630197823,0.3169848918914795,12.359092712402344,0.025647909540591544
trained,6831,-1,0.001429738593287766,0.001322529511526227,12.543709754943848,0.00010543368248814741
trained,6831,-1,0.001429738593287766,0.0029849172569811344,8.944765090942383,0.00033370549440182737
trained,6831,-1,0.001429738593287766,0.0003264185506850481,8.503457069396973,3.838657007628031e-05
trained,6831,-1,0.001429738593287766,9.762251283973455e-05,8.40191650390625,1.161907676591972e-05
trained,6831,-1,0.001429738593287766,0.0010021290509030223,7.982161998748779,0.00012554606772702785
trained,6831,-1,0.001429738593287766,0.000982626574113965,7.7051005363464355,0.00012752936440981233
trained,45,-1,0.0013071895809844136,0.016014544293284416,21.54585838317871,0.0007432771537098423
trained,45,-1,0.0013071895809844136,0.007178440690040588,12.866948127746582,0.000557897694058534
trained,45,-1,0.0013071895809844136,0.002794666215777397,11.001200675964355,0.0002540328367869191
trained,45,-1,0.0013071895809844136,0.000681285047903657,8.646620750427246,7.87920584894386e-05
trained,45,-1,0.0013071895809844136,0.0006915715057402849,8.2869291305542,8.34532906997402e-05
trained,45,-1,0.0013071895809844136,0.001088600605726242,8.18336009979248,0.00013302611548938773
trained,10107,-1,0.008496732451021671,0.0025337515398859978,7.171863079071045,0.0003532905622919657
trained,10107,-1,0.008496732451021671,0.0020378888584673405,7.126738548278809,0.0002859497152395909
trained,10107,-1,0.008496732451021671,0.001846612198278308,6.223851680755615,0.00029669926164662677
trained,10107,-1,0.008496732451021671,0.0027189264073967934,6.177804470062256,0.0004401120852193941
trained,10107,-1,0.008496732451021671,0.0022373409010469913,6.111215114593506,0.00036610409862749703
trained,10107,-1,0.008496732451021671,0.0017103049904108047,6.020013332366943,0.00028410318980777883
trained,14427,-1,0.01589052379131317,1.8267897758050822e-05,12.6926851272583,1.4392461149784153e-06
trained,14427,-1,0.01589052379131317,0.004856957122683525,11.80617904663086,0.00041139111167974026
trained,14427,-1,0.01589052379131317,0.0022896307054907084,11.673808097839355,0.00019613400240102322
trained,14427,-1,0.01589052379131317,0.0001538769865874201,11.59327220916748,1.327295553931189e-05
trained,14427,-1,0.01589052379131317,0.0019686208106577396,11.41716194152832,0.00017242645945987316
trained,14427,-1,0.01589052379131317,0.001910974970087409,11.322052955627441,0.00016878343332050837
trained,1491,-1,0.0011437908979132771,0.0620185025036335,34.49123001098633,0.001798094834074605
trained,1491,-1,0.0011437908979132771,0.21707038581371307,34.32637405395508,0.006323720223770686
trained,1491,-1,0.0011437908979132771,0.022004645317792892,33.967689514160156,0.000647811070830113
trained,1491,-1,0.0011437908979132771,0.15280546247959137,33.79299545288086,0.004521808748580903
trained,1491,-1,0.0011437908979132771,0.1854538768529892,31.397045135498047,0.005906730268808379
trained,1491,-1,0.0011437908979132771,0.1613989770412445,31.10110092163086,0.0051894940133450805
trained,3762,-1,0.009803921915590763,0.010909037664532661,12.28149127960205,0.0008882502471545248
trained,3762,-1,0.009803921915590763,0.0037413346581161022,11.195429801940918,0.0003341841022903362
trained,3762,-1,0.009803921915590763,0.00020634618704207242,10.796534538269043,1.9112261097360867e-05
trained,3762,-1,0.009803921915590763,0.006160189863294363,10.453108787536621,0.00058931653620971
trained,3762,-1,0.009803921915590763,0.0016222218982875347,8.97412395477295,0.0001807666025634452
trained,3762,-1,0.009803921915590763,0.0014821721706539392,8.51487922668457,0.00017406849013301286
trained,6812,-1,0.0006535947904922068,0.004199559334665537,28.54402732849121,0.00014712567663756923
trained,6812,-1,0.0006535947904922068,0.009128497913479805,15.77631950378418,0.000578620248613132
trained,6812,-1,0.0006535947904922068,0.0016933795996010303,12.5829439163208,0.00013457737798581616
trained,6812,-1,0.0006535947904922068,0.00047195551451295614,9.3682279586792,5.037831237611087e-05
trained,6812,-1,0.0006535947904922068,0.00016884304932318628,7.573376655578613,2.2294289192498443e-05
trained,6812,-1,0.0006535947904922068,0.0003825432504527271,6.844023704528809,5.5894495251322934e-05
trained,2425,-1,0.0037581699434667826,0.7902523279190063,22.182435989379883,0.03562513730671192
trained,2425,-1,0.0037581699434667826,0.39728879928588867,15.687509536743164,0.025325167028925906
trained,2425,-1,0.0037581699434667826,0.12244273722171783,15.465662002563477,0.007917070552907636
trained,2425,-1,0.0037581699434667826,0.07580170780420303,15.362936019897461,0.0049340638863579
trained,2425,-1,0.0037581699434667826,0.06138433516025543,15.357973098754883,0.003996903417237529
trained,2425,-1,0.0037581699434667826,0.0006865562754683197,14.833574295043945,4.628394086364642e-05
trained,16339,-1,0.006699346471577883,0.005399747751653194,13.24103832244873,0.00040780395163561405
trained,16339,-1,0.006699346471577883,0.001428410061635077,12.20822525024414,0.00011700390780441339
trained,16339,-1,0.006699346471577883,0.001531263580545783,10.872587203979492,0.00014083709349190806
trained,16339,-1,0.006699346471577883,0.00483342120423913,10.841622352600098,0.0004458208418484483
trained,16339,-1,0.006699346471577883,0.002371721202507615,10.48885440826416,0.00022611823085645443
trained,16339,-1,0.006699346471577883,0.010768909007310867,10.276678085327148,0.001047897863287799
trained,2157,-1,0.0006127451197244227,0.0005145660834386945,10.498180389404297,4.9014787739601104e-05
trained,2157,-1,0.0006127451197244227,0.0016979305073618889,8.758132934570312,0.00019386900382155388
trained,2157,-1,0.0006127451197244227,0.0035337908193469048,7.416787624359131,0.0004764584073758283
trained,2157,-1,0.0006127451197244227,0.001813226961530745,6.02764368057251,0.0003008185383245022
trained,2157,-1,0.0006127451197244227,0.0007910736021585763,5.682690143585205,0.0001392075904493164
trained,2157,-1,0.0006127451197244227,0.0009690095321275294,4.548784255981445,0.00021302604775184176
trained,5999,-1,0.008333333767950535,0.00010033532453235239,18.58928108215332,5.3974827799381405e-06
trained,5999,-1,0.008333333767950535,0.0014013061299920082,16.3219051361084,8.585432388599944e-05
trained,5999,-1,0.008333333767950535,0.0006552333943545818,15.760998725891113,4.157308846667237e-05
trained,5999,-1,0.008333333767950535,0.0038667451590299606,13.172709465026855,0.0002935421273274152
trained,5999,-1,0.008333333767950535,0.0011319888290017843,12.669722557067871,8.934598401054161e-05
trained,5999,-1,0.008333333767950535,0.0007456947932951152,11.494218826293945,6.487563918561205e-05
trained,14220,-1,0.0012254902394488454,0.0015174238942563534,12.946175575256348,0.00011721020508609214
trained,14220,-1,0.0012254902394488454,0.0028841206803917885,6.4680705070495605,0.00044590124322985977
trained,14220,-1,0.0012254902394488454,0.00011372758308425546,6.465734004974365,1.7589276483808332e-05
trained,14220,-1,0.0012254902394488454,0.001989261247217655,6.064942836761475,0.0003279934041851366
trained,14220,-1,0.0012254902394488454,0.00044892902951687574,5.9976887702941895,7.485033764011993e-05
trained,14220,-1,0.0012254902394488454,0.0029678125865757465,5.993022441864014,0.0004952113253980517
trained,8128,-1,0.013112745247781277,0.006332644261419773,13.761539459228516,0.00046016975645650526
trained,8128,-1,0.013112745247781277,0.0025578495115041733,10.491008758544922,0.00024381349500073631
trained,8128,-1,0.013112745247781277,0.003009168431162834,10.219892501831055,0.00029444227819653624
trained,8128,-1,0.013112745247781277,0.003948580008000135,9.785200119018555,0.00040352572864868236
trained,8128,-1,0.013112745247781277,0.0016203373670578003,9.59884262084961,0.0001688054936475645
trained,8128,-1,0.013112745247781277,0.0066620782017707825,9.279012680053711,0.0007179727446748375
trained,5693,-1,0.000735294132027775,8.28838674351573e-05,8.716574668884277,9.508765837919041e-06
trained,5693,-1,0.000735294132027775,0.0008668894879519939,8.176116943359375,0.00010602704119295648
trained,5693,-1,0.000735294132027775,0.0006409073248505592,6.615671634674072,9.687713662985243e-05
trained,5693,-1,0.000735294132027775,0.0011090436019003391,6.149144649505615,0.00018035737734507597
trained,5693,-1,0.000735294132027775,0.0004171566688455641,6.082512378692627,6.858295435729596e-05
trained,5693,-1,0.000735294132027775,0.002430780790746212,5.523122310638428,0.0004401098969081555
trained,14398,-1,0.010906863026320934,0.0022920826449990273,23.70344352722168,9.669829796530353e-05
trained,14398,-1,0.010906863026320934,0.003393499180674553,23.674219131469727,0.00014334154642353688
trained,14398,-1,0.010906863026320934,0.02903205342590809,22.9281005859375,0.0012662214786214924
trained,14398,-1,0.010906863026320934,0.004969589877873659,22.826576232910156,0.00021771069945692364
trained,14398,-1,0.010906863026320934,0.0010245791636407375,22.231264114379883,4.608731012187505e-05
trained,14398,-1,0.010906863026320934,0.041040338575839996,22.160648345947266,0.0018519466549517917
trained,11753,-1,0.0016748366178944707,2.4651520252227783,41.837188720703125,0.05892250652116351
trained,11753,-1,0.0016748366178944707,1.3753647804260254,41.22978973388672,0.03335852036362957
trained,11753,-1,0.0016748366178944707,1.1334056854248047,40.11579895019531,0.028253349430531195
trained,11753,-1,0.0016748366178944707,0.49202224612236023,36.88191223144531,0.013340475489306784
trained,11753,-1,0.0016748366178944707,0.000490622129291296,23.079511642456055,2.1257907744840195e-05
trained,11753,-1,0.0016748366178944707,0.005108748562633991,22.417200088500977,0.00022789414121590285
trained,11655,-1,0.0019607844296842813,1.2305023670196533,45.12703323364258,0.027267521900870353
trained,11655,-1,0.0019607844296842813,1.7836697101593018,44.54951858520508,0.04003791212126947
trained,11655,-1,0.0019607844296842813,2.5309455394744873,43.917049407958984,0.05763013621347271
trained,11655,-1,0.0019607844296842813,1.3125457763671875,43.17327880859375,0.030401809002885413
trained,11655,-1,0.0019607844296842813,3.373570203781128,43.09744644165039,0.07827772831851193
trained,11655,-1,0.0019607844296842813,2.9164927005767822,43.02935028076172,0.0677791479896162
trained,13690,-1,0.0006535947904922068,0.10002793371677399,8.864562034606934,0.011284024334904365
trained,13690,-1,0.0006535947904922068,0.000124099082313478,7.311921119689941,1.6972158244335705e-05
trained,13690,-1,0.0006535947904922068,0.0007401542970910668,7.15281343460083,0.00010347736647382191
trained,13690,-1,0.0006535947904922068,0.0001228258479386568,6.575124263763428,1.868038428042644e-05
trained,13690,-1,0.0006535947904922068,5.202548345550895e-05,6.371974945068359,8.16473446678796e-06
trained,13690,-1,0.0006535947904922068,0.005380620248615742,5.171709060668945,0.001040395000085286
trained,6949,-1,0.0005310457781888545,0.005024876445531845,8.71141529083252,0.0005768151646747673
trained,6949,-1,0.0005310457781888545,0.0038524772971868515,8.2496919631958,0.0004669843812803966
trained,6949,-1,0.0005310457781888545,0.027930717915296555,6.805583953857422,0.004104088364006641
trained,6949,-1,0.0005310457781888545,0.011247659102082253,6.214146614074707,0.0018100086464981227
trained,6949,-1,0.0005310457781888545,0.003237486584112048,5.324801921844482,0.0006080013175383246
trained,6949,-1,0.0005310457781888545,0.004175147041678429,5.302557945251465,0.0007873835769050572
trained,10884,-1,0.0026143791619688272,0.00023377046454697847,18.878437042236328,1.2382935304653069e-05
trained,10884,-1,0.0026143791619688272,0.005246438086032867,14.752366065979004,0.00035563367005458734
trained,10884,-1,0.0026143791619688272,0.0019714569207280874,12.155174255371094,0.00016219075755799598
trained,10884,-1,0.0026143791619688272,0.004495535045862198,11.81898307800293,0.0003803656385826567
trained,10884,-1,0.0026143791619688272,0.0034313697833567858,11.121349334716797,0.00030853898030568116
trained,10884,-1,0.0026143791619688272,0.0011284892680123448,10.654873847961426,0.00010591296378682666
trained,13106,-1,0.045588236302137375,0.010781312361359596,13.061654090881348,0.0008254170785985128
trained,13106,-1,0.045588236302137375,0.00012526946375146508,11.10008716583252,1.1285448652787198e-05
trained,13106,-1,0.045588236302137375,0.006782820448279381,10.629076957702637,0.0006381382386514789
trained,13106,-1,0.045588236302137375,0.0031793692614883184,10.448368072509766,0.0003042933824137967
trained,13106,-1,0.045588236302137375,0.001728763454593718,10.435397148132324,0.00016566340792339884
trained,13106,-1,0.045588236302137375,0.0005779089988209307,10.38802719116211,5.5632218532562386e-05
trained,9328,-1,0.011968954466283321,0.00031355145620182157,29.318931579589844,1.069450485774516e-05
trained,9328,-1,0.011968954466283321,0.0002676441799849272,25.702434539794922,1.041318399510114e-05
trained,9328,-1,0.011968954466283321,2.894715180445928e-05,21.220186233520508,1.3641327878043245e-06
trained,9328,-1,0.011968954466283321,0.000345618900610134,20.720806121826172,1.6679799935296812e-05
trained,9328,-1,0.011968954466283321,0.0017917933873832226,20.438993453979492,8.766544161862132e-05
trained,9328,-1,0.011968954466283321,0.03713233023881912,20.210376739501953,0.0018372903542289028
trained,8278,-1,0.007393790874630213,0.0021152058616280556,12.079127311706543,0.00017511247352928336
trained,8278,-1,0.007393790874630213,0.0013459270121529698,10.358479499816895,0.00012993480483084043
trained,8278,-1,0.007393790874630213,0.001678713597357273,10.04409408569336,0.0001671343958982229
trained,8278,-1,0.007393790874630213,0.00038387125823646784,9.049442291259766,4.2419327720032286e-05
trained,8278,-1,0.007393790874630213,3.162772554787807e-05,8.564491271972656,3.6928901604909065e-06
trained,8278,-1,0.007393790874630213,0.000907001260202378,7.8832573890686035,0.00011505412235557351
trained,1209,-1,0.001102941227145493,0.017821526154875755,11.30960750579834,0.001575786440487772
trained,1209,-1,0.001102941227145493,0.0115285599604249,10.67739200592041,0.0010797168404075201
trained,1209,-1,0.001102941227145493,0.00012191053247079253,9.831971168518066,1.2399398897867966e-05
trained,1209,-1,0.001102941227145493,0.00020339543698355556,9.290257453918457,2.1893412318489317e-05
trained,1209,-1,0.001102941227145493,0.0015979977324604988,9.052047729492188,0.00017653439091512007
trained,1209,-1,0.001102941227145493,0.0024684257805347443,8.975558280944824,0.00027501640602960935
trained,11875,-1,8.169934881152585e-05,0.0005395062617026269,5.7283196449279785,9.418228994611387e-05
trained,11875,-1,8.169934881152585e-05,0.002042429056018591,3.20168137550354,0.0006379238957522344
trained,14657,-1,0.008210784755647182,0.02095961757004261,16.54320526123047,0.0012669623110560168
trained,14657,-1,0.008210784755647182,0.010878515429794788,15.671772956848145,0.000694147079577309
trained,14657,-1,0.008210784755647182,0.0069331214763224125,15.395954132080078,0.0004503210010139014
trained,14657,-1,0.008210784755647182,0.04557971656322479,15.19466781616211,0.002999717869102938
trained,14657,-1,0.008210784755647182,0.006559180095791817,14.722060203552246,0.00044553411717533734
trained,14657,-1,0.008210784755647182,0.025593351572752,13.815520286560059,0.0018525072557455248
trained,15636,-1,0.007924837060272694,0.017536411061882973,27.384220123291016,0.0006403838043562827
trained,15636,-1,0.007924837060272694,0.0024609628599137068,16.13532066345215,0.0001525202325534189
trained,15636,-1,0.007924837060272694,0.0018561534816399217,12.73491096496582,0.0001457531573441121
trained,15636,-1,0.007924837060272694,0.0020449478179216385,12.30355167388916,0.00016620792695669063
trained,15636,-1,0.007924837060272694,0.0017727130325511098,11.953784942626953,0.0001482972164096454
trained,15636,-1,0.007924837060272694,0.0022381339222192764,11.803598403930664,0.00018961454343227786
trained,1292,-1,0.01413398701697588,0.0015757465735077858,29.65237045288086,5.314066125039575e-05
trained,1292,-1,0.01413398701697588,0.0017599714919924736,29.244037628173828,6.018223319125092e-05
trained,1292,-1,0.01413398701697588,0.005049182567745447,28.584884643554688,0.00017663819989855847
trained,1292,-1,0.01413398701697588,0.0033168585505336523,27.729480743408203,0.00011961488140459064
trained,1292,-1,0.01413398701697588,0.010359132662415504,27.5521240234375,0.00037598308767786473
trained,1292,-1,0.01413398701697588,0.004526458214968443,27.01731300354004,0.0001675391706930792
trained,12456,-1,0.0009803922148421407,0.0012496577110141516,8.352486610412598,0.00014961505109822867
trained,12456,-1,0.0009803922148421407,0.0005520799313671887,6.648617744445801,8.303679841248079e-05
trained,12456,-1,0.0009803922148421407,0.0019191218307241797,6.0258965492248535,0.00031847905370546855
trained,12456,-1,0.0009803922148421407,0.003402580274268985,5.864659309387207,0.0005801837915499507
trained,12456,-1,0.0009803922148421407,7.0134163252078e-05,5.599912166595459,1.2524154159138712e-05
trained,12456,-1,0.0009803922148421407,0.0005510178161785007,5.532739639282227,9.95922187023399e-05
trained,12330,-1,0.009354575537145138,0.0035001453943550587,10.938933372497559,0.00031997136056748023
trained,12330,-1,0.009354575537145138,0.0034608328714966774,10.617507934570312,0.0003259552893978352
trained,12330,-1,0.009354575537145138,0.0018554367125034332,10.216917991638184,0.0001816043462443347
trained,12330,-1,0.009354575537145138,0.0038967328146100044,10.11369514465332,0.0003852926906413667
trained,12330,-1,0.009354575537145138,0.006257982924580574,10.100584030151367,0.0006195664434749316
trained,12330,-1,0.009354575537145138,7.716490654274821e-05,9.769752502441406,7.898348143769777e-06
trained,8464,-1,0.02728758193552494,0.374027818441391,29.100746154785156,0.01285286007623169
trained,8464,-1,0.02728758193552494,0.0414431095123291,25.631122589111328,0.0016169057507428512
trained,8464,-1,0.02728758193552494,0.20628881454467773,24.19403648376465,0.008526432316620973
trained,8464,-1,0.02728758193552494,0.011225839145481586,24.004228591918945,0.00046766089993247186
trained,8464,-1,0.02728758193552494,0.1881238967180252,23.91926383972168,0.0078649534525229
trained,8464,-1,0.02728758193552494,0.012339899316430092,23.17999839782715,0.0005323511721030495
trained,5335,-1,0.011437908746302128,0.0023988450411707163,26.970020294189453,8.894487341885815e-05
trained,5335,-1,0.011437908746302128,0.007719483692198992,21.321533203125,0.00036205105977404954
trained,5335,-1,0.011437908746302128,0.0955771654844284,21.23937225341797,0.004499999545374866
trained,5335,-1,0.011437908746302128,0.0007554967887699604,18.080177307128906,4.178591702593937e-05
trained,5335,-1,0.011437908746302128,0.0014435501070693135,17.336511611938477,8.326646902109411e-05
trained,5335,-1,0.011437908746302128,0.006110712420195341,16.197710037231445,0.00037725779793251567
trained,13968,-1,0.03504902124404907,0.0025561093352735043,12.81609058380127,0.00019944532371706745
trained,13968,-1,0.03504902124404907,0.0012092500692233443,9.010340690612793,0.0001342069196654431
trained,13968,-1,0.03504902124404907,0.0005169985815882683,8.957609176635742,5.771613511971062e-05
trained,13968,-1,0.03504902124404907,0.0023374950978904963,8.859577178955078,0.00026383822282658717
trained,13968,-1,0.03504902124404907,0.002735880669206381,8.410304069519043,0.0003253010410315446
trained,13968,-1,0.03504902124404907,0.0002670603571459651,8.316584587097168,3.211178270949087e-05
trained,14529,-1,0.00518790865316987,0.006081824190914631,15.381608963012695,0.0003953958396380546
trained,14529,-1,0.00518790865316987,0.028127092868089676,11.513824462890625,0.002442897488905105
trained,14529,-1,0.00518790865316987,0.01209048368036747,11.250955581665039,0.0010746183817551068
trained,14529,-1,0.00518790865316987,0.0003868711646646261,10.687566757202148,3.619824544290411e-05
trained,14529,-1,0.00518790865316987,0.005171934608370066,10.308919906616211,0.0005016951004780573
trained,14529,-1,0.00518790865316987,0.0018818811513483524,10.30723762512207,0.000182578613183575
trained,7217,-1,0.017238562926650047,0.011129187420010567,27.497745513916016,0.00040473090473465634
trained,7217,-1,0.017238562926650047,0.0005943629657849669,26.713943481445312,2.2249166103005096e-05
trained,7217,-1,0.017238562926650047,0.06289498507976532,23.450349807739258,0.002682048907390211
trained,7217,-1,0.017238562926650047,0.002244005911052227,22.966278076171875,9.77087320640101e-05
trained,7217,-1,0.017238562926650047,0.004950035363435745,22.048391342163086,0.00022450777866817905
trained,7217,-1,0.017238562926650047,0.02221909537911415,21.897930145263672,0.0010146664653563134
trained,15088,-1,0.0020424837712198496,0.0005488611641339958,11.60741901397705,4.72853752822299e-05
trained,15088,-1,0.0020424837712198496,0.003992756828665733,9.956713676452637,0.0004010115142819158
trained,15088,-1,0.0020424837712198496,0.0008255173452198505,9.431746482849121,8.752539592969213e-05
trained,15088,-1,0.0020424837712198496,0.0012761987745761871,9.404801368713379,0.00013569651548640599
trained,15088,-1,0.0020424837712198496,0.00029796757735311985,9.164692878723145,3.251255457178328e-05
trained,15088,-1,0.0020424837712198496,0.0020033111795783043,8.928930282592773,0.0002243618346403512
trained,14155,-1,0.0016748366178944707,0.003907986916601658,14.20550537109375,0.00027510368793734534
trained,14155,-1,0.0016748366178944707,0.0007254616357386112,8.989524841308594,8.070077657552884e-05
trained,14155,-1,0.0016748366178944707,0.0013740276917815208,8.102336883544922,0.00016958412264639857
trained,14155,-1,0.0016748366178944707,0.0005939067341387272,8.028369903564453,7.397600525046102e-05
trained,14155,-1,0.0016748366178944707,0.0004086225526407361,7.25123929977417,5.635209868931813e-05
trained,14155,-1,0.0016748366178944707,0.016893163323402405,7.206085681915283,0.002344291210108457
trained,8993,-1,0.00020424836839083582,0.0017513034399598837,15.774951934814453,0.00011101798897370033
trained,8993,-1,0.00020424836839083582,0.0023035623598843813,4.776895999908447,0.000482229958518781
trained,8993,-1,0.00020424836839083582,0.00010935560567304492,3.302420139312744,3.3113777490408155e-05
trained,8993,-1,0.00020424836839083582,5.983762093819678e-05,3.271500825881958,1.8290571857662687e-05
trained,8993,-1,0.00020424836839083582,0.00011549581540748477,3.1354401111602783,3.6835599250130544e-05
trained,10238,-1,0.0073120915330946445,0.002459950279444456,10.35578441619873,0.00023754359694824772
trained,10238,-1,0.0073120915330946445,0.00020957164815627038,9.014192581176758,2.3249075973137446e-05
trained,10238,-1,0.0073120915330946445,0.0014544896548613906,8.994443893432617,0.00016170979241122407
trained,10238,-1,0.0073120915330946445,0.0007179699605330825,7.8324408531188965,9.166618350487576e-05
trained,10238,-1,0.0073120915330946445,0.0005478074308484793,7.816055774688721,7.008745160474447e-05
trained,10238,-1,0.0073120915330946445,1.7239763110410422e-05,7.759806156158447,2.2216744546805924e-06
trained,4505,-1,0.01846405304968357,0.0007656754460185766,15.049070358276367,5.087858769943797e-05
trained,4505,-1,0.01846405304968357,0.0012525515630841255,12.741177558898926,9.830736266674941e-05
trained,4505,-1,0.01846405304968357,0.0020643211901187897,12.045930862426758,0.00017137083166878764
trained,4505,-1,0.01846405304968357,0.002126624807715416,12.007935523986816,0.0001771016177982728
trained,4505,-1,0.01846405304968357,0.00017401203513145447,11.389935493469238,1.5277701548988535e-05
trained,4505,-1,0.01846405304968357,0.00061945675406605,11.170541763305664,5.545449515268059e-05
trained,806,-1,0.001062091556377709,0.0036464035511016846,9.425568580627441,0.00038686298019158336
trained,806,-1,0.001062091556377709,0.0010322383604943752,7.895455837249756,0.00013073828563822825
trained,806,-1,0.001062091556377709,0.00035951321478933096,7.507084369659424,4.7889859376342815e-05
trained,806,-1,0.001062091556377709,0.00035478666541166604,7.265876293182373,4.8829164039658237e-05
trained,806,-1,0.001062091556377709,0.0021961452439427376,5.821365833282471,0.0003772560094723347
trained,806,-1,0.001062091556377709,0.0014555855887010694,5.650451183319092,0.00025760519673157395
trained,1093,-1,4.0849674405762926e-05,0.00025784765603020787,3.7782785892486572,6.82447442504453e-05
trained,1180,-1,0.010416666977107525,0.004045803565531969,10.344682693481445,0.0003910998225282806
trained,1180,-1,0.010416666977107525,0.0047844890505075455,8.88673210144043,0.0005383856513163077
trained,1180,-1,0.010416666977107525,0.0015892698429524899,8.81421947479248,0.00018030749602929614
trained,1180,-1,0.010416666977107525,0.00043650518637150526,8.717324256896973,5.0073299272555e-05
trained,1180,-1,0.010416666977107525,0.0060334959998726845,8.165736198425293,0.0007388796127207984
trained,1180,-1,0.010416666977107525,0.0003279229858890176,7.939332008361816,4.130359903624694e-05
trained,7148,-1,0.00147058826405555,0.0007347166538238525,6.334896564483643,0.0001159792660140678
trained,7148,-1,0.00147058826405555,0.0017526650335639715,5.347177982330322,0.000327773834975314
trained,7148,-1,0.00147058826405555,6.0611860135395546e-06,4.895920276641846,1.2380074982954941e-06
trained,7148,-1,0.00147058826405555,0.0005417558131739497,4.525703430175781,0.00011970643271976564
trained,7148,-1,0.00147058826405555,0.001145708141848445,4.490681171417236,0.00025513014576513906
trained,7148,-1,0.00147058826405555,0.00010537687921896577,4.3965020179748535,2.39683454683151e-05
trained,15393,-1,0.0020424837712198496,0.022374765947461128,19.214418411254883,0.0011644779180178082
trained,15393,-1,0.0020424837712198496,0.01857888326048851,15.478132247924805,0.001200331084067293
trained,15393,-1,0.0020424837712198496,0.024589264765381813,14.2322416305542,0.0017277155211160025
trained,15393,-1,0.0020424837712198496,0.02933027222752571,14.102444648742676,0.002079800556433362
trained,15393,-1,0.0020424837712198496,0.017650358378887177,12.778495788574219,0.0013812547791946757
trained,15393,-1,0.0020424837712198496,0.01841348223388195,12.465259552001953,0.001477184021485112
trained,9275,-1,8.169934881152585e-05,0.0006145178340375423,3.917473316192627,0.00015686586338634954
trained,9275,-1,8.169934881152585e-05,0.002037022029981017,3.178553581237793,0.000640864461749221
trained,2819,-1,0.005841503385454416,0.0008884845301508904,9.112473487854004,9.750201537871682e-05
trained,2819,-1,0.005841503385454416,0.0028053815476596355,8.009794235229492,0.0003502438970680072
trained,2819,-1,0.005841503385454416,0.00047009059926494956,7.92477560043335,5.931910541911668e-05
trained,2819,-1,0.005841503385454416,0.00033816415816545486,7.357410907745361,4.5962385736735134e-05
trained,2819,-1,0.005841503385454416,7.674575317651033e-05,7.201364040374756,1.0657113394939068e-05
trained,2819,-1,0.005841503385454416,0.007729370146989822,6.984043598175049,0.0011067184845480532
trained,16355,-1,8.169934881152585e-05,0.003122847992926836,6.311744689941406,0.0004947677934285751
trained,16355,-1,8.169934881152585e-05,0.0003230590373277664,3.444664478302002,9.378534233529001e-05
trained,11954,-1,0.0006535947904922068,8.096725650830194e-05,8.41811466217041,9.618217351226535e-06
trained,11954,-1,0.0006535947904922068,0.0030943374149501324,6.937448024749756,0.00044603396002548785
trained,11954,-1,0.0006535947904922068,5.6047894759103656e-05,5.740787029266357,9.76310294622901e-06
trained,11954,-1,0.0006535947904922068,0.00012729641457553953,5.2482380867004395,2.4255076174634946e-05
trained,11954,-1,0.0006535947904922068,0.008194195106625557,5.156660556793213,0.0015890507076000567
trained,11954,-1,0.0006535947904922068,0.000974658876657486,5.148316860198975,0.00018931602368775274
trained,275,-1,0.001102941227145493,3.166327951475978e-05,12.4283447265625,2.547666661280113e-06
trained,275,-1,0.001102941227145493,0.005272767506539822,9.331267356872559,0.0005650644553289306
trained,275,-1,0.001102941227145493,0.0004806984215974808,7.774443626403809,6.183058810342617e-05
trained,275,-1,0.001102941227145493,1.8083783288602717e-05,6.5246100425720215,2.771626682760957e-06
trained,275,-1,0.001102941227145493,0.0022836781572550535,5.3844122886657715,0.00042412765494615135
trained,275,-1,0.001102941227145493,2.951250280602835e-06,4.96058988571167,5.94939381927848e-07
trained,15135,-1,0.00012254902685526758,1.3512644727597944e-06,5.58322811126709,2.420220785951607e-07
trained,15135,-1,0.00012254902685526758,0.0001035247987601906,4.845199108123779,2.1366469457697646e-05
trained,15135,-1,0.00012254902685526758,0.00069767190143466,4.137965679168701,0.0001686026312269509
trained,15458,-1,0.00947712454944849,0.0018996623111888766,9.804733276367188,0.00019374951440726313
trained,15458,-1,0.00947712454944849,0.0017202196177095175,9.759637832641602,0.00017625855049212545
trained,15458,-1,0.00947712454944849,0.000658011413179338,9.462432861328125,6.95393481594522e-05
trained,15458,-1,0.00947712454944849,0.002201719908043742,8.971588134765625,0.00024541027463263727
trained,15458,-1,0.00947712454944849,0.0002180449664592743,8.917485237121582,2.445139640395476e-05
trained,15458,-1,0.00947712454944849,0.003561300691217184,8.799381256103516,0.0004047217170806139
trained,473,-1,0.010008170269429684,0.0015956386923789978,12.585021018981934,0.000126788718904188
trained,473,-1,0.010008170269429684,0.0017906269058585167,12.567193984985352,0.00014248422583417326
trained,473,-1,0.010008170269429684,0.007279346231371164,12.273477554321289,0.0005930956568057785
trained,473,-1,0.010008170269429684,0.005233237985521555,12.075640678405762,0.00043337145621431757
trained,473,-1,0.010008170269429684,0.0009374668006785214,11.789168357849121,7.951933268086418e-05
trained,473,-1,0.010008170269429684,0.000846383161842823,11.613431930541992,7.287967647331987e-05
trained,15794,-1,0.0026143791619688272,0.0020044678822159767,8.434110641479492,0.00023766203307292133
trained,15794,-1,0.0026143791619688272,0.002436451381072402,8.348876953125,0.00029182983468937503
trained,15794,-1,0.0026143791619688272,0.0018446745816618204,7.874990940093994,0.00023424466081224505
trained,15794,-1,0.0026143791619688272,0.00035738549195230007,7.651157855987549,4.6709988040910924e-05
trained,15794,-1,0.0026143791619688272,0.005672965198755264,6.8813581466674805,0.0008243961552128456
trained,15794,-1,0.0026143791619688272,0.0024214466102421284,6.48653507232666,0.0003733035562503446
trained,15232,-1,0.004084967542439699,0.005822193808853626,11.609118461608887,0.000501519028176644
trained,15232,-1,0.004084967542439699,0.009957928210496902,10.40441608428955,0.0009570866956708089
trained,15232,-1,0.004084967542439699,0.0059904782101511955,9.723799705505371,0.0006160635133979094
trained,15232,-1,0.004084967542439699,0.013381271623075008,9.544215202331543,0.0014020295372013528
trained,15232,-1,0.004084967542439699,0.010743326507508755,9.460684776306152,0.0011355759928092012
trained,15232,-1,0.004084967542439699,0.009757147170603275,9.448290824890137,0.0010326891235078732
trained,664,-1,4.0849674405762926e-05,0.00022478551545646042,4.557528018951416,4.9321806585004487e-05
trained,3756,-1,0.006004902068525553,0.0015894845128059387,10.819846153259277,0.00014690453914884327
trained,3756,-1,0.006004902068525553,9.764428250491619e-05,9.075179100036621,1.0759488207182839e-05
trained,3756,-1,0.006004902068525553,0.002209324622526765,8.919855117797852,0.00024768615558771616
trained,3756,-1,0.006004902068525553,0.0010015666484832764,8.905916213989258,0.00011246082092149406
trained,3756,-1,0.006004902068525553,0.0015412551583722234,8.72961139678955,0.00017655484171254677
trained,3756,-1,0.006004902068525553,0.00191425159573555,8.706038475036621,0.00021987630783213346
trained,10814,-1,0.012173202820122242,0.0009009488858282566,22.17314338684082,4.0632438536565195e-05
trained,10814,-1,0.012173202820122242,0.001286013051867485,18.98046112060547,6.775457370060258e-05
trained,10814,-1,0.012173202820122242,0.003532741218805313,18.1366024017334,0.0001947851720269102
trained,10814,-1,0.012173202820122242,0.0006713286857120693,17.262088775634766,3.889035066600061e-05
trained,10814,-1,0.012173202820122242,0.0008707344532012939,17.052602767944336,5.1061674575456005e-05
trained,10814,-1,0.012173202820122242,0.004383065737783909,17.05228614807129,0.00025703683950199595
trained,5470,-1,0.002165032783523202,0.0807437151670456,41.16085433959961,0.001961662760954029
trained,5470,-1,0.002165032783523202,0.4670133590698242,41.05971908569336,0.011374002781050394
trained,5470,-1,0.002165032783523202,0.11239320784807205,40.7822265625,0.0027559360368867073
trained,5470,-1,0.002165032783523202,0.08073704689741135,37.45035934448242,0.002155841714488285
trained,5470,-1,0.002165032783523202,0.03197222203016281,36.6492805480957,0.0008723833470129085
trained,5470,-1,0.002165032783523202,0.025712084025144577,36.000579833984375,0.0007142130527817914
trained,10173,-1,8.169934881152585e-05,0.0025963149964809418,3.8487372398376465,0.0006745887896962443
trained,10173,-1,8.169934881152585e-05,0.00024002371355891228,3.722752332687378,6.447480039201107e-05
trained,11619,-1,0.0004901961074210703,0.00208524102345109,22.665433883666992,9.200093120448674e-05
trained,11619,-1,0.0004901961074210703,0.002016665879637003,15.948856353759766,0.00012644579867706918
trained,11619,-1,0.0004901961074210703,0.0016355803236365318,12.543635368347168,0.0001303912522651754
trained,11619,-1,0.0004901961074210703,0.0010994719341397285,9.022069931030273,0.00012186470982210338
trained,11619,-1,0.0004901961074210703,0.0019233482889831066,6.024872303009033,0.00031923469780803797
trained,11619,-1,0.0004901961074210703,0.0004053490119986236,5.818522930145264,6.966527705829695e-05
trained,14582,-1,0.0003267973952461034,0.0031679156236350536,10.014254570007324,0.0003163406323944426
trained,14582,-1,0.0003267973952461034,0.0007042892975732684,4.787668704986572,0.00014710485227177885
trained,14582,-1,0.0003267973952461034,0.007119626738131046,4.629600524902344,0.0015378490433105407
trained,14582,-1,0.0003267973952461034,0.008637349121272564,4.246074199676514,0.002034196463625294
trained,14582,-1,0.0003267973952461034,0.0013315510004758835,4.207293510437012,0.00031648635807621017
trained,14582,-1,0.0003267973952461034,0.0008659623563289642,3.5892319679260254,0.00024126675680684562
trained,8415,-1,0.003594771260395646,0.0004395577125251293,8.088747024536133,5.434187905639647e-05
trained,8415,-1,0.003594771260395646,0.0003697091597132385,6.289146423339844,5.878526827443538e-05
trained,8415,-1,0.003594771260395646,0.0014577147085219622,6.24290132522583,0.00023349955935259492
trained,8415,-1,0.003594771260395646,0.00012475618859753013,5.979183197021484,2.0865088840174208e-05
trained,8415,-1,0.003594771260395646,2.864659472834319e-05,5.786104202270508,4.950929628453989e-06
trained,8415,-1,0.003594771260395646,7.395976354018785e-06,5.017320156097412,1.4740889805548202e-06
trained,6660,-1,0.0008169934735633433,0.0004198032256681472,7.686135292053223,5.4618245674414065e-05
trained,6660,-1,0.0008169934735633433,0.00016857689479365945,6.544333457946777,2.5759215339028407e-05
trained,6660,-1,0.0008169934735633433,0.002117535099387169,6.283297538757324,0.0003370101584917087
trained,6660,-1,0.0008169934735633433,0.0023833652958273888,6.00834321975708,0.000396675956857829
trained,6660,-1,0.0008169934735633433,0.00046498060692101717,4.590300559997559,0.00010129633143701259
trained,6660,-1,0.0008169934735633433,0.003133459249511361,4.131714820861816,0.0007583919475008119
trained,13325,-1,0.0005718954489566386,0.0007130887825042009,4.84760856628418,0.00014710114745316625
trained,13325,-1,0.0005718954489566386,0.00021243916125968099,4.790251731872559,4.434822492650847e-05
trained,13325,-1,0.0005718954489566386,0.00016575868357904255,4.438102722167969,3.7348996622158195e-05
trained,13325,-1,0.0005718954489566386,0.0013094376772642136,4.31227970123291,0.000303653234016763
trained,13325,-1,0.0005718954489566386,0.0015916012926027179,4.054612159729004,0.0003925409459407074
trained,13325,-1,0.0005718954489566386,0.0007496181642636657,3.703230857849121,0.00020242274733556646
trained,4625,-1,0.005106209311634302,0.0030705928802490234,9.856476783752441,0.00031153047357760055
trained,4625,-1,0.005106209311634302,0.00016193294140975922,8.920646667480469,1.8152601200995137e-05
trained,4625,-1,0.005106209311634302,0.00419600959867239,7.97551155090332,0.0005261116571509627
trained,4625,-1,0.005106209311634302,0.0022692643105983734,7.79066276550293,0.00029128000773524435
trained,4625,-1,0.005106209311634302,0.003919776063412428,7.478305339813232,0.0005241529845731496
trained,4625,-1,0.005106209311634302,0.0015306086279451847,7.403060436248779,0.0002067534962230786
trained,6750,-1,0.00637254910543561,0.02110150456428528,27.998199462890625,0.0007536736279150248
trained,6750,-1,0.00637254910543561,0.01678464747965336,23.073352813720703,0.0007274472685076037
trained,6750,-1,0.00637254910543561,0.016952263191342354,22.200632095336914,0.0007635937174465883
trained,6750,-1,0.00637254910543561,0.019681725651025772,21.321321487426758,0.0009231006465819738
trained,6750,-1,0.00637254910543561,0.007209079340100288,16.64029884338379,0.00043323016058492426
trained,6750,-1,0.00637254910543561,0.00408208230510354,16.341215133666992,0.00024980286176475513
trained,5147,-1,0.0006944444612599909,0.00618390366435051,9.259759902954102,0.000667825486746982
trained,5147,-1,0.0006944444612599909,0.007310346234589815,8.786253929138184,0.0008320208240677224
trained,5147,-1,0.0006944444612599909,0.0012693300377577543,7.843808650970459,0.00016182572704660626
trained,5147,-1,0.0006944444612599909,0.0013486862881109118,7.34197473526001,0.00018369530497480653
trained,5147,-1,0.0006944444612599909,0.0006938399747014046,6.388974189758301,0.00010859958955753006
trained,5147,-1,0.0006944444612599909,0.010635122656822205,6.280322074890137,0.0016934040213229427
trained,8160,-1,0.00147058826405555,0.0027198013849556446,8.748610496520996,0.0003108838124679583
trained,8160,-1,0.00147058826405555,0.0008011898025870323,7.904982089996338,0.00010135251332206415
trained,8160,-1,0.00147058826405555,0.0014036865904927254,7.742608547210693,0.00018129375674021505
trained,8160,-1,0.00147058826405555,0.000741682481020689,7.115234851837158,0.00010423865079157382
trained,8160,-1,0.00147058826405555,0.0002937771496362984,7.036220073699951,4.1752126363184886e-05
trained,8160,-1,0.00147058826405555,0.0003764457069337368,6.624694347381592,5.68246151737592e-05
trained,10085,-1,0.002124183112755418,0.005807289853692055,20.19270133972168,0.0002875935099514574
trained,10085,-1,0.002124183112755418,0.0019390020752325654,9.387557983398438,0.00020655021025293497
trained,10085,-1,0.002124183112755418,0.0017835604958236217,8.443787574768066,0.00021122754214628766
trained,10085,-1,0.002124183112755418,0.0002854051999747753,7.118087291717529,4.009577127648706e-05
trained,10085,-1,0.002124183112755418,0.0008023229893296957,6.809512615203857,0.0001178238494688032
trained,10085,-1,0.002124183112755418,0.0003727432631421834,6.714350700378418,5.5514416773192344e-05
trained,13604,-1,0.00567810470238328,0.008737021125853062,17.002634048461914,0.000513862799196306
trained,13604,-1,0.00567810470238328,0.0009572802227921784,16.075624465942383,5.954855594072008e-05
trained,13604,-1,0.00567810470238328,0.009926525875926018,15.608623504638672,0.0006359642074123953
trained,13604,-1,0.00567810470238328,0.016717975959181786,14.815374374389648,0.001128420756486656
trained,13604,-1,0.00567810470238328,0.00077067781239748,14.433381080627441,5.339551475100229e-05
trained,13604,-1,0.00567810470238328,0.0011031702160835266,13.70303726196289,8.050552552649945e-05
trained,783,-1,0.02389705926179886,0.004171119071543217,15.626749038696289,0.0002669217417656312
trained,783,-1,0.02389705926179886,0.000652504968456924,15.311237335205078,4.261608347985185e-05
trained,783,-1,0.02389705926179886,9.79808610281907e-05,15.201169967651367,6.445613149296894e-06
trained,783,-1,0.02389705926179886,0.0020415540784597397,14.747777938842773,0.00013843130042544809
trained,783,-1,0.02389705926179886,0.002384902909398079,14.708621978759766,0.0001621431914452651
trained,783,-1,0.02389705926179886,1.5074551811267156e-06,14.223028182983398,1.0598693623698595e-07
trained,840,-1,0.0005310457781888545,1.586527650943026e-05,5.002541542053223,3.171443230618047e-06
trained,840,-1,0.0005310457781888545,0.00012659218918997794,4.757266044616699,2.661028162030776e-05
trained,840,-1,0.0005310457781888545,0.0016142537351697683,4.56756591796875,0.000353416625870535
trained,840,-1,0.0005310457781888545,0.001039921771734953,4.181497573852539,0.0002486960122224445
trained,840,-1,0.0005310457781888545,0.0009844598826020956,4.045385360717773,0.00024335379570054674
trained,840,-1,0.0005310457781888545,0.00022717309184372425,3.7922403812408447,5.990471832099204e-05
trained,9750,-1,0.002165032783523202,0.0029148911125957966,23.530378341674805,0.00012387778344529268
trained,9750,-1,0.002165032783523202,0.005190308205783367,19.0382080078125,0.000272625879686443
trained,9750,-1,0.002165032783523202,0.004211479797959328,19.037845611572266,0.00022121619661624712
trained,9750,-1,0.002165032783523202,0.001195390708744526,10.4561185836792,0.00011432451718847122
trained,9750,-1,0.002165032783523202,0.0003852199297398329,8.704925537109375,4.425309878845351e-05
trained,9750,-1,0.002165032783523202,0.002106186468154192,7.953796863555908,0.0002648026476266554
trained,15084,-1,0.016993464902043343,0.002748783677816391,18.83790397644043,0.00014591770301272103
trained,15084,-1,0.016993464902043343,0.0032631708309054375,18.242412567138672,0.0001788782497323635
trained,15084,-1,0.016993464902043343,0.001972753321751952,16.37957763671875,0.00012043981630695731
trained,15084,-1,0.016993464902043343,0.003591144923120737,15.917045593261719,0.00022561629933641724
trained,15084,-1,0.016993464902043343,0.0016867691883817315,15.846016883850098,0.00010644751931956154
trained,15084,-1,0.016993464902043343,0.0016220733523368835,15.693073272705078,0.00010336237677282445
trained,8599,-1,0.0012663399102166295,0.10058651864528656,40.51213455200195,0.002482873829226951
trained,8599,-1,0.0012663399102166295,0.10010336339473724,39.55398178100586,0.002530803698827805
trained,8599,-1,0.0012663399102166295,0.26126986742019653,39.257450103759766,0.006655293880006083
trained,8599,-1,0.0012663399102166295,0.01846735179424286,37.253875732421875,0.000495716255857127
trained,8599,-1,0.0012663399102166295,0.34478867053985596,37.11381530761719,0.009290035736883457
trained,8599,-1,0.0012663399102166295,0.0459105409681797,36.730712890625,0.0012499224043075333
trained,9223,-1,0.0009395424858666956,0.02235325053334236,46.49742126464844,0.0004807417255704314
trained,9223,-1,0.0009395424858666956,0.2088710218667984,45.6473388671875,0.004575754623385951
trained,9223,-1,0.0009395424858666956,0.0950811430811882,42.991844177246094,0.0022116088504877617
trained,9223,-1,0.0009395424858666956,0.0014327112585306168,41.19639205932617,3.477759063141732e-05
trained,9223,-1,0.0009395424858666956,0.03467469662427902,40.753807067871094,0.0008508333115120272
trained,9223,-1,0.0009395424858666956,0.0008269790560007095,9.64949893951416,8.570176142662459e-05
trained,14097,-1,0.001062091556377709,0.0807633176445961,41.90166473388672,0.0019274489010762663
trained,14097,-1,0.001062091556377709,0.023230481892824173,38.56828308105469,0.0006023208718937071
trained,14097,-1,0.001062091556377709,0.036798641085624695,35.56022644042969,0.0010348258368733842
trained,14097,-1,0.001062091556377709,0.018617447465658188,34.54859161376953,0.0005388771754805224
trained,14097,-1,0.001062091556377709,0.4640807509422302,33.0743408203125,0.014031443694176863
trained,14097,-1,0.001062091556377709,0.03149278461933136,29.45976448059082,0.0010690100608265205
trained,14605,-1,0.0015522876055911183,0.005829118192195892,28.8723087310791,0.00020189304036920464
trained,14605,-1,0.0015522876055911183,0.014751127921044827,26.00496482849121,0.0005672427560787697
trained,14605,-1,0.0015522876055911183,0.03457801043987274,19.45003890991211,0.0017777861833608534
trained,14605,-1,0.0015522876055911183,0.004524553660303354,18.213943481445312,0.000248411535091923
trained,14605,-1,0.0015522876055911183,0.010457294061779976,16.851469039916992,0.0006205568213079355
trained,14605,-1,0.0015522876055911183,0.009233688935637474,15.9575834274292,0.0005786395526383935
trained,8374,-1,0.014665032736957073,9.131386468652636e-05,16.8463134765625,5.4204063585523995e-06
trained,8374,-1,0.014665032736957073,0.00018663040827959776,14.416977882385254,1.2945182395516043e-05
trained,8374,-1,0.014665032736957073,0.0020988350734114647,13.091135025024414,0.0001603249121943535
trained,8374,-1,0.014665032736957073,0.0005690602120012045,12.711722373962402,4.4766570198765386e-05
trained,8374,-1,0.014665032736957073,9.266030974686146e-05,12.118249893188477,7.646344196858385e-06
trained,8374,-1,0.014665032736957073,0.004244751296937466,10.959012985229492,0.0003873297077627814
trained,6287,-1,0.012826797552406788,0.020628316327929497,18.65233039855957,0.001105937750787565
trained,6287,-1,0.012826797552406788,0.017099250108003616,18.50187873840332,0.0009241899349665315
trained,6287,-1,0.012826797552406788,0.012043925002217293,16.997615814208984,0.0007085655502431874
trained,6287,-1,0.012826797552406788,0.0032737022265791893,16.48661231994629,0.00019856730801017915
trained,6287,-1,0.012826797552406788,0.002469545230269432,16.2628173828125,0.00015185223889185355
trained,6287,-1,0.012826797552406788,0.0020133964717388153,15.952570915222168,0.00012621141021335966
trained,12205,-1,0.0008986928150989115,0.0025667338632047176,9.617154121398926,0.00026689120615146764
trained,12205,-1,0.0008986928150989115,0.002474233042448759,8.655733108520508,0.000285849044954168
trained,12205,-1,0.0008986928150989115,0.0015868153423070908,7.233040809631348,0.00021938426507895885
trained,12205,-1,0.0008986928150989115,0.00017932720948010683,6.188902378082275,2.8975608035955816e-05
trained,12205,-1,0.0008986928150989115,0.0022731530480086803,5.887223243713379,0.0003861163325912683
trained,12205,-1,0.0008986928150989115,0.0011052766349166632,5.199086666107178,0.0002125905386655615
trained,549,-1,0.00776143791154027,0.00533007038757205,23.111099243164062,0.0002306281640475673
trained,549,-1,0.00776143791154027,0.01858658157289028,20.238239288330078,0.0009183892584770362
trained,549,-1,0.00776143791154027,0.004657953977584839,18.83466148376465,0.0002473075495198023
trained,549,-1,0.00776143791154027,0.0030529415234923363,17.00473976135254,0.00017953473951015105
trained,549,-1,0.00776143791154027,0.0011143293231725693,15.813029289245605,7.046906084784282e-05
trained,549,-1,0.00776143791154027,0.0034803489688783884,15.22153377532959,0.000228646404511429
trained,12327,-1,0.03443627431988716,0.0017502170521765947,18.932334899902344,9.2445916545963e-05
trained,12327,-1,0.03443627431988716,0.004898744635283947,17.628742218017578,0.00027788395647859385
trained,12327,-1,0.03443627431988716,0.006782089360058308,17.417150497436523,0.0003893914427079506
trained,12327,-1,0.03443627431988716,0.0017664352199062705,17.218177795410156,0.00010259129862029584
trained,12327,-1,0.03443627431988716,0.003523827064782381,17.208213806152344,0.0002047758764783902
trained,12327,-1,0.03443627431988716,0.003953187260776758,17.105960845947266,0.000231099983004658
trained,12335,-1,0.0010212418856099248,0.0007257391698658466,4.2591376304626465,0.00017039580141180215
trained,12335,-1,0.0010212418856099248,9.032937668962404e-07,4.14284610748291,2.180370072797754e-07
trained,12335,-1,0.0010212418856099248,0.0009343036217615008,4.074580669403076,0.00022930055815985987
trained,12335,-1,0.0010212418856099248,0.00016447436064481735,3.995724678039551,4.1162585988160356e-05
trained,12335,-1,0.0010212418856099248,0.00018193040159530938,3.6443285942077637,4.992151418081964e-05
trained,12335,-1,0.0010212418856099248,0.0014524860307574272,3.6255929470062256,0.0004006202714942928
trained,9921,-1,0.010825163684785366,0.0025798408314585686,17.962888717651367,0.0001436205986692702
trained,9921,-1,0.010825163684785366,0.00011850619921460748,16.033143997192383,7.39132631973863e-06
trained,9921,-1,0.010825163684785366,0.00030619880999438465,14.458202362060547,2.1178207520312088e-05
trained,9921,-1,0.010825163684785366,0.0014851276064291596,12.404794692993164,0.0001197220625721466
trained,9921,-1,0.010825163684785366,0.0016853520646691322,12.259547233581543,0.00013747261889514073
trained,9921,-1,0.010825163684785366,0.0034740890841931105,12.202860832214355,0.000284694641032196
trained,7828,-1,0.007679738570004702,0.002001480432227254,12.992947578430176,0.00015404360097241886
trained,7828,-1,0.007679738570004702,0.0013128933496773243,11.559972763061523,0.0001135723566644131
trained,7828,-1,0.007679738570004702,0.0002535886305849999,10.580856323242188,2.3966739821233603e-05
trained,7828,-1,0.007679738570004702,0.002410374814644456,10.042680740356445,0.00024001308783603773
trained,7828,-1,0.007679738570004702,0.00830555334687233,10.019678115844727,0.0008289241681065834
trained,7828,-1,0.007679738570004702,0.0023684310726821423,9.997673034667969,0.00023689823266567748
trained,10439,-1,0.004575163591653109,0.01489839144051075,20.953519821166992,0.0007110209438635973
trained,10439,-1,0.004575163591653109,0.022068602964282036,15.651483535766602,0.0014100007142358807
trained,10439,-1,0.004575163591653109,0.004790067207068205,13.739710807800293,0.0003486294052381942
trained,10439,-1,0.004575163591653109,0.01167631708085537,13.627168655395508,0.0008568410192995063
trained,10439,-1,0.004575163591653109,0.0009162825881503522,11.292075157165527,8.114386199147052e-05
trained,10439,-1,0.004575163591653109,0.0017642149468883872,10.062363624572754,0.00017532808520058778
trained,15854,-1,0.0017156862886622548,0.0003325309371575713,8.621683120727539,3.8569143924824596e-05
trained,15854,-1,0.0017156862886622548,0.021734803915023804,8.434713363647461,0.0025768278040956363
trained,15854,-1,0.0017156862886622548,0.0009447531192563474,8.03868293762207,0.00011752585922188587
trained,15854,-1,0.0017156862886622548,0.00026897210045717657,7.964724063873291,3.3770422967594174e-05
trained,15854,-1,0.0017156862886622548,0.003245084546506405,7.4906392097473145,0.0004332186420464206
trained,15854,-1,0.0017156862886622548,0.0031647169962525368,7.3158087730407715,0.0004325860741350599
trained,11373,-1,0.0002859477244783193,0.002694079652428627,5.653558254241943,0.0004765281494017014
trained,11373,-1,0.0002859477244783193,0.000799044850282371,4.312085151672363,0.00018530358798051012
trained,11373,-1,0.0002859477244783193,0.0010991590097546577,4.263093948364258,0.0002578312894503306
trained,11373,-1,0.0002859477244783193,0.0003994834260083735,3.288802146911621,0.00012146775882626809
trained,11373,-1,0.0002859477244783193,0.0003778887912631035,3.241098403930664,0.00011659281643680312
trained,11373,-1,0.0002859477244783193,1.5219506167341024e-05,3.1821601390838623,4.782759352809532e-06
trained,10502,-1,0.0002859477244783193,0.001986369490623474,5.617249011993408,0.0003536196252618265
trained,10502,-1,0.0002859477244783193,1.1356569302733988e-05,4.456117630004883,2.548534452112644e-06
trained,10502,-1,0.0002859477244783193,0.001969159347936511,3.9840989112854004,0.0004942546336785589
trained,10502,-1,0.0002859477244783193,0.0012258526403456926,3.8636889457702637,0.0003172751889583873
trained,10502,-1,0.0002859477244783193,0.0016201408579945564,3.4763381481170654,0.00046604811987927425
trained,10502,-1,0.0002859477244783193,0.0009016222320497036,3.348698377609253,0.0002692455785442825
trained,3008,-1,0.003921568859368563,0.026878774166107178,24.440105438232422,0.0010997814323689401
trained,3008,-1,0.003921568859368563,0.010600993409752846,19.228708267211914,0.0005513107413371739
trained,3008,-1,0.003921568859368563,0.021518725901842117,17.885957717895508,0.0012031072778569693
trained,3008,-1,0.003921568859368563,0.0028770824428647757,17.623519897460938,0.00016325242968513251
trained,3008,-1,0.003921568859368563,0.0006225769175216556,15.707769393920898,3.963496674216522e-05
trained,3008,-1,0.003921568859368563,0.016414020210504532,15.173177719116211,0.0010817786830391515
trained,10905,-1,0.0003267973952461034,0.00026468010037206113,13.645831108093262,1.9396407465066816e-05
trained,10905,-1,0.0003267973952461034,0.001595466979779303,4.493608474731445,0.00035505251264122517
trained,10905,-1,0.0003267973952461034,5.287365638650954e-06,4.141130447387695,1.2767928240430884e-06
trained,10905,-1,0.0003267973952461034,0.0012961651664227247,3.715336561203003,0.00034886884272014227
trained,10905,-1,0.0003267973952461034,0.0005284445360302925,3.680126667022705,0.00014359411613889219
trained,10905,-1,0.0003267973952461034,0.0042191436514258385,3.601884365081787,0.0011713712112271088
trained,13942,-1,0.0023692811373621225,2.386768341064453,22.225725173950195,0.10738764752935398
trained,13942,-1,0.0023692811373621225,2.177574634552002,21.67445945739746,0.10046730986911874
trained,13942,-1,0.0023692811373621225,0.65535968542099,20.63838768005371,0.03175440327901062
trained,13942,-1,0.0023692811373621225,0.25132396817207336,8.11165714263916,0.03098306101363452
trained,13942,-1,0.0023692811373621225,0.001848316751420498,7.292845726013184,0.0002534424586588542
trained,13942,-1,0.0023692811373621225,0.0009544002823531628,6.626135349273682,0.00014403573607318156
trained,271,-1,0.0055964053608477116,0.0002392415190115571,10.146655082702637,2.357836322034841e-05
trained,271,-1,0.0055964053608477116,0.00023446150589734316,7.347668170928955,3.1909648128230666e-05
trained,271,-1,0.0055964053608477116,0.000719614967238158,7.172535419464111,0.00010032923159714746
trained,271,-1,0.0055964053608477116,0.00032576569356024265,7.011807918548584,4.6459586078860366e-05
trained,271,-1,0.0055964053608477116,0.0010337898274883628,6.982842922210693,0.00014804712622134653
trained,271,-1,0.0055964053608477116,0.0005619510775431991,6.9023027420043945,8.141501445936451e-05
trained,2281,-1,0.005351307336241007,0.006953347474336624,27.260791778564453,0.0002550677005575509
trained,2281,-1,0.005351307336241007,0.004160990472882986,25.653484344482422,0.0001621998172648986
trained,2281,-1,0.005351307336241007,0.0065254089422523975,25.385833740234375,0.00025704922710142005
trained,2281,-1,0.005351307336241007,0.03163094073534012,24.392066955566406,0.0012967716427213956
trained,2281,-1,0.005351307336241007,0.009159236215054989,23.992687225341797,0.0003817511614697635
trained,2281,-1,0.005351307336241007,0.04829692095518112,23.52398109436035,0.0020530930016246208
trained,12760,-1,0.011274510063230991,0.011554138734936714,31.392568588256836,0.00036805330861835957
trained,12760,-1,0.011274510063230991,0.005975653883069754,29.286806106567383,0.00020403911103606995
trained,12760,-1,0.011274510063230991,0.0029307384975254536,26.811243057250977,0.00010931005665299986
trained,12760,-1,0.011274510063230991,0.02802809327840805,26.783239364624023,0.0010464788406225522
trained,12760,-1,0.011274510063230991,0.003573936875909567,24.51358413696289,0.00014579413830067363
trained,12760,-1,0.011274510063230991,0.0020136311650276184,24.444007873535156,8.237729162277519e-05
trained,16120,-1,0.0002859477244783193,0.0022453367710113525,7.950961589813232,0.0002823981408598523
trained,16120,-1,0.0002859477244783193,0.002488010562956333,6.272085666656494,0.0003966799395268201
trained,16120,-1,0.0002859477244783193,0.002260835375636816,5.4883036613464355,0.00041193700551951044
trained,16120,-1,0.0002859477244783193,0.0005673351115547121,4.780308246612549,0.00011868170048589242
trained,16120,-1,0.0002859477244783193,0.0009154423605650663,3.884002923965454,0.00023569558995862607
trained,16120,-1,0.0002859477244783193,0.0008907609153538942,3.234264612197876,0.00027541374072932425
trained,4152,-1,0.003227124223485589,0.0002632465912029147,10.335448265075684,2.5470263548456457e-05
trained,4152,-1,0.003227124223485589,0.0003665065160021186,9.563838958740234,3.8322112865270945e-05
trained,4152,-1,0.003227124223485589,0.00014633240061812103,8.888833999633789,1.6462496726134135e-05
trained,4152,-1,0.003227124223485589,0.001950358971953392,7.549561023712158,0.00025834071223844354
trained,4152,-1,0.003227124223485589,0.0017024688422679901,5.932390213012695,0.00028697856700889726
trained,4152,-1,0.003227124223485589,0.0008488618186675012,5.6421003341674805,0.00015045138660986875
trained,9805,-1,0.021609477698802948,0.013227646239101887,16.42026710510254,0.0008055682745252933
trained,9805,-1,0.021609477698802948,0.046684011816978455,16.01778793334961,0.0029145105436051296
trained,9805,-1,0.021609477698802948,0.004704509861767292,15.921345710754395,0.0002954844362552555
trained,9805,-1,0.021609477698802948,0.0015371008776128292,15.71812915802002,9.779159225374724e-05
trained,9805,-1,0.021609477698802948,0.03020646795630455,15.432547569274902,0.001957322199767164
trained,9805,-1,0.021609477698802948,0.008375616744160652,15.00068187713623,0.0005583490679131471
random,3690,-1,0.0006535947904922068,0.0012999237515032291,9.661803245544434,0.00013454256089335005
random,3690,-1,0.0006535947904922068,2.8441441827453673e-05,8.798725128173828,3.232450316737725e-06
random,3690,-1,0.0006535947904922068,2.860426320694387e-06,7.632130146026611,3.7478741399392447e-07
random,8783,-1,0.0018790849717333913,0.0003776485100388527,10.691070556640625,3.5323731897389923e-05
random,8783,-1,0.0018790849717333913,0.0013372814282774925,9.987062454223633,0.00013390137834894006
random,8783,-1,0.0018790849717333913,0.0012011349899694324,9.910011291503906,0.00012120419993862112
random,8783,-1,0.0018790849717333913,0.0002921259147115052,9.872426986694336,2.9590081051520648e-05
random,8783,-1,0.0018790849717333913,0.00011880761303473264,9.545500755310059,1.2446451588057468e-05
random,8783,-1,0.0018790849717333913,0.00043279561214149,9.490686416625977,4.560214015535377e-05
random,11758,-1,0.0059232027269899845,5.419091758085415e-05,10.825838088989258,5.005701834389214e-06
random,11758,-1,0.0059232027269899845,0.00195340090431273,9.606382369995117,0.00020334407158453788
random,11758,-1,0.0059232027269899845,0.00010435554577270523,9.529068946838379,1.095128457511361e-05
random,11758,-1,0.0059232027269899845,0.0001478370832046494,9.137988090515137,1.61782967695152e-05
random,11758,-1,0.0059232027269899845,8.678173617227003e-05,9.116621971130371,9.519067089441897e-06
random,11758,-1,0.0059232027269899845,0.0007289085770025849,8.99494743347168,8.10353348247702e-05
random,13010,-1,8.169934881152585e-05,1.8453043594490737e-05,10.211967468261719,1.8070017997846025e-06
random,13010,-1,8.169934881152585e-05,0.00011204832117073238,9.135685920715332,1.2264905136095013e-05
random,13010,-1,8.169934881152585e-05,0.0005891129840165377,8.794510841369629,6.69864412748613e-05
random,13010,-1,8.169934881152585e-05,0.00019490317208692431,8.492499351501465,2.2950036734764735e-05
random,13010,-1,8.169934881152585e-05,0.0010575270280241966,8.46759033203125,0.00012489114217344424
random,13010,-1,8.169934881152585e-05,0.006048779468983412,8.356074333190918,0.0007238781307817275
random,4304,-1,0.021282680332660675,0.0013008636888116598,9.049110412597656,0.00014375597484153486
random,4304,-1,0.021282680332660675,0.0005584569880738854,8.264549255371094,6.757258875442562e-05
random,4304,-1,0.021282680332660675,0.002239546738564968,8.155707359313965,0.00027459871227568817
random,4304,-1,0.021282680332660675,0.000337145320372656,8.108222961425781,4.158066717905979e-05
random,4304,-1,0.021282680332660675,0.0009924934711307287,7.795759201049805,0.00012731197123136846
random,4304,-1,0.021282680332660675,0.0005235214484855533,7.626783847808838,6.864249189859499e-05
random,8107,-1,0.0023692811373621225,4.2716321331681684e-05,7.081439971923828,6.032151864739575e-06
random,8107,-1,0.0023692811373621225,0.0001276097900699824,6.840171813964844,1.8655933438609715e-05
random,8107,-1,0.0023692811373621225,2.3552975108032115e-05,6.780764102935791,3.4734986721975252e-06
random,6132,-1,0.005065359640866518,0.001770739909261465,11.83425521850586,0.0001496283354183932
random,6132,-1,0.005065359640866518,0.00043198291677981615,11.384779930114746,3.794389697750286e-05
random,6132,-1,0.005065359640866518,0.00038858113111928105,11.353170394897461,3.422666247429211e-05
random,6132,-1,0.005065359640866518,5.996477557346225e-05,10.823969841003418,5.539998397473668e-06
random,6132,-1,0.005065359640866518,0.002337619662284851,10.328205108642578,0.0002263335824274777
random,6132,-1,0.005065359640866518,0.002274539554491639,9.853715896606445,0.00023083064078141074
random,9599,-1,0.013357843272387981,0.00010863784700632095,12.741436004638672,8.526342475586743e-06
random,9599,-1,0.013357843272387981,0.0013219502288848162,12.0910062789917,0.00010933335062291085
random,9599,-1,0.013357843272387981,0.0016201534308493137,12.00723934173584,0.0001349313847037128
random,9599,-1,0.013357843272387981,0.0023484164848923683,11.721766471862793,0.00020034663636488265
random,9599,-1,0.013357843272387981,0.0019531897269189358,11.707218170166016,0.00016683636526876463
random,9599,-1,0.013357843272387981,0.0001394230203004554,11.51608657836914,1.2106805497827361e-05
random,8739,-1,0.0006127451197244227,0.0004882731009274721,7.630812168121338,6.398704229246965e-05
random,8575,-1,4.0849674405762926e-05,0.00020225555635988712,11.59298324584961,1.7446377008462977e-05
random,8575,-1,4.0849674405762926e-05,0.0031235739588737488,11.298258781433105,0.00027646507477832306
random,8575,-1,4.0849674405762926e-05,0.005262178368866444,10.957752227783203,0.0004802242521531264
random,8575,-1,4.0849674405762926e-05,0.00030927860643714666,10.896313667297363,2.8383783349168005e-05
random,8575,-1,4.0849674405762926e-05,0.0025808410719037056,10.854700088500977,0.00023776254072995924
random,8575,-1,4.0849674405762926e-05,0.00023099649115465581,10.78145694732666,2.1425350236354935e-05
random,15093,-1,4.0849674405762926e-05,1.6435851648566313e-06,6.801291465759277,2.416578047171143e-07
random,943,-1,0.00044934640754945576,0.0001502280356362462,6.610163688659668,2.2726825342309743e-05
random,13613,-1,0.00024509805371053517,0.0007728269556537271,9.445793151855469,8.181705265289639e-05
random,13613,-1,0.00024509805371053517,0.004080411046743393,8.907556533813477,0.0004580842154920907
random,13613,-1,0.00024509805371053517,0.0016588452272117138,7.321563720703125,0.00022656979990777257
random,13613,-1,0.00024509805371053517,0.00016704032896086574,6.788107395172119,2.4607791131835837e-05
random,13613,-1,0.00024509805371053517,0.0016997854690998793,6.019528865814209,0.0002823784895780152
random,14526,-1,0.014256536029279232,0.0015775652136653662,11.814630508422852,0.0001335264113880407
random,14526,-1,0.014256536029279232,0.00047149922465905547,11.392385482788086,4.1387225298108886e-05
random,14526,-1,0.014256536029279232,0.0003475339035503566,11.33228874206543,3.066758282113935e-05
random,14526,-1,0.014256536029279232,0.0002263158094137907,10.487918853759766,2.157871476405062e-05
random,14526,-1,0.014256536029279232,0.0032390858978033066,10.483739852905273,0.00030896282655332055
random,14526,-1,0.014256536029279232,0.0009204624220728874,9.770651817321777,9.420685940737927e-05
random,16189,-1,0.00637254910543561,1.8089313016389497e-05,8.030383110046387,2.2526089687749663e-06
random,16189,-1,0.00637254910543561,0.00034110090928152204,5.77081823348999,5.910789345295945e-05
random,1510,-1,0.0012663399102166295,0.0006606674287468195,9.719038009643555,6.797662773736281e-05
random,16014,-1,0.0016748366178944707,0.0031295539811253548,11.13789176940918,0.0002809826173496176
random,16014,-1,0.0016748366178944707,0.0007183789275586605,8.861488342285156,8.106752498118262e-05
random,16014,-1,0.0016748366178944707,0.00026396429166197777,8.246089935302734,3.2010843167245544e-05
random,16014,-1,0.0016748366178944707,4.4861077185487375e-05,6.547717094421387,6.85140737429061e-06
random,16014,-1,0.0016748366178944707,0.0019613895565271378,5.8348894119262695,0.0003361485399394442
random,6505,-1,0.0006944444612599909,1.0126346751349047e-05,7.256992340087891,1.3953916825033338e-06
random,6505,-1,0.0006944444612599909,0.0014505230356007814,6.742785453796387,0.00021512222886820376
random,6505,-1,0.0006944444612599909,0.00031708047026768327,5.758444309234619,5.5063564608794117e-05
random,6505,-1,0.0006944444612599909,0.0016003709752112627,5.720848083496094,0.00027974365895646236
random,6505,-1,0.0006944444612599909,0.000124465354019776,5.703412055969238,2.1822963657256628e-05
random,6505,-1,0.0006944444612599909,0.002914832206442952,5.256324768066406,0.0005545380727141035
random,14215,-1,0.02042483724653721,0.00017823505913838744,12.6569185256958,1.4082026267020563e-05
random,14215,-1,0.02042483724653721,0.0029960963875055313,12.649580001831055,0.00023685342810368722
random,14215,-1,0.02042483724653721,0.0015976158902049065,12.543737411499023,0.00012736362678800571
random,14215,-1,0.02042483724653721,0.0020424798130989075,12.26127815246582,0.00016657968179998852
random,14215,-1,0.02042483724653721,0.002028468530625105,12.249465942382812,0.0001655964872400404
random,14215,-1,0.02042483724653721,0.0006190219428390265,11.771361351013184,5.258711582970359e-05
random,2430,-1,0.006331699434667826,0.002263113856315613,9.389188766479492,0.0002410340139709615
random,2430,-1,0.006331699434667826,0.00011612149683060125,9.091817855834961,1.277208790055958e-05
random,2430,-1,0.006331699434667826,0.001521711703389883,9.067023277282715,0.00016782924856964998
random,2430,-1,0.006331699434667826,0.0018711020238697529,8.9840669631958,0.00020826893115722802
random,2430,-1,0.006331699434667826,2.9616247047670186e-05,8.119202613830566,3.647679268062693e-06
random,10028,-1,0.00363562093116343,0.0019516285974532366,6.32399845123291,0.00030860674816780706
random,2441,-1,0.006658496800810099,0.0014952444471418858,11.881084442138672,0.00012585083915729936
random,2441,-1,0.006658496800810099,2.2288397303782403e-05,11.53305435180664,1.932566744584096e-06
random,2441,-1,0.006658496800810099,0.003630761057138443,11.163941383361816,0.0003252221534009081
random,2441,-1,0.006658496800810099,0.0002203323383582756,10.630134582519531,2.0727144764525918e-05
random,2441,-1,0.006658496800810099,0.0012695715995505452,10.427248001098633,0.00012175519364426558
random,2441,-1,0.006658496800810099,0.016115888953208923,10.294132232666016,0.001565541280115766
random,16293,-1,0.00024509805371053517,0.004874095320701599,14.258682250976562,0.0003418335043105247
random,16293,-1,0.00024509805371053517,0.0011024624109268188,14.14074993133545,7.796350379436365e-05
random,16293,-1,0.00024509805371053517,0.0015220395289361477,12.704568862915039,0.00011980253288082997
random,16293,-1,0.00024509805371053517,0.001474655233323574,12.699328422546387,0.0001161207257783389
random,16293,-1,0.00024509805371053517,0.0018861442804336548,12.66235637664795,0.00014895681532957813
random,16293,-1,0.00024509805371053517,0.0021559633314609528,12.385766983032227,0.0001740678098025335
random,10211,-1,0.00020424836839083582,3.197220939910039e-05,15.226236343383789,2.099810398187677e-06
random,10211,-1,0.00020424836839083582,0.0013906264211982489,14.022120475769043,9.917376074476924e-05
random,10211,-1,0.00020424836839083582,0.002191131468862295,13.67151927947998,0.00016026978597404563
random,10211,-1,0.00020424836839083582,7.66873054089956e-05,13.600927352905273,5.638387987758389e-06
random,10211,-1,0.00020424836839083582,0.005727960728108883,13.264564514160156,0.00043182425793128633
random,10211,-1,0.00020424836839083582,0.0018861527787521482,12.66460132598877,0.00014893108201373956
random,11122,-1,0.0003267973952461034,0.0033724477980285883,10.383079528808594,0.00032480226975739634
random,11122,-1,0.0003267973952461034,0.0011285055661574006,10.360076904296875,0.00010892830010647405
random,11122,-1,0.0003267973952461034,0.001615238026715815,9.934762954711914,0.0001625844556210303
random,11122,-1,0.0003267973952461034,0.0029332288540899754,9.631174087524414,0.0003045556883754688
random,11122,-1,0.0003267973952461034,0.002335039898753166,9.114777565002441,0.0002561817753752876
random,11122,-1,0.0003267973952461034,0.0011933789355680346,8.923627853393555,0.0001337324858425384
random,1303,-1,0.010457516647875309,0.007739733904600143,12.361831665039062,0.0006260992799707151
random,1303,-1,0.010457516647875309,0.0021784298587590456,11.633256912231445,0.00018725881111321453
random,1303,-1,0.010457516647875309,0.0050464957021176815,10.462726593017578,0.00048233083960021655
random,1303,-1,0.010457516647875309,0.0014365027891471982,10.407364845275879,0.00013802752286514266
random,1303,-1,0.010457516647875309,0.002747032791376114,10.1953763961792,0.0002694390755799449
random,1303,-1,0.010457516647875309,8.731591515243053e-05,9.61133098602295,9.084685074253258e-06
random,8216,-1,0.005637255031615496,0.0003694153856486082,8.881935119628906,4.1591768085786544e-05
random,8216,-1,0.005637255031615496,0.0006628962582908571,8.226041793823242,8.058508270510023e-05
random,8216,-1,0.005637255031615496,0.00164972641505301,8.13755989074707,0.00020272986462795256
random,8216,-1,0.005637255031615496,0.0006657053017988801,8.05980110168457,8.259574813325626e-05
random,8216,-1,0.005637255031615496,0.0027708974666893482,7.80661153793335,0.00035494240404113797
random,8216,-1,0.005637255031615496,0.0033567287027835846,7.630687713623047,0.00043989858172164816
random,140,-1,0.011683006770908833,0.0017946179723367095,11.373221397399902,0.00015779328561624478
random,140,-1,0.011683006770908833,0.0017068157903850079,8.393649101257324,0.00020334609772159
random,140,-1,0.011683006770908833,0.004431921988725662,8.255616188049316,0.0005368372133313603
random,140,-1,0.011683006770908833,0.002485492266714573,6.3174567222595215,0.0003934324168706935
random,140,-1,0.011683006770908833,0.001684390241280198,6.13375186920166,0.00027461010441875446
random,140,-1,0.011683006770908833,0.00034076819429174066,6.022185802459717,5.6585466717509185e-05
random,13519,-1,0.0001633986976230517,2.0190280338283628e-05,9.410767555236816,2.145444589910026e-06
random,13519,-1,0.0001633986976230517,0.002292969264090061,8.822021484375,0.0002599142688726412
random,13519,-1,0.0001633986976230517,0.0004062401130795479,8.800518035888672,4.6160931825023635e-05
random,13519,-1,0.0001633986976230517,0.001830865629017353,8.651172637939453,0.00021163207644107665
random,13519,-1,0.0001633986976230517,0.00667622871696949,8.427423477172852,0.0007922028286644455
random,13519,-1,0.0001633986976230517,0.0029624253511428833,8.419000625610352,0.00035187375353450774
random,15141,-1,0.01037581730633974,0.000783346826210618,12.975232124328613,6.037247108218122e-05
random,15141,-1,0.01037581730633974,0.00034628694993443787,12.212994575500488,2.835397557852817e-05
random,15141,-1,0.01037581730633974,0.006483971141278744,12.042319297790527,0.0005384320894454604
random,15141,-1,0.01037581730633974,0.002809668192639947,11.871829986572266,0.00023666681512604594
random,15141,-1,0.01037581730633974,0.002131533809006214,11.728525161743164,0.00018173928772894518
random,15141,-1,0.01037581730633974,0.0020413449965417385,11.53572940826416,0.00017695846740990002
random,9397,-1,0.0049019609577953815,0.002472339663654566,10.520811080932617,0.00023499515813332192
random,9397,-1,0.0049019609577953815,0.0020884620025753975,10.284870147705078,0.0002030615819725646
random,9397,-1,0.0049019609577953815,7.484009256586432e-05,9.558956146240234,7.829316446367497e-06
random,9397,-1,0.0049019609577953815,0.0019506847020238638,9.342692375183105,0.00020879256467926173
random,9397,-1,0.0049019609577953815,0.001906754681840539,9.0192232131958,0.00021141007787131975
random,9397,-1,0.0049019609577953815,0.000791819766163826,8.862139701843262,8.934859896184362e-05
random,4860,-1,0.0004901961074210703,0.00020621807198040187,10.088462829589844,2.0440980500573038e-05
random,4860,-1,0.0004901961074210703,0.0009187064133584499,9.588427543640137,9.581408517477033e-05
random,4860,-1,0.0004901961074210703,0.0020740774925798178,8.86801815032959,0.00023388286507992006
random,4860,-1,0.0004901961074210703,0.0007727285847067833,8.696381568908691,8.88563339342702e-05
random,4860,-1,0.0004901961074210703,0.0026387679390609264,8.316474914550781,0.00031729404178735036
random,4860,-1,0.0004901961074210703,0.003872227855026722,7.879268646240234,0.0004914450856900837
random,249,-1,4.0849674405762926e-05,5.933366082899738e-07,7.203453540802002,8.23683535861209e-08
random,12424,-1,0.00040849673678167164,0.002469431608915329,11.874086380004883,0.00020796813581158347
random,12424,-1,0.00040849673678167164,0.0008360636420547962,11.775196075439453,7.100209938742732e-05
random,12424,-1,0.00040849673678167164,1.3832279364578426e-05,11.531058311462402,1.1995672028497595e-06
random,12424,-1,0.00040849673678167164,0.0005034469068050385,11.09878921508789,4.536052510310258e-05
random,12424,-1,0.00040849673678167164,0.001192312454804778,10.488582611083984,0.00011367717631787369
random,12424,-1,0.00040849673678167164,6.0958780522923917e-05,10.352291107177734,5.888433767155012e-06
random,1269,-1,0.0019199346425011754,1.0354302503401414e-05,10.629852294921875,9.740777403226855e-07
random,1269,-1,0.0019199346425011754,0.0029012521263211966,10.192222595214844,0.000284653528631067
random,1269,-1,0.0019199346425011754,0.0020402036607265472,10.034038543701172,0.0002033282662649604
random,1269,-1,0.0019199346425011754,3.03470096696401e-06,9.927274703979492,3.056932599787438e-07
random,1269,-1,0.0019199346425011754,4.44637771579437e-06,9.773189544677734,4.5495666439988056e-07
random,1269,-1,0.0019199346425011754,0.00327193271368742,9.624029159545898,0.0003399753533001352
random,8914,-1,0.0005310457781888545,0.0006651427829638124,11.883444786071777,5.597221975090976e-05
random,8914,-1,0.0005310457781888545,6.001499968988355e-06,10.491275787353516,5.720467263116594e-07
random,8914,-1,0.0005310457781888545,0.0029914574697613716,10.449496269226074,0.0002862776724052488
random,8914,-1,0.0005310457781888545,6.971477705519646e-05,10.103828430175781,6.899837773075052e-06
random,8914,-1,0.0005310457781888545,0.002092324197292328,9.200077056884766,0.00022742463833241077
random,8914,-1,0.0005310457781888545,0.0016707123722881079,9.153053283691406,0.00018253060705600014
random,13163,-1,8.169934881152585e-05,0.00012321345275267959,9.27705192565918,1.3281531001447387e-05
random,13163,-1,8.169934881152585e-05,0.00014198795543052256,9.275308609008789,1.530816508817987e-05
random,13163,-1,8.169934881152585e-05,7.419955636578379e-06,8.763167381286621,8.467207476172811e-07
random,13163,-1,8.169934881152585e-05,0.0003702804388012737,7.746429443359375,4.7800143473674384e-05
random,13163,-1,8.169934881152585e-05,4.416208321345039e-05,7.433818817138672,5.940699430504641e-06
random,13163,-1,8.169934881152585e-05,2.842670801328495e-05,7.013792514801025,4.052972475774954e-06
random,15324,-1,0.0013480392517521977,0.002134196925908327,10.556549072265625,0.00020216804860172835
random,15324,-1,0.0013480392517521977,0.003195487428456545,10.235872268676758,0.00031218516063698807
random,15324,-1,0.0013480392517521977,0.0010444950312376022,10.13802433013916,0.00010302747332460435
random,15324,-1,0.0013480392517521977,0.001466898713260889,10.02250862121582,0.00014636043416872024
random,15324,-1,0.0013480392517521977,5.026662620366551e-06,9.578582763671875,5.247814571724408e-07
random,15324,-1,0.0013480392517521977,0.0013832608237862587,9.198246002197266,0.000150383108198653
random,5040,-1,0.002573529491201043,0.0017204565228894353,8.770369529724121,0.0001961669365308435
random,5040,-1,0.002573529491201043,0.0013763057067990303,8.705129623413086,0.00015810283893962418
random,5040,-1,0.002573529491201043,0.002293460536748171,8.645509719848633,0.0002652776540731626
random,5040,-1,0.002573529491201043,0.0012288945727050304,7.922313213348389,0.00015511815042031576
random,5040,-1,0.002573529491201043,0.006304332986474037,7.372682571411133,0.0008550935057098744
random,5040,-1,0.002573529491201043,0.0014408394927158952,6.502964973449707,0.0002215665467365351
random,6113,-1,0.00020424836839083582,0.001714880345389247,12.852072715759277,0.0001334322006509076
random,6113,-1,0.00020424836839083582,0.000871581956744194,12.714603424072266,6.854967690884074e-05
random,6113,-1,0.00020424836839083582,0.0006322546396404505,12.709522247314453,4.974653077727191e-05
random,6113,-1,0.00020424836839083582,0.0005041717668063939,12.61472225189209,3.996693361447358e-05
random,6113,-1,0.00020424836839083582,0.0003241286613047123,12.393613815307617,2.6152877291075027e-05
random,6113,-1,0.00020424836839083582,0.0017575651872903109,12.1546630859375,0.0001446000744622654
random,11744,-1,0.00363562093116343,0.0002278944302815944,9.815300941467285,2.321828252038562e-05
random,11744,-1,0.00363562093116343,0.0032821716740727425,9.769373893737793,0.0003359654067674314
random,11744,-1,0.00363562093116343,4.255116800777614e-05,9.27756118774414,4.586460509038426e-06
random,11744,-1,0.00363562093116343,2.5564746465533972e-05,9.065250396728516,2.8200816686497512e-06
random,11744,-1,0.00363562093116343,0.001689331722445786,8.948246002197266,0.00018878914616685393
random,11744,-1,0.00363562093116343,0.002402042970061302,8.646956443786621,0.0002777905712462933
random,3813,-1,0.0002859477244783193,0.0003852796507999301,11.258801460266113,3.4220307744091225e-05
random,3813,-1,0.0002859477244783193,0.0003082678886130452,10.864566802978516,2.8373693512431047e-05
random,3813,-1,0.0002859477244783193,0.001399312517605722,10.551810264587402,0.00013261350256665538
random,3813,-1,0.0002859477244783193,0.000878295162692666,10.483020782470703,8.378264060692476e-05
random,3813,-1,0.0002859477244783193,0.0029051252640783787,10.378857612609863,0.00027990799879061616
random,3813,-1,0.0002859477244783193,0.002579334657639265,10.277571678161621,0.00025096732364513543
random,7757,-1,0.009763072244822979,0.0003975008730776608,7.067553520202637,5.624306514855566e-05
random,7757,-1,0.009763072244822979,0.002895844168961048,6.736073970794678,0.000429900886112065
random,7757,-1,0.009763072244822979,0.0004313759272918105,6.505511283874512,6.630930429112934e-05
random,7437,-1,0.006290849763900042,0.00018672971054911613,10.476168632507324,1.7824236808263842e-05
random,7437,-1,0.006290849763900042,0.0017882720567286015,10.260334014892578,0.00017428984808223362
random,7437,-1,0.006290849763900042,0.0030180152971297503,10.081199645996094,0.00029937065062771596
random,7437,-1,0.006290849763900042,0.0023016314953565598,10.07736873626709,0.00022839607794376905
random,7437,-1,0.006290849763900042,0.0006204008823260665,10.01374626159668,6.195492337421622e-05
random,7437,-1,0.006290849763900042,0.0003878683492075652,9.974504470825195,3.88859767762956e-05
random,10798,-1,4.0849674405762926e-05,0.001144967507570982,8.89291763305664,0.00012875049053810228
random,10798,-1,4.0849674405762926e-05,0.0016842428594827652,8.510167121887207,0.00019790949288775765
random,10798,-1,4.0849674405762926e-05,0.0009868874913081527,8.33149528503418,0.00011845262555461003
random,10798,-1,4.0849674405762926e-05,0.0003967637021560222,8.31313419342041,4.772733038160847e-05
random,10798,-1,4.0849674405762926e-05,3.55430097442877e-06,8.081345558166504,4.398154922155278e-07
random,10798,-1,4.0849674405762926e-05,5.135706032888265e-06,7.885955333709717,6.512471622727697e-07
random,5488,-1,0.013357843272387981,7.973059837240726e-06,8.410371780395508,9.480032566248555e-07
random,5488,-1,0.013357843272387981,0.0002257318701595068,7.404729843139648,3.048482185594433e-05
random,5488,-1,0.013357843272387981,0.0004647468449547887,6.212876319885254,7.480381405103717e-05
random,5488,-1,0.013357843272387981,7.7601354860235e-05,5.957996368408203,1.3024740208253559e-05
random,5488,-1,0.013357843272387981,4.003556114184903e-06,5.7963104248046875,6.90707677948392e-07
random,10877,-1,4.0849674405762926e-05,2.104976010741666e-05,13.348846435546875,1.5768973153637371e-06
random,10877,-1,4.0849674405762926e-05,7.266286411322653e-05,13.209442138671875,5.500827616368387e-06
random,10877,-1,4.0849674405762926e-05,0.007189765572547913,12.829694747924805,0.0005604003613344622
random,10877,-1,4.0849674405762926e-05,0.00731746107339859,12.58736801147461,0.0005813336884031684
random,10877,-1,4.0849674405762926e-05,0.0018865671008825302,12.579577445983887,0.00014997062572120253
random,10877,-1,4.0849674405762926e-05,0.0011546892346814275,12.265101432800293,9.414428743275349e-05
random,11576,-1,0.006862745154649019,0.0051520634442567825,13.0839204788208,0.0003937706173464237
random,11576,-1,0.006862745154649019,0.0029203316662460566,12.90566635131836,0.0002262829044815446
random,11576,-1,0.006862745154649019,6.36067270534113e-05,12.276652336120605,5.181113328937918e-06
random,11576,-1,0.006862745154649019,0.001931424019858241,12.26715087890625,0.00015744683006869878
random,11576,-1,0.006862745154649019,1.5438323316629976e-05,11.96155071258545,1.2906623637340275e-06
random,11576,-1,0.006862745154649019,0.0007450401317328215,11.701574325561523,6.367007643623793e-05
random,365,-1,0.00024509805371053517,0.0019277329556643963,12.807356834411621,0.00015051762675065324
random,365,-1,0.00024509805371053517,0.0023250626400113106,12.726758003234863,0.00018269088163853908
random,365,-1,0.00024509805371053517,0.004205591976642609,11.627387046813965,0.0003616970829052249
random,365,-1,0.00024509805371053517,0.0005849970038980246,11.606256484985352,5.0403590912781975e-05
random,365,-1,0.00024509805371053517,0.0015897268895059824,10.932923316955566,0.00014540730264160173
random,365,-1,0.00024509805371053517,7.747835479676723e-05,10.88729190826416,7.116402816200431e-06
random,2831,-1,0.00637254910543561,0.001690673641860485,13.395962715148926,0.00012620769987278137
random,2831,-1,0.00637254910543561,0.0008771132561378181,12.53725528717041,6.996054846513202e-05
random,2831,-1,0.00637254910543561,0.001965223578736186,12.125299453735352,0.00016207629232041558
random,2831,-1,0.00637254910543561,0.0013292585499584675,12.091374397277832,0.0001099344463486076
random,2831,-1,0.00637254910543561,0.0009437702829018235,11.921757698059082,7.916368599367472e-05
random,2831,-1,0.00637254910543561,0.00023149774642661214,11.568154335021973,2.00116405540826e-05
random,4982,-1,0.005514706019312143,0.002089608460664749,7.6682610511779785,0.00027250095513424764
random,4982,-1,0.005514706019312143,0.0006035032565705478,7.366696834564209,8.192318350049886e-05
random,2436,-1,0.003227124223485589,0.0038155349902808666,12.190953254699707,0.00031298085642400016
random,2436,-1,0.003227124223485589,0.0015443171141669154,10.926885604858398,0.00014133186435852032
random,2436,-1,0.003227124223485589,3.076660505030304e-06,10.382116317749023,2.9634232663821316e-07
random,2436,-1,0.003227124223485589,0.0002930097980424762,10.177579879760742,2.878973208799461e-05
random,2436,-1,0.003227124223485589,0.0029147702734917402,10.129090309143066,0.0002877622949872123
random,2436,-1,0.003227124223485589,0.0030234316363930702,10.076539993286133,0.0003000466071099349
random,8473,-1,0.0027777778450399637,0.0030375493224710226,9.874568939208984,0.0003076133592434415
random,8473,-1,0.0027777778450399637,0.0018898723646998405,8.187104225158691,0.00023083526393768476
random,8473,-1,0.0027777778450399637,0.0013077538460493088,7.165806770324707,0.00018249917810581013
random,8473,-1,0.0027777778450399637,0.0008727367967367172,6.831721305847168,0.00012774771652200668
random,3902,-1,0.00044934640754945576,0.00028696510707959533,6.408767223358154,4.477695898107958e-05
random,3902,-1,0.00044934640754945576,0.0006159337935969234,6.0817551612854,0.00010127566422235642
random,3902,-1,0.00044934640754945576,8.05290892458288e-06,5.7379150390625,1.4034555879200712e-06
random,3236,-1,8.169934881152585e-05,0.0016191485337913036,12.373805046081543,0.0001308529209698552
random,3236,-1,8.169934881152585e-05,0.001081396359950304,12.33592414855957,8.766237104956385e-05
random,3236,-1,8.169934881152585e-05,0.0011732387356460094,12.206218719482422,9.611811508615651e-05
random,3236,-1,8.169934881152585e-05,0.0019976955372840166,11.856207847595215,0.00016849363329010867
random,3236,-1,8.169934881152585e-05,0.0022184355184435844,11.602614402770996,0.00019120134837142966
random,3236,-1,8.169934881152585e-05,0.00022458539751823992,11.484325408935547,1.9555819738745645e-05
random,666,-1,0.00147058826405555,0.000565064256079495,11.764087677001953,4.803298577790778e-05
random,666,-1,0.00147058826405555,0.0017091510817408562,10.968385696411133,0.00015582521704174683
random,666,-1,0.00147058826405555,0.0006080241873860359,10.102892875671387,6.0183176726560086e-05
random,467,-1,0.004942810628563166,0.0025770324282348156,13.539152145385742,0.00019033927682931683
random,467,-1,0.004942810628563166,0.000675755669362843,11.85453987121582,5.700395601213128e-05
random,467,-1,0.004942810628563166,0.00016375858103856444,11.57459545135498,1.414810407212928e-05
random,467,-1,0.004942810628563166,0.0009233915479853749,11.296889305114746,8.173856740964106e-05
random,467,-1,0.004942810628563166,0.0005530216149054468,10.957953453063965,5.046760029363109e-05
random,467,-1,0.004942810628563166,0.0003464682085905224,10.840365409851074,3.196093447880206e-05
random,10878,-1,0.0001633986976230517,0.003875597845762968,12.34766674041748,0.000313872890096476
random,10878,-1,0.0001633986976230517,0.0010346609633415937,11.316895484924316,9.142621885303319e-05
random,10878,-1,0.0001633986976230517,0.0028685065917670727,10.064208030700684,0.00028502059804574246
random,10878,-1,0.0001633986976230517,0.0003402489819563925,9.756129264831543,3.487540731782909e-05
random,10878,-1,0.0001633986976230517,0.003109354292973876,9.567928314208984,0.0003249767547229933
random,10878,-1,0.0001633986976230517,0.0008725179359316826,9.423401832580566,9.259054759980946e-05
random,1374,-1,0.0005718954489566386,0.0017581998836249113,12.375004768371582,0.0001420767035273047
random,1374,-1,0.0005718954489566386,0.0018689341377466917,11.241150856018066,0.00016625825608826685
random,1374,-1,0.0005718954489566386,0.004616154357790947,11.231680870056152,0.000410994081046025
random,1374,-1,0.0005718954489566386,0.0008350842399522662,11.171327590942383,7.475246188549206e-05
random,1374,-1,0.0005718954489566386,0.0013446244411170483,11.000725746154785,0.00012223052116239248
random,1374,-1,0.0005718954489566386,0.001590235624462366,10.981622695922852,0.00014480880180419721
random,12800,-1,0.008455882780253887,0.0003070836537517607,8.814895629882812,3.4836901835880635e-05
random,12800,-1,0.008455882780253887,0.010150141082704067,7.174679279327393,0.001414717046927792
random,12800,-1,0.008455882780253887,0.0017993026413023472,7.106630325317383,0.00025318646938652886
random,12800,-1,0.008455882780253887,0.0003954163985326886,7.024277210235596,5.629282368817934e-05
random,12800,-1,0.008455882780253887,0.000400147691834718,6.890463829040527,5.8072678670520954e-05
random,1727,-1,0.0007761438027955592,0.002479975111782551,8.426078796386719,0.00029432137672935323
random,1727,-1,0.0007761438027955592,0.0009769024327397346,8.1607084274292,0.00011970804268122592
random,1727,-1,0.0007761438027955592,5.227186193224043e-06,6.188152313232422,8.447087157254517e-07
random,15657,-1,0.001797385630197823,0.0006599629996344447,9.264120101928711,7.12386057578254e-05
random,15657,-1,0.001797385630197823,0.00012030448124278337,7.759395599365234,1.550436238263519e-05
random,5229,-1,0.0004901961074210703,0.0006859108689241111,10.828473091125488,6.334326761972116e-05
random,5229,-1,0.0004901961074210703,0.001738725695759058,10.48540210723877,0.00016582346370471574
random,5229,-1,0.0004901961074210703,0.0011472064070403576,10.375185012817383,0.0001105721397375673
random,5229,-1,0.0004901961074210703,0.00047225315938703716,10.173577308654785,4.6419577407180626e-05
random,5229,-1,0.0004901961074210703,4.359602462500334e-05,10.051424026489258,4.337298328088788e-06
random,5229,-1,0.0004901961074210703,0.0013542660744860768,9.953536987304688,0.0001360587775193266
random,13844,-1,0.0029820261988788843,0.0009592603310011327,10.807806968688965,8.875624201840231e-05
random,13844,-1,0.0029820261988788843,0.0017517018131911755,10.343167304992676,0.0001693583562498911
random,13844,-1,0.0029820261988788843,3.190311690559611e-05,10.1593599319458,3.1402683947910654e-06
random,13844,-1,0.0029820261988788843,3.889894287567586e-05,10.063047409057617,3.865523165543614e-06
random,13844,-1,0.0029820261988788843,0.003813247662037611,9.874073028564453,0.0003861879136407402
random,13844,-1,0.0029820261988788843,0.0023852218873798847,9.48537540435791,0.00025146309826430604
random,10335,-1,0.011111111380159855,6.566056981682777e-05,9.943540573120117,6.603339055539709e-06
random,10335,-1,0.011111111380159855,0.002428866922855377,7.4202117919921875,0.00032733121249673547
random,10335,-1,0.011111111380159855,0.0003239930374547839,6.672909259796143,4.855349066513185e-05
random,2007,-1,0.015849674120545387,0.00047699129208922386,11.254359245300293,4.238280311590467e-05
random,2007,-1,0.015849674120545387,0.001041509909555316,11.085836410522461,9.394960118360894e-05
random,2007,-1,0.015849674120545387,0.0036656702868640423,9.431585311889648,0.0003886589757337002
random,2007,-1,0.015849674120545387,3.516707511153072e-05,9.13638973236084,3.8491216051095015e-06
random,2007,-1,0.015849674120545387,4.24307982029859e-05,8.756418228149414,4.8456797171454026e-06
random,2007,-1,0.015849674120545387,0.0024245139211416245,8.176960945129395,0.00029650550337846307
random,9221,-1,0.011723856441676617,0.003152418415993452,14.638945579528809,0.0002153446365974482
random,9221,-1,0.011723856441676617,0.0006483214674517512,13.350127220153809,4.856294301623006e-05
random,9221,-1,0.011723856441676617,0.002777549671009183,13.333549499511719,0.00020831284806126818
random,9221,-1,0.011723856441676617,0.001616448163986206,11.965044021606445,0.00013509755259297234
random,9221,-1,0.011723856441676617,0.002096315613016486,11.946121215820312,0.00017548085902898124
random,9221,-1,0.011723856441676617,0.001608047867193818,11.011547088623047,0.00014603287387793376
random,12400,-1,0.0003676470660138875,0.0010470214765518904,9.771968841552734,0.00010714539654482996
random,12400,-1,0.0003676470660138875,0.0016688270261511207,9.46723747253418,0.00017627391633437192
random,12400,-1,0.0003676470660138875,0.00011602745507843792,8.996865272521973,1.289643131956265e-05
random,12400,-1,0.0003676470660138875,0.0007300790748558939,8.945677757263184,8.161249428676629e-05
random,12400,-1,0.0003676470660138875,0.0005480607505887747,8.803282737731934,6.225640671970243e-05
random,12400,-1,0.0003676470660138875,0.00013397401198744774,8.777359962463379,1.5263588659960545e-05
random,5353,-1,0.013194444589316845,0.00047502428060397506,14.388818740844727,3.301343141223612e-05
random,5353,-1,0.013194444589316845,0.0009305757703259587,14.163637161254883,6.570175158620843e-05
random,5353,-1,0.013194444589316845,0.0005230127135291696,13.466216087341309,3.88388772419016e-05
random,5353,-1,0.013194444589316845,0.001893698121421039,13.391456604003906,0.0001414109142432529
random,5353,-1,0.013194444589316845,3.9593647670699283e-05,13.390497207641602,2.9568467142582456e-06
random,5353,-1,0.013194444589316845,0.00036597513826563954,13.282376289367676,2.7553438503213963e-05
random,3188,-1,0.0015522876055911183,0.003277967683970928,11.204750061035156,0.0002925516112465691
random,3188,-1,0.0015522876055911183,0.00010798417497426271,10.714077949523926,1.0078718437834488e-05
random,3188,-1,0.0015522876055911183,0.002137791831046343,10.271133422851562,0.0002081359225935194
random,3188,-1,0.0015522876055911183,4.683789302362129e-05,9.725719451904297,4.815879509505122e-06
random,3188,-1,0.0015522876055911183,0.004296733532100916,9.622391700744629,0.0004465348809037168
random,3188,-1,0.0015522876055911183,0.002315850928425789,9.61481761932373,0.00024086269964928122
random,7704,-1,0.0011437908979132771,0.00069952238118276,11.536559104919434,6.06352704321056e-05
random,7704,-1,0.0011437908979132771,0.0021468857303261757,9.290331840515137,0.0002310881642530364
random,7704,-1,0.0011437908979132771,0.005669977515935898,6.456965446472168,0.0008781179894703867
random,15185,-1,0.0020424837712198496,0.0010253081563860178,9.563163757324219,0.00010721432597039412
random,15185,-1,0.0020424837712198496,9.763667185325176e-05,8.734598159790039,1.117815268282459e-05
random,15185,-1,0.0020424837712198496,2.9096105208736844e-05,8.254606246948242,3.524832601130282e-06
random,4370,-1,0.0003267973952461034,1.7388834748999216e-05,9.667937278747559,1.7986085601966035e-06
random,4370,-1,0.0003267973952461034,0.00011592736700549722,8.815985679626465,1.3149677326881625e-05
random,4370,-1,0.0003267973952461034,0.00012294051703065634,8.779995918273926,1.4002343301182926e-05
random,4370,-1,0.0003267973952461034,0.0009678772184997797,8.613716125488281,0.00011236465242171122
random,4370,-1,0.0003267973952461034,0.0008549417834728956,7.653960704803467,0.0001116992647919334
random,4370,-1,0.0003267973952461034,0.0008999168640002608,6.665936470031738,0.0001350023163356035
random,6342,-1,0.0006535947904922068,0.00030578463338315487,12.025922775268555,2.542712431282233e-05
random,6342,-1,0.0006535947904922068,0.00019277469255030155,10.824437141418457,1.7809211696806984e-05
random,6342,-1,0.0006535947904922068,0.0005439193337224424,10.537381172180176,5.1618075196752694e-05
random,6342,-1,0.0006535947904922068,0.001577792689204216,10.508012771606445,0.00015015138670820306
random,6342,-1,0.0006535947904922068,0.0019449208630248904,10.164236068725586,0.00019134943835171558
random,6342,-1,0.0006535947904922068,0.0015393374487757683,10.0374174118042,0.00015335991178024312
random,4185,-1,0.009926470927894115,0.0014522394631057978,10.302786827087402,0.00014095598477177713
random,4185,-1,0.009926470927894115,0.004855715669691563,10.17750358581543,0.0004771028208193472
random,4185,-1,0.009926470927894115,0.001904163509607315,9.757999420166016,0.00019513871928216603
random,4185,-1,0.009926470927894115,0.0003395953681319952,9.675981521606445,3.5096735909807136e-05
random,4185,-1,0.009926470927894115,0.0011664555640891194,9.584400177001953,0.00012170355395719635
random,4185,-1,0.009926470927894115,0.0017185807228088379,9.36385440826416,0.0001835334732769967
random,3253,-1,0.009109477512538433,0.0012798202224075794,7.967046737670898,0.0001606392261207852
random,3253,-1,0.009109477512538433,0.0026596931274980307,7.2420854568481445,0.00036725514264444566
random,16200,-1,0.016135621815919876,0.00019801827147603035,10.622193336486816,1.864193817635058e-05
random,16200,-1,0.016135621815919876,0.002429656218737364,10.278998374938965,0.0002363709118449774
random,16200,-1,0.016135621815919876,7.732069934718311e-05,9.708298683166504,7.964392307094102e-06
random,16200,-1,0.016135621815919876,0.0013020469341427088,9.559151649475098,0.0001362094652211324
random,16200,-1,0.016135621815919876,0.0002337626792723313,9.39026165008545,2.489416035283789e-05
random,16200,-1,0.016135621815919876,0.0012436090037226677,8.788156509399414,0.0001415096559093548
random,16378,-1,0.006821895483881235,0.0001159528037533164,11.65237808227539,9.950999095171308e-06
random,16378,-1,0.006821895483881235,2.5419209123356268e-05,10.620964050292969,2.3933052595781175e-06
random,16378,-1,0.006821895483881235,0.00107938377186656,8.863471984863281,0.00012177888909784932
random,16378,-1,0.006821895483881235,1.437541504856199e-05,8.668971061706543,1.658260818525803e-06
random,16378,-1,0.006821895483881235,0.002896761754527688,7.963883876800537,0.0003637373170352469
random,16378,-1,0.006821895483881235,0.002874939236789942,7.384332656860352,0.00038932959420767753
random,6201,-1,0.00024509805371053517,3.973233106080443e-05,7.227676868438721,5.497247841046215e-06
random,15209,-1,0.00012254902685526758,0.00020566827151924372,6.779174327850342,3.0338247930033772e-05
random,15209,-1,0.00012254902685526758,0.001503397710621357,6.55329704284668,0.00022941089054743925
random,15209,-1,0.00012254902685526758,4.714845090347808e-06,6.068550109863281,7.769310634322222e-07
random,15209,-1,0.00012254902685526758,3.4741751733236015e-06,5.89778470993042,5.89064427440687e-07
random,15209,-1,0.00012254902685526758,0.0010608844459056854,5.773929119110107,0.00018373700542918884
random,15209,-1,0.00012254902685526758,0.0007137665525078773,5.495448112487793,0.00012988323024757935
random,15543,-1,0.0015114379348233342,0.005534712225198746,8.293750762939453,0.0006673352483571794
random,15368,-1,0.004411764908581972,0.0016418721061199903,13.878543853759766,0.00011830290867836247
random,15368,-1,0.004411764908581972,8.618898573331535e-05,11.895670890808105,7.245407722225601e-06
random,15368,-1,0.004411764908581972,0.0005281292833387852,11.731230735778809,4.501908582601278e-05
random,15368,-1,0.004411764908581972,8.064013672992587e-05,11.417505264282227,7.062850847303322e-06
random,15368,-1,0.004411764908581972,0.000895916367881,10.975906372070312,8.162572980403524e-05
random,15368,-1,0.004411764908581972,0.002070655580610037,10.888505935668945,0.0001901689352831146
random,6633,-1,0.004044117871671915,9.617813338991255e-05,10.16927719116211,9.457715782740076e-06
random,6633,-1,0.004044117871671915,0.0004897309700027108,9.27060604095459,5.2826208754771274e-05
random,6633,-1,0.004044117871671915,0.000404617574531585,9.213824272155762,4.391418401090435e-05
random,6633,-1,0.004044117871671915,0.00015577426529489458,9.032635688781738,1.7245715499005626e-05
random,6633,-1,0.004044117871671915,1.3778320862911642e-05,8.88570499420166,1.5506165095400581e-06
random,6633,-1,0.004044117871671915,0.0023994361981749535,8.810469627380371,0.00027233919412402325
random,11069,-1,0.0020833334419876337,0.0022510692942887545,10.04808521270752,0.00022402967795713883
random,11069,-1,0.0020833334419876337,0.005336603615432978,9.748716354370117,0.0005474160311414441
random,11069,-1,0.0020833334419876337,0.0017088623717427254,9.677789688110352,0.00017657568792202088
random,11069,-1,0.0020833334419876337,0.003044217126443982,7.376965045928955,0.0004126652502066498
random,11069,-1,0.0020833334419876337,0.002346301916986704,7.205389022827148,0.0003256315390540975
random,11069,-1,0.0020833334419876337,0.0009036274859681726,6.9856390953063965,0.00012935502015489373
random,16286,-1,0.0006127451197244227,0.0019129496067762375,14.844867706298828,0.0001288626914448388
random,16286,-1,0.0006127451197244227,0.0014994821976870298,14.232770919799805,0.00010535420025632797
random,16286,-1,0.0006127451197244227,0.00040745193837210536,14.084792137145996,2.8928502061278373e-05
random,16286,-1,0.0006127451197244227,0.0008259016321972013,14.084287643432617,5.863992933872748e-05
random,16286,-1,0.0006127451197244227,0.005850775167346001,13.960220336914062,0.0004191033541121979
random,16286,-1,0.0006127451197244227,0.00019363102910574526,13.764264106750488,1.406766301518304e-05
random,4374,-1,0.009722222574055195,0.002627240028232336,10.974126815795898,0.00023940310444114322
random,4374,-1,0.009722222574055195,0.0022137281484901905,10.703845977783203,0.00020681614375664436
random,4374,-1,0.009722222574055195,0.001763232983648777,10.697752952575684,0.00016482274281948581
random,4374,-1,0.009722222574055195,0.002026698552072048,10.6414155960083,0.0001904538483425347
random,4374,-1,0.009722222574055195,0.0016020340844988823,10.63198471069336,0.00015068062342937723
random,4374,-1,0.009722222574055195,0.01336313970386982,10.21498966217041,0.001308189253813744
random,11558,-1,0.0037990196142345667,0.0021040597930550575,11.248373985290527,0.00018705457302597972
random,11558,-1,0.0037990196142345667,0.0022439565509557724,11.107168197631836,0.00020202778161171697
random,11558,-1,0.0037990196142345667,0.0008810567669570446,10.837320327758789,8.129839668024756e-05
random,11558,-1,0.0037990196142345667,0.000340490834787488,10.793038368225098,3.154726437273671e-05
random,11558,-1,0.0037990196142345667,0.00021739871590398252,10.680203437805176,2.0355297272189304e-05
random,11558,-1,0.0037990196142345667,0.0027482230216264725,10.231568336486816,0.00026860232285465257
random,12314,-1,0.008864379487931728,0.00015518302097916603,10.476933479309082,1.4811874226904018e-05
random,12314,-1,0.008864379487931728,0.0061908201314508915,10.128363609313965,0.0006112359676500813
random,12314,-1,0.008864379487931728,0.0001160280080512166,10.121129989624023,1.1463938134394692e-05
random,12314,-1,0.008864379487931728,0.0016829781234264374,9.737349510192871,0.00017283739498769434
random,12314,-1,0.008864379487931728,0.003218643367290497,9.68960952758789,0.0003321747236693591
random,12314,-1,0.008864379487931728,0.0019705023150891066,9.686965942382812,0.00020341790471954522
random,7852,-1,0.012704248540103436,0.00043535639997571707,9.715225219726562,4.48117660815248e-05
random,7852,-1,0.012704248540103436,0.00026673381216824055,9.348458290100098,2.8532385115384038e-05
random,7852,-1,0.012704248540103436,0.0017358232289552689,8.364779472351074,0.00020751571929575137
random,7852,-1,0.012704248540103436,0.0016601542010903358,8.068982124328613,0.000205745182664966
random,7852,-1,0.012704248540103436,0.00757116824388504,7.744511127471924,0.0009776173239687152
random,7852,-1,0.012704248540103436,0.0009956444846466184,7.372525215148926,0.00013504795922580052
random,1882,-1,0.004738562274724245,0.00032130020554177463,15.449186325073242,2.0797225095299727e-05
random,1882,-1,0.004738562274724245,0.0021315976046025753,14.97912311553955,0.00014230456537146866
random,1882,-1,0.004738562274724245,0.003834441304206848,14.965227127075195,0.0002562233951845308
random,1882,-1,0.004738562274724245,0.0020759855397045612,14.824589729309082,0.0001400366268214638
random,1882,-1,0.004738562274724245,0.0028670593164861202,14.604229927062988,0.00019631704860885506
random,1882,-1,0.004738562274724245,0.0032671899534761906,14.398880958557129,0.00022690582434008722
random,11303,-1,0.0005310457781888545,2.3497586880694143e-05,9.27358341217041,2.5338195427084335e-06
random,5938,-1,0.001756535959430039,0.0007465202361345291,11.980881690979004,6.230929036688686e-05
random,5938,-1,0.001756535959430039,0.001644359901547432,11.094911575317383,0.00014820847290082103
random,5938,-1,0.001756535959430039,6.991834379732609e-05,10.903767585754395,6.412310538301764e-06
random,5938,-1,0.001756535959430039,0.001127005205489695,10.680827140808105,0.0001055166599582686
random,5938,-1,0.001756535959430039,0.0019489899277687073,10.357515335083008,0.00018817157056645454
random,5938,-1,0.001756535959430039,0.0008576805121265352,9.849218368530273,8.708107385119541e-05
random,15879,-1,0.0005718954489566386,0.0024291956797242165,7.922401428222656,0.0003066236546750184
random,15879,-1,0.0005718954489566386,0.00012793790665455163,7.579112529754639,1.6880328158776317e-05
random,15879,-1,0.0005718954489566386,0.002173778135329485,7.541053295135498,0.0002882592192700352
random,15879,-1,0.0005718954489566386,0.0014570652274414897,7.455644607543945,0.00019543115372843385
random,15879,-1,0.0005718954489566386,0.0003000088036060333,7.2908782958984375,4.114851344793487e-05
random,15879,-1,0.0005718954489566386,2.2078306756156962e-06,7.277667999267578,3.0337062309491055e-07
random,15382,-1,0.004084967542439699,0.00011792164877988398,7.543071269989014,1.563310812785887e-05
random,15382,-1,0.004084967542439699,1.0872772691072896e-06,6.746707439422607,1.611567240568446e-07
random,14705,-1,0.0045343139208853245,0.00040562651702202857,7.385034561157227,5.4925473085188564e-05
random,13446,-1,0.022549020126461983,0.00014191852824296802,9.187908172607422,1.544622840986592e-05
random,13446,-1,0.022549020126461983,0.0019509445410221815,8.894940376281738,0.0002193319413612208
random,13446,-1,0.022549020126461983,0.0005750370328314602,8.864228248596191,6.487164101652364e-05
random,13446,-1,0.022549020126461983,0.0005061938427388668,8.663646697998047,5.8427341324506644e-05
random,13446,-1,0.022549020126461983,0.00041529882582835853,8.228379249572754,5.047152218341447e-05
random,13446,-1,0.022549020126461983,1.572041810504743e-06,7.884847164154053,1.993750516372125e-07
random,2181,-1,0.01568627543747425,0.004706903826445341,9.555638313293457,0.0004925786925084081
random,2181,-1,0.01568627543747425,0.001594853587448597,8.06351375579834,0.0001977864285655573
random,2181,-1,0.01568627543747425,0.000925747212022543,8.057428359985352,0.00011489363239268391
random,2181,-1,0.01568627543747425,0.0012813733192160726,7.718328952789307,0.00016601693540840864
random,2181,-1,0.01568627543747425,0.0042092930525541306,7.6575398445129395,0.0005496926085954782
random,2181,-1,0.01568627543747425,0.0011285166256129742,7.560075283050537,0.0001492731994538566
random,5879,-1,0.010580065660178661,0.0016871883999556303,6.848756790161133,0.00024634958601237397
random,15103,-1,4.0849674405762926e-05,0.0021610448602586985,10.829904556274414,0.00019954422026800554
random,15103,-1,4.0849674405762926e-05,0.0019347881898283958,7.414976596832275,0.00026092977699416467
random,15103,-1,4.0849674405762926e-05,0.0030689602717757225,7.060300827026367,0.0004346784006749322
random,15103,-1,4.0849674405762926e-05,0.0020099012181162834,6.28371524810791,0.0003198587362343456
random,10079,-1,0.0073120915330946445,0.000770054291933775,7.211673736572266,0.00010677885884224492
random,10079,-1,0.0073120915330946445,0.001689824741333723,6.741345405578613,0.0002506658003216028
random,10079,-1,0.0073120915330946445,2.5405392079846933e-05,6.033883094787598,4.210454806755126e-06
random,1357,-1,0.014910130761563778,0.0016025565564632416,12.635599136352539,0.00012682869559012017
random,1357,-1,0.014910130761563778,0.0024739261716604233,11.314229011535645,0.00021865618674839294
random,1357,-1,0.014910130761563778,0.0002625203924253583,10.705695152282715,2.4521564334790773e-05
random,1357,-1,0.014910130761563778,0.0016749119386076927,10.118728637695312,0.00016552592707824392
random,1357,-1,0.014910130761563778,0.0017099992837756872,9.829618453979492,0.00017396395310576872
random,1357,-1,0.014910130761563778,7.124748663045466e-05,9.815657615661621,7.258554589024573e-06
random,15827,-1,4.0849674405762926e-05,0.00012531672837212682,12.642718315124512,9.912166454124833e-06
random,15827,-1,4.0849674405762926e-05,0.0030711479485034943,10.91097354888916,0.00028147331993268063
random,15827,-1,4.0849674405762926e-05,0.0013551493175327778,10.738669395446777,0.0001261934107131899
random,15827,-1,4.0849674405762926e-05,0.0015578893944621086,10.572216987609863,0.00014735692582623693
random,15827,-1,4.0849674405762926e-05,0.001332525396719575,10.273880958557129,0.00012970029554505523
random,15827,-1,4.0849674405762926e-05,9.682527888799086e-06,10.179692268371582,9.511611582682916e-07
random,6074,-1,0.0020833334419876337,0.0001691100769676268,10.137641906738281,1.6681401703015654e-05
random,6074,-1,0.0020833334419876337,0.001482691615819931,9.798206329345703,0.00015132275908288012
random,6074,-1,0.0020833334419876337,0.0025007971562445164,9.424884796142578,0.0002653398116089487
random,6074,-1,0.0020833334419876337,0.0010110728908330202,9.010558128356934,0.00011220979615581132
random,6074,-1,0.0020833334419876337,0.0011651292443275452,8.587759971618652,0.0001356732428687032
random,6074,-1,0.0020833334419876337,0.0014897175133228302,8.438831329345703,0.0001765312583203786
random,10716,-1,0.01482843142002821,0.00032510989694856107,12.62949275970459,2.574211832052751e-05
random,10716,-1,0.01482843142002821,0.001977246720343828,10.759045600891113,0.00018377528952754542
random,10716,-1,0.01482843142002821,0.00014244046178646386,10.421542167663574,1.36678871029697e-05
random,10716,-1,0.01482843142002821,0.0007871367852203548,10.027338981628418,7.849907005861743e-05
random,10716,-1,0.01482843142002821,0.0011218813015148044,8.820283889770508,0.00012719333249759996
random,10716,-1,0.01482843142002821,0.0010572397150099277,8.605260848999023,0.00012285969403622523
random,1082,-1,0.0010212418856099248,0.0012434475356712937,14.097265243530273,8.820487620760027e-05
random,1082,-1,0.0010212418856099248,0.0003229442809242755,14.04430103302002,2.299468518689471e-05
random,1082,-1,0.0010212418856099248,0.0004520985239651054,13.889370918273926,3.2549964042668756e-05
random,1082,-1,0.0010212418856099248,0.0005252145929262042,13.867753982543945,3.78730826626517e-05
random,1082,-1,0.0010212418856099248,0.0019251367775723338,13.448083877563477,0.00014315323990387915
random,1082,-1,0.0010212418856099248,0.002229839563369751,13.427081108093262,0.0001660703130798622
random,4877,-1,0.0003676470660138875,8.205819176509976e-05,8.61251449584961,9.527785619942212e-06
random,4877,-1,0.0003676470660138875,0.0010288319317623973,8.584035873413086,0.00011985410440198044
random,12834,-1,4.0849674405762926e-05,0.002615879522636533,12.756329536437988,0.00020506521998858439
random,12834,-1,4.0849674405762926e-05,7.198844105005264e-05,12.293766021728516,5.855686607571452e-06
random,12834,-1,4.0849674405762926e-05,0.001976387109607458,12.07467269897461,0.0001636803877735994
random,12834,-1,4.0849674405762926e-05,0.0019195744534954429,11.512375831604004,0.00016674007881377437
random,12834,-1,4.0849674405762926e-05,0.002075963420793414,11.344388008117676,0.00018299474765037322
random,12834,-1,4.0849674405762926e-05,0.0021923454478383064,11.338560104370117,0.0001933530737287648
random,14709,-1,0.015400326810777187,0.001484135165810585,10.101370811462402,0.00014692413470521065
random,14709,-1,0.015400326810777187,0.0007752322126179934,8.405029296875,9.223432604883669e-05
random,14709,-1,0.015400326810777187,0.0001832297712098807,8.288941383361816,2.2105328380976758e-05
random,14709,-1,0.015400326810777187,0.0004439679905772209,7.120794296264648,6.234809939814059e-05
random,14709,-1,0.015400326810777187,0.0019161375239491463,7.031004428863525,0.00027252685492318285
random,14709,-1,0.015400326810777187,0.006552800536155701,6.422248840332031,0.0010203280344735007
random,12918,-1,0.012581699527800083,0.0014019778463989496,13.025569915771484,0.00010763274509021071
random,12918,-1,0.012581699527800083,0.0018267338164150715,12.557295799255371,0.00014547191096059026
random,12918,-1,0.012581699527800083,0.001641586422920227,12.427295684814453,0.0001320952252649919
random,12918,-1,0.012581699527800083,0.0008855380583554506,12.231218338012695,7.239982427615884e-05
random,12918,-1,0.012581699527800083,0.0011619077995419502,12.190885543823242,9.530954870876089e-05
random,12918,-1,0.012581699527800083,0.006449548527598381,11.869293212890625,0.0005433810094600966
random,8716,-1,0.012295751832425594,0.0012684582034125924,15.977028846740723,7.939262146799935e-05
random,8716,-1,0.012295751832425594,0.0039487238973379135,15.509594917297363,0.0002545987769760528
random,8716,-1,0.012295751832425594,0.00330392480827868,14.409607887268066,0.00022928623971773285
random,8716,-1,0.012295751832425594,4.426772648002952e-05,14.354669570922852,3.0838554841902628e-06
random,8716,-1,0.012295751832425594,0.0024386392906308174,14.220945358276367,0.00017148222070986072
random,8716,-1,0.012295751832425594,0.0003035883710253984,14.17943286895752,2.1410473453422287e-05
random,6354,-1,0.004697712603956461,7.2923248808365315e-06,9.006781578063965,8.09648243119052e-07
random,6354,-1,0.004697712603956461,1.7152315194834955e-05,8.536551475524902,2.0092791853961473e-06
random,6354,-1,0.004697712603956461,0.0008100457489490509,7.296737194061279,0.00011101479022820456
random,6354,-1,0.004697712603956461,0.0030947444029152393,6.807082176208496,0.00045463596924563547
random,6354,-1,0.004697712603956461,0.007044341415166855,6.690598011016846,0.0010528717169328557
random,1946,-1,0.005514706019312143,1.5531200915575027e-05,8.990517616271973,1.7275090910744724e-06
random,90,-1,8.169934881152585e-05,0.0005291622364893556,15.261252403259277,3.467357871470265e-05
random,90,-1,8.169934881152585e-05,0.0014929072931408882,13.87146282196045,0.00010762435889439208
random,90,-1,8.169934881152585e-05,0.0006341172847896814,13.75601577758789,4.609745256492237e-05
random,90,-1,8.169934881152585e-05,0.0005283319624140859,13.471392631530762,3.921880809690655e-05
random,90,-1,8.169934881152585e-05,0.002983350772410631,13.042155265808105,0.00022874676091549963
random,90,-1,8.169934881152585e-05,0.002140320837497711,12.9446382522583,0.00016534419856223593
random,6496,-1,0.00657679745927453,0.001657999586313963,10.318314552307129,0.00016068511750722328
random,6496,-1,0.00657679745927453,0.0015669255517423153,9.381217956542969,0.00016702794445250648
random,6496,-1,0.00657679745927453,0.00021583569468930364,8.767695426940918,2.4617152419106045e-05
random,6496,-1,0.00657679745927453,0.0004151479806751013,8.602090835571289,4.826128770442473e-05
random,6496,-1,0.00657679745927453,0.00066382996737957,8.398100852966309,7.90452483248159e-05
random,6496,-1,0.00657679745927453,0.0019522849470376968,7.629056930541992,0.00025590121620694216
random,786,-1,0.011887255124747753,6.732699694111943e-05,13.465914726257324,4.999808650936861e-06
random,786,-1,0.011887255124747753,0.0027148365043103695,12.804545402526855,0.0002120213111021202
random,786,-1,0.011887255124747753,0.0012149441754445434,12.60895824432373,9.635563477192764e-05
random,786,-1,0.011887255124747753,0.00495138019323349,12.139999389648438,0.00040785670858068117
random,786,-1,0.011887255124747753,0.0005327654653228819,11.661174774169922,4.568711777675983e-05
random,786,-1,0.011887255124747753,0.0034429356455802917,11.632826805114746,0.00029596724022973455
random,5795,-1,4.0849674405762926e-05,5.588782369159162e-05,11.005987167358398,5.077947379163221e-06
random,5795,-1,4.0849674405762926e-05,0.00022659916430711746,8.681208610534668,2.610226000468861e-05
random,5795,-1,4.0849674405762926e-05,0.0005023842677474022,8.554410934448242,5.872809613626609e-05
random,5795,-1,4.0849674405762926e-05,4.806180368177593e-05,8.022210121154785,5.9910925986637585e-06
random,5795,-1,4.0849674405762926e-05,1.7633565221331082e-06,7.967752933502197,2.213116466900827e-07
random,5795,-1,4.0849674405762926e-05,6.84440165059641e-05,7.677271366119385,8.915148786848258e-06
random,4417,-1,0.0058823530562222,0.0033807726576924324,15.157995223999023,0.0002230356064725364
random,4417,-1,0.0058823530562222,0.0003955033898819238,14.02552318572998,2.8198833273066185e-05
random,4417,-1,0.0058823530562222,0.0025386556517332792,13.679211616516113,0.00018558493887675057
random,4417,-1,0.0058823530562222,4.420065670274198e-05,13.552680969238281,3.2613957934277446e-06
random,4417,-1,0.0058823530562222,0.0013581938110291958,13.390772819519043,0.00010142758967947139
random,4417,-1,0.0058823530562222,0.0005336289177648723,13.024564743041992,4.097095974358365e-05
random,12311,-1,0.001797385630197823,0.0008497628150507808,14.614620208740234,5.814470734878094e-05
random,12311,-1,0.001797385630197823,0.00012430729111656547,13.415715217590332,9.26579679878543e-06
random,12311,-1,0.001797385630197823,0.0012322250986471772,12.624080657958984,9.760909582515286e-05
random,12311,-1,0.001797385630197823,0.0010551929008215666,12.548467636108398,8.408938297655035e-05
random,12311,-1,0.001797385630197823,0.0003060026210732758,12.464378356933594,2.4550171080377618e-05
random,12311,-1,0.001797385630197823,0.0007624684367328882,12.19521427154541,6.252193850434628e-05
random,6831,-1,0.001429738593287766,0.0011762222275137901,10.866716384887695,0.00010824081404660181
random,6831,-1,0.001429738593287766,0.004467334598302841,9.982096672058105,0.0004475346958728429
random,6831,-1,0.001429738593287766,0.0010873880237340927,9.784147262573242,0.00011113774093462575
random,6831,-1,0.001429738593287766,0.0012312796898186207,9.562529563903809,0.0001287608766687005
random,6831,-1,0.001429738593287766,0.0012949523515999317,9.261040687561035,0.00013982795187794032
random,6831,-1,0.001429738593287766,0.0030868654139339924,9.25611400604248,0.00033349474865141646
random,45,-1,0.0013071895809844136,0.0036921072751283646,11.73652458190918,0.0003145826730358852
random,45,-1,0.0013071895809844136,0.00018365465803071856,10.507636070251465,1.7478208876178124e-05
random,45,-1,0.0013071895809844136,0.0005168217467144132,10.29860782623291,5.018365156093719e-05
random,45,-1,0.0013071895809844136,0.0002697984455153346,9.913772583007812,2.721450822644133e-05
random,45,-1,0.0013071895809844136,0.00013938642223365605,9.816219329833984,1.419960348787494e-05
random,45,-1,0.0013071895809844136,0.0015956219285726547,9.812198638916016,0.00016261614621663714
random,10107,-1,0.008496732451021671,0.0004652370698750019,10.690386772155762,4.3519199051503065e-05
random,10107,-1,0.008496732451021671,0.0006733646150678396,10.582422256469727,6.363048069227892e-05
random,10107,-1,0.008496732451021671,0.001994508318603039,10.369574546813965,0.0001923423482418426
random,10107,-1,0.008496732451021671,0.002115994691848755,10.30543041229248,0.00020532812383311646
random,10107,-1,0.008496732451021671,0.004676923155784607,10.28590202331543,0.0004546925631979825
random,10107,-1,0.008496732451021671,2.8648122679442167e-05,10.237998008728027,2.798215300981624e-06
random,14427,-1,0.01589052379131317,0.0018731370801106095,11.015265464782715,0.00017004920000332998
random,14427,-1,0.01589052379131317,0.0017181900329887867,10.236520767211914,0.0001678490252754857
random,14427,-1,0.01589052379131317,0.0016679600812494755,10.004071235656738,0.0001667281291744999
random,14427,-1,0.01589052379131317,0.00045315257739275694,9.966053009033203,4.5469613394793374e-05
random,14427,-1,0.01589052379131317,0.0006366643938235939,9.947202682495117,6.400436526180197e-05
random,14427,-1,0.01589052379131317,0.0013888501562178135,9.828500747680664,0.00014130844488622084
random,3762,-1,0.009803921915590763,0.0005537632387131453,6.15189266204834,9.0015100902096e-05
random,6812,-1,0.0006535947904922068,8.457386866211891e-05,5.905483245849609,1.43212443658286e-05
random,2425,-1,0.0037581699434667826,0.00031853740802034736,14.281770706176758,2.230377553131996e-05
random,2425,-1,0.0037581699434667826,0.00044607286690734327,12.023110389709473,3.710128680920497e-05
random,2425,-1,0.0037581699434667826,0.002718381816521287,11.931191444396973,0.00022783825313589038
random,2425,-1,0.0037581699434667826,0.0005842077080160379,11.658722877502441,5.010906547434707e-05
random,2425,-1,0.0037581699434667826,0.0018298402428627014,11.648200035095215,0.00015709210327342595
random,2425,-1,0.0037581699434667826,0.0010195630602538586,11.50616455078125,8.861015812472731e-05
random,16339,-1,0.006699346471577883,0.0018345990683883429,12.2471923828125,0.00014979752183553414
random,16339,-1,0.006699346471577883,0.002016360405832529,11.932401657104492,0.0001689819420914312
random,16339,-1,0.006699346471577883,0.000783092575147748,11.56330394744873,6.77222166524928e-05
random,16339,-1,0.006699346471577883,0.0015950584784150124,11.440305709838867,0.00013942446284833399
random,16339,-1,0.006699346471577883,0.0005140656139701605,11.379349708557129,4.51753067737772e-05
random,16339,-1,0.006699346471577883,0.0017839829670265317,11.155505180358887,0.0001599195140142581
random,2157,-1,0.0006127451197244227,0.001982207875698805,13.89400863647461,0.00014266637710985038
random,2157,-1,0.0006127451197244227,0.00085641467012465,11.491315841674805,7.452711960267829e-05
random,2157,-1,0.0006127451197244227,3.9255264709936455e-05,11.417963981628418,3.4380266721018254e-06
random,2157,-1,0.0006127451197244227,0.0009988723322749138,11.2771635055542,8.857478494330172e-05
random,2157,-1,0.0006127451197244227,0.0008907071314752102,11.218305587768555,7.939765274769822e-05
random,2157,-1,0.0006127451197244227,0.001249060034751892,11.030512809753418,0.00011323680560412806
random,5999,-1,0.008333333767950535,0.00047781236935406923,15.250271797180176,3.133140023395637e-05
random,5999,-1,0.008333333767950535,0.006206866353750229,14.088608741760254,0.00044055921116982716
random,5999,-1,0.008333333767950535,0.00028803982422687113,14.00975227355957,2.0559951282685068e-05
random,5999,-1,0.008333333767950535,0.0004003409412689507,13.970388412475586,2.8656393039970556e-05
random,5999,-1,0.008333333767950535,0.0021801157854497433,13.921687126159668,0.00015659853333100537
random,5999,-1,0.008333333767950535,0.0008661386091262102,13.875160217285156,6.242368344310771e-05
random,8128,-1,0.013112745247781277,0.0012307645520195365,9.761382102966309,0.000126085070642356
random,8128,-1,0.013112745247781277,0.0021431613713502884,9.362954139709473,0.00022889798875131407
random,8128,-1,0.013112745247781277,0.00029754062416031957,8.946783065795898,3.325671607014097e-05
random,8128,-1,0.013112745247781277,0.000565812923014164,8.775650024414062,6.447532905711364e-05
random,8128,-1,0.013112745247781277,0.0003612554573919624,8.587653160095215,4.2066843019537716e-05
random,8128,-1,0.013112745247781277,0.0003540165489539504,8.178085327148438,4.328843913852756e-05
random,5693,-1,0.000735294132027775,0.0028147120028734207,11.232139587402344,0.0002505944643022709
random,5693,-1,0.000735294132027775,0.001913469284772873,11.223648071289062,0.0001704855028079214
random,5693,-1,0.000735294132027775,0.001357751782052219,11.190523147583008,0.00012133050118800512
random,5693,-1,0.000735294132027775,0.0015165500808507204,11.041650772094727,0.00013734812956441782
random,5693,-1,0.000735294132027775,0.0019330624490976334,10.742021560668945,0.00017995332053469222
random,5693,-1,0.000735294132027775,2.554011734900996e-05,10.598298072814941,2.4098319535399166e-06
random,14398,-1,0.010906863026320934,0.001375645399093628,7.9378662109375,0.00017330166099274147
random,14398,-1,0.010906863026320934,0.00032930204179137945,6.274694442749023,5.248096856284655e-05
random,11655,-1,0.0019607844296842813,0.0004538042121566832,7.004434585571289,6.478812909345922e-05
random,11655,-1,0.0019607844296842813,1.8978612388309557e-06,5.441064834594727,3.4880327592573456e-07
random,13690,-1,0.0006535947904922068,0.002418341115117073,10.16416072845459,0.00023792826380115398
random,13690,-1,0.0006535947904922068,0.003116005565971136,8.559538841247559,0.0003640389539393662
random,13690,-1,0.0006535947904922068,0.0008756299503147602,5.671754360198975,0.00015438432179986752
random,6949,-1,0.0005310457781888545,0.0016736991237848997,8.455135345458984,0.00019795060107273107
random,6949,-1,0.0005310457781888545,0.0019076302414759994,8.264815330505371,0.00023081341387446984
random,6949,-1,0.0005310457781888545,-9.414222290615726e-09,7.988273620605469,-1.178505236266829e-09
random,6949,-1,0.0005310457781888545,0.002299320651218295,7.786676406860352,0.0002952890978225971
random,6949,-1,0.0005310457781888545,0.0012525892816483974,7.5506768226623535,0.00016589099375686656
random,6949,-1,0.0005310457781888545,2.7334666810929775e-05,7.382455825805664,3.7026522685554548e-06
random,10884,-1,0.0026143791619688272,4.6168643166311085e-05,12.70292854309082,3.6344881426119975e-06
random,10884,-1,0.0026143791619688272,0.0007140650413930416,11.228812217712402,6.359221505785543e-05
random,10884,-1,0.0026143791619688272,4.011771125078667e-06,11.186407089233398,3.586291016478279e-07
random,10884,-1,0.0026143791619688272,0.0021404922008514404,11.140267372131348,0.00019214011022806565
random,10884,-1,0.0026143791619688272,0.00011677624570438638,10.761757850646973,1.0851038215598398e-05
random,10884,-1,0.0026143791619688272,0.0014303026255220175,10.70852279663086,0.00013356675357426728
random,13106,-1,0.045588236302137375,0.0025901752524077892,6.986919403076172,0.00037071778032352824
random,13106,-1,0.045588236302137375,0.0001027226826408878,4.595874786376953,2.2351062075358834e-05
random,9328,-1,0.011968954466283321,0.004515969194471836,10.955608367919922,0.0004122061544017438
random,9328,-1,0.011968954466283321,0.0005935897934250534,9.330260276794434,6.361985366060881e-05
random,9328,-1,0.011968954466283321,0.00010289628698956221,8.959537506103516,1.1484553406854546e-05
random,9328,-1,0.011968954466283321,0.0004561991663649678,8.627910614013672,5.287481370333132e-05
random,9328,-1,0.011968954466283321,0.0024530403316020966,8.123465538024902,0.0003019696852432904
random,9328,-1,0.011968954466283321,0.0018804582068696618,8.06140422821045,0.00023326682965346159
random,8278,-1,0.007393790874630213,0.0021277517080307007,13.145120620727539,0.00016186627490322235
random,8278,-1,0.007393790874630213,0.002804405055940151,12.090788841247559,0.00023194558210899873
random,8278,-1,0.007393790874630213,0.0012952329125255346,12.045105934143066,0.00010753188221068828
random,8278,-1,0.007393790874630213,0.0020845357794314623,11.366838455200195,0.00018338747292373207
random,8278,-1,0.007393790874630213,0.0011143526062369347,11.356910705566406,9.812110309987317e-05
random,8278,-1,0.007393790874630213,0.00085817975923419,11.107954025268555,7.72581302805169e-05
random,11875,-1,8.169934881152585e-05,0.0027541485615074635,4.967774868011475,0.0005544028533261427
random,15636,-1,0.007924837060272694,0.006141225807368755,12.394246101379395,0.0004954900650782849
random,15636,-1,0.007924837060272694,0.00036996626295149326,11.649383544921875,3.1758441253551706e-05
random,15636,-1,0.007924837060272694,0.000996981980279088,11.572563171386719,8.615048935262123e-05
random,15636,-1,0.007924837060272694,0.00032059865770861506,11.46359634399414,2.7966673641346328e-05
random,15636,-1,0.007924837060272694,0.0011966787278652191,11.193825721740723,0.0001069052491625827
random,15636,-1,0.007924837060272694,0.000894834054633975,11.185015678405762,8.000293252709314e-05
random,12456,-1,0.0009803922148421407,0.00042658858001232147,12.950846672058105,3.2939049532004804e-05
random,12456,-1,0.0009803922148421407,0.001028314814902842,11.836999893188477,8.687292592564599e-05
random,12456,-1,0.0009803922148421407,0.0005269736284390092,11.694364547729492,4.506218583217702e-05
random,12456,-1,0.0009803922148421407,0.00023500854149460793,11.482178688049316,2.046724301017937e-05
random,12456,-1,0.0009803922148421407,0.00045418553054332733,11.300177574157715,4.019277817208825e-05
random,12456,-1,0.0009803922148421407,0.0026274698320776224,11.21527099609375,0.00023427608953834137
random,12330,-1,0.009354575537145138,5.7993311202153563e-05,10.255702018737793,5.65473831983381e-06
random,12330,-1,0.009354575537145138,5.755456004408188e-05,9.755256652832031,5.8998509308694934e-06
random,12330,-1,0.009354575537145138,7.183181878644973e-05,9.57324504852295,7.503392885313494e-06
random,12330,-1,0.009354575537145138,0.0010207450250163674,9.354472160339355,0.00010911839893479757
random,12330,-1,0.009354575537145138,0.00022246490698307753,9.26746940612793,2.4004924886612202e-05
random,12330,-1,0.009354575537145138,0.0019432725384831429,9.173797607421875,0.00021182858197252766
random,5335,-1,0.011437908746302128,0.0004655724624171853,12.176132202148438,3.823648221682716e-05
random,5335,-1,0.011437908746302128,0.001836098963394761,10.133170127868652,0.00018119689497219117
random,5335,-1,0.011437908746302128,0.001106084557250142,10.056766510009766,0.00010998411429252404
random,5335,-1,0.011437908746302128,0.0018921159207820892,9.694673538208008,0.0001951706690612125
random,5335,-1,0.011437908746302128,0.0035739419981837273,9.351929664611816,0.00038216091505774555
random,5335,-1,0.011437908746302128,0.00021581759210675955,9.227136611938477,2.3389443679366927e-05
random,13968,-1,0.03504902124404907,0.0006874590180814266,11.841036796569824,5.8057333145064923e-05
random,13968,-1,0.03504902124404907,0.0006361480336636305,11.440617561340332,5.560434393098463e-05
random,13968,-1,0.03504902124404907,0.0004023645888082683,11.088804244995117,3.628566073658247e-05
random,13968,-1,0.03504902124404907,0.0009195921011269093,10.836567878723145,8.486008775273444e-05
random,13968,-1,0.03504902124404907,0.002183162607252598,10.687256813049316,0.00020427717284634915
random,13968,-1,0.03504902124404907,0.0021098461002111435,10.615093231201172,0.00019875907392029562
random,14529,-1,0.00518790865316987,0.0008676336146891117,14.923030853271484,5.8140576349401956e-05
random,14529,-1,0.00518790865316987,0.0027145000640302896,13.162458419799805,0.0002062304759076744
random,14529,-1,0.00518790865316987,0.0015484653413295746,12.869608879089355,0.00012031953386287703
random,14529,-1,0.00518790865316987,0.001709234551526606,12.265379905700684,0.00013935439135743288
random,14529,-1,0.00518790865316987,0.00011232186807319522,12.03767204284668,9.33086295036106e-06
random,14529,-1,0.00518790865316987,0.0019793363753706217,12.000361442565918,0.0001649397299276179
random,7217,-1,0.017238562926650047,0.002427981235086918,14.282888412475586,0.00016999231282701643
random,7217,-1,0.017238562926650047,0.0008930079638957977,14.085872650146484,6.339741853952592e-05
random,7217,-1,0.017238562926650047,0.0033432208001613617,13.664230346679688,0.00024466952878716226
random,7217,-1,0.017238562926650047,0.0020959959365427494,13.407369613647461,0.00015633162931595618
random,7217,-1,0.017238562926650047,0.0018638536566868424,13.373836517333984,0.00013936566775517856
random,7217,-1,0.017238562926650047,0.0013917835894972086,13.246298789978027,0.00010506962069662912
random,15088,-1,0.0020424837712198496,9.096580470213667e-06,11.469771385192871,7.930916985805905e-07
random,15088,-1,0.0020424837712198496,0.001922618132084608,11.059272766113281,0.0001738467051808056
random,15088,-1,0.0020424837712198496,0.004406325984746218,10.935855865478516,0.00040292465801929366
random,15088,-1,0.0020424837712198496,0.017614996060729027,10.829042434692383,0.0016266439223007266
random,15088,-1,0.0020424837712198496,0.0008018915541470051,10.787775039672852,7.433335893620221e-05
random,15088,-1,0.0020424837712198496,0.00018290290609002113,10.783928871154785,1.6960692923268064e-05
random,14155,-1,0.0016748366178944707,0.0018111660610884428,11.827241897583008,0.0001531351160965575
random,14155,-1,0.0016748366178944707,2.7592286642175168e-05,11.01814079284668,2.5042597622358337e-06
random,14155,-1,0.0016748366178944707,0.0025943280197679996,9.80523681640625,0.00026458596241420054
random,14155,-1,0.0016748366178944707,7.395408465526998e-05,9.349355697631836,7.910072848549588e-06
random,14155,-1,0.0016748366178944707,0.000581452390179038,9.244874954223633,6.289456515724904e-05
random,14155,-1,0.0016748366178944707,6.54917093925178e-05,8.950610160827637,7.317010596567193e-06
random,8993,-1,0.00020424836839083582,0.00014274753630161285,7.45359468460083,1.915150237462336e-05
random,8993,-1,0.00020424836839083582,7.816766810719855e-06,6.570699214935303,1.189640029930486e-06
random,8993,-1,0.00020424836839083582,2.970048171846429e-06,6.427890300750732,4.6205644976541495e-07
random,8993,-1,0.00020424836839083582,-2.464130943735654e-08,6.351273059844971,-3.879743353052752e-09
random,8993,-1,0.00020424836839083582,8.290864934679121e-05,6.169081687927246,1.3439382640862346e-05
random,10238,-1,0.0073120915330946445,0.004281057044863701,9.960819244384766,0.0004297896528216864
random,4505,-1,0.01846405304968357,0.0002221896720584482,14.033616065979004,1.5832674273959336e-05
random,4505,-1,0.01846405304968357,0.0009164081420749426,12.717325210571289,7.205981815367728e-05
random,4505,-1,0.01846405304968357,0.0014445302076637745,12.577893257141113,0.0001148467535963259
random,4505,-1,0.01846405304968357,0.0009109135717153549,12.548174858093262,7.259331193714106e-05
random,4505,-1,0.01846405304968357,0.0015233387239277363,12.272026062011719,0.0001241309883331538
random,4505,-1,0.01846405304968357,0.0006853912491351366,12.006330490112305,5.708582232511289e-05
random,806,-1,0.001062091556377709,0.002948296722024679,12.409454345703125,0.0002375847188676391
random,806,-1,0.001062091556377709,0.0009148590615950525,10.46762752532959,8.739889333865524e-05
random,806,-1,0.001062091556377709,0.0011936617083847523,10.401552200317383,0.00011475803662729588
random,806,-1,0.001062091556377709,0.0006519774906337261,10.07896900177002,6.468692289054853e-05
random,806,-1,0.001062091556377709,0.0019720636773854494,9.726314544677734,0.00020275549061536037
random,806,-1,0.001062091556377709,0.0011467875447124243,9.59734058380127,0.0001194901373665964
random,1180,-1,0.010416666977107525,0.0012680040672421455,9.125974655151367,0.00013894450896008038
random,1180,-1,0.010416666977107525,0.0010251798667013645,7.861111640930176,0.0001304115643598796
random,1180,-1,0.010416666977107525,0.0009283083491027355,6.569952011108398,0.0001412960623659294
random,1180,-1,0.010416666977107525,0.0009252186864614487,6.149869441986084,0.0001504452566333915
random,1180,-1,0.010416666977107525,0.002625514520332217,5.212673664093018,0.0005036790502382322
random,1180,-1,0.010416666977107525,5.6849072279874235e-05,5.093926906585693,1.1160166473212799e-05
random,7148,-1,0.00147058826405555,0.0005293998983688653,10.806902885437012,4.898719864340275e-05
random,7148,-1,0.00147058826405555,0.00017102438141591847,10.194351196289062,1.677638705228976e-05
random,7148,-1,0.00147058826405555,0.0009491179371252656,9.701408386230469,9.783300520287139e-05
random,7148,-1,0.00147058826405555,0.00043329130858182907,9.656179428100586,4.487191976993528e-05
random,7148,-1,0.00147058826405555,0.0011937969829887152,9.626378059387207,0.0001240130997997298
random,7148,-1,0.00147058826405555,0.0030299194622784853,9.52059268951416,0.0003182490377532476
random,15393,-1,0.0020424837712198496,0.0015106461942195892,15.283156394958496,9.884386151527645e-05
random,15393,-1,0.0020424837712198496,8.038730447879061e-05,13.286855697631836,6.050137542557818e-06
random,15393,-1,0.0020424837712198496,0.0010606274008750916,12.976797103881836,8.173260261253673e-05
random,15393,-1,0.0020424837712198496,0.0001275265822187066,12.70979118347168,1.0033727570957048e-05
random,15393,-1,0.0020424837712198496,0.00048299480113200843,12.609652519226074,3.830357739006535e-05
random,15393,-1,0.0020424837712198496,0.0022986033000051975,12.256694793701172,0.00018753859329078432
random,9275,-1,8.169934881152585e-05,0.00028669682797044516,10.554914474487305,2.7162401804716772e-05
random,9275,-1,8.169934881152585e-05,0.00021353538613766432,9.538619041442871,2.2386404699664326e-05
random,9275,-1,8.169934881152585e-05,0.00235053151845932,9.254549026489258,0.0002539866082865198
random,9275,-1,8.169934881152585e-05,0.00021956284763291478,9.047359466552734,2.4268168899955693e-05
random,9275,-1,8.169934881152585e-05,0.0032073655165731907,8.990270614624023,0.000356759618710023
random,9275,-1,8.169934881152585e-05,0.00020691360987257212,8.762249946594238,2.3614209949922337e-05
random,16355,-1,8.169934881152585e-05,0.007336213253438473,12.84449577331543,0.0005711561888384541
random,16355,-1,8.169934881152585e-05,0.0016147512942552567,12.619688034057617,0.00012795492962246107
random,16355,-1,8.169934881152585e-05,0.0023754332214593887,11.746833801269531,0.00020221902017568898
random,16355,-1,8.169934881152585e-05,0.0013422202318906784,11.648774147033691,0.00011522416135370509
random,16355,-1,8.169934881152585e-05,0.0007165735005401075,11.548089027404785,6.205126223391645e-05
random,16355,-1,8.169934881152585e-05,0.0008002534159459174,11.264788627624512,7.104025138860263e-05
random,11954,-1,0.0006535947904922068,0.0001953783503267914,10.025794982910156,1.9487566887197562e-05
random,11954,-1,0.0006535947904922068,7.322219062189106e-06,9.853137969970703,7.431357486828004e-07
random,11954,-1,0.0006535947904922068,0.00231078639626503,9.043424606323242,0.00025552116558248385
random,11954,-1,0.0006535947904922068,0.00012529909145087004,8.88740348815918,1.4098503755096512e-05
random,11954,-1,0.0006535947904922068,0.0014796499162912369,8.763798713684082,0.00016883659296976585
random,11954,-1,0.0006535947904922068,0.0002175548579543829,8.617563247680664,2.5245519145210303e-05
random,15135,-1,0.00012254902685526758,0.0020425496622920036,14.921738624572754,0.00013688416033024348
random,15135,-1,0.00012254902685526758,0.0035496545024216175,13.95457935333252,0.0002543720174247974
random,15135,-1,0.00012254902685526758,1.092449929274153e-05,13.886490821838379,7.866997813127332e-07
random,15135,-1,0.00012254902685526758,0.00011349661508575082,13.851083755493164,8.194060269164101e-06
random,15135,-1,0.00012254902685526758,0.0009591474663466215,13.548111915588379,7.07956556841719e-05
random,15135,-1,0.00012254902685526758,0.0015240106731653214,13.403887748718262,0.00011369915219642554
random,15458,-1,0.00947712454944849,0.001117950421757996,13.62112045288086,8.207477686033898e-05
random,15458,-1,0.00947712454944849,0.001481162616983056,12.007180213928223,0.00012335640763223664
random,15458,-1,0.00947712454944849,0.00040273135527968407,11.937856674194336,3.373565006440854e-05
random,15458,-1,0.00947712454944849,2.305681846337393e-05,11.780054092407227,1.957276111171262e-06
random,15458,-1,0.00947712454944849,0.0003347338060848415,11.530248641967773,2.903092695386274e-05
random,15458,-1,0.00947712454944849,0.00045109959319233894,11.508139610290527,3.91983073257964e-05
random,473,-1,0.010008170269429684,0.0016583483666181564,12.029830932617188,0.00013785300690484178
random,473,-1,0.010008170269429684,0.0015007276087999344,11.80577278137207,0.00012711811726275824
random,473,-1,0.010008170269429684,0.0010964557295665145,11.805310249328613,9.287817993846216e-05
random,473,-1,0.010008170269429684,2.0827927073696628e-05,11.708110809326172,1.7789314956863928e-06
random,473,-1,0.010008170269429684,0.0010155787458643317,11.590446472167969,8.762205565618473e-05
random,473,-1,0.010008170269429684,0.0003286201390437782,11.4962739944458,2.8584925794439533e-05
random,664,-1,4.0849674405762926e-05,0.0005217751604504883,10.240861892700195,5.0950317064857176e-05
random,664,-1,4.0849674405762926e-05,0.0016249273903667927,9.337977409362793,0.0001740127780495107
random,664,-1,4.0849674405762926e-05,0.00019634925411082804,9.230894088745117,2.127088147942563e-05
random,664,-1,4.0849674405762926e-05,0.0009960038587450981,8.183706283569336,0.00012170571917332907
random,664,-1,4.0849674405762926e-05,0.001485934597440064,8.065094947814941,0.0001842426663362029
random,664,-1,4.0849674405762926e-05,0.002352038398385048,8.034066200256348,0.0002927581550560288
random,3756,-1,0.006004902068525553,0.0013056383468210697,13.083571434020996,9.979219767364435e-05
random,3756,-1,0.006004902068525553,0.00356535823084414,12.442152976989746,0.00028655476567743845
random,3756,-1,0.006004902068525553,0.001160892192274332,12.224746704101562,9.496247410057483e-05
random,3756,-1,0.006004902068525553,0.002031155629083514,11.970211029052734,0.00016968419555459167
random,3756,-1,0.006004902068525553,0.0005536827375181019,11.960699081420898,4.629183743767642e-05
random,3756,-1,0.006004902068525553,0.0017657793359830976,11.959071159362793,0.00014765187968638046
random,10814,-1,0.012173202820122242,0.0005280673503875732,10.567598342895508,4.997042215770698e-05
random,10814,-1,0.012173202820122242,2.7292257072986104e-05,10.285064697265625,2.6535814675275686e-06
random,10814,-1,0.012173202820122242,0.001847187988460064,10.105984687805176,0.00018278159383014437
random,10814,-1,0.012173202820122242,0.0005277781747281551,9.49399185180664,5.5590754970757915e-05
random,10814,-1,0.012173202820122242,0.00034864540793932974,9.375531196594238,3.718673647696665e-05
random,10814,-1,0.012173202820122242,0.0008580198045819998,9.075881004333496,9.453845904020973e-05
random,5470,-1,0.002165032783523202,0.0013043563812971115,11.736139297485352,0.00011114015846561995
random,5470,-1,0.002165032783523202,0.0001271014625672251,11.583738327026367,1.0972404501807578e-05
random,5470,-1,0.002165032783523202,0.00010157562792301178,11.251510620117188,9.027732484329632e-06
random,5470,-1,0.002165032783523202,0.0024862405844032764,10.333946228027344,0.0002405896575753595
random,5470,-1,0.002165032783523202,0.0022166080307215452,10.294819831848145,0.00021531295029216804
random,5470,-1,0.002165032783523202,0.0015798384556546807,9.989472389221191,0.0001581503400879663
random,10173,-1,8.169934881152585e-05,0.0008230622624978423,13.443559646606445,6.122353633515568e-05
random,10173,-1,8.169934881152585e-05,0.001641718903556466,12.340681076049805,0.00013303308735063534
random,10173,-1,8.169934881152585e-05,0.001157085527665913,11.370671272277832,0.00010176052934420289
random,10173,-1,8.169934881152585e-05,0.003514648415148258,11.349324226379395,0.0003096790914633588
random,10173,-1,8.169934881152585e-05,0.003993010148406029,11.15530776977539,0.0003579471074052157
random,10173,-1,8.169934881152585e-05,0.0001777728903107345,11.117518424987793,1.5990339166982735e-05
random,11619,-1,0.0004901961074210703,0.0033564711920917034,9.43171215057373,0.0003558708258380775
random,11619,-1,0.0004901961074210703,0.0011765884701162577,8.320392608642578,0.0001414102104862346
random,11619,-1,0.0004901961074210703,0.00011840742081403732,7.049628257751465,1.6796264495768508e-05
random,11619,-1,0.0004901961074210703,0.0036158845759928226,6.788685321807861,0.0005326339938569864
random,11619,-1,0.0004901961074210703,3.577708775992505e-05,6.525623798370361,5.482554444658553e-06
random,11619,-1,0.0004901961074210703,0.0020189876668155193,6.3007731437683105,0.00032043490866075225
random,14582,-1,0.0003267973952461034,9.657768532633781e-05,14.291424751281738,6.757736685257792e-06
random,14582,-1,0.0003267973952461034,1.4799763448536396e-05,14.14570426940918,1.0462373005027154e-06
random,14582,-1,0.0003267973952461034,0.0017110081389546394,13.614952087402344,0.00012567125671619534
random,14582,-1,0.0003267973952461034,0.002189961727708578,12.563637733459473,0.00017430952516851654
random,14582,-1,0.0003267973952461034,0.00039801810635253787,12.54349136352539,3.173104639031485e-05
random,14582,-1,0.0003267973952461034,0.0007206893060356379,12.46430778503418,5.782024308650058e-05
random,6660,-1,0.0008169934735633433,0.0025255735963582993,13.810855865478516,0.00018286872449890663
random,6660,-1,0.0008169934735633433,0.001933670835569501,13.450761795043945,0.00014375920598653225
random,6660,-1,0.0008169934735633433,0.0012081082677468657,13.150230407714844,9.186974146385337e-05
random,6660,-1,0.0008169934735633433,0.0019909406546503305,12.868589401245117,0.00015471320069142112
random,6660,-1,0.0008169934735633433,0.0002581058070063591,11.478496551513672,2.24860290585985e-05
random,6660,-1,0.0008169934735633433,0.0007292070658877492,11.246210098266602,6.484024924984668e-05
random,13325,-1,0.0005718954489566386,0.0009759181411936879,15.62241268157959,6.246910519425687e-05
random,13325,-1,0.0005718954489566386,0.0004974189214408398,15.04999828338623,3.305109489546873e-05
random,13325,-1,0.0005718954489566386,0.00021834924700669944,14.84903335571289,1.4704610177381925e-05
random,13325,-1,0.0005718954489566386,0.00021475437097251415,13.675719261169434,1.5703332809871542e-05
random,13325,-1,0.0005718954489566386,0.00029729772359132767,13.625104904174805,2.181984841087235e-05
random,13325,-1,0.0005718954489566386,0.00013676249363925308,13.36388874053955,1.0233734827826131e-05
random,6750,-1,0.00637254910543561,0.0037705712020397186,14.39444351196289,0.00026194629885525504
random,6750,-1,0.00637254910543561,0.0003903219476342201,13.094112396240234,2.98089657261759e-05
random,6750,-1,0.00637254910543561,0.000828067772090435,12.427464485168457,6.663207712874107e-05
random,6750,-1,0.00637254910543561,2.644124106154777e-05,12.387262344360352,2.134550825395725e-06
random,6750,-1,0.00637254910543561,0.0008099565748125315,12.284693717956543,6.593217490059338e-05
random,6750,-1,0.00637254910543561,0.00020624141325242817,12.25744915008545,1.6825802067552564e-05
random,5147,-1,0.0006944444612599909,0.0010256289970129728,10.324213027954102,9.93420994158057e-05
random,5147,-1,0.0006944444612599909,0.001391678350046277,10.064226150512695,0.00013827971760902667
random,5147,-1,0.0006944444612599909,0.002861705608665943,9.078315734863281,0.000315224287438714
random,5147,-1,0.0006944444612599909,0.002374702598899603,8.82457447052002,0.0002691010888777354
random,5147,-1,0.0006944444612599909,5.748224793933332e-05,8.780972480773926,6.5462280021024535e-06
random,5147,-1,0.0006944444612599909,0.0013200808316469193,8.315652847290039,0.00015874650564292328
random,10085,-1,0.002124183112755418,0.0015457328408956528,11.701533317565918,0.00013209660639732185
random,10085,-1,0.002124183112755418,0.0018410282209515572,10.8330659866333,0.00016994526048518162
random,10085,-1,0.002124183112755418,0.00024093152023851871,10.582747459411621,2.2766443323208054e-05
random,10085,-1,0.002124183112755418,0.0035707708448171616,10.438377380371094,0.0003420810260732514
random,10085,-1,0.002124183112755418,0.0003900185110978782,10.339395523071289,3.772159699545223e-05
random,10085,-1,0.002124183112755418,0.0002969501365441829,10.29595947265625,2.8841424379419478e-05
random,13604,-1,0.00567810470238328,0.0028681589756160975,13.082743644714355,0.00021923222326341929
random,13604,-1,0.00567810470238328,0.0005070669576525688,12.704304695129395,3.991300349140471e-05
random,13604,-1,0.00567810470238328,0.0018332721665501595,12.04588794708252,0.00015219070396501347
random,13604,-1,0.00567810470238328,0.001684848451986909,11.909086227416992,0.00014147587982930762
random,13604,-1,0.00567810470238328,0.003775204997509718,11.545989036560059,0.0003269711226604871
random,13604,-1,0.00567810470238328,0.001157595543190837,10.961385726928711,0.0001056066789390492
random,783,-1,0.02389705926179886,9.812082862481475e-05,10.886879920959473,9.012759333912747e-06
random,783,-1,0.02389705926179886,0.002429918386042118,10.660938262939453,0.00022792725425389873
random,783,-1,0.02389705926179886,0.0018853769870474935,10.580831527709961,0.00017818797909312814
random,783,-1,0.02389705926179886,0.00014037935761734843,10.423303604125977,1.3467837352620187e-05
random,783,-1,0.02389705926179886,0.0026683337055146694,10.389689445495605,0.00025682516493998877
random,783,-1,0.02389705926179886,0.0009126025252044201,10.377578735351562,8.793983148454559e-05
random,840,-1,0.0005310457781888545,0.0021535309497267008,11.000764846801758,0.00019576192925829106
random,840,-1,0.0005310457781888545,0.0008758790791034698,10.89836311340332,8.036794791928638e-05
random,840,-1,0.0005310457781888545,0.0024509490467607975,10.893633842468262,0.00022498911586379017
random,840,-1,0.0005310457781888545,0.002287766430526972,10.330886840820312,0.0002214491810603662
random,840,-1,0.0005310457781888545,0.0018643843941390514,10.324583053588867,0.00018057720921630668
random,840,-1,0.0005310457781888545,0.0006496767746284604,9.96379280090332,6.520376202218502e-05
random,8599,-1,0.0012663399102166295,1.1067160812672228e-05,10.838540077209473,1.0210933145824209e-06
random,8599,-1,0.0012663399102166295,0.0007441219058819115,8.149693489074707,9.13067352630457e-05
random,8599,-1,0.0012663399102166295,0.0012400131672620773,8.108317375183105,0.0001529310102065504
random,8599,-1,0.0012663399102166295,7.69474427215755e-05,7.851323127746582,9.80057010386481e-06
random,9223,-1,0.0009395424858666956,0.0014090780168771744,10.039722442626953,0.0001403502960295465
random,9223,-1,0.0009395424858666956,0.0026485854759812355,9.453348159790039,0.0002801743288422439
random,9223,-1,0.0009395424858666956,0.0013328043278306723,9.433195114135742,0.00014128874805456436
random,9223,-1,0.0009395424858666956,0.0002480577677488327,8.832429885864258,2.808488388295427e-05
random,9223,-1,0.0009395424858666956,0.0001511984592070803,8.559282302856445,1.7664852479117508e-05
random,9223,-1,0.0009395424858666956,2.0337069145170972e-05,8.29219913482666,2.452554360369458e-06
random,14097,-1,0.001062091556377709,0.0016300553688779473,12.104737281799316,0.00013466259786810067
random,14097,-1,0.001062091556377709,0.001100640743970871,11.249312400817871,9.7840712814665e-05
random,14097,-1,0.001062091556377709,0.0003434665559325367,11.236634254455566,3.056667576381645e-05
random,14097,-1,0.001062091556377709,0.000533481128513813,11.216957092285156,4.7560236178556196e-05
random,14097,-1,0.001062091556377709,0.00037583441007882357,11.053854942321777,3.400030234157229e-05
random,14097,-1,0.001062091556377709,0.0015362286940217018,10.847012519836426,0.00014162689415286747
random,14605,-1,0.0015522876055911183,0.0019442513585090637,10.663811683654785,0.0001823223642901686
random,14605,-1,0.0015522876055911183,0.002372065559029579,10.051885604858398,0.00023598214825316794
random,14605,-1,0.0015522876055911183,0.00043484813068062067,9.573241233825684,4.542329186735071e-05
random,14605,-1,0.0015522876055911183,0.0010749038774520159,8.870746612548828,0.00012117400309139979
random,14605,-1,0.0015522876055911183,5.041493568569422e-05,8.270955085754395,6.095418867952402e-06
random,14605,-1,0.0015522876055911183,0.002666408196091652,8.204472541809082,0.00032499446887096413
random,6287,-1,0.012826797552406788,0.0010158943478018045,11.225484848022461,9.049892824725247e-05
random,6287,-1,0.012826797552406788,0.0023915341589599848,10.79713249206543,0.00022149715776086562
random,6287,-1,0.012826797552406788,0.0008025072165764868,10.4886474609375,7.651198303358333e-05
random,6287,-1,0.012826797552406788,0.0006391263450495899,9.345338821411133,6.838985265951896e-05
random,6287,-1,0.012826797552406788,0.00015514559345319867,9.341520309448242,1.6608173863978076e-05
random,6287,-1,0.012826797552406788,0.0033334223553538322,8.485332489013672,0.00039284522553120445
random,12205,-1,0.0008986928150989115,0.006387482397258282,8.421518325805664,0.0007584715902933344
random,12205,-1,0.0008986928150989115,5.3578005463350564e-06,7.946444511413574,6.742387162761387e-07
random,12205,-1,0.0008986928150989115,0.0018309336155653,7.904865741729736,0.00023162108951450155
random,12205,-1,0.0008986928150989115,0.0008512157946825027,7.484101295471191,0.00011373654111250388
random,12205,-1,0.0008986928150989115,0.0010626681614667177,7.086364269256592,0.00014995957321541965
random,12205,-1,0.0008986928150989115,0.0008030934259295464,6.79563045501709,0.00011817791318193842
random,549,-1,0.00776143791154027,0.00012160490587120876,8.605265617370605,1.4131452912474527e-05
random,549,-1,0.00776143791154027,0.0016147429123520851,7.870057106018066,0.00020517550134640386
random,549,-1,0.00776143791154027,0.0015407504979521036,7.4905686378479,0.00020569206056895214
random,12327,-1,0.03443627431988716,0.0021750922314822674,8.572907447814941,0.00025371698513281557
random,12327,-1,0.03443627431988716,0.004085845313966274,7.9908318519592285,0.000511316642580145
random,12327,-1,0.03443627431988716,0.0007044823141768575,7.866036891937256,8.956000637359798e-05
random,12327,-1,0.03443627431988716,0.0031262850388884544,7.783149719238281,0.0004016735064418646
random,12327,-1,0.03443627431988716,0.00189898069947958,6.382758617401123,0.0002975172356201041
random,9921,-1,0.010825163684785366,0.0022234281059354544,10.40662670135498,0.0002136550267192688
random,9921,-1,0.010825163684785366,0.0003754311765078455,9.847728729248047,3.8123631024969623e-05
random,9921,-1,0.010825163684785366,0.0008680812316015363,9.669581413269043,8.977443743431494e-05
random,9921,-1,0.010825163684785366,0.0004800449241884053,9.356605529785156,5.130545716181624e-05
random,9921,-1,0.010825163684785366,0.0023376562166959047,9.041104316711426,0.0002585587042033151
random,9921,-1,0.010825163684785366,0.0004446880193427205,8.39479923248291,5.297184685752111e-05
random,7828,-1,0.007679738570004702,0.001316171488724649,11.352468490600586,0.00011593703077127138
random,7828,-1,0.007679738570004702,0.00016031898849178106,10.779752731323242,1.4872232460948248e-05
random,7828,-1,0.007679738570004702,0.0018235191237181425,10.661369323730469,0.00017103986067336458
random,7828,-1,0.007679738570004702,0.001285383477807045,9.473428726196289,0.0001356830261732643
random,7828,-1,0.007679738570004702,0.00419408967718482,9.382227897644043,0.00044702492019384774
random,7828,-1,0.007679738570004702,0.005721644032746553,9.108053207397461,0.000628196158109781
random,10439,-1,0.004575163591653109,0.0011567063629627228,5.963977336883545,0.0001939488193238433
random,10439,-1,0.004575163591653109,0.009551902301609516,5.844313144683838,0.0016343926249568288
random,15854,-1,0.0017156862886622548,0.0002851955941878259,6.699217796325684,4.2571476679597876e-05
random,15854,-1,0.0017156862886622548,0.009518366307020187,6.15446138381958,0.0015465799057647026
random,11373,-1,0.0002859477244783193,7.506516703870147e-05,6.789594650268555,1.1055912893965232e-05
random,3008,-1,0.003921568859368563,0.0006653352174907923,12.341426849365234,5.391072082763372e-05
random,3008,-1,0.003921568859368563,0.00023239164147526026,10.714762687683105,2.1688921000779645e-05
random,3008,-1,0.003921568859368563,0.0023089400492608547,10.671773910522461,0.00021635953578291422
random,3008,-1,0.003921568859368563,6.672258314210922e-05,10.275103569030762,6.49361660384734e-06
random,3008,-1,0.003921568859368563,0.0015447447076439857,10.180399894714355,0.0001517371344563797
random,3008,-1,0.003921568859368563,0.0006346487207338214,9.998167991638184,6.347650102144715e-05
random,10905,-1,0.0003267973952461034,8.588124183006585e-05,8.047520637512207,1.0671764099584215e-05
random,10905,-1,0.0003267973952461034,8.715945295989513e-05,7.942179203033447,1.0974249098610786e-05
random,10905,-1,0.0003267973952461034,0.0003603370860219002,7.381114482879639,4.881879109959553e-05
random,10905,-1,0.0003267973952461034,0.000498614739626646,7.343040943145752,6.790303138539221e-05
random,10905,-1,0.0003267973952461034,0.001078834175132215,6.9675445556640625,0.00015483706871385677
random,10905,-1,0.0003267973952461034,0.00010525318793952465,6.680637836456299,1.5754960905851997e-05
random,13942,-1,0.0023692811373621225,0.001162589993327856,9.93506145477295,0.00011701890306570079
random,13942,-1,0.0023692811373621225,0.0004329308867454529,8.348292350769043,5.185861593665576e-05
random,13942,-1,0.0023692811373621225,0.003188532777130604,7.953474044799805,0.00040089811812680175
random,271,-1,0.0055964053608477116,0.00035226461477577686,11.007166862487793,3.200320474619929e-05
random,271,-1,0.0055964053608477116,0.0007776223355904222,10.620509147644043,7.321893185911174e-05
random,271,-1,0.0055964053608477116,0.000224582152441144,10.52513599395752,2.133769602312755e-05
random,271,-1,0.0055964053608477116,0.000810492318123579,10.393293380737305,7.798224185855536e-05
random,271,-1,0.0055964053608477116,0.0032577738165855408,10.041580200195312,0.0003244284018686796
random,271,-1,0.0055964053608477116,0.0008865949930623174,10.031063079833984,8.838494843529493e-05
random,4152,-1,0.003227124223485589,0.0011504939757287502,13.682680130004883,8.408396343387585e-05
random,4152,-1,0.003227124223485589,0.0004450329579412937,13.192668914794922,3.37333530323202e-05
random,4152,-1,0.003227124223485589,0.001566553022712469,12.851034164428711,0.00012190093051410931
random,4152,-1,0.003227124223485589,0.0020522773265838623,12.769119262695312,0.0001607219170220724
random,4152,-1,0.003227124223485589,0.0035735778510570526,12.382891654968262,0.0002885899312236381
random,4152,-1,0.003227124223485589,0.0019397926516830921,12.343049049377441,0.00015715668340319293
random,9805,-1,0.021609477698802948,0.0004134814371354878,11.694220542907715,3.535775946916403e-05
random,9805,-1,0.021609477698802948,0.002404937520623207,11.641721725463867,0.00020657919656015327
random,9805,-1,0.021609477698802948,0.0019779112190008163,11.178714752197266,0.0001769354762909611
random,9805,-1,0.021609477698802948,0.0015352179761976004,10.142251014709473,0.0001513685644312144
random,9805,-1,0.021609477698802948,0.00015662323858123273,10.04711627960205,1.558887487937348e-05
random,9805,-1,0.021609477698802948,2.3529064492322505e-05,9.864226341247559,2.3852924373739293e-06
