kind,fid,bin,freq,kl,pnorm,kl_per_norm
trained,13965,0,0.00012254902685526758,0.004769322462379932,4.957444190979004,0.0009620526784867504
trained,13965,0,0.00012254902685526758,0.0008061646949499846,3.456479787826538,0.00023323286824625331
trained,13965,0,0.00012254902685526758,0.0008061646949499846,3.456479787826538,0.00023323286824625331
trained,8225,0,8.169934881152585e-05,0.0003607633989304304,3.265644073486328,0.00011047235730907059
trained,8225,0,8.169934881152585e-05,0.0017590000061318278,3.097764492034912,0.0005678288361347786
trained,9362,0,8.169934881152585e-05,0.0004546775307971984,4.353733062744141,0.00010443394765930298
trained,9362,0,8.169934881152585e-05,0.0022719241678714752,3.39282488822937,0.0006696261206269137
trained,9133,0,0.00024509805371053517,0.0010396316647529602,3.960495710372925,0.00026250038903717616
trained,9133,0,0.00024509805371053517,0.0001112144673243165,3.6294946670532227,3.06418599630045e-05
trained,9133,0,0.00024509805371053517,0.000439248513430357,3.585630416870117,0.00012250245071653964
trained,9133,0,0.00024509805371053517,2.152013621525839e-05,3.1956329345703125,6.73423282832451e-06
trained,9133,0,0.00024509805371053517,0.00016367662465199828,3.182324171066284,5.143304574064057e-05
trained,9133,0,0.00024509805371053517,5.609635263681412e-05,3.1711575984954834,1.7689550548805376e-05
trained,12689,0,8.169934881152585e-05,0.00016918283654376864,3.3118062019348145,5.1084763487950807e-05
trained,12689,0,8.169934881152585e-05,0.0007414418505504727,3.0057036876678467,0.0002466782915403628
trained,1413,0,8.169934881152585e-05,0.0013652712805196643,3.3981916904449463,0.0004017640571479653
trained,1413,0,8.169934881152585e-05,0.00024840555852279067,3.3448646068573,7.42647573876488e-05
trained,231,0,0.00012254902685526758,0.000934278592467308,3.897584915161133,0.00023970705265023929
trained,231,0,0.00012254902685526758,0.002102768048644066,3.508986711502075,0.0005992522119708866
trained,231,0,0.00012254902685526758,0.001780480844900012,3.504047155380249,0.0005081212569203566
trained,14255,0,8.169934881152585e-05,0.006014186888933182,5.154154300689697,0.0011668620181061323
trained,14255,0,8.169934881152585e-05,6.038980791345239e-05,3.269040584564209,1.8473251203610512e-05
trained,12035,0,8.169934881152585e-05,0.0008293443825095892,3.961878538131714,0.00020933109749010113
trained,12035,0,8.169934881152585e-05,0.000369049608707428,3.2849347591400146,0.00011234609992803754
trained,4683,0,4.0849674405762926e-05,0.0005726034287363291,4.0670342445373535,0.00014079139596757088
trained,648,0,4.0849674405762926e-05,0.0006220843642950058,3.3892130851745605,0.00018354831893461945
trained,10776,0,0.0002859477244783193,0.0021326299756765366,6.805544376373291,0.00031336655199551075
trained,10776,0,0.0002859477244783193,0.001764953602105379,5.115547180175781,0.00034501755920560807
trained,10776,0,0.0002859477244783193,0.0002950715715996921,3.9786975383758545,7.416285574704514e-05
trained,10776,0,0.0002859477244783193,0.0015448424965143204,3.412554979324341,0.0004526938044585547
trained,10776,0,0.0002859477244783193,0.00023231859086081386,3.3277347087860107,6.981283401210966e-05
trained,10776,0,0.0002859477244783193,0.0018444855231791735,3.3083343505859375,0.0005575269388514185
trained,339,0,8.169934881152585e-05,0.0011953343637287617,3.9808530807495117,0.0003002709066328329
trained,339,0,8.169934881152585e-05,1.3641089026350528e-05,3.816904306411743,3.5738619392254195e-06
trained,3129,0,4.0849674405762926e-05,0.0003867738414555788,4.611757755279541,8.386690324590446e-05
trained,8581,0,0.00012254902685526758,0.0012313737533986568,7.4022440910339355,0.00016635141157938501
trained,8581,0,0.00012254902685526758,0.0020103969145566225,3.9125449657440186,0.0005138335615714313
trained,8581,0,0.00012254902685526758,0.0019757370464503765,3.751441240310669,0.000526660800446593
trained,15782,0,0.00020424836839083582,0.19352558255195618,44.85634231567383,0.004314341574933405
trained,15782,0,0.00020424836839083582,0.009269019588828087,34.47726821899414,0.00026884437392060023
trained,15782,0,0.00020424836839083582,0.0004885854432359338,8.4779052734375,5.7630443780345414e-05
trained,15782,0,0.00020424836839083582,0.001100675668567419,4.616583347320557,0.000238417805064918
trained,15782,0,0.00020424836839083582,0.00028632162138819695,3.576176166534424,8.006362328220076e-05
trained,1302,0,0.0001633986976230517,0.0012131920084357262,3.627016305923462,0.00033448760802492166
trained,1302,0,0.0001633986976230517,0.0016452809795737267,3.43483567237854,0.00047899845480363536
trained,1302,0,0.0001633986976230517,0.00038759224116802216,3.3575634956359863,0.00011543854395361325
trained,1302,0,0.0001633986976230517,0.0009373348439112306,3.156064510345459,0.00029699483037773236
trained,529,0,0.00020424836839083582,0.050730571150779724,33.5330924987793,0.0015128509591719424
trained,529,0,0.00020424836839083582,0.0007018725154921412,7.420467376708984,9.458602536211477e-05
trained,529,0,0.00020424836839083582,0.0017003181856125593,6.71385383605957,0.0002532551686604029
trained,529,0,0.00020424836839083582,0.0015769563615322113,5.27098274230957,0.0002991769160756617
trained,529,0,0.00020424836839083582,0.001178497914224863,3.275904417037964,0.00035974734430452266
trained,1541,0,0.00012254902685526758,3.244295839976985e-06,5.589982986450195,5.803766930670408e-07
trained,1541,0,0.00012254902685526758,0.003528839908540249,3.791569471359253,0.0009307069104750394
trained,1541,0,0.00012254902685526758,0.0006455964175984263,3.4770090579986572,0.00018567579400268437
trained,7235,0,0.00020424836839083582,0.00028650625608861446,4.943759918212891,5.7953108732711886e-05
trained,7235,0,0.00020424836839083582,0.0002485164441168308,4.068746566772461,6.107936192102691e-05
trained,7235,0,0.00020424836839083582,3.77477117581293e-05,3.9791290760040283,9.486425556226687e-06
trained,7235,0,0.00020424836839083582,0.019235966727137566,3.9111852645874023,0.004918193699823831
trained,7235,0,0.00020424836839083582,0.0004602057742886245,3.537827491760254,0.00013008146252480165
trained,10081,0,0.00012254902685526758,9.851151844486594e-05,3.6738064289093018,2.6814564226812717e-05
trained,10081,0,0.00012254902685526758,0.0005409310106188059,3.4286413192749023,0.00015776832868980397
trained,10081,0,0.00012254902685526758,0.0014006216078996658,3.28607439994812,0.000426229426796234
trained,14103,0,0.0002859477244783193,0.0016011125408113003,5.700906276702881,0.0002808522826194055
trained,14103,0,0.0002859477244783193,0.0005645541241392493,5.571310520172119,0.00010133237450958094
trained,14103,0,0.0002859477244783193,1.989591692108661e-05,5.133737087249756,3.875523148721518e-06
trained,14103,0,0.0002859477244783193,0.00012925139162689447,4.667220592498779,2.7693439610424473e-05
trained,14103,0,0.0002859477244783193,0.0005721948109567165,4.154906749725342,0.0001377154399420736
trained,14103,0,0.0002859477244783193,4.656056989915669e-05,4.002753734588623,1.1632134521995988e-05
trained,11956,0,0.00012254902685526758,0.03655300661921501,40.35822677612305,0.0009057138912961532
trained,11956,0,0.00012254902685526758,0.0136960344389081,32.83464813232422,0.0004171214012622531
trained,11956,0,0.00012254902685526758,0.00017955189105123281,4.21791934967041,4.256882983437392e-05
trained,13275,0,4.0849674405762926e-05,1.0375595593359321e-05,3.0644774436950684,3.385763407952742e-06
trained,6732,0,4.0849674405762926e-05,7.776092388667166e-05,4.039073944091797,1.9252166452762613e-05
trained,4846,0,8.169934881152585e-05,1.8090831872541457e-05,3.3357200622558594,5.42336633017913e-06
trained,4846,0,8.169934881152585e-05,0.0019533149898052216,3.286963939666748,0.0005942611557835527
trained,9301,0,8.169934881152585e-05,0.0009502491448074579,3.764932870864868,0.0002523947112473136
trained,9301,0,8.169934881152585e-05,0.0015277951024472713,3.251288414001465,0.0004699045141205929
trained,8488,0,4.0849674405762926e-05,0.00043378412374295294,3.416213035583496,0.00012697806583624306
trained,14903,0,0.00024509805371053517,0.0006992180133238435,4.223471164703369,0.00016555529469868
trained,14903,0,0.00024509805371053517,0.0002991511719301343,3.787198305130005,7.89900997592111e-05
trained,14903,0,0.00024509805371053517,0.0001159500825451687,3.6743557453155518,3.155657497045403e-05
trained,14903,0,0.00024509805371053517,0.00014308308891486377,3.414179563522339,4.190848379610353e-05
trained,14903,0,0.00024509805371053517,0.0003049895749427378,3.2155721187591553,9.484768609712572e-05
trained,14903,0,0.00024509805371053517,0.0019746627658605576,3.1369078159332275,0.0006294933997839197
trained,11119,0,4.0849674405762926e-05,0.00018053862731903791,3.183300256729126,5.671429421004201e-05
trained,15249,0,0.0001633986976230517,0.0019247638992965221,8.044388771057129,0.00023926788648276446
trained,15249,0,0.0001633986976230517,0.0027150094974786043,5.3315606117248535,0.0005092335425218492
trained,15249,0,0.0001633986976230517,0.0003286837600171566,4.918015480041504,6.683259972463177e-05
trained,15249,0,0.0001633986976230517,3.0357943614944816e-05,3.688800573348999,8.229760056500793e-06
trained,3107,0,4.0849674405762926e-05,0.000493922270834446,3.578859329223633,0.00013801108828202902
trained,13402,0,8.169934881152585e-05,0.002837594598531723,4.245467662811279,0.0006683821015498477
trained,13402,0,8.169934881152585e-05,0.00200558640062809,3.2905516624450684,0.0006094985298415964
trained,9077,0,8.169934881152585e-05,7.422479393426329e-05,3.5760748386383057,2.07559397617435e-05
trained,9077,0,8.169934881152585e-05,5.3994728659745306e-05,3.427220582962036,1.5754669812667677e-05
trained,38,0,4.0849674405762926e-05,0.0001645629236008972,2.9985227584838867,5.48813321944248e-05
trained,5242,0,0.00012254902685526758,0.0001093495957320556,4.120145797729492,2.6540224812509158e-05
trained,5242,0,0.00012254902685526758,0.001300301868468523,3.2434558868408203,0.0004009001243840065
trained,5242,0,0.00012254902685526758,3.29017493641004e-05,3.1774659156799316,1.0354713547591242e-05
trained,5285,0,0.00020424836839083582,0.004103370010852814,4.822037696838379,0.000850961827516038
trained,5285,0,0.00020424836839083582,0.0005239164456725121,3.8085575103759766,0.00013756296031900843
trained,5285,0,0.00020424836839083582,0.00014929243479855359,3.3512377738952637,4.454844593883461e-05
trained,5285,0,0.00020424836839083582,0.0004012020071968436,3.2838356494903564,0.00012217481324289456
trained,5285,0,0.00020424836839083582,3.3511759056636947e-07,3.2524938583374023,1.030340425416433e-07
trained,13879,0,0.00020424836839083582,0.016650401055812836,13.93152904510498,0.001195159626908517
trained,13879,0,0.00020424836839083582,0.004987786058336496,13.350179672241211,0.00037361190491746793
trained,13879,0,0.00020424836839083582,0.01194352749735117,12.368011474609375,0.0009656788823223814
trained,13879,0,0.00020424836839083582,0.01808413863182068,12.33770751953125,0.001465761658168061
trained,13879,0,0.00020424836839083582,0.03344140946865082,12.033642768859863,0.002778993037352666
trained,10485,0,8.169934881152585e-05,0.0018154582940042019,4.172118186950684,0.00043514066779855136
trained,10485,0,8.169934881152585e-05,0.0006789532490074635,3.3839118480682373,0.00020064152953483562
trained,10478,0,0.00012254902685526758,0.002101128688082099,6.499562740325928,0.00032327231415828065
trained,10478,0,0.00012254902685526758,0.001418704749085009,3.8375232219696045,0.00036969281148919287
trained,10478,0,0.00012254902685526758,0.0014360100030899048,3.037278890609741,0.0004727949111059809
trained,6291,1,0.0006127451197244227,0.003748704679310322,7.952948093414307,0.0004713603855172344
trained,6291,1,0.0006127451197244227,0.0028978027403354645,7.305311679840088,0.00039667065107328823
trained,6291,1,0.0006127451197244227,0.0028978027403354645,7.305311679840088,0.00039667065107328823
trained,6291,1,0.0006127451197244227,0.003154849400743842,7.282637119293213,0.0004332015105333195
trained,6291,1,0.0006127451197244227,0.003154849400743842,7.282637119293213,0.0004332015105333195
trained,6291,1,0.0006127451197244227,0.003154849400743842,7.282637119293213,0.0004332015105333195
trained,6136,1,0.0005718954489566386,0.00014655175618827343,5.754706382751465,2.5466417648610506e-05
trained,6136,1,0.0005718954489566386,6.947375368326902e-05,5.107741832733154,1.3601657240787677e-05
trained,6136,1,0.0005718954489566386,0.00035220623249188066,4.969964981079102,7.086694450217394e-05
trained,6136,1,0.0005718954489566386,0.0010551678715273738,4.55165433883667,0.0002318207387859461
trained,6136,1,0.0005718954489566386,0.0005746264941990376,4.348824977874756,0.00013213373661219495
trained,6136,1,0.0005718954489566386,2.5768775230972096e-05,4.215118885040283,6.113415999351066e-06
trained,990,1,0.0008986928150989115,0.003168330527842045,34.564632415771484,9.166394393352114e-05
trained,990,1,0.0008986928150989115,0.016081059351563454,32.86333084106445,0.0004893313897284364
trained,990,1,0.0008986928150989115,0.0169463399797678,10.580880165100098,0.001601600218067254
trained,990,1,0.0008986928150989115,0.0008590298239141703,10.451407432556152,8.21927409736502e-05
trained,990,1,0.0008986928150989115,0.0005363131640478969,9.202061653137207,5.828184859694508e-05
trained,990,1,0.0008986928150989115,0.00107817561365664,8.655160903930664,0.00012457025647749612
trained,12749,1,0.0006535947904922068,0.00596038531512022,15.120087623596191,0.0003942030934938848
trained,12749,1,0.0006535947904922068,0.0067169880494475365,14.273159980773926,0.0004706027297736016
trained,12749,1,0.0006535947904922068,0.004686241038143635,13.997976303100586,0.0003347798950842359
trained,12749,1,0.0006535947904922068,0.003680003806948662,13.774857521057129,0.0002671536748255416
trained,12749,1,0.0006535947904922068,0.0008134632371366024,9.808338165283203,8.293588816257078e-05
trained,12749,1,0.0006535947904922068,0.0022131905425339937,8.058540344238281,0.000274639134135053
trained,4916,1,0.0009803922148421407,0.0015862082364037633,7.386424541473389,0.00021474642128915033
trained,4916,1,0.0009803922148421407,0.0006461224984377623,6.537623882293701,9.883139655490132e-05
trained,4916,1,0.0009803922148421407,0.002193720545619726,6.014699935913086,0.0003647265148708868
trained,4916,1,0.0009803922148421407,0.002553463913500309,5.909074306488037,0.0004321258764163213
trained,4916,1,0.0009803922148421407,0.0014742258936166763,5.561870574951172,0.00026505936694321924
trained,4916,1,0.0009803922148421407,0.002341444604098797,5.513331890106201,0.00042468776608579873
trained,14582,1,0.0003267973952461034,0.0031679156236350536,10.014254570007324,0.0003163406323944426
trained,14582,1,0.0003267973952461034,0.0007042892975732684,4.787668704986572,0.00014710485227177885
trained,14582,1,0.0003267973952461034,0.007119626738131046,4.629600524902344,0.0015378490433105407
trained,14582,1,0.0003267973952461034,0.008637349121272564,4.246074199676514,0.002034196463625294
trained,14582,1,0.0003267973952461034,0.0013315510004758835,4.207293510437012,0.00031648635807621017
trained,14582,1,0.0003267973952461034,0.0008659623563289642,3.5892319679260254,0.00024126675680684562
trained,9967,1,0.0007761438027955592,0.13787244260311127,45.52273941040039,0.0030286499536012574
trained,9967,1,0.0007761438027955592,0.15496055781841278,38.89326858520508,0.003984251348763202
trained,9967,1,0.0007761438027955592,0.7324316501617432,38.62361526489258,0.01896331156828543
trained,9967,1,0.0007761438027955592,0.06272701919078827,23.07101821899414,0.0027188665274923036
trained,9967,1,0.0007761438027955592,0.007496677339076996,15.960588455200195,0.00046969930714769277
trained,9967,1,0.0007761438027955592,0.001847605686634779,9.9818115234375,0.0001850972323306809
trained,7075,1,0.0009803922148421407,0.07155808806419373,43.52739715576172,0.001643978108962612
trained,7075,1,0.0009803922148421407,0.0032455672044306993,42.776851654052734,7.587204478437137e-05
trained,7075,1,0.0009803922148421407,0.2576519548892975,37.39603042602539,0.006889820977094596
trained,7075,1,0.0009803922148421407,0.6922405958175659,36.846961975097656,0.018786911015497128
trained,7075,1,0.0009803922148421407,0.058938317000865936,36.480220794677734,0.0016156239111761274
trained,7075,1,0.0009803922148421407,0.002775817643851042,11.646373748779297,0.00023834179665940965
trained,5547,1,0.0003676470660138875,0.43527713418006897,44.018001556396484,0.009888616447577379
trained,5547,1,0.0003676470660138875,0.024828918278217316,39.54465866088867,0.000627870339990421
trained,5547,1,0.0003676470660138875,0.0035611316561698914,26.108383178710938,0.0001363980156026543
trained,5547,1,0.0003676470660138875,0.00961349718272686,22.252792358398438,0.0004320130717931507
trained,5547,1,0.0003676470660138875,0.00013157876674085855,8.783964157104492,1.4979428921557851e-05
trained,5547,1,0.0003676470660138875,0.05178209766745567,8.319849014282227,0.006223922763329503
trained,4971,1,0.0004901961074210703,0.0001779613085091114,4.593951225280762,3.8738179789498136e-05
trained,4971,1,0.0004901961074210703,0.0012146658264100552,4.298879623413086,0.00028255404496431885
trained,4971,1,0.0004901961074210703,0.0013781045563519,4.155783653259277,0.00033161123661263914
trained,4971,1,0.0004901961074210703,0.00031130353454500437,4.145286560058594,7.50981940656484e-05
trained,4971,1,0.0004901961074210703,0.0002841188688762486,4.119877815246582,6.896293570280156e-05
trained,4971,1,0.0004901961074210703,0.0017722530756145716,3.912816047668457,0.0004529354444532628
trained,5901,1,0.0006535947904922068,0.002698594704270363,7.212157726287842,0.00037417300157401744
trained,5901,1,0.0006535947904922068,9.913291432894766e-05,4.379034996032715,2.2638073095729846e-05
trained,5901,1,0.0006535947904922068,0.002085174433887005,4.265558242797852,0.000488839752078805
trained,5901,1,0.0006535947904922068,0.00020771624986082315,4.19789981842041,4.948099260238726e-05
trained,5901,1,0.0006535947904922068,0.00037866056663915515,4.065431594848633,9.314154175388449e-05
trained,5901,1,0.0006535947904922068,0.0015815368387848139,3.8992221355438232,0.0004056031648897678
trained,836,1,0.0006535947904922068,0.0006995141739025712,5.338322162628174,0.00013103633549875246
trained,836,1,0.0006535947904922068,0.0015264586545526981,5.043930530548096,0.0003026327673047524
trained,836,1,0.0006535947904922068,0.00010621634282870218,4.377072334289551,2.426652673674453e-05
trained,836,1,0.0006535947904922068,0.0020234878174960613,3.769073963165283,0.0005368660411738718
trained,836,1,0.0006535947904922068,0.002895012032240629,3.6522951126098633,0.000792655561223777
trained,836,1,0.0006535947904922068,0.001835392788052559,3.61759614944458,0.000507351487626487
trained,2392,1,0.0008578431443311274,0.33132219314575195,44.53152847290039,0.007440171144077789
trained,2392,1,0.0008578431443311274,0.02240193635225296,31.2457218170166,0.0007169601164423328
trained,2392,1,0.0008578431443311274,0.0031236642971634865,18.541873931884766,0.00016846540477184491
trained,2392,1,0.0008578431443311274,0.00245180306956172,16.8875789642334,0.00014518381082063045
trained,2392,1,0.0008578431443311274,0.0061528487130999565,10.572010040283203,0.0005819942177178574
trained,2392,1,0.0008578431443311274,0.008783245459198952,8.510794639587402,0.0010320123832320265
trained,11327,1,0.0003267973952461034,0.00022563274251297116,4.177832126617432,5.40071347231594e-05
trained,11327,1,0.0003267973952461034,0.0014639528235420585,3.997791290283203,0.00036619040796358134
trained,11327,1,0.0003267973952461034,0.0030566882342100143,3.7251508235931396,0.0008205542215500548
trained,11327,1,0.0003267973952461034,1.5452275192728848e-07,3.460815191268921,4.4649235335398574e-08
trained,11327,1,0.0003267973952461034,0.000726066529750824,3.271050453186035,0.00022196738941878078
trained,11327,1,0.0003267973952461034,0.00032684276811778545,3.2494189739227295,0.00010058498788268531
trained,9351,1,0.0002859477244783193,0.00024210353149101138,4.876941204071045,4.964249544138743e-05
trained,9351,1,0.0002859477244783193,0.0009784961584955454,4.748400688171387,0.00020606857397966665
trained,9351,1,0.0002859477244783193,0.0014656742569059134,4.236743927001953,0.0003459435552771461
trained,9351,1,0.0002859477244783193,0.00026606686878949404,3.6006078720092773,7.389498613772083e-05
trained,9351,1,0.0002859477244783193,0.0005531054921448231,3.279418468475342,0.00016865962592507182
trained,9351,1,0.0002859477244783193,0.001864640973508358,3.1699163913726807,0.0005882303326936978
trained,3514,1,0.0002859477244783193,0.14736881852149963,29.5628662109375,0.004984929995284996
trained,3514,1,0.0002859477244783193,0.0015045579057186842,7.611763954162598,0.00019766218642341057
trained,3514,1,0.0002859477244783193,0.01397085189819336,5.524416923522949,0.0025289278654378015
trained,3514,1,0.0002859477244783193,0.001346738077700138,4.4588422775268555,0.0003020376128771975
trained,3514,1,0.0002859477244783193,0.0009646301623433828,4.165390968322754,0.0002315821419115918
trained,3514,1,0.0002859477244783193,0.00175563246011734,3.9840145111083984,0.00044066919315233693
trained,14380,1,0.0008986928150989115,0.3039810061454773,37.083126068115234,0.008197286431222578
trained,14380,1,0.0008986928150989115,0.22861337661743164,36.823402404785156,0.006208371896338498
trained,14380,1,0.0008986928150989115,0.04141056537628174,35.220096588134766,0.0011757652416612755
trained,14380,1,0.0008986928150989115,0.24267873167991638,34.5703125,0.007019859357068768
trained,14380,1,0.0008986928150989115,0.08447549492120743,34.542484283447266,0.0024455535458313294
trained,14380,1,0.0008986928150989115,0.6174360513687134,33.864830017089844,0.01823236824331098
trained,5102,1,0.00040849673678167164,0.003218220779672265,6.338255882263184,0.0005077454806894201
trained,5102,1,0.00040849673678167164,0.0016895162407308817,5.609402179718018,0.00030119363643414367
trained,5102,1,0.00040849673678167164,0.0003917610738426447,4.712944507598877,8.312448262672984e-05
trained,5102,1,0.00040849673678167164,0.0012770281173288822,3.6835925579071045,0.0003466800676930587
trained,5102,1,0.00040849673678167164,0.00036570592783391476,3.579591751098633,0.00010216414419931375
trained,5102,1,0.00040849673678167164,0.00018907527555711567,3.315068483352661,5.7035103952331117e-05
trained,12089,1,0.0003676470660138875,0.0004572065663523972,6.636322021484375,6.889457215491357e-05
trained,12089,1,0.0003676470660138875,1.5438708942383528e-05,6.223168849945068,2.48084365291162e-06
trained,12089,1,0.0003676470660138875,1.5251835975504946e-05,5.751049518585205,2.652009155236242e-06
trained,12089,1,0.0003676470660138875,9.647416845837142e-06,4.825320720672607,1.999331734470155e-06
trained,12089,1,0.0003676470660138875,1.3422581446320692e-07,4.481187343597412,2.9953180746835946e-08
trained,12089,1,0.0003676470660138875,4.423696736921556e-06,3.8348276615142822,1.1535581589016555e-06
trained,12426,1,0.0010212418856099248,0.012848304584622383,34.49271011352539,0.0003724933338764896
trained,12426,1,0.0010212418856099248,0.004119362682104111,10.763258934020996,0.0003827244803229106
trained,12426,1,0.0010212418856099248,0.0022595301270484924,7.634783744812012,0.00029595207966222857
trained,12426,1,0.0010212418856099248,0.0015094697009772062,7.559721946716309,0.0001996726482291944
trained,12426,1,0.0010212418856099248,0.00040168562554754317,6.293248653411865,6.382802391413067e-05
trained,12426,1,0.0010212418856099248,0.00017410778673365712,5.827354431152344,2.9877672413899797e-05
trained,4086,1,0.0006127451197244227,0.005498090758919716,9.88681697845459,0.0005561032201669342
trained,4086,1,0.0006127451197244227,0.0018359257373958826,7.276838779449463,0.0002522971571914888
trained,4086,1,0.0006127451197244227,0.0013029213296249509,5.791893005371094,0.00022495604259551943
trained,4086,1,0.0006127451197244227,3.2382966310251504e-05,5.363600730895996,6.0375423031986e-06
trained,4086,1,0.0006127451197244227,9.733171282277908e-06,5.319215774536133,1.8298132083439872e-06
trained,4086,1,0.0006127451197244227,0.0014685033820569515,5.3176727294921875,0.00027615527633216845
trained,10760,1,0.0002859477244783193,0.004245353862643242,6.555303573608398,0.0006476212451449241
trained,10760,1,0.0002859477244783193,0.0026044659316539764,6.314144134521484,0.000412481228835831
trained,10760,1,0.0002859477244783193,3.208499765605666e-05,4.332647800445557,7.405401762118105e-06
trained,10760,1,0.0002859477244783193,0.0002526477910578251,4.059451580047607,6.22369268547507e-05
trained,10760,1,0.0002859477244783193,0.0007938924245536327,3.586817502975464,0.00022133616329658674
trained,10760,1,0.0002859477244783193,0.00012905408220831305,3.358955144882202,3.8420900739012086e-05
trained,10695,1,0.0004901961074210703,0.004538117907941341,42.29359817504883,0.00010730035049651109
trained,10695,1,0.0004901961074210703,0.0021004839800298214,11.945394515991211,0.00017584048624077832
trained,10695,1,0.0004901961074210703,0.00028502041823230684,10.490028381347656,2.7170605061384038e-05
trained,10695,1,0.0004901961074210703,0.0007550346199423075,6.535366535186768,0.00011553056984289406
trained,10695,1,0.0004901961074210703,0.0026285131461918354,5.882307529449463,0.0004468506845370329
trained,10695,1,0.0004901961074210703,6.234367174329236e-05,5.7727370262146,1.0799672921212807e-05
trained,3610,1,0.00044934640754945576,0.007406950928270817,16.412086486816406,0.0004513107418865185
trained,3610,1,0.00044934640754945576,0.023903097957372665,13.859708786010742,0.0017246464789721404
trained,3610,1,0.00044934640754945576,0.000666863052174449,12.096981048583984,5.512640298403285e-05
trained,3610,1,0.00044934640754945576,0.006465577054768801,10.683685302734375,0.0006051822822892402
trained,3610,1,0.00044934640754945576,0.0017846067203208804,5.0807085037231445,0.00035125154671107785
trained,3610,1,0.00044934640754945576,0.0021651429124176502,4.803372859954834,0.00045075470415136774
trained,5257,1,0.0009803922148421407,0.0010532038286328316,20.741634368896484,5.07772825372037e-05
trained,5257,1,0.0009803922148421407,0.0077815791592001915,19.853483200073242,0.00039195032331512913
trained,5257,1,0.0009803922148421407,0.0023852395825088024,19.263879776000977,0.00012381927266180015
trained,5257,1,0.0009803922148421407,0.003417007392272353,18.042465209960938,0.00018938694643489635
trained,5257,1,0.0009803922148421407,0.0002976511896122247,10.487652778625488,2.8381106420576488e-05
trained,5257,1,0.0009803922148421407,0.0002832952595781535,6.05586051940918,4.6780347511338034e-05
trained,11392,1,0.0003676470660138875,0.0019048500107601285,10.126958847045898,0.00018809694396218328
trained,11392,1,0.0003676470660138875,0.02944989688694477,9.815017700195312,0.0030004935076539635
trained,11392,1,0.0003676470660138875,0.013413926586508751,9.371829986572266,0.0014313028091341717
trained,11392,1,0.0003676470660138875,0.09808862209320068,7.294882297515869,0.013446224091456948
trained,11392,1,0.0003676470660138875,0.00048539810813963413,5.766016483306885,8.41825738002837e-05
trained,11392,1,0.0003676470660138875,0.013966836035251617,5.024195194244385,0.002779915089933556
trained,3736,1,0.0008986928150989115,0.027329446747899055,41.4094352722168,0.000659981150871561
trained,3736,1,0.0008986928150989115,0.03931904584169388,38.8425407409668,0.0010122676089575292
trained,3736,1,0.0008986928150989115,0.016797106713056564,36.61693572998047,0.00045872507838780655
trained,3736,1,0.0008986928150989115,0.013824410736560822,35.74751281738281,0.0003867237087845305
trained,3736,1,0.0008986928150989115,0.019712457433342934,35.29866409301758,0.0005584476902977825
trained,3736,1,0.0008986928150989115,0.005821912549436092,34.639244079589844,0.0001680727366930759
trained,9105,1,0.0008986928150989115,2.519476890563965,44.234283447265625,0.05695756083779646
trained,9105,1,0.0008986928150989115,0.18757374584674835,41.30038833618164,0.004541694482868152
trained,9105,1,0.0008986928150989115,0.7926830053329468,40.960567474365234,0.019352344320645448
trained,9105,1,0.0008986928150989115,0.054961804300546646,39.45554733276367,0.0013930057499140726
trained,9105,1,0.0008986928150989115,0.2312822937965393,37.117149353027344,0.00623114376583113
trained,9105,1,0.0008986928150989115,0.009843459352850914,33.42955017089844,0.00029445383807228076
trained,14230,1,0.000735294132027775,0.0016146879643201828,13.758111000061035,0.00011736262080695668
trained,14230,1,0.000735294132027775,0.002212457824498415,11.025557518005371,0.00020066629926743785
trained,14230,1,0.000735294132027775,0.0024019149132072926,8.11826229095459,0.0002958656455191795
trained,14230,1,0.000735294132027775,0.0024137673899531364,7.013887882232666,0.0003441411426133011
trained,14230,1,0.000735294132027775,0.00018874008674174547,6.446319103240967,2.9278737791130144e-05
trained,14230,1,0.000735294132027775,9.218888590112329e-05,5.9401679039001465,1.5519575775054213e-05
trained,5240,1,0.0008986928150989115,0.00026548196910880506,11.35375690460205,2.338274205969625e-05
trained,5240,1,0.0008986928150989115,0.0004885091329924762,5.763798713684082,8.47547177233455e-05
trained,5240,1,0.0008986928150989115,0.001776970224454999,5.191802501678467,0.0003422646034552584
trained,5240,1,0.0008986928150989115,0.0011008938308805227,5.155179500579834,0.00021355101810842833
trained,5240,1,0.0008986928150989115,0.00010035285959020257,4.769458293914795,2.1040724838340592e-05
trained,5240,1,0.0008986928150989115,0.0015119025483727455,4.743270397186279,0.0003187468606617093
trained,1265,1,0.0003267973952461034,0.0018407676834613085,5.779122829437256,0.0003185202560646308
trained,1265,1,0.0003267973952461034,0.004055043216794729,5.018494606018066,0.0008080198416337864
trained,1265,1,0.0003267973952461034,0.0018626850796863437,4.100019931793213,0.000454311225475352
trained,1265,1,0.0003267973952461034,0.0019737519323825836,3.9248149394989014,0.0005028904452332169
trained,1265,1,0.0003267973952461034,0.0011528804898262024,3.840001106262207,0.0003002292077328064
trained,1265,1,0.0003267973952461034,0.00023227807832881808,3.8292272090911865,6.065925724578407e-05
trained,1345,1,0.00044934640754945576,1.404183785780333e-05,5.000383377075195,2.8081522553209965e-06
trained,1345,1,0.00044934640754945576,0.0022353215608745813,4.518453598022461,0.0004947094204647555
trained,1345,1,0.00044934640754945576,1.724550202197861e-05,4.49355411529541,3.837831164262028e-06
trained,1345,1,0.00044934640754945576,0.00119804497808218,4.2382354736328125,0.00028267541658209784
trained,1345,1,0.00044934640754945576,0.00011263875057920814,3.7218010425567627,3.0264581392515484e-05
trained,1345,1,0.00044934640754945576,1.12602356239222e-06,3.6188292503356934,3.1115686441623807e-07
trained,13447,1,0.00044934640754945576,0.0021307682618498802,6.26924991607666,0.0003398761080469623
trained,13447,1,0.00044934640754945576,0.0006815286469645798,4.957433700561523,0.00013747609915335505
trained,13447,1,0.00044934640754945576,0.0023781058844178915,4.88520622253418,0.0004867974402898921
trained,13447,1,0.00044934640754945576,0.002097012475132942,4.482786178588867,0.0004677922148392675
trained,13447,1,0.00044934640754945576,0.0008807837730273604,4.195134162902832,0.00020995366031819593
trained,13447,1,0.00044934640754945576,0.00016028457321226597,4.187067985534668,3.828086235189191e-05
trained,3934,1,0.0010212418856099248,0.08328378945589066,39.43391418457031,0.0021119838387353876
trained,3934,1,0.0010212418856099248,0.017401080578565598,9.256784439086914,0.0018798191416329484
trained,3934,1,0.0010212418856099248,0.0021403743885457516,7.273449897766113,0.00029427223925789636
trained,3934,1,0.0010212418856099248,0.01206844113767147,7.260421276092529,0.0016622232620868743
trained,3934,1,0.0010212418856099248,0.00019223196431994438,6.700173377990723,2.8690595522707466e-05
trained,3934,1,0.0010212418856099248,0.0011271883267909288,6.238307476043701,0.00018068816439708183
trained,13955,1,0.0005718954489566386,0.03288087993860245,6.989297389984131,0.004704461422076805
trained,13955,1,0.0005718954489566386,0.00549442321062088,5.805421352386475,0.0009464297037392901
trained,13955,1,0.0005718954489566386,0.0012319746892899275,5.146850109100342,0.00023936478878831659
trained,13955,1,0.0005718954489566386,0.00016814027912914753,5.003976345062256,3.360133372633992e-05
trained,13955,1,0.0005718954489566386,0.0013307929039001465,4.25881290435791,0.00031247977635701904
trained,13955,1,0.0005718954489566386,1.3057588148512878e-05,4.217231750488281,3.0962462869158278e-06
trained,7910,1,0.0007761438027955592,1.4918103218078613,38.2978401184082,0.038952857842518625
trained,7910,1,0.0007761438027955592,1.145235300064087,35.79391098022461,0.03199525474309878
trained,7910,1,0.0007761438027955592,0.17985767126083374,35.2939338684082,0.005095993887545229
trained,7910,1,0.0007761438027955592,0.22858184576034546,34.660552978515625,0.006594870136723789
trained,7910,1,0.0007761438027955592,0.07655619084835052,32.38763427734375,0.0023637475399647875
trained,7910,1,0.0007761438027955592,0.003519476857036352,21.145095825195312,0.00016644411953161927
trained,12849,1,0.00044934640754945576,0.0014348669210448861,6.549374580383301,0.00021908457111960008
trained,12849,1,0.00044934640754945576,8.285549120046198e-05,5.820479393005371,1.423516614456735e-05
trained,12849,1,0.00044934640754945576,3.429759090067819e-05,5.59345817565918,6.131732789194633e-06
trained,12849,1,0.00044934640754945576,0.001233917661011219,5.072154998779297,0.0002432728615959455
trained,12849,1,0.00044934640754945576,0.00019125884864479303,4.6149067878723145,4.144370784419943e-05
trained,12849,1,0.00044934640754945576,0.001334656961262226,3.850574254989624,0.0003466124460611973
trained,11359,1,0.0008578431443311274,0.0031458719167858362,35.97610855102539,8.74433629285948e-05
trained,11359,1,0.0008578431443311274,0.04499930888414383,33.44292449951172,0.0013455554368398863
trained,11359,1,0.0008578431443311274,0.003774503245949745,11.439906120300293,0.0003299418025163537
trained,11359,1,0.0008578431443311274,0.001108881551772356,9.358777046203613,0.00011848573230218939
trained,11359,1,0.0008578431443311274,0.0010523081291466951,7.627786159515381,0.000137957214208736
trained,11359,1,0.0008578431443311274,0.05078817903995514,7.161041736602783,0.007092289209872583
trained,12615,1,0.0002859477244783193,0.0022075027227401733,4.442862033843994,0.0004968650176224867
trained,12615,1,0.0002859477244783193,0.002350362716242671,3.8070173263549805,0.0006173764169581597
trained,12615,1,0.0002859477244783193,0.0036721862852573395,3.6900084018707275,0.0009951701690965385
trained,12615,1,0.0002859477244783193,0.0015629292465746403,3.6875483989715576,0.0004238396564531966
trained,12615,1,0.0002859477244783193,0.0023421812802553177,3.6458370685577393,0.0006424262072637996
trained,12615,1,0.0002859477244783193,0.001129819080233574,3.435044765472412,0.0003289095651940341
trained,8954,1,0.0006944444612599909,0.37761232256889343,43.8419303894043,0.008613040512015288
trained,8954,1,0.0006944444612599909,0.002155434340238571,11.459973335266113,0.00018808371338924408
trained,8954,1,0.0006944444612599909,0.00021019685664214194,9.359132766723633,2.2459010025960547e-05
trained,8954,1,0.0006944444612599909,0.0005321362987160683,8.901163101196289,5.9782782616863945e-05
trained,8954,1,0.0006944444612599909,0.0023460828233510256,8.494769096374512,0.0002761797050319251
trained,8954,1,0.0006944444612599909,0.00777379609644413,6.269545078277588,0.001239929851270772
trained,15769,2,0.0013888889225199819,0.007228408940136433,9.548354148864746,0.0007570319269102367
trained,15769,2,0.0013888889225199819,0.012562058866024017,7.6795759201049805,0.0016357750736126968
trained,15769,2,0.0013888889225199819,0.0014444658299908042,6.295576095581055,0.0002294414058476226
trained,15769,2,0.0013888889225199819,0.004731286317110062,5.949361324310303,0.0007952595344607935
trained,15769,2,0.0013888889225199819,0.0007559818914160132,5.589840888977051,0.0001352421126881769
trained,15769,2,0.0013888889225199819,0.002053632866591215,5.511541366577148,0.0003726059064066482
trained,13581,2,0.001756535959430039,0.0030547333881258965,11.123554229736328,0.0002746184650190091
trained,13581,2,0.001756535959430039,0.007268505170941353,8.981019020080566,0.0008093185366482108
trained,13581,2,0.001756535959430039,0.007268505170941353,8.981019020080566,0.0008093185366482108
trained,13581,2,0.001756535959430039,0.0018857787363231182,8.332319259643555,0.00022632098909803288
trained,13581,2,0.001756535959430039,0.004069035407155752,8.300890922546387,0.0004901926124705096
trained,13581,2,0.001756535959430039,0.003360604401677847,7.188082695007324,0.00046752444904564673
trained,3000,2,0.001062091556377709,3.4380704164505005e-05,7.51252555847168,4.5764508748638834e-06
trained,3000,2,0.001062091556377709,6.934582779649645e-05,7.387237548828125,9.387247579103117e-06
trained,3000,2,0.001062091556377709,1.6684447473380715e-05,6.9116530418396,2.4139590590531144e-06
trained,3000,2,0.001062091556377709,2.03232320927782e-06,6.789888858795166,2.993161230680948e-07
trained,3000,2,0.001062091556377709,0.0019614966586232185,4.955281734466553,0.00039583958364667595
trained,3000,2,0.001062091556377709,0.0014970493502914906,4.929882526397705,0.0003036683617257293
trained,15657,2,0.001797385630197823,0.0026412089355289936,32.44375228881836,8.140886146635012e-05
trained,15657,2,0.001797385630197823,0.0016553262248635292,13.800606727600098,0.00011994590220102502
trained,15657,2,0.001797385630197823,0.00241730990819633,12.424493789672852,0.0001945600319109645
trained,15657,2,0.001797385630197823,0.0009584907675161958,11.724982261657715,8.174773710750854e-05
trained,15657,2,0.001797385630197823,0.0022999895736575127,10.378031730651855,0.00022162098106372313
trained,15657,2,0.001797385630197823,0.00555354543030262,9.569735527038574,0.0005803238150742506
trained,16007,2,0.0012663399102166295,0.11539081484079361,44.089622497558594,0.002617187635189737
trained,16007,2,0.0012663399102166295,0.10116780549287796,42.61345672607422,0.0023740811768263722
trained,16007,2,0.0012663399102166295,0.033642228692770004,42.196922302246094,0.0007972673564152157
trained,16007,2,0.0012663399102166295,0.01573065295815468,21.550535202026367,0.0007299425657268849
trained,16007,2,0.0012663399102166295,0.01944403164088726,19.033456802368164,0.0010215712176081442
trained,16007,2,0.0012663399102166295,0.00392999779433012,16.101415634155273,0.00024407778071349062
trained,7919,2,0.001756535959430039,0.0026251180097460747,6.676727771759033,0.00039317433621446993
trained,7919,2,0.001756535959430039,0.00031466077780351043,6.407848358154297,4.910552812990485e-05
trained,7919,2,0.001756535959430039,0.0001239962875843048,5.91335391998291,2.0968859510553896e-05
trained,7919,2,0.001756535959430039,0.0020945195574313402,5.71901273727417,0.0003662379598807543
trained,7919,2,0.001756535959430039,0.000715685251634568,5.458658218383789,0.00013111010490165283
trained,7919,2,0.001756535959430039,0.0002306396490894258,5.222498416900635,4.416270349514096e-05
trained,10953,2,0.0012663399102166295,2.108153057633899e-05,6.464634418487549,3.2610553376460194e-06
trained,10953,2,0.0012663399102166295,0.0006019066204316914,5.441463947296143,0.00011061483201239955
trained,10953,2,0.0012663399102166295,0.0010306554613634944,5.356856346130371,0.00019239930936509214
trained,10953,2,0.0012663399102166295,0.0009707729332149029,5.321072101593018,0.00018243934956721858
trained,10953,2,0.0012663399102166295,0.00015982342301867902,5.24970006942749,3.0444296036917912e-05
trained,10953,2,0.0012663399102166295,0.0019442805787548423,5.229157447814941,0.0003718152681685422
trained,7313,2,0.001102941227145493,0.0005666991928592324,6.95147705078125,8.152212669615924e-05
trained,7313,2,0.001102941227145493,0.0007069010753184557,6.558239936828613,0.00010778823009337683
trained,7313,2,0.001102941227145493,0.00019237372907809913,6.555205821990967,2.93467107367913e-05
trained,7313,2,0.001102941227145493,1.5667555999243632e-06,6.447667121887207,2.429957332328565e-07
trained,7313,2,0.001102941227145493,0.00048259104369208217,5.992291450500488,8.053530901801768e-05
trained,7313,2,0.001102941227145493,0.0005227394867688417,5.893431663513184,8.869865922178642e-05
trained,6701,2,0.0024101308081299067,0.0022276765666902065,23.37599754333496,9.529760441497688e-05
trained,6701,2,0.0024101308081299067,0.002353937365114689,18.125436782836914,0.00012986927671412843
trained,6701,2,0.0024101308081299067,5.9116817283211276e-05,13.839140892028809,4.271711498888049e-06
trained,6701,2,0.0024101308081299067,7.505920075345784e-05,13.764077186584473,5.453267933328382e-06
trained,6701,2,0.0024101308081299067,0.0027740057557821274,13.010955810546875,0.0002132053783115209
trained,6701,2,0.0024101308081299067,0.0027432492934167385,12.65070915222168,0.0002168454954112179
trained,1900,2,0.0013480392517521977,0.0017804469680413604,26.710779190063477,6.66564968162252e-05
trained,1900,2,0.0013480392517521977,0.011677062138915062,25.580862045288086,0.00045647649083295613
trained,1900,2,0.0013480392517521977,0.0020474002230912447,22.861873626708984,8.955522441079876e-05
trained,1900,2,0.0013480392517521977,0.021530821919441223,16.248779296875,0.0013250731963343287
trained,1900,2,0.0013480392517521977,0.002425931394100189,8.402830123901367,0.0002887040864005767
trained,1900,2,0.0013480392517521977,0.0004081173101440072,8.378647804260254,4.8709209371050734e-05
trained,5914,2,0.0020424837712198496,0.004158291034400463,9.856461524963379,0.00042188477313778315
trained,5914,2,0.0020424837712198496,5.218385922489688e-06,9.578225135803223,5.448176304588479e-07
trained,5914,2,0.0020424837712198496,0.0041794911958277225,7.400175094604492,0.0005647827439752084
trained,5914,2,0.0020424837712198496,0.0005966139724478126,7.000298500061035,8.522693317186556e-05
trained,5914,2,0.0020424837712198496,0.004727398976683617,6.7484564781188965,0.000700515590789045
trained,5914,2,0.0020424837712198496,0.006643548607826233,6.6535797119140625,0.0009984923748535142
trained,15741,2,0.0023692811373621225,0.03236411511898041,32.37092208862305,0.0009997897196247915
trained,15741,2,0.0023692811373621225,0.009695484302937984,20.81769371032715,0.0004657328730957499
trained,15741,2,0.0023692811373621225,0.006474287249147892,15.133552551269531,0.0004278101408915234
trained,15741,2,0.0023692811373621225,0.0020883437246084213,13.99815559387207,0.00014918706329586942
trained,15741,2,0.0023692811373621225,0.015834342688322067,13.612192153930664,0.0011632470735986292
trained,15741,2,0.0023692811373621225,0.00456683523952961,11.450661659240723,0.0003988271922997706
trained,12731,2,0.0013480392517521977,0.007034176029264927,13.488163948059082,0.0005215073049491758
trained,12731,2,0.0013480392517521977,0.0010919392807409167,9.978316307067871,0.00010943121536119986
trained,12731,2,0.0013480392517521977,0.001383292255923152,9.918350219726562,0.00013946797857288082
trained,12731,2,0.0013480392517521977,0.00011919447570107877,9.761524200439453,1.2210641827401582e-05
trained,12731,2,0.0013480392517521977,0.0010169309098273516,9.72325325012207,0.00010458751650992784
trained,12731,2,0.0013480392517521977,0.0006703096441924572,9.672451972961426,6.93009017843929e-05
trained,4473,2,0.0011846405686810613,0.05306851491332054,39.27134323120117,0.0013513292530100546
trained,4473,2,0.0011846405686810613,0.014364907518029213,36.700382232666016,0.00039141029722691547
trained,4473,2,0.0011846405686810613,0.0005135383689776063,36.06330490112305,1.4239914239296859e-05
trained,4473,2,0.0011846405686810613,0.010788741521537304,34.02009963989258,0.0003171284515841403
trained,4473,2,0.0011846405686810613,0.04786626622080803,33.47005844116211,0.0014301219791699315
trained,4473,2,0.0011846405686810613,0.0004379367164801806,33.454837799072266,1.3090385286289597e-05
trained,2215,2,0.00147058826405555,0.00018149556126445532,7.572923183441162,2.3966380863509978e-05
trained,2215,2,0.00147058826405555,0.0012083997717127204,6.196306228637695,0.00019501937559635366
trained,2215,2,0.00147058826405555,0.0017797546461224556,5.7033233642578125,0.0003120557142658278
trained,2215,2,0.00147058826405555,0.0009568821405991912,5.3892669677734375,0.00017755330109291742
trained,2215,2,0.00147058826405555,0.002095685573294759,5.332524299621582,0.00039300066076463584
trained,2215,2,0.00147058826405555,0.0033078384585678577,5.214758396148682,0.000634322476188127
trained,5826,2,0.001429738593287766,0.010373339056968689,12.071735382080078,0.0008593080223053449
trained,5826,2,0.001429738593287766,0.0009066325146704912,8.573465347290039,0.0001057486649732673
trained,5826,2,0.001429738593287766,0.005101805552840233,8.51416015625,0.0005992141866271031
trained,5826,2,0.001429738593287766,0.00010885439405683428,7.9209465980529785,1.3742599158993373e-05
trained,5826,2,0.001429738593287766,0.0012224474921822548,7.6786675453186035,0.00015920047130150013
trained,5826,2,0.001429738593287766,0.0011302566854283214,6.7600884437561035,0.0001671955470452865
trained,1269,2,0.0019199346425011754,0.0009515734855085611,9.373656272888184,0.00010151572212657688
trained,1269,2,0.0019199346425011754,2.6655594410840422e-05,8.687271118164062,3.068350699347544e-06
trained,1269,2,0.0019199346425011754,0.001743565546348691,8.04494857788086,0.00021672799141843216
trained,1269,2,0.0019199346425011754,0.0021659634076058865,7.355550765991211,0.0002944665160385183
trained,1269,2,0.0019199346425011754,0.0022457679733633995,7.0341668128967285,0.0003192656689980563
trained,1269,2,0.0019199346425011754,0.007632650900632143,5.581640243530273,0.0013674566198491945
trained,15178,2,0.0011437908979132771,0.11845970153808594,33.67497253417969,0.0035177371389939747
trained,15178,2,0.0011437908979132771,0.0621139258146286,31.03228187561035,0.0020015906681824353
trained,15178,2,0.0011437908979132771,0.018086276948451996,30.832895278930664,0.0005865902888727762
trained,15178,2,0.0011437908979132771,0.011105542071163654,27.30685806274414,0.0004066942467583042
trained,15178,2,0.0011437908979132771,0.00029047392308712006,22.624385833740234,1.283897495479988e-05
trained,15178,2,0.0011437908979132771,0.00011973860091529787,16.39718246459961,7.302388759398469e-06
trained,12058,2,0.001756535959430039,0.010383471846580505,13.309870719909668,0.0007801331857452464
trained,12058,2,0.001756535959430039,0.0017782317008823156,11.311944961547852,0.00015719946542588147
trained,12058,2,0.001756535959430039,0.0013484939699992537,9.599348068237305,0.00014047766165092013
trained,12058,2,0.001756535959430039,0.0007283440791070461,9.284477233886719,7.844750552553649e-05
trained,12058,2,0.001756535959430039,0.007382427342236042,9.072920799255371,0.0008136770402362522
trained,12058,2,0.001756535959430039,0.003109496086835861,8.783980369567871,0.00035399624726037876
trained,15101,2,0.0017156862886622548,0.001239849254488945,11.166275978088379,0.00011103516131267984
trained,15101,2,0.0017156862886622548,0.001527138752862811,9.530170440673828,0.00016024254365327333
trained,15101,2,0.0017156862886622548,1.7563347682880703e-06,7.065451145172119,2.4858069671717825e-07
trained,15101,2,0.0017156862886622548,1.620445073058363e-05,5.943080902099609,2.726607797793703e-06
trained,15101,2,0.0017156862886622548,0.00470946729183197,5.560861110687256,0.0008468953275565511
trained,15101,2,0.0017156862886622548,0.0008889026939868927,5.228050708770752,0.0001700256450259061
trained,235,2,0.001062091556377709,0.02881651557981968,39.413936614990234,0.0007311250297403671
trained,235,2,0.001062091556377709,0.06097462773323059,38.94892501831055,0.00156550219818815
trained,235,2,0.001062091556377709,0.015251806937158108,38.742305755615234,0.0003936731859318296
trained,235,2,0.001062091556377709,0.30185842514038086,38.16191101074219,0.007909939967508724
trained,235,2,0.001062091556377709,0.0026720454916357994,11.247159004211426,0.0002375751503677746
trained,235,2,0.001062091556377709,0.0034816469997167587,8.42465591430664,0.0004132687477246722
trained,14683,2,0.0016339869471266866,0.5320954918861389,20.202959060668945,0.026337502852343084
trained,14683,2,0.0016339869471266866,0.03833208978176117,14.578243255615234,0.0026294039075659167
trained,14683,2,0.0016339869471266866,0.017164012417197227,14.127716064453125,0.0012149177077803647
trained,14683,2,0.0016339869471266866,0.08157061040401459,13.30502700805664,0.0061308113357921665
trained,14683,2,0.0016339869471266866,0.04460370913147926,12.51980209350586,0.0035626528916631703
trained,14683,2,0.0016339869471266866,0.0009436778491362929,11.006673812866211,8.573687793247622e-05
trained,11995,2,0.0015522876055911183,0.0022299266420304775,13.700491905212402,0.0001627625239632523
trained,11995,2,0.0015522876055911183,0.002322923392057419,13.27804183959961,0.00017494472604610086
trained,11995,2,0.0015522876055911183,0.002728761173784733,11.92986011505127,0.00022873371082884702
trained,11995,2,0.0015522876055911183,0.00039152236422523856,9.243699073791504,4.235559391318947e-05
trained,11995,2,0.0015522876055911183,0.0006980826146900654,9.243621826171875,7.552046457737521e-05
trained,11995,2,0.0015522876055911183,0.00019477377645671368,8.504571914672852,2.290224345339152e-05
trained,12335,2,0.0010212418856099248,0.0007257391698658466,4.2591376304626465,0.00017039580141180215
trained,12335,2,0.0010212418856099248,9.032937668962404e-07,4.14284610748291,2.180370072797754e-07
trained,12335,2,0.0010212418856099248,0.0009343036217615008,4.074580669403076,0.00022930055815985987
trained,12335,2,0.0010212418856099248,0.00016447436064481735,3.995724678039551,4.1162585988160356e-05
trained,12335,2,0.0010212418856099248,0.00018193040159530938,3.6443285942077637,4.992151418081964e-05
trained,12335,2,0.0010212418856099248,0.0014524860307574272,3.6255929470062256,0.0004006202714942928
trained,216,2,0.0019607844296842813,0.24544672667980194,57.00111770629883,0.004305998488388925
trained,216,2,0.0019607844296842813,0.3166777789592743,56.308109283447266,0.005624017268368255
trained,216,2,0.0019607844296842813,0.47919970750808716,55.52475357055664,0.008630379726028979
trained,216,2,0.0019607844296842813,0.23117025196552277,52.225032806396484,0.004426426170424717
trained,216,2,0.0019607844296842813,0.36449748277664185,50.429317474365234,0.007227888478996906
trained,216,2,0.0019607844296842813,0.15232743322849274,49.44847106933594,0.0030805286783266036
trained,8405,2,0.0011846405686810613,0.0006428747437894344,7.717235565185547,8.330376057063871e-05
trained,8405,2,0.0011846405686810613,0.001555918832309544,7.648476600646973,0.00020342859284918664
trained,8405,2,0.0011846405686810613,0.005567818880081177,7.324259281158447,0.0007601886643205424
trained,8405,2,0.0011846405686810613,0.0012370618060231209,6.783937454223633,0.00018235159365346664
trained,8405,2,0.0011846405686810613,0.003342864103615284,5.3331451416015625,0.0006268091369835493
trained,8405,2,0.0011846405686810613,0.0018745550187304616,5.077641010284424,0.00036917832807275566
trained,12263,2,0.0013071895809844136,0.0015436201356351376,6.875072956085205,0.00022452418257887168
trained,12263,2,0.0013071895809844136,0.0033696996979415417,5.502433776855469,0.0006124016816186487
trained,12263,2,0.0013071895809844136,0.0023386962711811066,4.84833288192749,0.000482371224941828
trained,12263,2,0.0013071895809844136,0.0011603564489632845,4.749355316162109,0.00024431872785229996
trained,12263,2,0.0013071895809844136,0.0009749263990670443,4.382303714752197,0.0002224689255984561
trained,12263,2,0.0013071895809844136,0.00023716948635410517,4.355040073394775,5.445862319453478e-05
trained,2465,2,0.0019607844296842813,5.929634062340483e-05,6.48293399810791,9.146528507109726e-06
trained,2465,2,0.0019607844296842813,0.0003192356671206653,5.409178256988525,5.901740559357989e-05
trained,2465,2,0.0019607844296842813,0.002127646002918482,5.245572090148926,0.0004056079997287915
trained,2465,2,0.0019607844296842813,4.031218122690916e-05,4.549048900604248,8.861672430374295e-06
trained,2465,2,0.0019607844296842813,0.000736909918487072,4.442380905151367,0.0001658817499491217
trained,2465,2,0.0019607844296842813,4.860921762883663e-05,4.377771377563477,1.1103644625656748e-05
trained,8495,2,0.002165032783523202,0.006674366071820259,11.072010040283203,0.000602814308109997
trained,8495,2,0.002165032783523202,0.0018048974452540278,9.145297050476074,0.00019735799015517717
trained,8495,2,0.002165032783523202,0.00045803835382685065,8.910752296447754,5.1402882561267734e-05
trained,8495,2,0.002165032783523202,0.000751514860894531,8.581828117370605,8.757048621999066e-05
trained,8495,2,0.002165032783523202,0.00018006237223744392,6.615201950073242,2.7219482276795846e-05
trained,8495,2,0.002165032783523202,0.002855907194316387,6.436085224151611,0.0004437335887970386
trained,14194,2,0.0012663399102166295,6.785195728298277e-05,10.001405715942383,6.784242056576685e-06
trained,14194,2,0.0012663399102166295,0.000901847321074456,9.642345428466797,9.352987069017048e-05
trained,14194,2,0.0012663399102166295,0.003761828411370516,9.19350814819336,0.0004091831269121965
trained,14194,2,0.0012663399102166295,0.00194545928388834,8.545104026794434,0.00022766946754399544
trained,14194,2,0.0012663399102166295,0.0016463443171232939,8.22544002532959,0.00020015273493618666
trained,14194,2,0.0012663399102166295,0.0045292554423213005,8.133268356323242,0.000556880118040125
trained,1958,2,0.0023692811373621225,0.05405318737030029,41.461307525634766,0.0013037019475779967
trained,1958,2,0.0023692811373621225,0.10253497213125229,40.92612838745117,0.002505367015431924
trained,1958,2,0.0023692811373621225,0.08566047251224518,40.24406433105469,0.002128524390766976
trained,1958,2,0.0023692811373621225,0.08436387032270432,39.88125228881836,0.0021153766614885787
trained,1958,2,0.0023692811373621225,0.05688929557800293,39.789005279541016,0.001429774259957553
trained,1958,2,0.0023692811373621225,0.03461824730038643,38.91324996948242,0.0008896262154288235
trained,6506,2,0.002165032783523202,0.02215072140097618,33.649085998535156,0.0006582859754924834
trained,6506,2,0.002165032783523202,0.03148648142814636,29.668758392333984,0.0010612672431982207
trained,6506,2,0.002165032783523202,0.010368796065449715,25.694486618041992,0.00040354167100458896
trained,6506,2,0.002165032783523202,0.031982019543647766,23.86594581604004,0.0013400692262593257
trained,6506,2,0.002165032783523202,0.008088774979114532,23.292095184326172,0.0003472755419854917
trained,6506,2,0.002165032783523202,0.0012587008532136679,14.1599760055542,8.88914538216694e-05
trained,14300,2,0.0019607844296842813,0.007417633198201656,36.694026947021484,0.00020214824633205754
trained,14300,2,0.0019607844296842813,0.012318497523665428,15.954676628112793,0.0007720932119651821
trained,14300,2,0.0019607844296842813,0.0038720406591892242,13.668110847473145,0.00028329011246679034
trained,14300,2,0.0019607844296842813,0.004790912847965956,10.909220695495605,0.00043916178631752436
trained,14300,2,0.0019607844296842813,0.009027274325489998,9.674944877624512,0.0009330569258712369
trained,14300,2,0.0019607844296842813,0.0033871226478368044,9.339289665222168,0.00036267454691440174
trained,1381,2,0.0015114379348233342,0.03217314928770065,36.236305236816406,0.0008878705783450694
trained,1381,2,0.0015114379348233342,0.047759927809238434,34.432003021240234,0.001387079566058836
trained,1381,2,0.0015114379348233342,0.03156840801239014,10.933856964111328,0.0028872161137655714
trained,1381,2,0.0015114379348233342,0.0020002052187919617,10.227685928344727,0.00019556772008892532
trained,1381,2,0.0015114379348233342,0.002946798224002123,9.883672714233398,0.0002981480983034234
trained,1381,2,0.0015114379348233342,0.001941954717040062,7.202584743499756,0.00026961914176610723
trained,15900,2,0.0013480392517521977,0.014521274715662003,18.455461502075195,0.0007868280462143513
trained,15900,2,0.0013480392517521977,0.002602518768981099,11.662420272827148,0.00022315426027347314
trained,15900,2,0.0013480392517521977,0.0056312535889446735,10.681661605834961,0.0005271889146786439
trained,15900,2,0.0013480392517521977,0.00823972001671791,10.099933624267578,0.0008158192244867782
trained,15900,2,0.0013480392517521977,0.0019938508048653603,9.778038024902344,0.00020391113225245137
trained,15900,2,0.0013480392517521977,0.003000212600454688,9.359424591064453,0.00032055524047055464
trained,6624,2,0.0015522876055911183,0.00040079368045553565,8.341596603393555,4.80475980212809e-05
trained,6624,2,0.0015522876055911183,0.001980291213840246,7.969120025634766,0.00024849559392632056
trained,6624,2,0.0015522876055911183,0.000503817165736109,7.916828155517578,6.363876489916952e-05
trained,6624,2,0.0015522876055911183,0.0045018792152404785,7.025463581085205,0.0006407946128083245
trained,6624,2,0.0015522876055911183,0.001333627151325345,6.7899250984191895,0.00019641264549970312
trained,6624,2,0.0015522876055911183,0.0017127995379269123,6.637510776519775,0.000258048475640288
trained,15194,2,0.0015114379348233342,0.2166612148284912,27.562498092651367,0.007860724891487859
trained,15194,2,0.0015114379348233342,0.03284670040011406,8.944130897521973,0.0036724306449064203
trained,15194,2,0.0015114379348233342,0.0005832643946632743,6.691572189331055,8.716402934324202e-05
trained,15194,2,0.0015114379348233342,0.0005564008606597781,6.460402488708496,8.612479820448596e-05
trained,15194,2,0.0015114379348233342,0.0025093164294958115,5.916800498962402,0.00042410022611643857
trained,15194,2,0.0015114379348233342,0.046049680560827255,5.705449104309082,0.008071175418258993
trained,3651,2,0.0010212418856099248,0.001259462907910347,10.844341278076172,0.00011614010253039368
trained,3651,2,0.0010212418856099248,0.0008718347526155412,9.573528289794922,9.106723521618351e-05
trained,3651,2,0.0010212418856099248,0.0001786714419722557,9.568248748779297,1.8673369251092094e-05
trained,3651,2,0.0010212418856099248,0.0013464214280247688,7.514928817749023,0.00017916622508050154
trained,3651,2,0.0010212418856099248,0.0013789567165076733,6.976334571838379,0.00019766206771019233
trained,3651,2,0.0010212418856099248,0.00043834414100274444,6.519237041473389,6.723856460719763e-05
trained,13616,2,0.0015931372763589025,0.011782300658524036,21.98819923400879,0.0005358465481020631
trained,13616,2,0.0015931372763589025,0.0014329910045489669,8.007221221923828,0.00017896233472673733
trained,13616,2,0.0015931372763589025,0.0007660856936126947,7.662495136260986,9.997862053932946e-05
trained,13616,2,0.0015931372763589025,0.0027393056079745293,7.440438747406006,0.00036816452644402805
trained,13616,2,0.0015931372763589025,0.001960080349817872,7.388020038604736,0.0002653052292191729
trained,13616,2,0.0015931372763589025,0.00013164564734324813,6.991299152374268,1.882992623746344e-05
trained,11620,2,0.002205882454290986,0.08583398163318634,30.154865264892578,0.002846438903944216
trained,11620,2,0.002205882454290986,0.04334867373108864,24.74903106689453,0.0017515301352170455
trained,11620,2,0.002205882454290986,0.016622398048639297,24.2670955657959,0.000684976824011371
trained,11620,2,0.002205882454290986,0.0055396901443600655,22.894149780273438,0.00024196968210338587
trained,11620,2,0.002205882454290986,0.010818855836987495,21.524547576904297,0.0005026287218503983
trained,11620,2,0.002205882454290986,0.008090813644230366,14.317366600036621,0.0005651048737000051
trained,4209,3,0.003513071918860078,0.00959424301981926,21.185550689697266,0.0004528672943340119
trained,4209,3,0.003513071918860078,0.0025601082015782595,15.013697624206543,0.0001705181671869163
trained,4209,3,0.003513071918860078,0.004384923726320267,12.312430381774902,0.0003561379508639428
trained,4209,3,0.003513071918860078,0.002213653875514865,9.212035179138184,0.00024030019778126374
trained,4209,3,0.003513071918860078,0.0003532030386850238,8.85169792175293,3.990229239714926e-05
trained,4209,3,0.003513071918860078,0.0002620634622871876,8.186342239379883,3.201227784327753e-05
trained,7535,3,0.0037173202726989985,0.03329619765281677,31.4680233001709,0.001058096256482559
trained,7535,3,0.0037173202726989985,0.021322019398212433,27.542194366455078,0.0007741583373684093
trained,7535,3,0.0037173202726989985,0.03248702734708786,27.19391632080078,0.001194643204893528
trained,7535,3,0.0037173202726989985,0.019893953576683998,26.02147102355957,0.0007645207128633204
trained,7535,3,0.0037173202726989985,0.011316314339637756,25.999300003051758,0.00043525457755822135
trained,7535,3,0.0037173202726989985,0.00914690550416708,24.95992660522461,0.00036646363784789536
trained,14138,3,0.004003268200904131,0.06744734942913055,28.984113693237305,0.0023270454340257314
trained,14138,3,0.004003268200904131,0.008820042945444584,24.70199966430664,0.00035705785221061185
trained,14138,3,0.004003268200904131,0.0028100316412746906,20.45676612854004,0.0001373644115408009
trained,14138,3,0.004003268200904131,0.0007530450238846242,16.497751235961914,4.5645313298404656e-05
trained,14138,3,0.004003268200904131,0.020070606842637062,12.007013320922852,0.001671573630026959
trained,14138,3,0.004003268200904131,0.06529152393341064,11.93564224243164,0.005470298338978099
trained,4739,3,0.005065359640866518,0.00166029529646039,12.119913101196289,0.00013698904295745418
trained,4739,3,0.005065359640866518,0.0014674882404506207,11.738702774047852,0.00012501281178146632
trained,4739,3,0.005065359640866518,0.0013887155801057816,11.587933540344238,0.00011984152094684239
trained,4739,3,0.005065359640866518,0.0010830942774191499,10.88183879852295,9.953228470597857e-05
trained,4739,3,0.005065359640866518,0.0003325652505736798,10.224298477172852,3.252695051070519e-05
trained,4739,3,0.005065359640866518,3.272538606324815e-06,9.282245635986328,3.52558931821144e-07
trained,13538,3,0.002900326857343316,0.017122134566307068,14.26436710357666,0.0012003430956297983
trained,13538,3,0.002900326857343316,0.0036610376555472612,10.967484474182129,0.00033380832807791813
trained,13538,3,0.002900326857343316,0.004478768445551395,9.93193244934082,0.00045094632574234334
trained,13538,3,0.002900326857343316,0.0011084899306297302,9.509449005126953,0.00011656720910245121
trained,13538,3,0.002900326857343316,0.00023214879911392927,7.648367881774902,3.035272396704539e-05
trained,13538,3,0.002900326857343316,0.0003304827259853482,7.120261192321777,4.641441051933999e-05
trained,8226,3,0.003880718955770135,0.002498586429283023,12.601016998291016,0.00019828450589518988
trained,8226,3,0.003880718955770135,0.0006649098359048367,10.866703987121582,6.118781156575525e-05
trained,8226,3,0.003880718955770135,0.0015973602421581745,10.41872787475586,0.00015331624564535477
trained,8226,3,0.003880718955770135,0.00282818591222167,10.341870307922363,0.00027346948163284795
trained,8226,3,0.003880718955770135,0.0019819610752165318,9.868414878845215,0.0002008388479354708
trained,8226,3,0.003880718955770135,0.002936611883342266,9.761204719543457,0.0003008452304522115
trained,2195,3,0.003880718955770135,0.03228164464235306,31.73981475830078,0.0010170709844458236
trained,2195,3,0.003880718955770135,0.0606764480471611,31.192676544189453,0.001945214542945782
trained,2195,3,0.003880718955770135,0.04519544541835785,28.72117042541504,0.0015735934416643727
trained,2195,3,0.003880718955770135,0.006575432140380144,28.267620086669922,0.000232613574125432
trained,2195,3,0.003880718955770135,0.043738953769207,25.98507308959961,0.0016832338172915622
trained,2195,3,0.003880718955770135,0.05944934859871864,24.144210815429688,0.00246226099718806
trained,9180,3,0.004738562274724245,0.0004938616184517741,8.453006744384766,5.842437293449939e-05
trained,9180,3,0.004738562274724245,0.00019671015616040677,6.507017612457275,3.0230463151631488e-05
trained,9180,3,0.004738562274724245,1.628493919270113e-05,6.3413543701171875,2.5680538008476235e-06
trained,9180,3,0.004738562274724245,0.0016064494848251343,6.2289628982543945,0.0002578999925132522
trained,9180,3,0.004738562274724245,4.1235354728996754e-05,5.828503608703613,7.074775533709998e-06
trained,9180,3,0.004738562274724245,0.00022618036018684506,5.689717769622803,3.975247443632685e-05
trained,9224,3,0.0037173202726989985,0.0026431847363710403,19.917030334472656,0.00013270978112616427
trained,9224,3,0.0037173202726989985,0.007155159488320351,13.674459457397461,0.0005232498959547268
trained,9224,3,0.0037173202726989985,0.006022636778652668,12.683503150939941,0.00047484016891708233
trained,9224,3,0.0037173202726989985,0.005252152215689421,10.359089851379395,0.000507009041435243
trained,9224,3,0.0037173202726989985,0.0036261160857975483,9.98265266418457,0.0003632417362177898
trained,9224,3,0.0037173202726989985,0.0010004155337810516,9.163074493408203,0.00010917902440940948
trained,6958,3,0.0030637255404144526,0.0018634265288710594,11.679520606994629,0.0001595464909540115
trained,6958,3,0.0030637255404144526,0.00827852264046669,9.359108924865723,0.000884541755729749
trained,6958,3,0.0030637255404144526,0.0018661419162526727,8.716639518737793,0.00021408960554593383
trained,6958,3,0.0030637255404144526,0.0017315945588052273,7.672770977020264,0.000225680469805668
trained,6958,3,0.0030637255404144526,0.0001464921806473285,6.996883869171143,2.093677462517069e-05
trained,6958,3,0.0030637255404144526,0.0004442739300429821,6.5186967849731445,6.815379587329776e-05
trained,981,3,0.005433006677776575,0.0035503488034009933,15.93851089477539,0.00022275285482063384
trained,981,3,0.005433006677776575,0.0023123635910451412,15.389175415039062,0.00015025909632464032
trained,981,3,0.005433006677776575,0.00406927615404129,14.167943954467773,0.0002872171267135814
trained,981,3,0.005433006677776575,0.012842180207371712,12.617703437805176,0.0010177906201927333
trained,981,3,0.005433006677776575,0.0003002047014888376,12.608336448669434,2.381001670688431e-05
trained,981,3,0.005433006677776575,0.00012405913730617613,12.604097366333008,9.842762531932857e-06
trained,3329,3,0.004084967542439699,4.346786590758711e-05,9.23879623413086,4.704927439248405e-06
trained,3329,3,0.004084967542439699,2.5512243155390024e-05,7.648565292358398,3.335559308211573e-06
trained,3329,3,0.004084967542439699,0.002089938847348094,7.584155082702637,0.0002755664704318438
trained,3329,3,0.004084967542439699,0.0007930403808131814,6.971414566040039,0.00011375602086215493
trained,3329,3,0.004084967542439699,1.0639385436661541e-05,6.7474565505981445,1.5767993994297582e-06
trained,3329,3,0.004084967542439699,2.4967903300421312e-05,6.270936489105225,3.98152705641321e-06
trained,3519,3,0.003880718955770135,0.0038366857916116714,16.085485458374023,0.00023851849554309298
trained,3519,3,0.003880718955770135,0.007115756627172232,15.077820777893066,0.00047193535007428097
trained,3519,3,0.003880718955770135,0.0036629026290029287,15.005309104919434,0.00024410710924988943
trained,3519,3,0.003880718955770135,0.003262678161263466,14.58031940460205,0.000223772749466219
trained,3519,3,0.003880718955770135,0.0026653925888240337,14.504448890686035,0.00018376379612296772
trained,3519,3,0.003880718955770135,0.0025354819372296333,13.842436790466309,0.00018316731191258853
trained,3602,3,0.003267973894253373,0.0018755790079012513,16.645448684692383,0.00011267818870067983
trained,3602,3,0.003267973894253373,0.0010374196572229266,10.086626052856445,0.0001028510080364423
trained,3602,3,0.003267973894253373,0.0030649839900434017,9.408108711242676,0.0003257810984242508
trained,3602,3,0.003267973894253373,0.0028955359011888504,9.332137107849121,0.0003102757565309942
trained,3602,3,0.003267973894253373,0.00047666759928688407,8.538116455078125,5.5828191357519086e-05
trained,3602,3,0.003267973894253373,0.00039202766492962837,8.357194900512695,4.690900111777677e-05
trained,12741,3,0.00518790865316987,0.0022169454023241997,12.75792407989502,0.00017377007328471593
trained,12741,3,0.00518790865316987,0.003645331598818302,12.054567337036133,0.00030240252486030605
trained,12741,3,0.00518790865316987,0.006956460885703564,11.755086898803711,0.0005917830251353996
trained,12741,3,0.00518790865316987,0.004433160647749901,11.103492736816406,0.00039925821116184896
trained,12741,3,0.00518790865316987,0.0006219446077011526,11.042451858520508,5.632305358173253e-05
trained,12741,3,0.00518790865316987,0.0028355377726256847,11.017435073852539,0.0002573682307740765
trained,4751,3,0.003594771260395646,0.0003697842766996473,13.419535636901855,2.7555668594283696e-05
trained,4751,3,0.003594771260395646,0.020340323448181152,12.922050476074219,0.001574078625202882
trained,4751,3,0.003594771260395646,0.023603476583957672,11.692968368530273,0.0020186043304010466
trained,4751,3,0.003594771260395646,0.0036828285083174706,10.940886497497559,0.00033661152678622717
trained,4751,3,0.003594771260395646,0.00010061298962682486,9.77270793914795,1.029530302689031e-05
trained,4751,3,0.003594771260395646,0.012820005416870117,8.978474617004395,0.001427860072421458
trained,11723,3,0.002859477186575532,0.00010951817966997623,12.867220878601074,8.511409006128996e-06
trained,11723,3,0.002859477186575532,4.1718274587765336e-05,10.350892066955566,4.03040378722021e-06
trained,11723,3,0.002859477186575532,0.00010721795842982829,9.625889778137207,1.1138498455835945e-05
trained,11723,3,0.002859477186575532,0.007292352616786957,9.45926570892334,0.0007709216382311537
trained,11723,3,0.002859477186575532,0.0038306801579892635,9.067057609558105,0.00042248327108356784
trained,11723,3,0.002859477186575532,0.0019218104425817728,8.5626859664917,0.0002244401406407266
trained,13619,3,0.005147058982402086,0.006848767399787903,20.52972412109375,0.00033360250529382296
trained,13619,3,0.005147058982402086,0.015350565314292908,20.220901489257812,0.0007591434695652798
trained,13619,3,0.005147058982402086,0.008210698142647743,16.17449188232422,0.0005076325242476732
trained,13619,3,0.005147058982402086,0.005968171171844006,15.237077713012695,0.0003916873881103262
trained,13619,3,0.005147058982402086,0.0020566852763295174,14.272421836853027,0.0001441020521842285
trained,13619,3,0.005147058982402086,0.007260502781718969,12.844970703125,0.0005652408985216752
trained,7525,3,0.004820261616259813,0.00579052185639739,12.364770889282227,0.00046830805910173475
trained,7525,3,0.004820261616259813,0.0027375295758247375,10.83287239074707,0.00025270579003247617
trained,7525,3,0.004820261616259813,0.00605050241574645,10.63772201538086,0.0005687780153493536
trained,7525,3,0.004820261616259813,0.0021977974101901054,10.276344299316406,0.00021386957717408372
trained,7525,3,0.004820261616259813,0.0020177471451461315,10.107770919799805,0.0001996233552536918
trained,7525,3,0.004820261616259813,0.0012629684060811996,9.813135147094727,0.00012870182537485115
trained,6767,3,0.004779411945492029,0.002377620432525873,17.578943252563477,0.00013525388860784638
trained,6767,3,0.004779411945492029,0.0010392488911747932,13.631464958190918,7.623897316702751e-05
trained,6767,3,0.004779411945492029,0.010786674916744232,12.641189575195312,0.0008532958747735237
trained,6767,3,0.004779411945492029,0.0013294961536303163,12.353567123413086,0.00010762042577245483
trained,6767,3,0.004779411945492029,0.00610047671943903,12.235626220703125,0.00049858312189341
trained,6767,3,0.004779411945492029,0.0013723266310989857,9.931416511535645,0.0001381803521687955
trained,14445,3,0.0030637255404144526,0.00026123676798306406,16.566125869750977,1.576933376197938e-05
trained,14445,3,0.0030637255404144526,3.522068072925322e-05,11.410063743591309,3.086808410604684e-06
trained,14445,3,0.0030637255404144526,7.876066774770152e-06,7.662987232208252,1.0278063287990754e-06
trained,14445,3,0.0030637255404144526,0.00011218896543141454,6.477608680725098,1.7319503378653652e-05
trained,14445,3,0.0030637255404144526,0.0006192515138536692,6.395694255828857,9.68231890211607e-05
trained,14445,3,0.0030637255404144526,0.000983305973932147,5.8294196128845215,0.00016867990970469634
trained,3618,3,0.0030228758696466684,0.006915660575032234,18.522567749023438,0.000373364031852271
trained,3618,3,0.0030228758696466684,0.0035542433615773916,12.179880142211914,0.00029181267139562564
trained,3618,3,0.0030228758696466684,0.05204961821436882,11.487899780273438,0.004530821056059902
trained,3618,3,0.0030228758696466684,0.004696937743574381,10.850005149841309,0.00043289728241678095
trained,3618,3,0.0030228758696466684,0.004915566183626652,10.82010555267334,0.00045429928198918127
trained,3618,3,0.0030228758696466684,0.02112169936299324,10.435012817382812,0.002024118200200806
trained,4435,3,0.005065359640866518,0.0030253492295742035,14.041038513183594,0.0002154647768207176
trained,4435,3,0.005065359640866518,0.016082121059298515,12.388548851013184,0.0012981440564754489
trained,4435,3,0.005065359640866518,0.007900360971689224,11.682867050170898,0.0006762347750566635
trained,4435,3,0.005065359640866518,0.013911545276641846,10.138413429260254,0.0013721619633790074
trained,4435,3,0.005065359640866518,0.0009995079599320889,10.12587833404541,9.87082727008012e-05
trained,4435,3,0.005065359640866518,0.002232401166111231,10.023163795471191,0.00022272420282305535
trained,9115,3,0.00498366029933095,0.0001573078043293208,24.104827880859375,6.525987453917158e-06
trained,9115,3,0.00498366029933095,0.0057136258110404015,19.979101181030273,0.000285980122892884
trained,9115,3,0.00498366029933095,0.007902564480900764,19.933380126953125,0.00039644879245618914
trained,9115,3,0.00498366029933095,0.0007334096590057015,18.982282638549805,3.863653665741288e-05
trained,9115,3,0.00498366029933095,0.004128354601562023,18.58319091796875,0.00022215531335741538
trained,9115,3,0.00498366029933095,0.00017743976786732674,17.99880027770996,9.858421957549657e-06
trained,14040,3,0.004738562274724245,0.00467474153265357,23.06328010559082,0.00020269196364312272
trained,14040,3,0.004738562274724245,0.028476808220148087,20.470783233642578,0.001391095196267237
trained,14040,3,0.004738562274724245,0.008080522529780865,18.069379806518555,0.0004471942377826274
trained,14040,3,0.004738562274724245,0.027890076860785484,17.337194442749023,0.001608684551176042
trained,14040,3,0.004738562274724245,0.027047671377658844,17.106958389282227,0.0015810917851185415
trained,14040,3,0.004738562274724245,0.030289623886346817,16.267108917236328,0.0018620164185568643
trained,13364,3,0.002818627515807748,3.595130443572998,42.45429611206055,0.08468237075662367
trained,13364,3,0.002818627515807748,0.17306312918663025,39.48383712768555,0.0043831385644451624
trained,13364,3,0.002818627515807748,0.07345009595155716,37.79336166381836,0.0019434655378083219
trained,13364,3,0.002818627515807748,0.03788866475224495,36.91572189331055,0.001026355785801678
trained,13364,3,0.002818627515807748,0.10062366724014282,36.25285720825195,0.0027756065311519405
trained,13364,3,0.002818627515807748,0.023998063057661057,34.831783294677734,0.0006889702676040689
trained,10073,3,0.0030228758696466684,0.0029822015203535557,9.503878593444824,0.00031378783841057165
trained,10073,3,0.0030228758696466684,0.0025258008390665054,8.833294868469238,0.0002859409627637861
trained,10073,3,0.0030228758696466684,0.0020959724206477404,8.62668228149414,0.0002429639057351163
trained,10073,3,0.0030228758696466684,6.895184196764603e-05,8.078207969665527,8.535536869880924e-06
trained,10073,3,0.0030228758696466684,0.0007087078411132097,7.370303630828857,9.615721096601676e-05
trained,10073,3,0.0030228758696466684,0.003377119544893503,6.947383403778076,0.0004860994922285392
trained,12442,3,0.004861111287027597,0.0040253400802612305,10.148159980773926,0.0003966571366521015
trained,12442,3,0.004861111287027597,0.003257832955569029,9.536903381347656,0.00034160280599473427
trained,12442,3,0.004861111287027597,0.0024985522031784058,9.281100273132324,0.0002692086207075486
trained,12442,3,0.004861111287027597,2.0257604774087667e-05,8.324137687683105,2.4335979934668834e-06
trained,12442,3,0.004861111287027597,6.83342368574813e-05,8.212837219238281,8.320417784174604e-06
trained,12442,3,0.004861111287027597,0.005436466075479984,7.81649112701416,0.0006955123452633756
trained,13162,3,0.005147058982402086,0.024954121559858322,18.40680503845215,0.0013557008675720045
trained,13162,3,0.005147058982402086,5.948357647866942e-05,17.057270050048828,3.4872858496192445e-06
trained,13162,3,0.005147058982402086,0.005098108202219009,16.924348831176758,0.0003012292084660687
trained,13162,3,0.005147058982402086,0.008468504063785076,16.65607452392578,0.0005084333677554343
trained,13162,3,0.005147058982402086,0.0056957039050757885,15.39870834350586,0.0003698819263290907
trained,13162,3,0.005147058982402086,0.023770220577716827,15.104436874389648,0.0015737243814776347
trained,5562,3,0.0030228758696466684,0.0017008520662784576,11.142499923706055,0.00015264546357858492
trained,5562,3,0.0030228758696466684,0.0031882687471807003,10.318941116333008,0.0003089724721981648
trained,5562,3,0.0030228758696466684,0.0009483464527875185,9.154747009277344,0.00010359067834714299
trained,5562,3,0.0030228758696466684,8.64932662807405e-05,7.962306022644043,1.0862841246588847e-05
trained,5562,3,0.0030228758696466684,0.0015025659231469035,7.570013523101807,0.00019848919933385117
trained,5562,3,0.0030228758696466684,0.0007861268240958452,7.294501781463623,0.00010776977614749597
trained,933,3,0.0026960785035043955,0.004431275650858879,15.202703475952148,0.00029147945020886143
trained,933,3,0.0026960785035043955,0.0033213761635124683,12.816058158874512,0.000259157388515171
trained,933,3,0.0026960785035043955,0.0050107212737202644,10.887948989868164,0.0004602080041321847
trained,933,3,0.0026960785035043955,0.0033632207196205854,9.922734260559082,0.00033894092407459975
trained,933,3,0.0026960785035043955,0.0005717547610402107,8.21672248840332,6.958428519974447e-05
trained,933,3,0.0026960785035043955,0.0017621023580431938,7.240757465362549,0.00024335884283826988
trained,12620,3,0.004166666883975267,0.0063715060241520405,15.720688819885254,0.00040529432883962816
trained,12620,3,0.004166666883975267,0.0019612303003668785,9.679678916931152,0.00020261315661373894
trained,12620,3,0.004166666883975267,0.0021056937985122204,9.46354866027832,0.00022250572952094827
trained,12620,3,0.004166666883975267,0.005550233181566,9.281736373901367,0.0005979735857584033
trained,12620,3,0.004166666883975267,0.0018969224765896797,7.394245147705078,0.0002565403822428608
trained,12620,3,0.004166666883975267,0.0012375970836728811,7.329990386962891,0.00016884020555798672
trained,13653,3,0.0045343139208853245,0.03130931034684181,22.176889419555664,0.0014117990018579047
trained,13653,3,0.0045343139208853245,0.024289270862936974,21.8165340423584,0.0011133423309026803
trained,13653,3,0.0045343139208853245,0.010971488431096077,21.695730209350586,0.0005056980486587865
trained,13653,3,0.0045343139208853245,0.03215798735618591,20.95659828186035,0.0015345041654027066
trained,13653,3,0.0045343139208853245,0.015470512211322784,18.31764793395996,0.0008445687059331053
trained,13653,3,0.0045343139208853245,0.002579915337264538,17.64874839782715,0.000146181206684445
trained,1951,3,0.0031045752111822367,0.002096988260746002,8.217860221862793,0.000255174486317883
trained,1951,3,0.0031045752111822367,0.0006541628390550613,8.101128578186035,8.0749593435232e-05
trained,1951,3,0.0031045752111822367,0.0019828956574201584,7.857659339904785,0.00025235195007120096
trained,1951,3,0.0031045752111822367,0.0018276744522154331,7.358244895935059,0.0002483845642627499
trained,1951,3,0.0031045752111822367,0.0018308754079043865,6.782687187194824,0.0002699336350585258
trained,1951,3,0.0031045752111822367,0.0017391387373209,6.4860944747924805,0.00026813342668378926
trained,15612,3,0.003962418530136347,0.006903642788529396,26.050350189208984,0.0002650115157142548
trained,15612,3,0.003962418530136347,0.014398125931620598,24.64600372314453,0.0005841971823650918
trained,15612,3,0.003962418530136347,0.00959082879126072,24.10611343383789,0.00039785877626370155
trained,15612,3,0.003962418530136347,0.01602606102824211,22.271268844604492,0.0007195845526387526
trained,15612,3,0.003962418530136347,0.0033094044774770737,21.499576568603516,0.00015392882119873456
trained,15612,3,0.003962418530136347,0.026658762246370316,20.8221378326416,0.001280308605227797
trained,1966,3,0.0029820261988788843,0.26194602251052856,31.358509063720703,0.00835326775192827
trained,1966,3,0.0029820261988788843,0.15671001374721527,30.402828216552734,0.005154455126049587
trained,1966,3,0.0029820261988788843,0.061650216579437256,30.18344497680664,0.0020425175663947603
trained,1966,3,0.0029820261988788843,0.5670371055603027,29.572357177734375,0.019174565698375792
trained,1966,3,0.0029820261988788843,0.15873464941978455,29.417102813720703,0.0053959987298867395
trained,1966,3,0.0029820261988788843,0.01190829835832119,29.375347137451172,0.00040538408967903157
trained,10492,3,0.0037990196142345667,0.00011963890574406832,10.82163143157959,1.1055533216085989e-05
trained,10492,3,0.0037990196142345667,4.501741386775393e-06,9.873504638671875,4.559415882728486e-07
trained,10492,3,0.0037990196142345667,0.0002978694101329893,9.709944725036621,3.067673592054005e-05
trained,10492,3,0.0037990196142345667,0.0001771470415405929,9.64405632019043,1.8368520014729134e-05
trained,10492,3,0.0037990196142345667,4.7988818550948054e-05,8.612318992614746,5.572113456561413e-06
trained,10492,3,0.0037990196142345667,0.00027459580451250076,7.832380771636963,3.5059046861827994e-05
trained,3882,3,0.0026960785035043955,0.02571900561451912,25.27610206604004,0.001017522620668404
trained,3882,3,0.0026960785035043955,0.006631326861679554,22.339447021484375,0.00029684382318425565
trained,3882,3,0.0026960785035043955,0.005620391573756933,22.04303550720215,0.00025497357530094146
trained,3882,3,0.0026960785035043955,0.0030169226229190826,16.65340232849121,0.00018115953505534591
trained,3882,3,0.0026960785035043955,0.00309944711625576,13.164916038513184,0.00023543234967762124
trained,3882,3,0.0026960785035043955,0.0036468002945184708,12.64409065246582,0.00028841934107829895
trained,9629,3,0.0026143791619688272,0.004916456528007984,9.081598281860352,0.0005413646778263854
trained,9629,3,0.0026143791619688272,4.039460327476263e-05,9.030548095703125,4.473106487742755e-06
trained,9629,3,0.0026143791619688272,0.0016581625677645206,8.745059967041016,0.00018961134331999072
trained,9629,3,0.0026143791619688272,0.0016709407791495323,8.299494743347168,0.00020133042201020125
trained,9629,3,0.0026143791619688272,0.0022594828624278307,8.072837829589844,0.00027988706203734405
trained,9629,3,0.0026143791619688272,0.0022392738610506058,7.649281024932861,0.00029274305045816514
trained,10255,3,0.0026960785035043955,0.01212731096893549,24.671157836914062,0.0004915582417777765
trained,10255,3,0.0026960785035043955,0.003785775974392891,23.290794372558594,0.000162543875225369
trained,10255,3,0.0026960785035043955,0.012002535164356232,21.318519592285156,0.0005630097865097427
trained,10255,3,0.0026960785035043955,0.0064598508179187775,11.879422187805176,0.0005437849346368158
trained,10255,3,0.0026960785035043955,0.001978619722649455,11.566594123840332,0.00017106329672027216
trained,10255,3,0.0026960785035043955,0.0033734277822077274,9.062642097473145,0.00037223447046952346
trained,7023,4,0.00657679745927453,0.015296206809580326,23.048768997192383,0.0006636452823768413
trained,7023,4,0.00657679745927453,0.02036447450518608,18.548337936401367,0.0010979137093044074
trained,7023,4,0.00657679745927453,0.0003646043478511274,17.841293334960938,2.043598191038462e-05
trained,7023,4,0.00657679745927453,0.000436549773439765,16.976356506347656,2.571516292536234e-05
trained,7023,4,0.00657679745927453,0.0011296477168798447,16.087656021118164,7.02182913034045e-05
trained,7023,4,0.00657679745927453,0.0017414200119674206,15.757621765136719,0.00011051287040156414
trained,5133,4,0.006209150422364473,0.026021933183073997,14.018811225891113,0.0018562153925729818
trained,5133,4,0.006209150422364473,0.0003393031656742096,12.718466758728027,2.6677992883172285e-05
trained,5133,4,0.006209150422364473,0.0006085576023906469,12.39286994934082,4.910546184042029e-05
trained,5133,4,0.006209150422364473,0.03280162811279297,10.575387954711914,0.0031016950161320603
trained,5133,4,0.006209150422364473,0.001769908587448299,9.840744972229004,0.00017985514231321463
trained,5133,4,0.006209150422364473,0.005075348075479269,8.081053733825684,0.0006280552317372759
trained,12588,4,0.008946078829467297,0.0016383579932153225,33.64542770385742,4.8694818435239744e-05
trained,12588,4,0.008946078829467297,0.015459946356713772,28.504762649536133,0.0005423636234685629
trained,12588,4,0.008946078829467297,0.01367892511188984,28.232500076293945,0.00048450987602673053
trained,12588,4,0.008946078829467297,0.0010314818937331438,24.409700393676758,4.2257048513399426e-05
trained,12588,4,0.008946078829467297,0.0015510929515585303,22.301237106323242,6.95518793044327e-05
trained,12588,4,0.008946078829467297,0.0026510581374168396,20.455768585205078,0.00012959953698998407
trained,10962,4,0.006985294166952372,0.004389454610645771,14.690814018249512,0.0002987890667728157
trained,10962,4,0.006985294166952372,0.0024793758057057858,11.576861381530762,0.00021416649331754787
trained,10962,4,0.006985294166952372,0.00850572157651186,11.535329818725586,0.0007373626684435421
trained,10962,4,0.006985294166952372,0.0014722396153956652,10.89081859588623,0.00013518172233185222
trained,10962,4,0.006985294166952372,0.007257216610014439,9.689812660217285,0.0007489532423892809
trained,10962,4,0.006985294166952372,0.0018608467653393745,9.659993171691895,0.00019263437688470512
trained,180,4,0.009763072244822979,0.019897855818271637,11.793187141418457,0.0016872331100715805
trained,180,4,0.009763072244822979,0.0008819802897050977,11.314410209655762,7.795194564825061e-05
trained,180,4,0.009763072244822979,0.0017494659405201674,10.20970344543457,0.00017135325720968602
trained,180,4,0.009763072244822979,0.0006589073454961181,9.415510177612305,6.99810560518359e-05
trained,180,4,0.009763072244822979,0.001715596648864448,9.340526580810547,0.000183672369434612
trained,180,4,0.009763072244822979,0.007029052823781967,9.287027359008789,0.0007568678923900772
trained,4615,4,0.007598039228469133,0.008640164509415627,12.985871315002441,0.0006653511574101103
trained,4615,4,0.007598039228469133,0.006965892389416695,11.85683536529541,0.0005875001359811106
trained,4615,4,0.007598039228469133,0.00434852484613657,11.461745262145996,0.00037939465122280953
trained,4615,4,0.007598039228469133,0.005051180720329285,11.412142753601074,0.00044261457549112733
trained,4615,4,0.007598039228469133,0.005623043514788151,10.667901992797852,0.0005270992851813223
trained,4615,4,0.007598039228469133,0.006796827539801598,10.45542049407959,0.0006500769188240989
trained,4555,4,0.007475490216165781,0.0007720538415014744,9.977399826049805,7.7380264894841e-05
trained,4555,4,0.007475490216165781,0.001994422171264887,7.464406490325928,0.00026719099152085456
trained,4555,4,0.007475490216165781,0.0001816640724427998,7.063436508178711,2.571893613433802e-05
trained,4555,4,0.007475490216165781,0.0011817029444500804,7.056370258331299,0.0001674661194336947
trained,4555,4,0.007475490216165781,0.0004138457588851452,6.257055759429932,6.614065381492619e-05
trained,4555,4,0.007475490216165781,0.0036599570885300636,6.034876346588135,0.0006064676189428884
trained,10375,4,0.009150327183306217,0.0039091771468520164,17.864652633666992,0.0002188218952259358
trained,10375,4,0.009150327183306217,0.0037538157775998116,17.817365646362305,0.00021068298490951225
trained,10375,4,0.009150327183306217,0.012149138376116753,17.017866134643555,0.0007139049208634065
trained,10375,4,0.009150327183306217,0.005435282364487648,15.49272346496582,0.0003508280759531158
trained,10375,4,0.009150327183306217,0.004363585729151964,14.34246826171875,0.00030424231377236094
trained,10375,4,0.009150327183306217,0.0001217248645843938,13.42003059387207,9.07038651908711e-06
trained,702,4,0.009068627841770649,0.0007763151079416275,12.93320369720459,6.00249656710674e-05
trained,702,4,0.009068627841770649,0.0009649212006479502,12.33950138092041,7.819774647782213e-05
trained,702,4,0.009068627841770649,0.00023559352848678827,12.329035758972168,1.910883649723707e-05
trained,702,4,0.009068627841770649,0.0034024168271571398,11.521249771118164,0.0002953166448735819
trained,702,4,0.009068627841770649,0.0013348241336643696,11.188386917114258,0.00011930443088472054
trained,702,4,0.009068627841770649,0.00683580944314599,10.9229097366333,0.0006258231192939391
trained,5301,4,0.0058823530562222,0.0023680739104747772,10.085538864135742,0.00023479894752036177
trained,5301,4,0.0058823530562222,0.0017710658721625805,6.843499660491943,0.0002587953474137044
trained,5301,4,0.0058823530562222,0.00279285479336977,6.579034328460693,0.00042450831747266755
trained,5301,4,0.0058823530562222,0.00216630008071661,6.464009761810303,0.00033513255093072734
trained,5301,4,0.0058823530562222,0.0019713605288416147,6.315597057342529,0.00031214159341430846
trained,5301,4,0.0058823530562222,0.0004999676020815969,6.2872748374938965,7.952055779398434e-05
trained,6285,4,0.005964052397757769,6.087485235184431e-05,11.512655258178711,5.2876465929610965e-06
trained,6285,4,0.005964052397757769,0.000588652677834034,10.196362495422363,5.773163499221496e-05
trained,6285,4,0.005964052397757769,0.000287925882730633,9.927681922912598,2.9002327528857905e-05
trained,6285,4,0.005964052397757769,0.000419656396843493,8.722758293151855,4.8110515359913245e-05
trained,6285,4,0.005964052397757769,0.0022301282733678818,8.635624885559082,0.0002582474693982149
trained,6285,4,0.005964052397757769,0.0022040479816496372,8.16959285736084,0.0002697867592830872
trained,8265,4,0.008333333767950535,0.002437725430354476,38.122493743896484,6.394454273455714e-05
trained,8265,4,0.008333333767950535,0.0015042948070913553,30.137792587280273,4.991390138261972e-05
trained,8265,4,0.008333333767950535,5.267634696792811e-05,30.06097984313965,1.7523163663592163e-06
trained,8265,4,0.008333333767950535,0.008074291981756687,29.132062911987305,0.00027716169658669333
trained,8265,4,0.008333333767950535,0.0004431960405781865,27.973474502563477,1.584343913150911e-05
trained,8265,4,0.008333333767950535,5.128025804879144e-05,27.827701568603516,1.8427773462486808e-06
trained,7030,4,0.008129085414111614,0.002446770668029785,20.47041893005371,0.00011952714189144175
trained,7030,4,0.008129085414111614,0.0008586007170379162,15.069796562194824,5.697493748468136e-05
trained,7030,4,0.008129085414111614,0.003313784021884203,12.379039764404297,0.0002676931397710611
trained,7030,4,0.008129085414111614,0.001945477444678545,12.184938430786133,0.00015966247640309406
trained,7030,4,0.008129085414111614,0.00545182079076767,11.536545753479004,0.00047256959815060744
trained,7030,4,0.008129085414111614,0.0003738071827683598,11.422024726867676,3.2726875637824935e-05
trained,3039,4,0.00857843179255724,1.7573963403701782,17.796785354614258,0.09874796517195335
trained,3039,4,0.00857843179255724,0.02220911718904972,17.4232177734375,0.0012746851630878737
trained,3039,4,0.00857843179255724,0.9251607656478882,17.37655258178711,0.05324190522218873
trained,3039,4,0.00857843179255724,0.0024887577164918184,17.315540313720703,0.000143729717433059
trained,3039,4,0.00857843179255724,0.006287780124694109,16.993925094604492,0.0003700016382142614
trained,3039,4,0.00857843179255724,0.0018899302231147885,16.302644729614258,0.00011592782977608976
trained,6684,4,0.005759804043918848,0.003966837655752897,21.926416397094727,0.00018091591365922008
trained,6684,4,0.005759804043918848,3.491041934466921e-05,20.005767822265625,1.7450177196306006e-06
trained,6684,4,0.005759804043918848,0.002152392640709877,17.068265914916992,0.00012610493950816472
trained,6684,4,0.005759804043918848,0.004041521809995174,15.054097175598145,0.00026846656845993107
trained,6684,4,0.005759804043918848,0.0025142673403024673,14.645259857177734,0.00017167789201570288
trained,6684,4,0.005759804043918848,0.0006113555282354355,13.073488235473633,4.676299983783838e-05
trained,10423,4,0.009722222574055195,0.0009678382193669677,17.810161590576172,5.4341911186200385e-05
trained,10423,4,0.009722222574055195,0.002157839247956872,16.0169677734375,0.00013472208213688406
trained,10423,4,0.009722222574055195,0.001150292344391346,13.871070861816406,8.292743623405555e-05
trained,10423,4,0.009722222574055195,0.001916536595672369,13.04346752166748,0.00014693459331183725
trained,10423,4,0.009722222574055195,0.0018180729821324348,12.505517959594727,0.00014538166175976242
trained,10423,4,0.009722222574055195,0.0002357916528126225,12.269210815429688,1.9218159697451143e-05
trained,13326,4,0.005473856348544359,0.0024427457246929407,14.449195861816406,0.000169057555040012
trained,13326,4,0.005473856348544359,0.0014000406954437494,13.751554489135742,0.00010180963152564574
trained,13326,4,0.005473856348544359,0.0038860654458403587,13.140298843383789,0.00029573645867247636
trained,13326,4,0.005473856348544359,0.004726728890091181,9.728947639465332,0.0004858417441694593
trained,13326,4,0.005473856348544359,2.8236278012627736e-05,9.63584041595459,2.9303389007849672e-06
trained,13326,4,0.005473856348544359,0.0005504877772182226,9.002456665039062,6.114861728310624e-05
trained,11355,4,0.010008170269429684,0.013702762313187122,28.90544319152832,0.00047405473849310023
trained,11355,4,0.010008170269429684,0.004236067645251751,19.6473388671875,0.00021560516026556122
trained,11355,4,0.010008170269429684,0.0005895282374694943,19.14548683166504,3.079202125560285e-05
trained,11355,4,0.010008170269429684,0.008105512708425522,17.884002685546875,0.00045322699011760204
trained,11355,4,0.010008170269429684,0.004842241294682026,16.766714096069336,0.0002888008507175061
trained,11355,4,0.010008170269429684,0.005994520150125027,15.512726783752441,0.0003864259477839515
trained,7989,4,0.005718954373151064,0.00761285750195384,23.635547637939453,0.00032209355241398285
trained,7989,4,0.005718954373151064,0.014803394675254822,21.03607940673828,0.0007037145272665683
trained,7989,4,0.005718954373151064,0.0011992204235866666,13.468904495239258,8.903622592398254e-05
trained,7989,4,0.005718954373151064,0.0077222855761647224,12.568431854248047,0.0006144191785990104
trained,7989,4,0.005718954373151064,0.001900785369798541,12.040122985839844,0.00015787092640449088
trained,7989,4,0.005718954373151064,0.0033539526630192995,11.653543472290039,0.00028780539335476594
trained,15778,4,0.00788398738950491,0.0037425588816404343,17.52147102355957,0.00021359844025699366
trained,15778,4,0.00788398738950491,0.008543305099010468,13.1178617477417,0.0006512726893528389
trained,15778,4,0.00788398738950491,0.015748649835586548,10.98836612701416,0.0014332112393733905
trained,15778,4,0.00788398738950491,0.0005866758292540908,10.788715362548828,5.437865487587476e-05
trained,15778,4,0.00788398738950491,0.0019953225273638964,10.389443397521973,0.00019205288012251058
trained,15778,4,0.00788398738950491,0.08719463646411896,10.381426811218262,0.008399099473484287
trained,5716,4,0.0055555556900799274,0.002717076800763607,20.045387268066406,0.0001355462363699047
trained,5716,4,0.0055555556900799274,0.002365302061662078,17.6514949798584,0.0001340000982557599
trained,5716,4,0.0055555556900799274,0.004057911224663258,12.541109085083008,0.00032356876868967917
trained,5716,4,0.0055555556900799274,2.163780663977377e-05,11.766345024108887,1.838957347879784e-06
trained,5716,4,0.0055555556900799274,0.002352912677451968,11.19437026977539,0.00021018714056696806
trained,5716,4,0.0055555556900799274,0.0020852331072092056,11.027430534362793,0.00018909510250020344
trained,9440,4,0.008700980804860592,0.004821404814720154,12.69959545135498,0.00037965026785209406
trained,9440,4,0.008700980804860592,0.003081193193793297,12.203919410705566,0.00025247570801642636
trained,9440,4,0.008700980804860592,0.007425269111990929,11.298118591308594,0.0006572128847809256
trained,9440,4,0.008700980804860592,0.0026191635988652706,10.65587043762207,0.00024579536830871554
trained,9440,4,0.008700980804860592,0.0035232356749475002,10.651437759399414,0.0003307755961713623
trained,9440,4,0.008700980804860592,0.0013190918834879994,10.168169021606445,0.00012972757245528156
trained,7946,4,0.009885621257126331,0.036336205899715424,20.809213638305664,0.0017461594912374595
trained,7946,4,0.009885621257126331,0.0031837746500968933,17.77158546447754,0.00017914972507437405
trained,7946,4,0.009885621257126331,0.015438178554177284,17.37819480895996,0.0008883649149920664
trained,7946,4,0.009885621257126331,0.014374392107129097,17.165176391601562,0.0008374159274099905
trained,7946,4,0.009885621257126331,0.006783822551369667,16.705291748046875,0.0004060882415994206
trained,7946,4,0.009885621257126331,0.0032316111028194427,15.628161430358887,0.00020678127220658175
trained,15925,4,0.009150327183306217,0.012783932499587536,20.646108627319336,0.000619193317750522
trained,15925,4,0.009150327183306217,0.008368605747818947,20.153501510620117,0.0004152432639761887
trained,15925,4,0.009150327183306217,0.007004911545664072,19.803985595703125,0.0003537122117067147
trained,15925,4,0.009150327183306217,0.006225042976438999,18.081405639648438,0.00034427870822105147
trained,15925,4,0.009150327183306217,0.002338127000257373,16.99063491821289,0.0001376126914333877
trained,15925,4,0.009150327183306217,0.010734692215919495,15.261981964111328,0.0007033616106454725
trained,4602,4,0.006903594825416803,0.0005611387896351516,13.702971458435059,4.095015386533077e-05
trained,4602,4,0.006903594825416803,0.0013129275757819414,13.260107040405273,9.901334670838479e-05
trained,4602,4,0.006903594825416803,0.0019153663888573647,11.399982452392578,0.00016801485413298824
trained,4602,4,0.006903594825416803,0.0005594328977167606,10.77649211883545,5.19123376649595e-05
trained,4602,4,0.006903594825416803,0.0021735592745244503,9.518247604370117,0.00022835708471447024
trained,4602,4,0.006903594825416803,0.0017993398942053318,9.478937149047852,0.00018982506856120187
trained,14287,4,0.00727124186232686,6.45161053398624e-05,17.831981658935547,3.6179997587387378e-06
trained,14287,4,0.00727124186232686,1.607089870958589e-06,17.619739532470703,9.120962702070302e-08
trained,14287,4,0.00727124186232686,2.5557033950462937e-05,17.36690330505371,1.4715941870319463e-06
trained,14287,4,0.00727124186232686,0.0011250411625951529,16.761112213134766,6.712210671279438e-05
trained,14287,4,0.00727124186232686,8.80695806699805e-05,14.348174095153809,6.138034016448586e-06
trained,14287,4,0.00727124186232686,2.1874511730857193e-06,13.689286231994629,1.5979293120288506e-07
trained,12039,4,0.0073120915330946445,0.008916808292269707,22.196481704711914,0.00040172169674876124
trained,12039,4,0.0073120915330946445,0.01456204429268837,21.780744552612305,0.0006685742196513594
trained,12039,4,0.0073120915330946445,0.0527605377137661,20.620132446289062,0.00255869053466052
trained,12039,4,0.0073120915330946445,0.005885973107069731,18.80031967163086,0.00031307835238309774
trained,12039,4,0.0073120915330946445,0.014215734787285328,16.514240264892578,0.0008608167593096236
trained,12039,4,0.0073120915330946445,0.00040707760490477085,13.97179889678955,2.913566162180515e-05
trained,13918,4,0.008006536401808262,0.006315263919532299,16.46795654296875,0.000383488012192302
trained,13918,4,0.008006536401808262,0.0018770901951938868,13.46155834197998,0.00013944077999797138
trained,13918,4,0.008006536401808262,0.0018417327664792538,12.148236274719238,0.0001516049511081656
trained,13918,4,0.008006536401808262,0.004231821745634079,11.024435043334961,0.0003838583772319934
trained,13918,4,0.008006536401808262,0.001714722253382206,10.924208641052246,0.00015696535188264584
trained,13918,4,0.008006536401808262,0.0016128907445818186,9.561951637268066,0.00016867798601861948
trained,13997,4,0.006086601410061121,0.002534366212785244,10.247686386108398,0.0002473110629361951
trained,13997,4,0.006086601410061121,0.0001127551804529503,10.232959747314453,1.1018823804377992e-05
trained,13997,4,0.006086601410061121,7.647235179319978e-06,9.255929946899414,8.26198472027295e-07
trained,13997,4,0.006086601410061121,0.00025703152641654015,6.81306791305542,3.7726253384911676e-05
trained,13997,4,0.006086601410061121,0.0005767075344920158,6.486629486083984,8.890711820819251e-05
trained,13997,4,0.006086601410061121,3.800424747169018e-05,6.427922248840332,5.9123688807136025e-06
trained,1088,4,0.00727124186232686,0.0040773190557956696,15.887054443359375,0.0002566441167764706
trained,1088,4,0.00727124186232686,0.0003028897335752845,8.728693008422852,3.4700468132285963e-05
trained,1088,4,0.00727124186232686,0.001548167783766985,8.479907035827637,0.00018256895709186087
trained,1088,4,0.00727124186232686,0.0021455632522702217,8.28708267211914,0.000258904530962229
trained,1088,4,0.00727124186232686,0.0009177038446068764,7.983175277709961,0.00011495474077454144
trained,1088,4,0.00727124186232686,0.0007127551361918449,7.961246490478516,8.95280829508652e-05
trained,7757,4,0.009763072244822979,0.001118214102461934,21.227331161499023,5.267803540419108e-05
trained,7757,4,0.009763072244822979,0.0020193953532725573,21.10639762878418,9.56769311745826e-05
trained,7757,4,0.009763072244822979,0.0015500015579164028,20.36393928527832,7.611501567562341e-05
trained,7757,4,0.009763072244822979,0.0020541148260235786,16.90532112121582,0.00012150699837613307
trained,7757,4,0.009763072244822979,0.0007379772141575813,16.574077606201172,4.452599002441427e-05
trained,7757,4,0.009763072244822979,0.0008303011418320239,15.515993118286133,5.3512600547204765e-05
trained,8241,4,0.00829248409718275,5.9539412177400663e-05,17.677261352539062,3.368135538079192e-06
trained,8241,4,0.00829248409718275,7.364653720287606e-05,16.869707107543945,4.365608527366913e-06
trained,8241,4,0.00829248409718275,7.4909366958308965e-06,16.84847640991211,4.4460617764962484e-07
trained,8241,4,0.00829248409718275,0.0009817841928452253,15.200614929199219,6.458845233683888e-05
trained,8241,4,0.00829248409718275,0.00016487285029143095,13.724711418151855,1.2012846410262258e-05
trained,8241,4,0.00829248409718275,2.1018615825596498e-07,13.590215682983398,1.5465991354290544e-08
trained,5217,4,0.008210784755647182,0.008158678188920021,31.7630558013916,0.0002568606194547117
trained,5217,4,0.008210784755647182,0.016830895096063614,31.17217254638672,0.0005399333354458333
trained,5217,4,0.008210784755647182,0.004330833442509174,29.45981788635254,0.00014700815392736907
trained,5217,4,0.008210784755647182,0.005031153559684753,29.112316131591797,0.00017281873200824098
trained,5217,4,0.008210784755647182,0.009689528495073318,27.817996978759766,0.00034831869823235976
trained,5217,4,0.008210784755647182,0.011002401821315289,25.170791625976562,0.000437109884536197
trained,14322,4,0.009885621257126331,0.0008074367069639266,15.762617111206055,5.122478718270069e-05
trained,14322,4,0.009885621257126331,0.006714301183819771,13.3978910446167,0.0005011461252715286
trained,14322,4,0.009885621257126331,0.0007661610143259168,10.938689231872559,7.004139143961769e-05
trained,14322,4,0.009885621257126331,0.0015285087283700705,10.452224731445312,0.0001462376448691906
trained,14322,4,0.009885621257126331,0.006635111756622791,9.938606262207031,0.0006676098822682764
trained,14322,4,0.009885621257126331,0.000984129961580038,9.65068531036377,0.00010197513750895921
trained,1134,4,0.009517974220216274,0.0028573498129844666,14.771162986755371,0.00019344108622635346
trained,1134,4,0.009517974220216274,0.001371561549603939,13.238615036010742,0.00010360309940829268
trained,1134,4,0.009517974220216274,0.002161662094295025,12.372415542602539,0.00017471625381896275
trained,1134,4,0.009517974220216274,0.0006782730924896896,11.622479438781738,5.835872595536171e-05
trained,1134,4,0.009517974220216274,0.0006854782695882022,11.426170349121094,5.9991952565360583e-05
trained,1134,4,0.009517974220216274,0.0014799239579588175,10.497081756591797,0.0001409843223360128
trained,15673,4,0.006699346471577883,0.003089837497100234,11.419376373291016,0.000270578479603064
trained,15673,4,0.006699346471577883,0.0017900674138218164,9.885215759277344,0.0001810853154259001
trained,15673,4,0.006699346471577883,0.0017067738808691502,9.639105796813965,0.00017706765719215304
trained,15673,4,0.006699346471577883,0.0017700621392577887,9.389351844787598,0.0001885180328225127
trained,15673,4,0.006699346471577883,0.005221990868449211,8.712491989135742,0.0005993682261012007
trained,15673,4,0.006699346471577883,0.0004071415460202843,8.621633529663086,4.722324889123355e-05
trained,16202,4,0.008210784755647182,0.009038575924932957,22.678117752075195,0.000398559352400658
trained,16202,4,0.008210784755647182,0.006201510317623615,18.79732894897461,0.00032991444340084853
trained,16202,4,0.008210784755647182,0.0009594354778528214,15.255711555480957,6.28902476533861e-05
trained,16202,4,0.008210784755647182,0.004005760420113802,14.95858097076416,0.0002677901351700988
trained,16202,4,0.008210784755647182,0.0023925311397761106,13.991665840148926,0.0001709968753621009
trained,16202,4,0.008210784755647182,0.0006747596780769527,12.345858573913574,5.465473899909234e-05
trained,8685,4,0.0062500000931322575,1.101717134588398e-05,9.024840354919434,1.2207608015889753e-06
trained,8685,4,0.0062500000931322575,0.0002138045383617282,8.952422142028809,2.3882311956446185e-05
trained,8685,4,0.0062500000931322575,0.00204431707970798,8.94560432434082,0.00022852755449348817
trained,8685,4,0.0062500000931322575,3.6907658795826137e-06,8.070525169372559,4.5731421464231075e-07
trained,8685,4,0.0062500000931322575,0.0006055945996195078,7.8254828453063965,7.73875058690767e-05
trained,8685,4,0.0062500000931322575,8.19749038782902e-06,7.718285083770752,1.0620870178876774e-06
trained,4647,4,0.0058823530562222,0.002944862935692072,16.27203941345215,0.00018097688070110892
trained,4647,4,0.0058823530562222,0.003195093246176839,12.653690338134766,0.0002525028794602078
trained,4647,4,0.0058823530562222,0.004922330845147371,12.102130889892578,0.00040673257378652126
trained,4647,4,0.0058823530562222,0.0006914601544849575,11.779026985168457,5.870265475710417e-05
trained,4647,4,0.0058823530562222,0.0006623665685765445,10.99538516998291,6.024041525937504e-05
trained,4647,4,0.0058823530562222,0.0045367153361439705,10.67680835723877,0.0004249130624385632
trained,2647,4,0.006535947788506746,0.1325666606426239,19.539247512817383,0.00678463490242716
trained,2647,4,0.006535947788506746,0.018781300634145737,18.11495590209961,0.001036784231529313
trained,2647,4,0.006535947788506746,0.13903827965259552,18.04601287841797,0.00770465368662557
trained,2647,4,0.006535947788506746,0.051745444536209106,17.682130813598633,0.0029264258409633366
trained,2647,4,0.006535947788506746,0.07635814696550369,17.676109313964844,0.004319850347676774
trained,2647,4,0.006535947788506746,0.04213416576385498,17.152000427246094,0.0024565161330642525
trained,12554,5,0.012785947881639004,0.05721938610076904,35.9884147644043,0.001589939053313458
trained,12554,5,0.012785947881639004,0.045795392245054245,35.40968322753906,0.00129330138173724
trained,12554,5,0.012785947881639004,0.05116318538784981,35.122650146484375,0.0014567005956118326
trained,12554,5,0.012785947881639004,0.011816700920462608,34.44419479370117,0.0003430679971251218
trained,12554,5,0.012785947881639004,0.010013695806264877,34.27336120605469,0.0002921713964983356
trained,12554,5,0.012785947881639004,0.03833013027906418,34.14558029174805,0.0011225502671667119
trained,1387,5,0.03361928090453148,0.0014817701885476708,29.51310920715332,5.020718685202177e-05
trained,1387,5,0.03361928090453148,0.0025741620920598507,23.784141540527344,0.0001082301872309988
trained,1387,5,0.03361928090453148,0.0005137544358149171,20.427597045898438,2.515001811816488e-05
trained,1387,5,0.03361928090453148,5.594423782895319e-06,20.088788986206055,2.7848486968212587e-07
trained,1387,5,0.03361928090453148,0.0041455356404185295,19.594213485717773,0.00021156938212601447
trained,1387,5,0.03361928090453148,2.521699934732169e-05,19.467708587646484,1.2953244719989028e-06
trained,1041,5,0.47107845544815063,0.0015093660913407803,89.81917572021484,1.6804497249478542e-05
trained,1041,5,0.47107845544815063,0.007740949746221304,86.91670989990234,8.906169774645372e-05
trained,1041,5,0.47107845544815063,0.003435008693486452,86.74359893798828,3.9599563951019474e-05
trained,1041,5,0.47107845544815063,0.0019336934201419353,84.1818618774414,2.2970428272983065e-05
trained,1041,5,0.47107845544815063,0.002488998696208,81.27384185791016,3.062484360662413e-05
trained,1041,5,0.47107845544815063,0.0008953222422860563,80.37396240234375,1.1139456305565298e-05
trained,15046,5,0.015563725493848324,0.005592412780970335,10.978336334228516,0.0005094043952301023
trained,15046,5,0.015563725493848324,2.4987599317682907e-05,8.634443283081055,2.8939444615549673e-06
trained,15046,5,0.015563725493848324,0.00030887784669175744,8.437206268310547,3.660901924987626e-05
trained,15046,5,0.015563725493848324,0.00011189494398422539,8.049278259277344,1.3901239388172326e-05
trained,15046,5,0.015563725493848324,0.0006344860303215683,8.043912887573242,7.887778487777551e-05
trained,15046,5,0.015563725493848324,0.004648091271519661,8.033185005187988,0.0005786112567453423
trained,10432,5,0.013031045906245708,0.00014444763655774295,13.546493530273438,1.066310157938172e-05
trained,10432,5,0.013031045906245708,0.001051661092787981,11.696972846984863,8.990882568895323e-05
trained,10432,5,0.013031045906245708,0.005675537511706352,11.106406211853027,0.000511014760620702
trained,10432,5,0.013031045906245708,0.0018500685691833496,10.437989234924316,0.00017724377057156106
trained,10432,5,0.013031045906245708,0.00018329218437429518,9.927067756652832,1.8463879653834145e-05
trained,10432,5,0.013031045906245708,0.00019523951050359756,9.845568656921387,1.9830191358865302e-05
trained,14136,5,0.033374182879924774,0.0026606256142258644,18.475475311279297,0.00014400850692060678
trained,14136,5,0.033374182879924774,0.0040834564715623856,17.29564094543457,0.00023609743544313527
trained,14136,5,0.033374182879924774,0.0058120605535805225,16.49401092529297,0.0003523739968346897
trained,14136,5,0.033374182879924774,0.005363576114177704,16.28986358642578,0.0003292585039599184
trained,14136,5,0.033374182879924774,0.003509045112878084,15.36527156829834,0.00022837507930012466
trained,14136,5,0.033374182879924774,0.04032788425683975,14.920402526855469,0.0027028683833598293
trained,9187,5,0.01245915051549673,0.01171405240893364,21.33766746520996,0.000548984673607499
trained,9187,5,0.01245915051549673,0.007329971995204687,21.29503059387207,0.00034421044679381604
trained,9187,5,0.01245915051549673,0.056869663298130035,20.13799476623535,0.002823998315536428
trained,9187,5,0.01245915051549673,0.002817781176418066,18.923696517944336,0.00014890225985954243
trained,9187,5,0.01245915051549673,0.017331279814243317,17.663393020629883,0.0009811976551731213
trained,9187,5,0.01245915051549673,0.013580910861492157,17.583364486694336,0.0007723727089755257
trained,8060,5,0.012214052490890026,0.0099871214479208,25.682735443115234,0.00038886517637660924
trained,8060,5,0.012214052490890026,0.03809109330177307,20.976083755493164,0.0018159296914419438
trained,8060,5,0.012214052490890026,0.0024245118256658316,19.629072189331055,0.00012351637419641368
trained,8060,5,0.012214052490890026,0.004664035979658365,16.179481506347656,0.0002882685689172756
trained,8060,5,0.012214052490890026,0.001038131769746542,15.146468162536621,6.85395274070733e-05
trained,8060,5,0.012214052490890026,0.011456383392214775,15.137494087219238,0.0007568216592657521
trained,11861,5,0.012091503478586674,0.009237663820385933,18.49074935913086,0.0004995829882808027
trained,11861,5,0.012091503478586674,0.008123430423438549,17.572919845581055,0.00046226981599084083
trained,11861,5,0.012091503478586674,0.0030061271972954273,15.226485252380371,0.00019742751839762077
trained,11861,5,0.012091503478586674,0.002828898373991251,15.143756866455078,0.0001868029445360115
trained,11861,5,0.012091503478586674,0.002761109732091427,14.483838081359863,0.00019063384419112415
trained,11861,5,0.012091503478586674,0.0010181186953559518,14.394943237304688,7.072752414316464e-05
trained,9200,5,0.045588236302137375,0.011155751533806324,16.968347549438477,0.0006574447807191157
trained,9200,5,0.045588236302137375,0.0012066711205989122,15.23336410522461,7.921238619807286e-05
trained,9200,5,0.045588236302137375,0.005206583067774773,15.060623168945312,0.00034570834216944205
trained,9200,5,0.045588236302137375,0.031970880925655365,14.61323356628418,0.0021878033209172094
trained,9200,5,0.045588236302137375,0.00300811231136322,14.08270263671875,0.0002136033394271901
trained,9200,5,0.045588236302137375,0.0011755044106394053,13.77853775024414,8.531416264534868e-05
trained,2992,5,0.03529411926865578,0.00198955787345767,13.521007537841797,0.00014714568185021813
trained,2992,5,0.03529411926865578,0.0008312324061989784,12.051474571228027,6.897350206284981e-05
trained,2992,5,0.03529411926865578,6.562976341228932e-05,11.20885181427002,5.85517272418e-06
trained,2992,5,0.03529411926865578,0.0001357057481072843,10.694374084472656,1.2689452139542957e-05
trained,2992,5,0.03529411926865578,0.00045328366104513407,10.554247856140137,4.294798333558441e-05
trained,2992,5,0.03529411926865578,0.001026345998980105,10.496530532836914,9.777954684829682e-05
trained,14119,5,0.01597222313284874,1.3419312238693237,22.556291580200195,0.05949254641872357
trained,14119,5,0.01597222313284874,1.2568464279174805,21.930461883544922,0.0573105315606932
trained,14119,5,0.01597222313284874,3.787372350692749,21.34967613220215,0.17739718051180078
trained,14119,5,0.01597222313284874,2.3294689655303955,21.04630470275879,0.11068303906219909
trained,14119,5,0.01597222313284874,2.113640069961548,20.743160247802734,0.10189575960034537
trained,14119,5,0.01597222313284874,0.6882539987564087,20.29248046875,0.033916701303042064
trained,1175,5,0.013888888992369175,0.012084918096661568,13.936946868896484,0.0008671137380620897
trained,1175,5,0.013888888992369175,0.002561342902481556,13.092711448669434,0.000195631203858988
trained,1175,5,0.013888888992369175,0.033837370574474335,12.933576583862305,0.00261624233289765
trained,1175,5,0.013888888992369175,0.0020123692229390144,12.92129898071289,0.00015574047361204148
trained,1175,5,0.013888888992369175,0.0014424556866288185,12.366013526916504,0.00011664678220584952
trained,1175,5,0.013888888992369175,0.003054679837077856,11.925481796264648,0.00025614728941472675
trained,15972,5,0.018423203378915787,0.026470545679330826,33.723663330078125,0.0007849249774629838
trained,15972,5,0.018423203378915787,0.007768666371703148,25.509323120117188,0.0003045422387384562
trained,15972,5,0.018423203378915787,0.031131161376833916,23.011571884155273,0.00135284810327405
trained,15972,5,0.018423203378915787,0.02834717370569706,21.400972366333008,0.001324574099740042
trained,15972,5,0.018423203378915787,0.007194998674094677,21.361604690551758,0.0003368192033474445
trained,15972,5,0.018423203378915787,0.009807213209569454,20.718244552612305,0.0004733612051283993
trained,5162,5,0.018831700086593628,0.00411838386207819,27.86921501159668,0.00014777538084099196
trained,5162,5,0.018831700086593628,0.008395757526159286,27.861309051513672,0.0003013411003279171
trained,5162,5,0.018831700086593628,0.007535697892308235,27.61737823486328,0.00027286072661290546
trained,5162,5,0.018831700086593628,0.006735535338521004,26.963552474975586,0.00024980148089804335
trained,5162,5,0.018831700086593628,0.0363137423992157,26.744279861450195,0.001357813431034243
trained,5162,5,0.018831700086593628,0.03002913109958172,26.584524154663086,0.001129571886443355
trained,2803,5,0.014624183066189289,0.0057703484781086445,23.304738998413086,0.0002476040808052633
trained,2803,5,0.014624183066189289,0.001627215649932623,21.16099739074707,7.689692597590625e-05
trained,2803,5,0.014624183066189289,0.011884579434990883,17.425006866455078,0.0006820415926417748
trained,2803,5,0.014624183066189289,0.0009345689322799444,16.75167465209961,5.5789582336641674e-05
trained,2803,5,0.014624183066189289,0.008659661747515202,16.3689022064209,0.0005290313081666738
trained,2803,5,0.014624183066189289,0.006082378327846527,16.306509017944336,0.0003730030947245198
trained,5117,5,0.01156045775860548,0.00033611705293878913,9.955215454101562,3.376291095742267e-05
trained,5117,5,0.01156045775860548,0.0020879581570625305,7.823703765869141,0.0002668759221394904
trained,5117,5,0.01156045775860548,0.0012281173840165138,7.720517158508301,0.00015907190655785049
trained,5117,5,0.01156045775860548,0.0003588027029763907,7.347650051116943,4.883230699342408e-05
trained,5117,5,0.01156045775860548,0.0016387389041483402,7.213341236114502,0.00022718166942439758
trained,5117,5,0.01156045775860548,0.0011787815019488335,6.8267974853515625,0.00017266976272229778
trained,3140,5,0.014419934712350368,3.797776298597455e-05,18.57546615600586,2.044511974397773e-06
trained,3140,5,0.014419934712350368,0.005561937112361193,18.082677841186523,0.00030758370863041585
trained,3140,5,0.014419934712350368,0.004305962473154068,14.433008193969727,0.0002983413031631997
trained,3140,5,0.014419934712350368,0.000417433213442564,14.330426216125488,2.9129155486864874e-05
trained,3140,5,0.014419934712350368,0.000423670862801373,14.2822904586792,2.9664069921215796e-05
trained,3140,5,0.014419934712350368,0.005719523411244154,14.196677207946777,0.0004028776119557452
trained,4438,5,0.014950980432331562,0.0014826043043285608,16.211427688598633,9.145427119730266e-05
trained,4438,5,0.014950980432331562,0.00028183552785776556,16.106351852416992,1.7498408729688347e-05
trained,4438,5,0.014950980432331562,0.0187654048204422,15.913836479187012,0.0011791879880746936
trained,4438,5,0.014950980432331562,0.0059147002175450325,15.71288776397705,0.00037642350065688864
trained,4438,5,0.014950980432331562,0.016140662133693695,15.303179740905762,0.0010547260377886906
trained,4438,5,0.014950980432331562,0.002871984150260687,14.351139068603516,0.00020012238307576757
trained,6286,5,0.016339870169758797,0.03329121321439743,25.031558990478516,0.0013299696286220412
trained,6286,5,0.016339870169758797,0.01580006070435047,24.728439331054688,0.0006389428986126229
trained,6286,5,0.016339870169758797,0.01849294826388359,23.254268646240234,0.0007952496182619591
trained,6286,5,0.016339870169758797,0.010681886225938797,23.01908302307129,0.0004640448194757665
trained,6286,5,0.016339870169758797,0.008027366362512112,22.564865112304688,0.0003557462596191087
trained,6286,5,0.016339870169758797,0.012474307790398598,22.170270919799805,0.0005626592401835764
trained,12146,5,0.031086601316928864,0.0008263561176136136,8.113980293273926,0.00010184349576232278
trained,12146,5,0.031086601316928864,0.006878811866044998,7.835231304168701,0.0008779334775203325
trained,12146,5,0.031086601316928864,0.005943009629845619,7.690168380737305,0.0007728061773955365
trained,12146,5,0.031086601316928864,0.0009404649026691914,7.479973793029785,0.00012573104247311183
trained,12146,5,0.031086601316928864,0.001930078724399209,7.467305660247803,0.0002584705665222708
trained,12146,5,0.031086601316928864,0.002094591036438942,7.39769172668457,0.0002831411626525936
trained,10628,5,0.011519608087837696,0.007309234235435724,14.542428970336914,0.0005026144016480891
trained,10628,5,0.011519608087837696,0.0004491873551160097,13.962427139282227,3.21711512357515e-05
trained,10628,5,0.011519608087837696,0.0003917277790606022,13.821212768554688,2.8342504063886572e-05
trained,10628,5,0.011519608087837696,0.004323078319430351,12.935015678405762,0.00033421515883026514
trained,10628,5,0.011519608087837696,0.011704869568347931,12.455896377563477,0.0009397051174439478
trained,10628,5,0.011519608087837696,0.005442952737212181,12.421419143676758,0.00043819089222047294
trained,5094,5,0.015236928127706051,1.6632877759548137e-06,12.675545692443848,1.3122021065699234e-07
trained,5094,5,0.015236928127706051,0.00242773350328207,12.329792976379395,0.0001968997782795674
trained,5094,5,0.015236928127706051,5.5349693866446614e-05,12.190620422363281,4.540350855720966e-06
trained,5094,5,0.015236928127706051,1.2525925740192179e-05,12.079115867614746,1.036990279543172e-06
trained,5094,5,0.015236928127706051,0.0003131495323032141,11.598677635192871,2.699872710946387e-05
trained,5094,5,0.015236928127706051,0.002527163363993168,10.964604377746582,0.00023048377095321557
trained,14752,5,0.013112745247781277,0.0001807779772207141,11.296935081481934,1.6002391437749114e-05
trained,14752,5,0.013112745247781277,0.00029535184148699045,11.098915100097656,2.6610874920954368e-05
trained,14752,5,0.013112745247781277,0.00027386040892452,10.110404014587402,2.7086989652380974e-05
trained,14752,5,0.013112745247781277,0.0003655702748801559,9.461552619934082,3.863745090947904e-05
trained,14752,5,0.013112745247781277,0.0007694968953728676,9.126730918884277,8.431243368648989e-05
trained,14752,5,0.013112745247781277,8.269889804068953e-06,9.074993133544922,9.112833125459924e-07
trained,9515,5,0.01245915051549673,0.0025331173092126846,10.661898612976074,0.0002375859498541612
trained,9515,5,0.01245915051549673,0.00017880357336252928,10.11803913116455,1.7671761400071756e-05
trained,9515,5,0.01245915051549673,0.029728099703788757,8.896418571472168,0.003341580599536628
trained,9515,5,0.01245915051549673,0.006717134732753038,8.858169555664062,0.0007582982794067189
trained,9515,5,0.01245915051549673,3.803079016506672e-05,8.318987846374512,4.571564578212585e-06
trained,9515,5,0.01245915051549673,0.0007543419487774372,8.012991905212402,9.413986157738939e-05
trained,7993,5,0.05604575201869011,0.004726088605821133,17.677444458007812,0.00026735134804398906
trained,7993,5,0.05604575201869011,0.0018540797755122185,15.069750785827637,0.00012303320750704715
trained,7993,5,0.05604575201869011,0.0053579481318593025,13.912978172302246,0.0003851043296054203
trained,7993,5,0.05604575201869011,0.0005977744003757834,13.175250053405762,4.537100988237112e-05
trained,7993,5,0.05604575201869011,0.0026290826499462128,13.122335433959961,0.00020035173336159932
trained,7993,5,0.05604575201869011,0.004903553053736687,13.047883987426758,0.000375812128500059
trained,15511,5,0.014950980432331562,0.0010034586302936077,13.726722717285156,7.31025643163913e-05
trained,15511,5,0.014950980432331562,0.0008702442864887416,11.725383758544922,7.421883192987586e-05
trained,15511,5,0.014950980432331562,0.0007875398732721806,10.743796348571777,7.330182439439778e-05
trained,15511,5,0.014950980432331562,0.0028331726789474487,10.573287010192871,0.0002679557148326921
trained,15511,5,0.014950980432331562,0.0008045616559684277,9.124155044555664,8.817930559482387e-05
trained,15511,5,0.014950980432331562,0.00012999839964322746,8.830724716186523,1.4721147337425575e-05
trained,11703,5,0.019321896135807037,0.0011562858708202839,22.354841232299805,5.1724181746797775e-05
trained,11703,5,0.019321896135807037,0.0009168994147330523,17.373044967651367,5.277712781152182e-05
trained,11703,5,0.019321896135807037,0.0032000625506043434,17.23078727722168,0.0001857177213739201
trained,11703,5,0.019321896135807037,0.0032154954969882965,16.64512062072754,0.00019317946503698876
trained,11703,5,0.019321896135807037,0.0005247109802439809,15.06447696685791,3.4831012148536814e-05
trained,11703,5,0.019321896135807037,0.0012664771638810635,13.95529842376709,9.075242430675237e-05
trained,8330,5,0.01384803932160139,0.004224309232085943,25.78377914428711,0.00016383592212943385
trained,8330,5,0.01384803932160139,0.00028640945674851537,23.657352447509766,1.2106572676887332e-05
trained,8330,5,0.01384803932160139,0.009392247535288334,20.489761352539062,0.0004583873561867747
trained,8330,5,0.01384803932160139,0.003062622621655464,18.908559799194336,0.00016197016875848776
trained,8330,5,0.01384803932160139,0.004189592786133289,18.791044235229492,0.00022295689019126628
trained,8330,5,0.01384803932160139,1.7212078091688454e-05,18.76962661743164,9.17017607356309e-07
trained,15661,5,0.012826797552406788,0.0005843826802447438,26.682825088500977,2.1901079750981273e-05
trained,15661,5,0.012826797552406788,0.0005193891702219844,25.116182327270508,2.0679463282046846e-05
trained,15661,5,0.012826797552406788,0.00045513559598475695,24.811725616455078,1.8343568803731736e-05
trained,15661,5,0.012826797552406788,2.168192804674618e-05,23.821992874145508,9.101643242567676e-07
trained,15661,5,0.012826797552406788,0.00015111922402866185,22.15277671813965,6.821683166468198e-06
trained,15661,5,0.012826797552406788,3.574199945433065e-05,21.65932273864746,1.6501900768372132e-06
trained,3749,5,0.012704248540103436,0.13971644639968872,23.846805572509766,0.005858916657615212
trained,3749,5,0.012704248540103436,0.012636786326766014,21.36716651916504,0.0005914114216048062
trained,3749,5,0.012704248540103436,0.0231088325381279,18.51117706298828,0.001248371859849598
trained,3749,5,0.012704248540103436,0.004420338664203882,13.683832168579102,0.0003230336801670142
trained,3749,5,0.012704248540103436,0.000850156880915165,11.79345703125,7.208716482897602e-05
trained,3749,5,0.012704248540103436,0.022418813779950142,11.73664665222168,0.0019101549568850988
trained,6423,5,0.011601307429373264,0.00037692332989536226,17.173616409301758,2.194781348972072e-05
trained,6423,5,0.011601307429373264,0.0013392518740147352,15.468863487243652,8.657726374786001e-05
trained,6423,5,0.011601307429373264,0.0013092102017253637,14.308564186096191,9.149836312699631e-05
trained,6423,5,0.011601307429373264,0.0023146499879658222,12.884387969970703,0.0001796476474754187
trained,6423,5,0.011601307429373264,9.043997852131724e-05,11.575658798217773,7.81294439459823e-06
trained,6423,5,0.011601307429373264,0.004554329439997673,11.435596466064453,0.0003982590198519868
trained,5807,5,0.027124183252453804,4.8889101890381426e-05,25.533329010009766,1.9147171084199618e-06
trained,5807,5,0.027124183252453804,0.0019644489511847496,22.26335906982422,8.823686241701801e-05
trained,5807,5,0.027124183252453804,0.0013964271638542414,21.158767700195312,6.599756581482537e-05
trained,5807,5,0.027124183252453804,0.004353448748588562,21.077980041503906,0.00020654013050663963
trained,5807,5,0.027124183252453804,0.0034609746653586626,19.650724411010742,0.00017612453327264623
trained,5807,5,0.027124183252453804,0.006336860824376345,19.12558364868164,0.0003313290167128131
trained,11301,5,0.016748366877436638,0.0005890328902751207,19.631956100463867,3.0003779921920412e-05
trained,11301,5,0.016748366877436638,0.002644190564751625,15.874722480773926,0.00016656609701076898
trained,11301,5,0.016748366877436638,0.00024201872292906046,13.789794921875,1.7550567234697726e-05
trained,11301,5,0.016748366877436638,0.00046422184095717967,12.81091594696045,3.623642859567135e-05
trained,11301,5,0.016748366877436638,0.0026479926891624928,12.392066955566406,0.00021368450466393242
trained,11301,5,0.016748366877436638,0.001881410600617528,12.205561637878418,0.0001541437138606394
trained,11591,5,0.01797385700047016,0.03884248062968254,25.034297943115234,0.001551570597982946
trained,11591,5,0.01797385700047016,0.0008599521825090051,21.3883113861084,4.020664216940192e-05
trained,11591,5,0.01797385700047016,0.048856720328330994,21.090173721313477,0.0023165632001863018
trained,11591,5,0.01797385700047016,0.036474667489528656,20.678083419799805,0.0017639288298161718
trained,11591,5,0.01797385700047016,0.001466916874051094,19.788549423217773,7.412958083375077e-05
trained,11591,5,0.01797385700047016,0.0019989395514130592,19.777116775512695,0.0001010733553380275
trained,10856,5,0.015359477140009403,0.011378034949302673,13.374966621398926,0.0008506963248116587
trained,10856,5,0.015359477140009403,0.0038096916396170855,11.882633209228516,0.0003206100510329925
trained,10856,5,0.015359477140009403,0.004660590086132288,11.511391639709473,0.00040486765041119853
trained,10856,5,0.015359477140009403,0.0049329232424497604,11.046405792236328,0.000446563645698833
trained,10856,5,0.015359477140009403,0.01134403981268406,10.894330024719238,0.0010412792514036594
trained,10856,5,0.015359477140009403,0.007025506347417831,10.866610527038574,0.0006465223291049945
trained,9309,5,0.01017156895250082,0.0019749796483665705,12.197969436645508,0.00016191052606127026
trained,9309,5,0.01017156895250082,0.0009447133634239435,11.728276252746582,8.055006064533193e-05
trained,9309,5,0.01017156895250082,0.0003617453621700406,11.307886123657227,3.199053812659408e-05
trained,9309,5,0.01017156895250082,1.3081224096822552e-05,10.991366386413574,1.1901362976119376e-06
trained,9309,5,0.01017156895250082,9.054452675627545e-05,10.340996742248535,8.755880019413635e-06
trained,9309,5,0.01017156895250082,4.9108173698186874e-05,9.820223808288574,5.0007183804444505e-06
trained,1398,5,0.018423203378915787,6.011212826706469e-05,11.21212387084961,5.3613507092398576e-06
trained,1398,5,0.018423203378915787,0.002796124666929245,9.288180351257324,0.00030104116858053245
trained,1398,5,0.018423203378915787,0.0019546833354979753,9.196783065795898,0.00021253989808324517
trained,1398,5,0.018423203378915787,3.7956604501232505e-05,9.141491889953613,4.152123631258301e-06
trained,1398,5,0.018423203378915787,0.01036624051630497,9.090204238891602,0.0011403748743019396
trained,1398,5,0.018423203378915787,0.003123731352388859,8.964844703674316,0.0003484423272952594
trained,8758,5,0.012540849857032299,0.002302390756085515,19.002931594848633,0.00012115976656515743
trained,8758,5,0.012540849857032299,0.001551629975438118,12.758044242858887,0.0001216197362151819
trained,8758,5,0.012540849857032299,0.0003053136169910431,12.329788208007812,2.4762275867216553e-05
trained,8758,5,0.012540849857032299,0.004475582391023636,10.381866455078125,0.0004310961242267257
trained,8758,5,0.012540849857032299,7.610995089635253e-05,10.364665985107422,7.343213086240493e-06
trained,8758,5,0.012540849857032299,0.003285631537437439,9.936766624450684,0.0003306539905398123
trained,15554,5,0.014297385700047016,0.0033917082473635674,16.095394134521484,0.00021072539255742823
trained,15554,5,0.014297385700047016,0.0075142658315598965,15.966474533081055,0.00047062774039385055
trained,15554,5,0.014297385700047016,0.002558348001912236,15.526042938232422,0.0001647778517739623
trained,15554,5,0.014297385700047016,3.0094441171968356e-05,13.848116874694824,2.17317931703487e-06
trained,15554,5,0.014297385700047016,2.0501509425230324e-05,13.668258666992188,1.4999357214931791e-06
trained,15554,5,0.014297385700047016,0.0018909212667495012,13.286368370056152,0.00014232040043471333
random,13965,0,0.00012254902685526758,0.0006353501230478287,9.136662483215332,6.95385349097671e-05
random,13965,0,0.00012254902685526758,0.0004641851410269737,8.289933204650879,5.5993833673660146e-05
random,13965,0,0.00012254902685526758,0.012823788449168205,7.059604644775391,0.0018165023530968864
random,13965,0,0.00012254902685526758,0.0019224956631660461,6.919886112213135,0.000277821864694127
random,13965,0,0.00012254902685526758,0.0005659040180034935,6.439931869506836,8.787422436610808e-05
random,13965,0,0.00012254902685526758,0.0006800019182264805,6.423061847686768,0.00010586881060025596
random,8225,0,8.169934881152585e-05,0.001117950421757996,13.62112045288086,8.207477686033898e-05
random,8225,0,8.169934881152585e-05,0.001481162616983056,12.007180213928223,0.00012335640763223664
random,8225,0,8.169934881152585e-05,0.00040273135527968407,11.937856674194336,3.373565006440854e-05
random,8225,0,8.169934881152585e-05,2.305681846337393e-05,11.780054092407227,1.957276111171262e-06
random,8225,0,8.169934881152585e-05,0.0003347338060848415,11.530248641967773,2.903092695386274e-05
random,8225,0,8.169934881152585e-05,0.00045109959319233894,11.508139610290527,3.91983073257964e-05
random,9362,0,8.169934881152585e-05,8.83444954524748e-06,9.758838653564453,9.052767300359724e-07
random,9362,0,8.169934881152585e-05,0.00014372840814758092,6.750486850738525,2.1291561827404576e-05
random,9133,0,0.00024509805371053517,0.001678338274359703,6.98467493057251,0.0002402886735663925
random,9133,0,0.00024509805371053517,0.0019152048043906689,6.803511142730713,0.0002815024131234048
random,12689,0,8.169934881152585e-05,0.0021584134083241224,6.905507564544678,0.00031256404951406926
random,12689,0,8.169934881152585e-05,8.57555860420689e-05,6.367345333099365,1.3468028127245701e-05
random,12689,0,8.169934881152585e-05,0.0019375319825485349,6.367326259613037,0.0003042928701232101
random,12689,0,8.169934881152585e-05,0.0021016355603933334,6.3159565925598145,0.00033275015899714323
random,12689,0,8.169934881152585e-05,0.00011488169548101723,6.1170854568481445,1.87804627369405e-05
random,12689,0,8.169934881152585e-05,0.0005121993599459529,5.586812496185303,9.168006986017243e-05
random,231,0,0.00012254902685526758,0.0002377322525717318,13.664957046508789,1.7397219161583033e-05
random,231,0,0.00012254902685526758,0.0008766163955442607,9.953926086425781,8.806740053451943e-05
random,231,0,0.00012254902685526758,0.0014863484539091587,9.840741157531738,0.000151040295656142
random,231,0,0.00012254902685526758,7.72405110183172e-06,9.378438949584961,8.235966714027119e-07
random,231,0,0.00012254902685526758,0.0018792077898979187,9.10213565826416,0.00020645789740473904
random,231,0,0.00012254902685526758,0.0008063176646828651,8.888885498046875,9.071077188023568e-05
random,14255,0,8.169934881152585e-05,0.0012412331998348236,17.908557891845703,6.930950037021093e-05
random,14255,0,8.169934881152585e-05,0.0008418603101745248,16.71188735961914,5.037493923090387e-05
random,14255,0,8.169934881152585e-05,0.0004960016813129187,16.64519691467285,2.9798486846117746e-05
random,14255,0,8.169934881152585e-05,0.0018511610105633736,16.108341217041016,0.00011491940638835178
random,14255,0,8.169934881152585e-05,0.0008973681833595037,16.100065231323242,5.573692842024282e-05
random,14255,0,8.169934881152585e-05,0.0021328325383365154,15.832228660583496,0.00013471461182508655
random,12035,0,8.169934881152585e-05,0.0021901936270296574,10.908032417297363,0.0002007872312110631
random,12035,0,8.169934881152585e-05,0.001388247823342681,10.073111534118652,0.00013781717979003256
random,12035,0,8.169934881152585e-05,0.0017850948497653008,7.7884697914123535,0.00022919712056064783
random,12035,0,8.169934881152585e-05,0.0021298504434525967,7.6497416496276855,0.0002784212253176232
random,12035,0,8.169934881152585e-05,5.605124169960618e-05,7.50521183013916,7.468309085496776e-06
random,12035,0,8.169934881152585e-05,0.00044549151789397,7.108356475830078,6.267152180799258e-05
random,4683,0,4.0849674405762926e-05,0.0005548446788452566,13.49817943572998,4.110514914156278e-05
random,4683,0,4.0849674405762926e-05,0.0015994678251445293,12.46762466430664,0.00012828969977927068
random,4683,0,4.0849674405762926e-05,0.00012716761557385325,12.28131103515625,1.0354563548616726e-05
random,4683,0,4.0849674405762926e-05,0.002635261043906212,12.26966381072998,0.00021477858599529368
random,4683,0,4.0849674405762926e-05,0.001438152277842164,12.206900596618652,0.00011781469558624378
random,4683,0,4.0849674405762926e-05,0.0008983966545201838,12.165629386901855,7.38471168197384e-05
random,648,0,4.0849674405762926e-05,0.0018397903768345714,10.241009712219238,0.00017964931471936733
random,648,0,4.0849674405762926e-05,0.0009437853004783392,10.001416206359863,9.436516599301104e-05
random,648,0,4.0849674405762926e-05,0.00013914945884607732,9.976332664489746,1.3947956982366156e-05
random,648,0,4.0849674405762926e-05,0.0009512802353128791,9.714360237121582,9.792515534659116e-05
random,648,0,4.0849674405762926e-05,0.0006339091341942549,9.610420227050781,6.596060517832186e-05
random,648,0,4.0849674405762926e-05,0.0004744871403090656,9.57887077331543,4.953476788003859e-05
random,10776,0,0.0002859477244783193,0.0005521323764696717,12.083325386047363,4.569374396780045e-05
random,10776,0,0.0002859477244783193,7.347181963268667e-05,11.944453239440918,6.151124556298707e-06
random,10776,0,0.0002859477244783193,0.0013887037057429552,11.510902404785156,0.00012064247066899483
random,10776,0,0.0002859477244783193,0.000996574992313981,11.296144485473633,8.822257838464572e-05
random,10776,0,0.0002859477244783193,0.0009741366375237703,11.237606048583984,8.66854233287986e-05
random,10776,0,0.0002859477244783193,0.0006474822293967009,10.848689079284668,5.9682992540827246e-05
random,339,0,8.169934881152585e-05,0.00011233610712224618,9.82882308959961,1.1429253136228982e-05
random,339,0,8.169934881152585e-05,0.0021209525875747204,7.878901481628418,0.00026919394696332214
random,339,0,8.169934881152585e-05,0.0022201458923518658,7.671232223510742,0.0002894118998962875
random,339,0,8.169934881152585e-05,0.0006434901151806116,7.4072184562683105,8.687338155067673e-05
random,339,0,8.169934881152585e-05,0.004215870052576065,7.348978042602539,0.0005736675260337385
random,339,0,8.169934881152585e-05,0.0017165979370474815,6.762074947357178,0.00025385668606325927
random,3129,0,4.0849674405762926e-05,0.0016025565564632416,12.635599136352539,0.00012682869559012017
random,3129,0,4.0849674405762926e-05,0.0024739261716604233,11.314229011535645,0.00021865618674839294
random,3129,0,4.0849674405762926e-05,0.0002625203924253583,10.705695152282715,2.4521564334790773e-05
random,3129,0,4.0849674405762926e-05,0.0016749119386076927,10.118728637695312,0.00016552592707824392
random,3129,0,4.0849674405762926e-05,0.0017099992837756872,9.829618453979492,0.00017396395310576872
random,3129,0,4.0849674405762926e-05,7.124748663045466e-05,9.815657615661621,7.258554589024573e-06
random,15782,0,0.00020424836839083582,0.0008599755237810314,8.651204109191895,9.940529814425583e-05
random,15782,0,0.00020424836839083582,0.0005470325704663992,5.854206562042236,9.344264925895734e-05
random,1302,0,0.0001633986976230517,0.0007267252076417208,14.857685089111328,4.8912411542112436e-05
random,1302,0,0.0001633986976230517,0.0018802797421813011,14.6340970993042,0.00012848621472319615
random,1302,0,0.0001633986976230517,0.0020222889725118876,14.598661422729492,0.000138525643821239
random,1302,0,0.0001633986976230517,0.0008384403772652149,14.21241569519043,5.899351632030777e-05
random,1302,0,0.0001633986976230517,0.002427946776151657,13.807799339294434,0.00017583879345944514
random,1302,0,0.0001633986976230517,0.0002744987141340971,13.496064186096191,2.0339167801001494e-05
random,529,0,0.00020424836839083582,0.0007621025433763862,7.295645713806152,0.0001044599166779983
random,1541,0,0.00012254902685526758,0.00037759807310067117,10.692976951599121,3.531271738542388e-05
random,1541,0,0.00012254902685526758,0.0015671065775677562,10.580485343933105,0.00014811291983560487
random,1541,0,0.00012254902685526758,0.00618863757699728,9.866838455200195,0.0006272158609970588
random,1541,0,0.00012254902685526758,0.0022804944310337305,9.764918327331543,0.00023353952942450475
random,1541,0,0.00012254902685526758,0.0003614916931837797,9.614139556884766,3.760000476848836e-05
random,1541,0,0.00012254902685526758,0.0024101557210087776,9.572273254394531,0.00025178509398509914
random,7235,0,0.00020424836839083582,0.00167629134375602,7.892670154571533,0.0002123858353291365
random,10081,0,0.00012254902685526758,0.0006553176208399236,12.448343276977539,5.2642958686068216e-05
random,10081,0,0.00012254902685526758,0.00041317427530884743,12.154699325561523,3.399296553884599e-05
random,10081,0,0.00012254902685526758,0.0015059752622619271,12.104915618896484,0.0001244102238854942
random,10081,0,0.00012254902685526758,0.0019393404945731163,11.90320873260498,0.00016292585790425752
random,10081,0,0.00012254902685526758,0.0022714780643582344,11.800929069519043,0.00019248298595619053
random,10081,0,0.00012254902685526758,0.0013547490816563368,11.660264015197754,0.00011618511209442463
random,14103,0,0.0002859477244783193,0.0005505334702320397,12.119281768798828,4.54262456088274e-05
random,14103,0,0.0002859477244783193,0.0023085116408765316,11.2811279296875,0.00020463482510480493
random,14103,0,0.0002859477244783193,0.00022693254868499935,11.158447265625,2.0337287373673718e-05
random,14103,0,0.0002859477244783193,0.00023430713918060064,10.324682235717773,2.2693883824339467e-05
random,14103,0,0.0002859477244783193,0.001308100763708353,9.718621253967285,0.00013459736000869126
random,14103,0,0.0002859477244783193,0.0005175484111532569,9.266618728637695,5.585083689197416e-05
random,11956,0,0.00012254902685526758,0.0003735699865501374,9.44684886932373,3.9544401706606326e-05
random,11956,0,0.00012254902685526758,0.0011420436203479767,7.689593315124512,0.00014851807807595146
random,11956,0,0.00012254902685526758,4.854947474086657e-05,6.854090690612793,7.0832845569666635e-06
random,11956,0,0.00012254902685526758,0.003289176616817713,6.462958335876465,0.0005089274053585022
random,11956,0,0.00012254902685526758,6.944837514311075e-05,6.171846866607666,1.1252446252167434e-05
random,11956,0,0.00012254902685526758,0.004835635423660278,6.129773139953613,0.000788876735444221
random,13275,0,4.0849674405762926e-05,0.0018441532738506794,11.31511402130127,0.0001629814132123608
random,13275,0,4.0849674405762926e-05,7.346415077336133e-05,9.759350776672363,7.527565352908683e-06
random,13275,0,4.0849674405762926e-05,0.0003166480455547571,9.420848846435547,3.361141344227845e-05
random,13275,0,4.0849674405762926e-05,0.0002975072420667857,9.387764930725098,3.1690955649419594e-05
random,13275,0,4.0849674405762926e-05,0.0009024807950481772,8.825394630432129,0.00010225953997979895
random,13275,0,4.0849674405762926e-05,1.8188264220952988e-05,7.950595378875732,2.2876606536006277e-06
random,6732,0,4.0849674405762926e-05,0.0009759181411936879,15.62241268157959,6.246910519425687e-05
random,6732,0,4.0849674405762926e-05,0.0004974189214408398,15.04999828338623,3.305109489546873e-05
random,6732,0,4.0849674405762926e-05,0.00021834924700669944,14.84903335571289,1.4704610177381925e-05
random,6732,0,4.0849674405762926e-05,0.00021475437097251415,13.675719261169434,1.5703332809871542e-05
random,6732,0,4.0849674405762926e-05,0.00029729772359132767,13.625104904174805,2.181984841087235e-05
random,6732,0,4.0849674405762926e-05,0.00013676249363925308,13.36388874053955,1.0233734827826131e-05
random,4846,0,8.169934881152585e-05,0.006708183325827122,10.60618782043457,0.0006324782701757082
random,4846,0,8.169934881152585e-05,1.4458408259088174e-05,9.38802433013916,1.540090625103211e-06
random,4846,0,8.169934881152585e-05,0.0012297481298446655,7.414924144744873,0.0001658477019911547
random,9301,0,8.169934881152585e-05,0.0012537322472780943,8.878296852111816,0.0001412131479901889
random,8488,0,4.0849674405762926e-05,0.00042959104757755995,13.88695240020752,3.093486858723159e-05
random,8488,0,4.0849674405762926e-05,0.0037975627928972244,13.848990440368652,0.0002742122474016334
random,8488,0,4.0849674405762926e-05,0.004276330582797527,13.310831069946289,0.0003212669862855365
random,8488,0,4.0849674405762926e-05,0.002303231507539749,12.829201698303223,0.00017953038401792156
random,8488,0,4.0849674405762926e-05,0.0016999694053083658,12.794912338256836,0.00013286291928905607
random,8488,0,4.0849674405762926e-05,0.0025254227221012115,12.67499828338623,0.0001992444232052806
random,14903,0,0.00024509805371053517,0.0018555829301476479,7.68391227722168,0.00024148934334510422
random,15249,0,0.0001633986976230517,0.0016238762764260173,10.797321319580078,0.00015039621665062866
random,15249,0,0.0001633986976230517,0.00042165417107753456,10.398409843444824,4.054987035766301e-05
random,15249,0,0.0001633986976230517,0.0005705609219148755,8.790555000305176,6.490613185345723e-05
random,15249,0,0.0001633986976230517,0.001289648236706853,8.539983749389648,0.0001510129614472655
random,15249,0,0.0001633986976230517,1.5841415006434545e-05,8.535569190979004,1.855929540490033e-06
random,15249,0,0.0001633986976230517,0.0015980880707502365,8.526711463928223,0.00018742138484582936
random,3107,0,4.0849674405762926e-05,0.0008138008997775614,12.71060562133789,6.402534419063366e-05
random,3107,0,4.0849674405762926e-05,0.00016147387214004993,11.413352966308594,1.4147803245611462e-05
random,3107,0,4.0849674405762926e-05,0.00032388605177402496,10.883007049560547,2.9760713220074904e-05
random,3107,0,4.0849674405762926e-05,0.0007992900209501386,10.265380859375,7.786267571555088e-05
random,3107,0,4.0849674405762926e-05,0.001226915279403329,10.061759948730469,0.00012193843677995255
random,3107,0,4.0849674405762926e-05,0.0015066617634147406,9.477783203125,0.00015896773867099707
random,9077,0,8.169934881152585e-05,0.0019935881718993187,14.954951286315918,0.00013330622973834039
random,9077,0,8.169934881152585e-05,0.0011460776440799236,13.72327995300293,8.351339096810736e-05
random,9077,0,8.169934881152585e-05,0.001839732751250267,12.224844932556152,0.00015049129550517647
random,9077,0,8.169934881152585e-05,4.7374873247463256e-05,12.035419464111328,3.936287670631788e-06
random,9077,0,8.169934881152585e-05,0.0033185193315148354,11.727783203125,0.00028296219959374577
random,9077,0,8.169934881152585e-05,0.004168684594333172,11.62637710571289,0.00035855404967767573
random,38,0,4.0849674405762926e-05,0.002434404566884041,18.059982299804688,0.00013479551233615373
random,38,0,4.0849674405762926e-05,0.0016484581865370274,17.619611740112305,9.355814480203298e-05
random,38,0,4.0849674405762926e-05,0.0007731992518529296,16.5808048248291,4.663219065790426e-05
random,38,0,4.0849674405762926e-05,0.00041599609539844096,15.921050071716309,2.612868457322778e-05
random,38,0,4.0849674405762926e-05,3.423570888116956e-05,15.112309455871582,2.265418729092261e-06
random,38,0,4.0849674405762926e-05,0.0009501624153926969,14.953064918518066,6.354298737886195e-05
random,5242,0,0.00012254902685526758,0.0006606674287468195,9.719038009643555,6.797662773736281e-05
random,13879,0,0.00020424836839083582,0.001974845305085182,10.284889221191406,0.0001920142514531056
random,13879,0,0.00020424836839083582,0.001567881554365158,10.174727439880371,0.0001540956810518349
random,13879,0,0.00020424836839083582,0.002010026015341282,8.840654373168945,0.00022736167827594703
random,13879,0,0.00020424836839083582,0.0008573891827836633,8.581531524658203,9.991097513538676e-05
random,13879,0,0.00020424836839083582,0.0019542938098311424,8.469959259033203,0.00023073237427286206
random,13879,0,0.00020424836839083582,0.003277483629062772,8.266383171081543,0.0003964833907685842
random,10485,0,8.169934881152585e-05,0.00010112380550708622,10.807218551635742,9.357061210886725e-06
random,10485,0,8.169934881152585e-05,0.0006765184225514531,10.703362464904785,6.320615832358167e-05
random,10485,0,8.169934881152585e-05,0.0013167134020477533,10.32791805267334,0.00012749069031458158
random,10485,0,8.169934881152585e-05,0.0016422509215772152,10.244902610778809,0.0001602993199612634
random,10485,0,8.169934881152585e-05,0.0024165865033864975,8.904736518859863,0.0002713821457005794
random,10485,0,8.169934881152585e-05,0.0027304375544190407,8.032193183898926,0.0003399367385600719
random,10478,0,0.00012254902685526758,0.0011428575962781906,13.398334503173828,8.529848213652734e-05
random,10478,0,0.00012254902685526758,0.0018396205268800259,13.343647003173828,0.00013786489753831664
random,10478,0,0.00012254902685526758,0.00014172689407132566,12.656596183776855,1.1197868053417893e-05
random,10478,0,0.00012254902685526758,0.00202011875808239,12.388227462768555,0.0001630676191693794
random,10478,0,0.00012254902685526758,0.0011831731535494328,12.352625846862793,9.578312888428692e-05
random,10478,0,0.00012254902685526758,0.004126744344830513,12.336017608642578,0.00033452808481234075
random,6291,1,0.0006127451197244227,0.0010636532679200172,14.449247360229492,7.361305688818408e-05
random,6291,1,0.0006127451197244227,0.002068659756332636,13.43535327911377,0.00015397137041037228
random,6291,1,0.0006127451197244227,4.923226515529677e-05,11.71416187286377,4.202798773794042e-06
random,6291,1,0.0006127451197244227,7.520154031226411e-05,11.489823341369629,6.545056270926078e-06
random,6291,1,0.0006127451197244227,0.0011440126691013575,11.201651573181152,0.00010212892818772703
random,6291,1,0.0006127451197244227,0.00027558818692341447,10.990618705749512,2.50748565027778e-05
random,6136,1,0.0005718954489566386,0.003503884421661496,10.248149871826172,0.0003419040963963889
random,6136,1,0.0005718954489566386,0.0003124140202999115,10.010077476501465,3.1209950275939384e-05
random,6136,1,0.0005718954489566386,0.0013991142623126507,10.000082015991211,0.00013991027874324589
random,6136,1,0.0005718954489566386,0.0006799944676458836,9.954838752746582,6.830793391387382e-05
random,6136,1,0.0005718954489566386,2.1432053472381085e-05,9.630732536315918,2.2253814433704097e-06
random,6136,1,0.0005718954489566386,0.00012607824464794248,9.600778579711914,1.3132085445066648e-05
random,12749,1,0.0006535947904922068,9.218388004228473e-05,8.570714950561523,1.0755681477453076e-05
random,12749,1,0.0006535947904922068,2.9572707717306912e-05,8.459504127502441,3.495796830592465e-06
random,12749,1,0.0006535947904922068,5.802455416414887e-05,8.325779914855957,6.969263511351506e-06
random,12749,1,0.0006535947904922068,0.0015987616498023272,8.158980369567871,0.00019595115778995353
random,12749,1,0.0006535947904922068,0.0010692100040614605,7.825074672698975,0.00013663895218685184
random,12749,1,0.0006535947904922068,1.7132886569015682e-05,7.720519542694092,2.219136480941686e-06
random,4916,1,0.0009803922148421407,0.00010945703252218664,11.33639907836914,9.655361615756841e-06
random,4916,1,0.0009803922148421407,0.0010614870116114616,11.008750915527344,9.642211180509884e-05
random,4916,1,0.0009803922148421407,0.0007645310834050179,10.825944900512695,7.062026367498057e-05
random,4916,1,0.0009803922148421407,0.0010403161868453026,10.540962219238281,9.869271563715733e-05
random,4916,1,0.0009803922148421407,0.0024648169055581093,10.473583221435547,0.00023533654657114308
random,4916,1,0.0009803922148421407,0.0020451340824365616,10.249685287475586,0.00019953140267980475
random,14582,1,0.0003267973952461034,0.00352536141872406,12.346040725708008,0.00028554590876921727
random,14582,1,0.0003267973952461034,0.00042418972589075565,12.123991966247559,3.498762842071106e-05
random,14582,1,0.0003267973952461034,0.0017595868557691574,12.003632545471191,0.00014658786405728703
random,14582,1,0.0003267973952461034,1.4207789718057029e-05,11.852883338928223,1.1986779344562203e-06
random,14582,1,0.0003267973952461034,0.0017985838931053877,11.686220169067383,0.00015390638436422026
random,14582,1,0.0003267973952461034,0.004622458480298519,11.633706092834473,0.00039733326967453833
random,7075,1,0.0009803922148421407,5.933366082899738e-07,7.203453540802002,8.23683535861209e-08
random,5547,1,0.0003676470660138875,0.001690673641860485,13.395962715148926,0.00012620769987278137
random,5547,1,0.0003676470660138875,0.0008771132561378181,12.53725528717041,6.996054846513202e-05
random,5547,1,0.0003676470660138875,0.001965223578736186,12.125299453735352,0.00016207629232041558
random,5547,1,0.0003676470660138875,0.0013292585499584675,12.091374397277832,0.0001099344463486076
random,5547,1,0.0003676470660138875,0.0009437702829018235,11.921757698059082,7.916368599367472e-05
random,5547,1,0.0003676470660138875,0.00023149774642661214,11.568154335021973,2.00116405540826e-05
random,4971,1,0.0004901961074210703,0.001749034272506833,11.469029426574707,0.0001525006351848896
random,4971,1,0.0004901961074210703,0.0020258845761418343,11.296504974365234,0.00017933728889945198
random,4971,1,0.0004901961074210703,0.0022601764649152756,11.160115242004395,0.0002025226815228962
random,4971,1,0.0004901961074210703,0.0015099132433533669,10.948373794555664,0.00013791210198762182
random,4971,1,0.0004901961074210703,0.0006728334119543433,10.72065258026123,6.276049027026192e-05
random,4971,1,0.0004901961074210703,0.001933598192408681,10.686413764953613,0.00018093985830400553
random,5901,1,0.0006535947904922068,0.002169869840145111,6.950115203857422,0.0003122063126292928
random,5901,1,0.0006535947904922068,0.0006869129138067365,6.616631031036377,0.00010381611285027991
random,5901,1,0.0006535947904922068,2.1231260234344518e-06,6.325888156890869,3.3562497008767126e-07
random,5901,1,0.0006535947904922068,0.0031969351693987846,6.015609264373779,0.0005314399637509674
random,5901,1,0.0006535947904922068,0.0018355520442128181,5.834212779998779,0.0003146186320981598
random,5901,1,0.0006535947904922068,0.0009979323949664831,4.758413314819336,0.00020971957014717036
random,836,1,0.0006535947904922068,0.00015191809507086873,6.450469493865967,2.3551478728073092e-05
random,2392,1,0.0008578431443311274,0.001979994820430875,7.662973880767822,0.00025838464951579365
random,11327,1,0.0003267973952461034,1.382414029649226e-05,7.856184959411621,1.7596505642259728e-06
random,11327,1,0.0003267973952461034,1.8213833754998632e-05,7.001426696777344,2.6014460400452666e-06
random,11327,1,0.0003267973952461034,0.00011249573435634375,6.07757043838501,1.850998445790736e-05
random,9351,1,0.0002859477244783193,0.00048678304301574826,10.343955993652344,4.705965912021153e-05
random,9351,1,0.0002859477244783193,0.0006347349844872952,9.780588150024414,6.489742485330095e-05
random,9351,1,0.0002859477244783193,0.00013176200445741415,9.74634075164795,1.3519125568756184e-05
random,9351,1,0.0002859477244783193,6.090556053095497e-05,9.319673538208008,6.5351603016199566e-06
random,9351,1,0.0002859477244783193,0.0019088033586740494,9.215129852294922,0.00020713797735565103
random,9351,1,0.0002859477244783193,2.057633173535578e-05,8.381080627441406,2.4550929229799527e-06
random,3514,1,0.0002859477244783193,0.00039374196785502136,10.33162784576416,3.8110351411510696e-05
random,3514,1,0.0002859477244783193,0.0008767266990616918,10.290420532226562,8.519833531739955e-05
random,3514,1,0.0002859477244783193,0.00016823303303681314,9.87927532196045,1.7028883956989356e-05
random,3514,1,0.0002859477244783193,0.004061270039528608,9.694629669189453,0.0004189195645539457
random,3514,1,0.0002859477244783193,0.0009612541180104017,9.687284469604492,9.922843920053143e-05
random,3514,1,0.0002859477244783193,0.002488291822373867,9.555511474609375,0.0002604038338487357
random,5102,1,0.00040849673678167164,0.004632533527910709,9.083184242248535,0.0005100120623297991
random,5102,1,0.00040849673678167164,0.003414202481508255,8.661483764648438,0.00039418217181716724
random,5102,1,0.00040849673678167164,0.000712862703949213,8.649197578430176,8.241951897676468e-05
random,5102,1,0.00040849673678167164,6.939689046703279e-05,8.513134956359863,8.15174325589527e-06
random,5102,1,0.00040849673678167164,0.003024378791451454,6.695096969604492,0.0004517303939258877
random,5102,1,0.00040849673678167164,0.0002947222674265504,6.346728801727295,4.643687742673678e-05
random,12426,1,0.0010212418856099248,0.0017946179723367095,11.373221397399902,0.00015779328561624478
random,12426,1,0.0010212418856099248,0.0017068157903850079,8.393649101257324,0.00020334609772159
random,12426,1,0.0010212418856099248,0.004431921988725662,8.255616188049316,0.0005368372133313603
random,12426,1,0.0010212418856099248,0.002485492266714573,6.3174567222595215,0.0003934324168706935
random,12426,1,0.0010212418856099248,0.001684390241280198,6.13375186920166,0.00027461010441875446
random,12426,1,0.0010212418856099248,0.00034076819429174066,6.022185802459717,5.6585466717509185e-05
random,4086,1,0.0006127451197244227,0.000770054291933775,7.211673736572266,0.00010677885884224492
random,4086,1,0.0006127451197244227,0.001689824741333723,6.741345405578613,0.0002506658003216028
random,4086,1,0.0006127451197244227,2.5405392079846933e-05,6.033883094787598,4.210454806755126e-06
random,10760,1,0.0002859477244783193,0.004365073516964912,10.625680923461914,0.0004108041214870909
random,10760,1,0.0002859477244783193,0.0021502200979739428,10.27099609375,0.00020934874070124244
random,10760,1,0.0002859477244783193,0.005292732268571854,9.57222843170166,0.0005529258214360187
random,10760,1,0.0002859477244783193,7.783528417348862e-05,9.430973052978516,8.253155187301322e-06
random,10760,1,0.0002859477244783193,0.0015575634315609932,8.901202201843262,0.00017498349057147055
random,10760,1,0.0002859477244783193,0.0002034107455983758,8.759346961975098,2.3222135905952262e-05
random,10695,1,0.0004901961074210703,0.0019435890717431903,5.202561378479004,0.0003735831123075397
random,3610,1,0.00044934640754945576,0.0009900779696181417,9.111204147338867,0.0001086659846061419
random,3610,1,0.00044934640754945576,0.0003103114722762257,8.958878517150879,3.463731221292546e-05
random,3610,1,0.00044934640754945576,0.00023943698033690453,8.833072662353516,2.710687316740674e-05
random,3610,1,0.00044934640754945576,0.0022440701723098755,8.734670639038086,0.0002569152593207574
random,3610,1,0.00044934640754945576,0.001791741931810975,8.44833755493164,0.00021208219015409274
random,3610,1,0.00044934640754945576,0.00033588591031730175,8.399654388427734,3.9988063173177014e-05
random,5257,1,0.0009803922148421407,4.5668595703318715e-05,12.767975807189941,3.576807819263072e-06
random,5257,1,0.0009803922148421407,0.00019151181913912296,11.585643768310547,1.6530097331574504e-05
random,5257,1,0.0009803922148421407,0.0009359666146337986,11.14063549041748,8.401375446121202e-05
random,5257,1,0.0009803922148421407,0.0016455131117254496,10.972110748291016,0.00014997233891225076
random,5257,1,0.0009803922148421407,0.0012207338586449623,10.74701976776123,0.00011358812815315589
random,5257,1,0.0009803922148421407,0.00029476918280124664,10.184009552001953,2.894431523223596e-05
random,11392,1,0.0003676470660138875,0.00520443357527256,8.45396614074707,0.0006156203477309703
random,11392,1,0.0003676470660138875,0.0010959485080093145,7.7643256187438965,0.00014115179628267777
random,11392,1,0.0003676470660138875,2.924924046965316e-05,7.669400215148926,3.8137585272807663e-06
random,11392,1,0.0003676470660138875,0.0013166702119633555,7.433766841888428,0.0001771201922212665
random,11392,1,0.0003676470660138875,0.001960360212251544,7.119698524475098,0.0002753431490831379
random,11392,1,0.0003676470660138875,0.0015409484039992094,6.889699459075928,0.0002236597420761641
random,3736,1,0.0008986928150989115,0.0005179066210985184,9.804180145263672,5.282508210018104e-05
random,3736,1,0.0008986928150989115,0.001987466588616371,9.477367401123047,0.000209706609915836
random,3736,1,0.0008986928150989115,0.0003923314216081053,8.872535705566406,4.421863541918084e-05
random,3736,1,0.0008986928150989115,0.0007132942555472255,8.456964492797852,8.434400500967971e-05
random,3736,1,0.0008986928150989115,0.0013821630273014307,7.546047210693359,0.00018316384574731972
random,3736,1,0.0008986928150989115,0.0004907110705971718,6.678162574768066,7.347995277192159e-05
random,9105,1,0.0008986928150989115,0.0015959604643285275,10.05022144317627,0.00015879853726129844
random,9105,1,0.0008986928150989115,0.002059265272691846,9.364354133605957,0.00021990467717380942
random,9105,1,0.0008986928150989115,0.003058716654777527,9.284625053405762,0.0003294388989521485
random,9105,1,0.0008986928150989115,0.003915720619261265,9.22808837890625,0.0004243263023154284
random,9105,1,0.0008986928150989115,0.0011793598532676697,8.692365646362305,0.00013567766258903568
random,9105,1,0.0008986928150989115,0.0019454433349892497,8.449430465698242,0.00023024549913595657
random,14230,1,0.000735294132027775,0.0028638846706598997,6.837699890136719,0.0004188374331536561
random,14230,1,0.000735294132027775,0.0009778765961527824,6.311778545379639,0.00015492885073868914
random,5240,1,0.0008986928150989115,0.0012422911822795868,16.23554039001465,7.651677446126977e-05
random,5240,1,0.0008986928150989115,0.001757781021296978,11.930316925048828,0.00014733732828223117
random,5240,1,0.0008986928150989115,0.0015516986604779959,11.921625137329102,0.00013015831672305337
random,5240,1,0.0008986928150989115,0.000829629716463387,11.908857345581055,6.966493026060409e-05
random,5240,1,0.0008986928150989115,0.0014180275611579418,11.834390640258789,0.00011982260889158321
random,5240,1,0.0008986928150989115,0.0006732613546773791,11.543844223022461,5.832211018013052e-05
random,1265,1,0.0003267973952461034,0.0017179269343614578,9.132206916809082,0.0001881173904633476
random,1265,1,0.0003267973952461034,3.336762165417895e-05,9.052228927612305,3.686122160741717e-06
random,1265,1,0.0003267973952461034,0.0008946629241108894,7.95693826675415,0.0001124380878822435
random,1265,1,0.0003267973952461034,0.002400399185717106,6.703339099884033,0.00035809007271594425
random,1265,1,0.0003267973952461034,0.0006850217469036579,6.6836838722229,0.00010249164382992117
random,1265,1,0.0003267973952461034,0.0005630108644254506,6.438849925994873,8.743966250129043e-05
random,1345,1,0.00044934640754945576,1.8389164324617013e-07,9.450620651245117,1.9458155187082074e-08
random,1345,1,0.00044934640754945576,0.002129900036379695,8.209916114807129,0.0002594301825494025
random,1345,1,0.00044934640754945576,0.002678793389350176,8.120723724365234,0.0003298712627438347
random,1345,1,0.00044934640754945576,0.0001988323638215661,7.73715353012085,2.569838675780555e-05
random,1345,1,0.00044934640754945576,0.0004874554870184511,7.594786167144775,6.418291131450088e-05
random,1345,1,0.00044934640754945576,0.0019060124177485704,7.169218063354492,0.0002658605723671827
random,13447,1,0.00044934640754945576,4.3186810216866434e-05,9.948939323425293,4.340845673385589e-06
random,13447,1,0.00044934640754945576,0.00024745252449065447,8.875794410705566,2.7879479068621604e-05
random,13447,1,0.00044934640754945576,0.003084919648244977,7.400234222412109,0.0004168678389802973
random,13447,1,0.00044934640754945576,0.005074024200439453,6.017021179199219,0.0008432784345151224
random,13447,1,0.00044934640754945576,0.000373792223399505,5.622922897338867,6.647649811744846e-05
random,13955,1,0.0005718954489566386,0.0027379347011446953,6.675629615783691,0.00041013879719617626
random,13955,1,0.0005718954489566386,0.0011147516779601574,5.448955059051514,0.00020458081703360562
random,12849,1,0.00044934640754945576,0.003890724154189229,11.453486442565918,0.00033969780063908576
random,12849,1,0.00044934640754945576,0.004255251493304968,11.451075553894043,0.0003716027785580308
random,12849,1,0.00044934640754945576,0.0003481188032310456,11.426939964294434,3.0464744220132998e-05
random,12849,1,0.00044934640754945576,0.002105145715177059,11.365412712097168,0.00018522386898773812
random,12849,1,0.00044934640754945576,0.0007452956633642316,11.211540222167969,6.647576056415505e-05
random,12849,1,0.00044934640754945576,0.001177182886749506,11.010714530944824,0.00010691248814426329
random,11359,1,0.0008578431443311274,8.884879935067147e-05,10.39356517791748,8.548442986574293e-06
random,11359,1,0.0008578431443311274,0.0003662186209112406,8.721034049987793,4.1992568634880306e-05
random,11359,1,0.0008578431443311274,1.89481625056942e-06,8.512758255004883,2.2258546452384053e-07
random,11359,1,0.0008578431443311274,0.0005301223136484623,8.447819709777832,6.275256005225565e-05
random,11359,1,0.0008578431443311274,0.002079728525131941,8.404701232910156,0.0002474482396814274
random,11359,1,0.0008578431443311274,0.0007057273760437965,8.386018753051758,8.415523466209459e-05
random,12615,1,0.0002859477244783193,0.0004655724624171853,12.176132202148438,3.823648221682716e-05
random,12615,1,0.0002859477244783193,0.001836098963394761,10.133170127868652,0.00018119689497219117
random,12615,1,0.0002859477244783193,0.001106084557250142,10.056766510009766,0.00010998411429252404
random,12615,1,0.0002859477244783193,0.0018921159207820892,9.694673538208008,0.0001951706690612125
random,12615,1,0.0002859477244783193,0.0035739419981837273,9.351929664611816,0.00038216091505774555
random,12615,1,0.0002859477244783193,0.00021581759210675955,9.227136611938477,2.3389443679366927e-05
random,15769,2,0.0013888889225199819,0.0010818811133503914,7.366366863250732,0.00014686766671202198
random,15769,2,0.0013888889225199819,0.0015724524855613708,6.998523712158203,0.0002246834547162602
random,15769,2,0.0013888889225199819,0.002288549207150936,6.646003246307373,0.00034434969745500665
random,15769,2,0.0013888889225199819,0.00015111973334569484,6.553534984588623,2.305927010400798e-05
random,15769,2,0.0013888889225199819,0.00040703732520341873,6.531790733337402,6.231634506077386e-05
random,13581,2,0.001756535959430039,0.0001581925171194598,13.096969604492188,1.2078558773260088e-05
random,13581,2,0.001756535959430039,0.000969300395809114,11.969944953918457,8.097784906619857e-05
random,13581,2,0.001756535959430039,9.493180550634861e-05,11.115684509277344,8.540347238815287e-06
random,13581,2,0.001756535959430039,0.00044658896513283253,10.828227043151855,4.124303668117772e-05
random,13581,2,0.001756535959430039,0.0009222720982506871,10.73141860961914,8.594130299082786e-05
random,13581,2,0.001756535959430039,0.001603183802217245,10.654027938842773,0.00015047677849354136
random,15657,2,0.001797385630197823,0.0020871590822935104,13.254023551940918,0.00015747362105659356
random,15657,2,0.001797385630197823,0.00046133704017847776,12.671005249023438,3.640887452193529e-05
random,15657,2,0.001797385630197823,0.0009073102846741676,12.508538246154785,7.253527685004131e-05
random,15657,2,0.001797385630197823,0.0023768730461597443,12.336380004882812,0.000192671840946774
random,15657,2,0.001797385630197823,0.0008061211556196213,12.311368942260742,6.547778394102719e-05
random,15657,2,0.001797385630197823,0.00086576136527583,12.2362642288208,7.075373243711514e-05
random,16007,2,0.0012663399102166295,0.0015411276835948229,7.924377918243408,0.0001944793268941474
random,16007,2,0.0012663399102166295,0.002131960354745388,6.9031081199646,0.000308840643619576
random,16007,2,0.0012663399102166295,9.719523222884163e-05,6.588482856750488,1.4752293409894275e-05
random,16007,2,0.0012663399102166295,0.000881044426932931,6.369876861572266,0.00013831420074193778
random,7919,2,0.001756535959430039,0.0016265781596302986,10.366687774658203,0.00015690432614422285
random,7919,2,0.001756535959430039,0.0008436935022473335,10.19217586517334,8.277854634850188e-05
random,7919,2,0.001756535959430039,0.00015389510372187942,9.957990646362305,1.5454433448187456e-05
random,7919,2,0.001756535959430039,0.0028154095634818077,9.918526649475098,0.00028385360678854485
random,7919,2,0.001756535959430039,0.0004881852655671537,9.635725975036621,5.066408767039458e-05
random,7919,2,0.001756535959430039,0.0014332656282931566,9.571038246154785,0.00014975027697428528
random,10953,2,0.0012663399102166295,0.002699294127523899,15.205509185791016,0.00017752079818848088
random,10953,2,0.0012663399102166295,0.003039066679775715,15.163339614868164,0.000200421988622863
random,10953,2,0.0012663399102166295,0.0010231505148112774,13.96269702911377,7.32774271817182e-05
random,10953,2,0.0012663399102166295,0.0005150908837094903,13.862739562988281,3.715650008204123e-05
random,10953,2,0.0012663399102166295,0.001637689070776105,13.506231307983398,0.00012125433316161876
random,10953,2,0.0012663399102166295,0.0020880363881587982,13.167335510253906,0.00015857698670568277
random,7313,2,0.001102941227145493,0.0007076075416989625,8.054708480834961,8.785017401717448e-05
random,6701,2,0.0024101308081299067,0.0007586829597130418,10.868133544921875,6.980802697879395e-05
random,6701,2,0.0024101308081299067,0.00261245621368289,10.765093803405762,0.00024267844399612987
random,6701,2,0.0024101308081299067,0.0002994766691699624,10.566404342651367,2.8342344231625007e-05
random,6701,2,0.0024101308081299067,0.001294734887778759,9.952070236206055,0.0001300970408215628
random,6701,2,0.0024101308081299067,0.0019404186168685555,9.805099487304688,0.00019789892181929864
random,6701,2,0.0024101308081299067,0.00066620041616261,9.626447677612305,6.920521863033187e-05
random,1900,2,0.0013480392517521977,0.0007446752861142159,11.758031845092773,6.333332788386748e-05
random,1900,2,0.0013480392517521977,6.511618266813457e-05,11.65426254272461,5.587327591893368e-06
random,1900,2,0.0013480392517521977,0.001996657345443964,11.293938636779785,0.00017679017122880936
random,1900,2,0.0013480392517521977,6.897569983266294e-05,10.919249534606934,6.316890150193449e-06
random,1900,2,0.0013480392517521977,0.000841495580971241,10.343047142028809,8.135857541940779e-05
random,1900,2,0.0013480392517521977,0.0005413552280515432,10.313302993774414,5.249096515232126e-05
random,5914,2,0.0020424837712198496,0.0008802765514701605,8.051346778869629,0.00010933283283492444
random,5914,2,0.0020424837712198496,0.0019126283004879951,7.8803277015686035,0.0002427092340471172
random,5914,2,0.0020424837712198496,0.0022891825065016747,7.4635186195373535,0.00030671625853645636
random,5914,2,0.0020424837712198496,0.0012535015121102333,7.379658222198486,0.00016985901980387386
random,5914,2,0.0020424837712198496,0.002804035786539316,6.974618434906006,0.0004020342922999063
random,5914,2,0.0020424837712198496,4.2166124330833554e-05,6.8863444328308105,6.123150641406427e-06
random,15741,2,0.0023692811373621225,0.0031809848733246326,15.554630279541016,0.00020450404902960489
random,15741,2,0.0023692811373621225,0.002260181587189436,14.839274406433105,0.0001523107886063219
random,15741,2,0.0023692811373621225,0.002540640765801072,14.607810020446777,0.00017392345342969945
random,15741,2,0.0023692811373621225,0.001050158403813839,14.589201927185059,7.198189517529447e-05
random,15741,2,0.0023692811373621225,0.0035218466073274612,14.449413299560547,0.00024373630501901223
random,15741,2,0.0023692811373621225,0.0018695276230573654,14.366904258728027,0.000130127380915872
random,12731,2,0.0013480392517521977,0.002661927603185177,9.510085105895996,0.0002799057604158404
random,12731,2,0.0013480392517521977,0.0004622319247573614,8.450909614562988,5.46961150739114e-05
random,4473,2,0.0011846405686810613,0.0006337971426546574,8.267496109008789,7.666131732000838e-05
random,4473,2,0.0011846405686810613,0.0011287136003375053,8.090596199035645,0.00013950932324023808
random,4473,2,0.0011846405686810613,4.326649650465697e-05,7.371472358703613,5.869451094606837e-06
random,4473,2,0.0011846405686810613,0.0006969068199396133,7.255135536193848,9.605703662777071e-05
random,4473,2,0.0011846405686810613,9.829227929003537e-05,7.055024147033691,1.3932238535478675e-05
random,4473,2,0.0011846405686810613,7.180722604971379e-05,6.890955924987793,1.0420502878175206e-05
random,2215,2,0.00147058826405555,0.0033807726576924324,15.157995223999023,0.0002230356064725364
random,2215,2,0.00147058826405555,0.0003955033898819238,14.02552318572998,2.8198833273066185e-05
random,2215,2,0.00147058826405555,0.0025386556517332792,13.679211616516113,0.00018558493887675057
random,2215,2,0.00147058826405555,4.420065670274198e-05,13.552680969238281,3.2613957934277446e-06
random,2215,2,0.00147058826405555,0.0013581938110291958,13.390772819519043,0.00010142758967947139
random,2215,2,0.00147058826405555,0.0005336289177648723,13.024564743041992,4.097095974358365e-05
random,15178,2,0.0011437908979132771,0.001152387005276978,12.925840377807617,8.915373945476782e-05
random,15178,2,0.0011437908979132771,0.002203216776251793,11.86579704284668,0.00018567794209660838
random,15178,2,0.0011437908979132771,0.0006141100311651826,11.456839561462402,5.360204512515621e-05
random,15178,2,0.0011437908979132771,0.004302523098886013,11.014190673828125,0.0003906345210737681
random,15178,2,0.0011437908979132771,0.0014771877322345972,10.964681625366211,0.00013472235516781458
random,15178,2,0.0011437908979132771,0.0005296093877404928,10.95289134979248,4.8353386409747145e-05
random,235,2,0.001062091556377709,4.558102955343202e-05,9.639973640441895,4.72833549691559e-06
random,235,2,0.001062091556377709,0.001477980986237526,7.3189496994018555,0.00020193894574221688
random,235,2,0.001062091556377709,0.0005026798462495208,6.900729179382324,7.284445356171983e-05
random,14683,2,0.0016339869471266866,0.0002965554012916982,7.925368309020996,3.7418500911073884e-05
random,11995,2,0.0015522876055911183,0.0013895826414227486,7.736302375793457,0.00017961844999371925
random,11995,2,0.0015522876055911183,0.00030163623159751296,7.529406547546387,4.0061089767533855e-05
random,11995,2,0.0015522876055911183,0.000731618725694716,6.060047626495361,0.00012072821383382836
random,12335,2,0.0010212418856099248,0.0013932145666331053,11.690256118774414,0.00011917742027872418
random,12335,2,0.0010212418856099248,0.0019996333867311478,10.143067359924316,0.00019714286771196877
random,12335,2,0.0010212418856099248,0.0010600616224110126,7.911866188049316,0.000133983765298282
random,216,2,0.0019607844296842813,0.0024421215057373047,11.633373260498047,0.00020992376424727155
random,216,2,0.0019607844296842813,0.001937853405252099,11.49598503112793,0.0001685678434692574
random,216,2,0.0019607844296842813,0.0006025031907483935,8.919504165649414,6.754895558754709e-05
random,216,2,0.0019607844296842813,0.009368009865283966,8.092926025390625,0.0011575553558617628
random,216,2,0.0019607844296842813,0.000789223937317729,6.110741138458252,0.00012915355428013618
random,8405,2,0.0011846405686810613,3.249914152547717e-05,9.741766929626465,3.336062313977297e-06
random,8405,2,0.0011846405686810613,5.649804734275676e-06,9.701908111572266,5.823395428304138e-07
random,8405,2,0.0011846405686810613,0.00145070836879313,8.802624702453613,0.00016480406899419038
random,8405,2,0.0011846405686810613,0.0004755712579935789,8.590497016906738,5.536015635156141e-05
random,8405,2,0.0011846405686810613,0.0019681239500641823,8.539688110351562,0.00023046789585658045
random,8405,2,0.0011846405686810613,0.0010444053914397955,7.76204776763916,0.0001345528168216173
random,12263,2,0.0013071895809844136,0.005081887822598219,11.358404159545898,0.0004474121321283737
random,12263,2,0.0013071895809844136,0.002014092169702053,11.109291076660156,0.0001812979924464775
random,12263,2,0.0013071895809844136,0.005032872781157494,10.896507263183594,0.00046187944995569683
random,12263,2,0.0013071895809844136,0.0023248782381415367,10.2588472366333,0.00022662178162080753
random,12263,2,0.0013071895809844136,0.0014032479375600815,9.924654960632324,0.00014139009800605471
random,12263,2,0.0013071895809844136,0.00022948137484490871,9.87890625,2.3229431380109382e-05
random,2465,2,0.0019607844296842813,0.006227446720004082,5.959860801696777,0.001044898014770936
random,8495,2,0.002165032783523202,0.0003155014128424227,11.380640983581543,2.7722639989925496e-05
random,8495,2,0.002165032783523202,5.6998003856278956e-05,9.564993858337402,5.9590214798304545e-06
random,8495,2,0.002165032783523202,6.114663051448588e-07,9.477377891540527,6.4518510514459e-08
random,8495,2,0.002165032783523202,0.0004808618687093258,8.630807876586914,5.5714583800871776e-05
random,8495,2,0.002165032783523202,0.00023689726367592812,8.368659019470215,2.8307673084155017e-05
random,8495,2,0.002165032783523202,0.0007603879785165191,8.295623779296875,9.166133840521977e-05
random,14194,2,0.0012663399102166295,0.003390315920114517,10.870758056640625,0.00031187483912802874
random,14194,2,0.0012663399102166295,0.0009002350270748138,9.221671104431152,9.762168015754078e-05
random,14194,2,0.0012663399102166295,0.0008268224191851914,9.180983543395996,9.00581528413626e-05
random,14194,2,0.0012663399102166295,0.0003350506885908544,8.687684059143066,3.8566168648621764e-05
random,14194,2,0.0012663399102166295,9.400743874721229e-05,8.489790916442871,1.1072998107072391e-05
random,14194,2,0.0012663399102166295,0.001684369519352913,8.414873123168945,0.00020016576538929424
random,1958,2,0.0023692811373621225,0.0005138479173183441,13.140335083007812,3.9104628159963536e-05
random,1958,2,0.0023692811373621225,0.0011174245737493038,12.217913627624512,9.145788780359556e-05
random,1958,2,0.0023692811373621225,0.00012604560470208526,12.202346801757812,1.0329619928842517e-05
random,1958,2,0.0023692811373621225,0.0017179655842483044,12.096982955932617,0.0001420160374290498
random,1958,2,0.0023692811373621225,0.004029512405395508,12.059065818786621,0.0003341479734788408
random,1958,2,0.0023692811373621225,4.846599040320143e-06,11.859698295593262,4.0866124242983535e-07
random,6506,2,0.002165032783523202,0.00032630603527650237,9.545201301574707,3.418534873881292e-05
random,6506,2,0.002165032783523202,0.00036918529076501727,9.044696807861328,4.0817873568092916e-05
random,6506,2,0.002165032783523202,0.002037429716438055,8.688701629638672,0.0002344918496784408
random,6506,2,0.002165032783523202,3.3497294680273626e-06,7.871329307556152,4.255608344084601e-07
random,6506,2,0.002165032783523202,0.0018571410328149796,7.144419193267822,0.0002599428984465191
random,6506,2,0.002165032783523202,0.00021618616301566362,6.9989399909973145,3.0888415001949194e-05
random,14300,2,0.0019607844296842813,0.00014553347136825323,13.564674377441406,1.0728858453858737e-05
random,14300,2,0.0019607844296842813,0.0011919488897547126,12.664213180541992,9.411945872690218e-05
random,14300,2,0.0019607844296842813,0.0007011319394223392,12.630326271057129,5.551178365273188e-05
random,14300,2,0.0019607844296842813,0.0003385079326108098,12.104066848754883,2.7966462581593503e-05
random,14300,2,0.0019607844296842813,0.00033904932206496596,11.605742454528809,2.9213927794224115e-05
random,14300,2,0.0019607844296842813,0.002484619850292802,11.600284576416016,0.0002141861118945447
random,1381,2,0.0015114379348233342,0.0005499181570485234,7.914405822753906,6.948318918237797e-05
random,1381,2,0.0015114379348233342,0.002268334850668907,7.47782039642334,0.00030334171328237
random,15900,2,0.0013480392517521977,0.0014962551649659872,12.372562408447266,0.00012093332937600956
random,15900,2,0.0013480392517521977,0.0024774763733148575,12.321574211120605,0.00020106816960765108
random,15900,2,0.0013480392517521977,0.0009341550758108497,11.449234008789062,8.159105448397165e-05
random,15900,2,0.0013480392517521977,0.0017202487215399742,11.150603294372559,0.0001542740492263896
random,15900,2,0.0013480392517521977,0.00024307030253112316,11.101887702941895,2.1894502001376924e-05
random,15900,2,0.0013480392517521977,0.001015038462355733,11.011645317077637,9.2178637535804e-05
random,6624,2,0.0015522876055911183,0.0016343900933861732,7.723857402801514,0.00021160283109231988
random,6624,2,0.0015522876055911183,0.0017567246686667204,7.582038402557373,0.00023169556462206633
random,6624,2,0.0015522876055911183,0.007582461461424828,7.077805042266846,0.001071301260227472
random,6624,2,0.0015522876055911183,0.001249064807780087,6.843508243560791,0.00018251820021629401
random,6624,2,0.0015522876055911183,5.6765049521345645e-05,6.4655866622924805,8.779566725538045e-06
random,6624,2,0.0015522876055911183,0.00034863376640714705,5.917701244354248,5.891371531128904e-05
random,15194,2,0.0015114379348233342,4.831827391171828e-05,13.1702299118042,3.668749462635548e-06
random,15194,2,0.0015114379348233342,0.0009501224267296493,12.533186912536621,7.580852606444947e-05
random,15194,2,0.0015114379348233342,0.0010869922116398811,12.410486221313477,8.75865934868133e-05
random,15194,2,0.0015114379348233342,0.002029749099165201,12.208614349365234,0.00016625548494540943
random,15194,2,0.0015114379348233342,0.0006647901609539986,11.998390197753906,5.5406612886989374e-05
random,15194,2,0.0015114379348233342,0.0015262947417795658,11.920991897583008,0.00012803420679188813
random,3651,2,0.0010212418856099248,0.0006385922897607088,11.992280960083008,5.325027756490193e-05
random,3651,2,0.0010212418856099248,0.0021449606865644455,10.750495910644531,0.00019952202246229655
random,3651,2,0.0010212418856099248,0.005052994005382061,10.382650375366211,0.00048667669840552006
random,3651,2,0.0010212418856099248,0.00010349003423471004,10.109375,1.023703584392804e-05
random,3651,2,0.0010212418856099248,0.0006089868256822228,10.040501594543457,6.0653028132895146e-05
random,3651,2,0.0010212418856099248,0.0004059584462083876,9.651036262512207,4.2063715767524725e-05
random,13616,2,0.0015931372763589025,0.0012798202224075794,7.967046737670898,0.0001606392261207852
random,13616,2,0.0015931372763589025,0.0026596931274980307,7.2420854568481445,0.00036725514264444566
random,4209,3,0.003513071918860078,0.001679486595094204,11.843047142028809,0.00014181203325063304
random,4209,3,0.003513071918860078,0.002547862008213997,11.77566909790039,0.00021636664439460873
random,4209,3,0.003513071918860078,0.0009707073331810534,11.720525741577148,8.282114254803319e-05
random,4209,3,0.003513071918860078,0.002938713412731886,11.440103530883789,0.0002568782183481568
random,4209,3,0.003513071918860078,0.002159887459129095,11.356061935424805,0.0001901968720680721
random,4209,3,0.003513071918860078,0.0011434380430728197,11.25281047821045,0.00010161355203546113
random,7535,3,0.0037173202726989985,0.001015041721984744,11.278886795043945,8.999484970722142e-05
random,7535,3,0.0037173202726989985,0.0009466557530686259,9.230040550231934,0.00010256246957060641
random,7535,3,0.0037173202726989985,0.003048965707421303,8.08518123626709,0.00037710542513812634
random,7535,3,0.0037173202726989985,0.001714993268251419,7.9355149269104,0.00021611619208674736
random,7535,3,0.0037173202726989985,0.00013343026512302458,7.822117805480957,1.7058074097213162e-05
random,4739,3,0.005065359640866518,0.007238435558974743,13.022455215454102,0.0005558426148691757
random,4739,3,0.005065359640866518,0.0004066519031766802,12.92174243927002,3.1470361299017887e-05
random,4739,3,0.005065359640866518,0.0018982485635206103,12.659855842590332,0.00014994235219760685
random,4739,3,0.005065359640866518,0.0008576098480261862,12.22784423828125,7.013581718200985e-05
random,4739,3,0.005065359640866518,0.000315858400426805,12.079161643981934,2.614903332998873e-05
random,4739,3,0.005065359640866518,0.00018296463531441987,12.03728199005127,1.5199829618151247e-05
random,13538,3,0.002900326857343316,0.00020525002037175,12.385432243347168,1.657188997033188e-05
random,13538,3,0.002900326857343316,0.0010900525376200676,11.533217430114746,9.451417561710033e-05
random,13538,3,0.002900326857343316,0.0007701811846345663,11.471780776977539,6.71370207997895e-05
random,13538,3,0.002900326857343316,2.7135298296343535e-05,11.254083633422852,2.4111512922967785e-06
random,13538,3,0.002900326857343316,0.0031859055161476135,10.920969009399414,0.0002917237026682872
random,13538,3,0.002900326857343316,1.6358884749934077e-05,10.87171459197998,1.5047198499859405e-06
random,8226,3,0.003880718955770135,3.738421946763992e-05,9.126014709472656,4.0964452346143715e-06
random,8226,3,0.003880718955770135,0.0001637052046135068,8.532278060913086,1.9186576368561035e-05
random,8226,3,0.003880718955770135,0.002911084331572056,8.239155769348145,0.0003533231332270796
random,8226,3,0.003880718955770135,0.0005825149128213525,7.750059127807617,7.516264111215082e-05
random,8226,3,0.003880718955770135,0.0017156247049570084,7.585798263549805,0.00022616271160290187
random,8226,3,0.003880718955770135,8.913556666811928e-05,5.790587902069092,1.5393180826470032e-05
random,2195,3,0.003880718955770135,2.4510188723070314e-07,7.303042888641357,3.356161136776528e-08
random,2195,3,0.003880718955770135,5.673426130670123e-06,5.182178020477295,1.0947956840254558e-06
random,9180,3,0.004738562274724245,0.020814895629882812,31.937747955322266,0.0006517333551194901
random,9180,3,0.004738562274724245,0.00558751355856657,17.529409408569336,0.0003187508163187225
random,9180,3,0.004738562274724245,0.0010146810673177242,17.026214599609375,5.9595223670034304e-05
random,9180,3,0.004738562274724245,0.0014515205984935164,16.716432571411133,8.683195964765496e-05
random,9180,3,0.004738562274724245,0.00011568515037652105,16.409910202026367,7.0497125793068475e-06
random,9180,3,0.004738562274724245,0.0007981319795362651,15.614480018615723,5.111486124320022e-05
random,9224,3,0.0037173202726989985,0.0010736319236457348,12.735857963562012,8.429992912275362e-05
random,9224,3,0.0037173202726989985,2.8351350920274854e-05,12.126062393188477,2.3380508858506732e-06
random,9224,3,0.0037173202726989985,0.003545819316059351,11.007523536682129,0.00032212688932647303
random,9224,3,0.0037173202726989985,0.001146956579759717,10.999615669250488,0.00010427242316893336
random,9224,3,0.0037173202726989985,0.00017941836267709732,10.845171928405762,1.6543616261828298e-05
random,9224,3,0.0037173202726989985,0.0029504024423658848,10.83098030090332,0.0002724040077997203
random,6958,3,0.0030637255404144526,0.0012974792625755072,10.995416641235352,0.00011800182793525625
random,6958,3,0.0030637255404144526,0.0010999228106811643,10.565248489379883,0.00010410761391810134
random,6958,3,0.0030637255404144526,0.0008583414601162076,10.525447845458984,8.15491628212783e-05
random,6958,3,0.0030637255404144526,0.002745091449469328,10.35779094696045,0.00026502672852987924
random,6958,3,0.0030637255404144526,4.192269261693582e-05,10.04831314086914,4.172112475916496e-06
random,6958,3,0.0030637255404144526,0.0007069676648825407,9.837655067443848,7.18634329050769e-05
random,981,3,0.005433006677776575,0.0029474832117557526,10.221634864807129,0.00028835731766391643
random,981,3,0.005433006677776575,4.0550221456214786e-05,7.872257232666016,5.151028511613061e-06
random,981,3,0.005433006677776575,0.00014921704132575542,7.45212984085083,2.002340867811811e-05
random,981,3,0.005433006677776575,0.004933301359415054,6.9160027503967285,0.0007133168590963995
random,981,3,0.005433006677776575,4.8818939831107855e-05,6.463770866394043,7.5527027241828234e-06
random,981,3,0.005433006677776575,5.906127626076341e-05,6.332198619842529,9.327135771719074e-06
random,3519,3,0.003880718955770135,0.001497630961239338,11.615767478942871,0.00012893086607959842
random,3519,3,0.003880718955770135,6.81602796248626e-06,11.311734199523926,6.025625993557313e-07
random,3519,3,0.003880718955770135,0.0012686706613749266,11.130151748657227,0.00011398502823898899
random,3519,3,0.003880718955770135,0.0019919914193451405,10.812859535217285,0.0001842242944946488
random,3519,3,0.003880718955770135,0.001085714902728796,10.435497283935547,0.00010404055247085834
random,3519,3,0.003880718955770135,5.560475983656943e-05,10.294583320617676,5.401360900659857e-06
random,3602,3,0.003267973894253373,0.00021870830096304417,8.415995597839355,2.598721665434251e-05
random,4751,3,0.003594771260395646,0.0003872532397508621,11.076234817504883,3.496253430261763e-05
random,4751,3,0.003594771260395646,0.000295882869977504,10.964003562927246,2.6986754270855703e-05
random,4751,3,0.003594771260395646,0.0017472011968493462,10.873427391052246,0.00016068541537207667
random,4751,3,0.003594771260395646,0.0026527978479862213,10.631742477416992,0.0002495167517103673
random,4751,3,0.003594771260395646,0.0002550281351432204,9.161086082458496,2.7838198751515314e-05
random,4751,3,0.003594771260395646,3.475046105450019e-05,8.864023208618164,3.920393735060801e-06
random,11723,3,0.002859477186575532,0.0021992912515997887,8.954017639160156,0.0002456206074445562
random,11723,3,0.002859477186575532,0.0021037200931459665,8.734976768493652,0.00024083865920902195
random,11723,3,0.002859477186575532,0.0019180318340659142,8.243523597717285,0.00023267135847067103
random,11723,3,0.002859477186575532,0.00216378690674901,7.361536502838135,0.000293931423951344
random,11723,3,0.002859477186575532,0.002016283106058836,7.280884742736816,0.00027692830985550444
random,11723,3,0.002859477186575532,0.0002989117056131363,7.180975914001465,4.162549898410303e-05
random,7525,3,0.004820261616259813,0.002224232070147991,11.114425659179688,0.00020012118829648576
random,7525,3,0.004820261616259813,0.00019279099069535732,10.535161018371582,1.829976688150866e-05
random,7525,3,0.004820261616259813,0.0035595186054706573,10.095635414123535,0.0003525799476168664
random,7525,3,0.004820261616259813,5.8905639889417216e-05,9.569844245910645,6.15533945754536e-06
random,7525,3,0.004820261616259813,0.0034506777301430702,9.549160957336426,0.00036135925926476136
random,7525,3,0.004820261616259813,0.0013862419873476028,9.381261825561523,0.0001477671141818524
random,6767,3,0.004779411945492029,0.0008064261637628078,16.936857223510742,4.761368376202492e-05
random,6767,3,0.004779411945492029,0.0012167601380497217,16.82206153869629,7.233121429563031e-05
random,6767,3,0.004779411945492029,0.0017845162656158209,16.3345947265625,0.00010924766089935062
random,6767,3,0.004779411945492029,0.0013643160928040743,16.296361923217773,8.371905945831408e-05
random,6767,3,0.004779411945492029,0.00019318482372909784,16.084640502929688,1.201051547865871e-05
random,6767,3,0.004779411945492029,0.0014035592321306467,15.871770858764648,8.843116780227322e-05
random,14445,3,0.0030637255404144526,0.0018603061325848103,14.05510139465332,0.0001323580727274217
random,14445,3,0.0030637255404144526,0.001718664076179266,14.0100736618042,0.00012267345038055559
random,14445,3,0.0030637255404144526,0.002145063132047653,13.860173225402832,0.0001547645254617883
random,14445,3,0.0030637255404144526,3.665754047688097e-05,13.835356712341309,2.6495551389854654e-06
random,14445,3,0.0030637255404144526,0.0009428220801055431,13.413520812988281,7.028893407259716e-05
random,14445,3,0.0030637255404144526,0.00035380979534238577,12.946467399597168,2.7328674643199937e-05
random,3618,3,0.0030228758696466684,0.00012321345275267959,9.27705192565918,1.3281531001447387e-05
random,3618,3,0.0030228758696466684,0.00014198795543052256,9.275308609008789,1.530816508817987e-05
random,3618,3,0.0030228758696466684,7.419955636578379e-06,8.763167381286621,8.467207476172811e-07
random,3618,3,0.0030228758696466684,0.0003702804388012737,7.746429443359375,4.7800143473674384e-05
random,3618,3,0.0030228758696466684,4.416208321345039e-05,7.433818817138672,5.940699430504641e-06
random,3618,3,0.0030228758696466684,2.842670801328495e-05,7.013792514801025,4.052972475774954e-06
random,4435,3,0.005065359640866518,0.0005717806052416563,9.453149795532227,6.048572355342267e-05
random,4435,3,0.005065359640866518,0.0003604539670050144,6.7939605712890625,5.3055057241320305e-05
random,4435,3,0.005065359640866518,0.0028242766857147217,6.418922424316406,0.0004399923381244941
random,4435,3,0.005065359640866518,0.0020019477233290672,6.357545852661133,0.00031489316313638456
random,9115,3,0.00498366029933095,0.0025255735963582993,13.810855865478516,0.00018286872449890663
random,9115,3,0.00498366029933095,0.001933670835569501,13.450761795043945,0.00014375920598653225
random,9115,3,0.00498366029933095,0.0012081082677468657,13.150230407714844,9.186974146385337e-05
random,9115,3,0.00498366029933095,0.0019909406546503305,12.868589401245117,0.00015471320069142112
random,9115,3,0.00498366029933095,0.0002581058070063591,11.478496551513672,2.24860290585985e-05
random,9115,3,0.00498366029933095,0.0007292070658877492,11.246210098266602,6.484024924984668e-05
random,13364,3,0.002818627515807748,0.0022234281059354544,10.40662670135498,0.0002136550267192688
random,13364,3,0.002818627515807748,0.0003754311765078455,9.847728729248047,3.8123631024969623e-05
random,13364,3,0.002818627515807748,0.0008680812316015363,9.669581413269043,8.977443743431494e-05
random,13364,3,0.002818627515807748,0.0004800449241884053,9.356605529785156,5.130545716181624e-05
random,13364,3,0.002818627515807748,0.0023376562166959047,9.041104316711426,0.0002585587042033151
random,13364,3,0.002818627515807748,0.0004446880193427205,8.39479923248291,5.297184685752111e-05
random,13162,3,0.005147058982402086,0.003087729448452592,11.897533416748047,0.0002595268565588582
random,13162,3,0.005147058982402086,0.0020227341447025537,11.57434368133545,0.00017476015922737576
random,13162,3,0.005147058982402086,0.0019621262326836586,11.395503044128418,0.00017218425769230543
random,13162,3,0.005147058982402086,0.0018358221277594566,10.957857131958008,0.00016753477487905724
random,13162,3,0.005147058982402086,1.5451318176928908e-05,10.663514137268066,1.4489893273482779e-06
random,13162,3,0.005147058982402086,0.00027856987435370684,10.656669616699219,2.614042513968737e-05
random,5562,3,0.0030228758696466684,0.004281057044863701,9.960819244384766,0.0004297896528216864
random,933,3,0.0026960785035043955,3.173543882439844e-05,5.860321521759033,5.41530677225927e-06
random,933,3,0.0026960785035043955,5.01257527503185e-05,5.600772857666016,8.949792113370434e-06
random,13653,3,0.0045343139208853245,0.0014343321090564132,10.626704216003418,0.0001349743137572572
random,13653,3,0.0045343139208853245,0.00033704121597111225,10.2700834274292,3.281776806904481e-05
random,13653,3,0.0045343139208853245,0.0021820063702762127,10.015356063842773,0.00021786608048351332
random,13653,3,0.0045343139208853245,0.0010657445527613163,9.961921691894531,0.00010698182396158104
random,13653,3,0.0045343139208853245,0.00020402163499966264,9.872693061828613,2.0665246424856835e-05
random,13653,3,0.0045343139208853245,0.0026138387620449066,9.86496639251709,0.0002649617503033352
random,1951,3,0.0031045752111822367,1.581419383001048e-05,8.936650276184082,1.769588530520754e-06
random,1951,3,0.0031045752111822367,1.1381485819583759e-05,8.554652214050293,1.3304440127782905e-06
random,1951,3,0.0031045752111822367,0.00012011169746983796,8.198760032653809,1.4649983289114477e-05
random,1951,3,0.0031045752111822367,3.1001058232504874e-05,7.951396465301514,3.898819329131431e-06
random,15612,3,0.003962418530136347,1.9430226529948413e-05,10.533989906311035,1.8445267845099738e-06
random,15612,3,0.003962418530136347,0.0026400387287139893,8.71008586883545,0.00030310134348502884
random,15612,3,0.003962418530136347,0.000950296816881746,8.659172058105469,0.0001097445356790451
random,15612,3,0.003962418530136347,0.002680857665836811,8.151310920715332,0.00032888668974996577
random,15612,3,0.003962418530136347,0.00025674363132566214,7.373056888580322,3.4821870386395184e-05
random,15612,3,0.003962418530136347,0.00023181037977337837,7.2613043785095215,3.192406869204407e-05
random,1966,3,0.0029820261988788843,0.002068206202238798,8.112756729125977,0.00025493260445165787
random,1966,3,0.0029820261988788843,0.004626645240932703,6.760090351104736,0.0006844058290103496
random,10492,3,0.0037990196142345667,0.003905325196683407,9.30875301361084,0.00041953258304020056
random,10492,3,0.0037990196142345667,0.0022384996991604567,8.550238609313965,0.00026180552396771816
random,10492,3,0.0037990196142345667,0.0022576376795768738,7.6180949211120605,0.0002963520017741276
random,9629,3,0.0026143791619688272,0.0008688670350238681,19.195852279663086,4.526326950037969e-05
random,9629,3,0.0026143791619688272,0.0023770476691424847,17.701801300048828,0.0001342828127404146
random,9629,3,0.0026143791619688272,0.0017634331015869975,17.085416793823242,0.00010321276459726273
random,9629,3,0.0026143791619688272,0.002098551718518138,16.500089645385742,0.000127184261638542
random,9629,3,0.0026143791619688272,0.0017329378752037883,16.449134826660156,0.00010535130834936716
random,9629,3,0.0026143791619688272,0.0015183736104518175,16.193511962890625,9.376431832275499e-05
random,7023,4,0.00657679745927453,4.556261501420522e-06,8.255627632141113,5.518976514495297e-07
random,7023,4,0.00657679745927453,8.779121344559826e-06,8.17825984954834,1.0734705800580143e-06
random,5133,4,0.006209150422364473,0.0002444464189466089,11.896245956420898,2.0548198132594174e-05
random,5133,4,0.006209150422364473,0.00020965936710126698,11.129500389099121,1.883816521598935e-05
random,5133,4,0.006209150422364473,0.0001466182729927823,10.993688583374023,1.3336585976659013e-05
random,5133,4,0.006209150422364473,0.0018588951788842678,10.765523910522461,0.00017267113001972367
random,5133,4,0.006209150422364473,0.001795038115233183,10.719963073730469,0.00016744816217062982
random,5133,4,0.006209150422364473,0.0002327121328562498,10.52374267578125,2.2113058065530282e-05
random,12588,4,0.008946078829467297,0.00012000411516055465,6.872060298919678,1.74626109115224e-05
random,12588,4,0.008946078829467297,9.836777462624013e-05,6.2529296875,1.573146981372324e-05
random,10962,4,0.006985294166952372,0.0001479100901633501,8.993281364440918,1.6446732195901354e-05
random,10962,4,0.006985294166952372,0.002094360999763012,7.836635589599609,0.000267252569781673
random,180,4,0.009763072244822979,0.0013979508075863123,13.122856140136719,0.00010652793817579317
random,180,4,0.009763072244822979,4.259908018866554e-05,13.015545845031738,3.272938430386794e-06
random,180,4,0.009763072244822979,0.0027038459666073322,12.997588157653809,0.000208026745717061
random,180,4,0.009763072244822979,0.0011539687402546406,12.858208656311035,8.974568472943955e-05
random,180,4,0.009763072244822979,5.0836741138482466e-05,12.854927062988281,3.954650297849676e-06
random,180,4,0.009763072244822979,1.3615514035336673e-05,12.786445617675781,1.0648396311571374e-06
random,4615,4,0.007598039228469133,0.0009686952689662576,10.331243515014648,9.3763666257448e-05
random,4615,4,0.007598039228469133,0.0006228613201528788,9.824138641357422,6.340111259533453e-05
random,4615,4,0.007598039228469133,0.0047957212664186954,8.262199401855469,0.0005804412400579081
random,4615,4,0.007598039228469133,0.0026990375481545925,8.159135818481445,0.0003307994385926192
random,4615,4,0.007598039228469133,0.0039583793841302395,8.098588943481445,0.0004887739594829466
random,4615,4,0.007598039228469133,0.0025580113288015127,8.076882362365723,0.0003167077609945863
random,4555,4,0.007475490216165781,0.0004275822429917753,12.63192367553711,3.384933712193242e-05
random,4555,4,0.007475490216165781,0.0008776858448982239,12.480957984924316,7.032199338851841e-05
random,4555,4,0.007475490216165781,0.007835086435079575,10.999382972717285,0.0007123205414807006
random,4555,4,0.007475490216165781,0.0015425588935613632,10.99817180633545,0.0001402559371433695
random,4555,4,0.007475490216165781,0.001959428656846285,10.882960319519043,0.00018004555739599344
random,4555,4,0.007475490216165781,7.56291119614616e-05,10.65200138092041,7.099990814583118e-06
random,10375,4,0.009150327183306217,0.0020845988765358925,12.492928504943848,0.0001668623074014192
random,10375,4,0.009150327183306217,0.002592829056084156,12.356399536132812,0.0002098369390292178
random,10375,4,0.009150327183306217,0.004109696485102177,12.110489845275879,0.00033935014500716565
random,10375,4,0.009150327183306217,0.0018845399608835578,11.823841094970703,0.00015938475033169645
random,10375,4,0.009150327183306217,0.0009647542610764503,11.727188110351562,8.226646080869666e-05
random,10375,4,0.009150327183306217,0.004631331190466881,11.72670841217041,0.0003949387183244289
random,5301,4,0.0058823530562222,0.0013408851809799671,10.875625610351562,0.00012329269405005034
random,5301,4,0.0058823530562222,0.00021223799558356404,10.71021842956543,1.9816402156438154e-05
random,5301,4,0.0058823530562222,0.004699690733104944,10.171483039855957,0.0004620457719577045
random,5301,4,0.0058823530562222,3.837124677374959e-05,9.797752380371094,3.916331550756773e-06
random,5301,4,0.0058823530562222,0.0019038543105125427,9.6687650680542,0.0001969077019776721
random,5301,4,0.0058823530562222,0.0022473898716270924,9.47558879852295,0.00023717680446173588
random,6285,4,0.005964052397757769,0.00353199802339077,7.315482139587402,0.00048281137948208793
random,6285,4,0.005964052397757769,0.002073453739285469,6.666508197784424,0.00031102545407122873
random,6285,4,0.005964052397757769,0.004860930144786835,6.353709697723389,0.0007650538623960999
random,6285,4,0.005964052397757769,4.692786023952067e-05,5.877170562744141,7.984770858446779e-06
random,6285,4,0.005964052397757769,0.00768924318253994,5.8311967849731445,0.0013186389460144677
random,6285,4,0.005964052397757769,8.195562259061262e-06,5.81619119644165,1.4090943681623314e-06
random,8265,4,0.008333333767950535,5.001385261493851e-07,5.54999303817749,9.011516279552323e-08
random,8265,4,0.008333333767950535,0.0005622844910249114,5.480545997619629,0.0001025964367909929
random,8265,4,0.008333333767950535,7.584193372167647e-05,5.355772972106934,1.4160782041483853e-05
random,8265,4,0.008333333767950535,3.7917851614110987e-07,5.05202579498291,7.505474665581998e-08
random,8265,4,0.008333333767950535,0.0009160753106698394,4.896445274353027,0.00018708987016931
random,7030,4,0.008129085414111614,0.0023129498586058617,13.071161270141602,0.00017695060223067735
random,7030,4,0.008129085414111614,0.0021080500446259975,13.062854766845703,0.0001613774387185528
random,7030,4,0.008129085414111614,0.0034034661948680878,13.041308403015137,0.00026097582310692153
random,7030,4,0.008129085414111614,0.005128486081957817,12.911833763122559,0.00039719269749315296
random,7030,4,0.008129085414111614,0.0008710022084414959,12.76763916015625,6.821951948325869e-05
random,7030,4,0.008129085414111614,0.0005964762531220913,12.622251510620117,4.7255931528557145e-05
random,3039,4,0.00857843179255724,0.0051520634442567825,13.0839204788208,0.0003937706173464237
random,3039,4,0.00857843179255724,0.0029203316662460566,12.90566635131836,0.0002262829044815446
random,3039,4,0.00857843179255724,6.36067270534113e-05,12.276652336120605,5.181113328937918e-06
random,3039,4,0.00857843179255724,0.001931424019858241,12.26715087890625,0.00015744683006869878
random,3039,4,0.00857843179255724,1.5438323316629976e-05,11.96155071258545,1.2906623637340275e-06
random,3039,4,0.00857843179255724,0.0007450401317328215,11.701574325561523,6.367007643623793e-05
random,10423,4,0.009722222574055195,0.0026740985922515392,10.395007133483887,0.00025724836528854937
random,10423,4,0.009722222574055195,0.001437520608305931,10.185957908630371,0.00014112768000817545
random,10423,4,0.009722222574055195,0.0020384350791573524,9.760092735290527,0.0002088540687514968
random,10423,4,0.009722222574055195,0.00022687022283207625,9.67434310913086,2.345071084133362e-05
random,10423,4,0.009722222574055195,1.9541792426025495e-05,9.578887939453125,2.0400898882570253e-06
random,10423,4,0.009722222574055195,0.0007071034051477909,9.441040992736816,7.489676251716097e-05
random,13326,4,0.005473856348544359,0.0029474268667399883,14.787311553955078,0.00019932134762871463
random,13326,4,0.005473856348544359,0.002156622242182493,14.17257308959961,0.00015216871548647066
random,13326,4,0.005473856348544359,0.00024051187210716307,12.094548225402832,1.9885974045893093e-05
random,13326,4,0.005473856348544359,0.0006830519996583462,12.072789192199707,5.657781220098415e-05
random,13326,4,0.005473856348544359,0.0005540063139051199,12.026274681091309,4.606632798568736e-05
random,13326,4,0.005473856348544359,2.183165997848846e-05,11.889955520629883,1.8361431159779399e-06
random,11355,4,0.010008170269429684,0.002358216792345047,11.807784080505371,0.00019971713373709624
random,11355,4,0.010008170269429684,0.0027631726115942,11.235274314880371,0.00024593726278089736
random,11355,4,0.010008170269429684,0.0016049554105848074,10.733589172363281,0.0001495264430948436
random,11355,4,0.010008170269429684,0.0005080218543298542,10.623617172241211,4.782004529090909e-05
random,11355,4,0.010008170269429684,0.002263014204800129,10.541016578674316,0.00021468652362984287
random,11355,4,0.010008170269429684,0.0008911588229238987,10.456320762634277,8.522680617339704e-05
random,7989,4,0.005718954373151064,0.022298067808151245,36.99617385864258,0.0006027128073662205
random,7989,4,0.005718954373151064,0.013607906177639961,36.82765579223633,0.0003695023721957523
random,7989,4,0.005718954373151064,0.017306940630078316,36.66477584838867,0.0004720318133579675
random,7989,4,0.005718954373151064,0.028881419450044632,36.66325759887695,0.0007877483164760927
random,7989,4,0.005718954373151064,0.023973487317562103,36.601680755615234,0.0006549832363609209
random,7989,4,0.005718954373151064,0.02792457863688469,36.36998748779297,0.0007677918131332091
random,15778,4,0.00788398738950491,0.0019351586233824492,7.370994567871094,0.0002625369759214686
random,5716,4,0.0055555556900799274,0.0007894284790381789,9.634269714355469,8.1939628269063e-05
random,5716,4,0.0055555556900799274,0.0007187961600720882,9.000380516052246,7.98628634411745e-05
random,5716,4,0.0055555556900799274,0.001897348091006279,8.977899551391602,0.0002113354109327481
random,5716,4,0.0055555556900799274,1.5044908650452271e-05,7.701347351074219,1.9535424081805295e-06
random,5716,4,0.0055555556900799274,0.0009455472463741899,7.6829609870910645,0.00012307068172842493
random,5716,4,0.0055555556900799274,0.00015993311535567045,7.653229236602783,2.0897468298841088e-05
random,9440,4,0.008700980804860592,0.0005784825189039111,11.353471755981445,5.095203752095867e-05
random,9440,4,0.008700980804860592,6.378804755513556e-06,10.570385932922363,6.034599678755558e-07
random,9440,4,0.008700980804860592,0.0003294998314231634,9.836036682128906,3.34992479259285e-05
random,9440,4,0.008700980804860592,0.0012684034882113338,9.75833797454834,0.0001299815082772885
random,9440,4,0.008700980804860592,0.0003991111007053405,9.1973295211792,4.339423740187685e-05
random,9440,4,0.008700980804860592,2.432405381114222e-05,8.673145294189453,2.8045251158697925e-06
random,7946,4,0.009885621257126331,0.0020954408682882786,11.449376106262207,0.0001830179084729501
random,7946,4,0.009885621257126331,0.0023452171590179205,11.13294506072998,0.0002106555943844877
random,7946,4,0.009885621257126331,0.00011904491111636162,11.07993221282959,1.0744191284719058e-05
random,7946,4,0.009885621257126331,0.0019697025418281555,10.748136520385742,0.0001832599109708242
random,7946,4,0.009885621257126331,0.0009054774418473244,10.213318824768066,8.865653343274406e-05
random,7946,4,0.009885621257126331,0.000711469620000571,10.116886138916016,7.032496068763726e-05
random,15925,4,0.009150327183306217,0.03177301213145256,40.118648529052734,0.0007919761332050726
random,15925,4,0.009150327183306217,0.03177301213145256,40.118648529052734,0.0007919761332050726
random,15925,4,0.009150327183306217,0.03177301213145256,40.118648529052734,0.0007919761332050726
random,15925,4,0.009150327183306217,0.03177301213145256,40.118648529052734,0.0007919761332050726
random,15925,4,0.009150327183306217,0.03177301213145256,40.118648529052734,0.0007919761332050726
random,15925,4,0.009150327183306217,0.03177301213145256,40.118648529052734,0.0007919761332050726
random,12039,4,0.0073120915330946445,0.0022061197087168694,11.791857719421387,0.00018708839278847074
random,12039,4,0.0073120915330946445,0.00017573486547917128,10.447595596313477,1.6820603732133434e-05
random,12039,4,0.0073120915330946445,0.0020608697086572647,10.029852867126465,0.0002054735733374422
random,12039,4,0.0073120915330946445,0.002213491592556238,9.968003273010254,0.00022205967754340255
random,12039,4,0.0073120915330946445,0.0006175503367558122,9.959765434265137,6.20045061132885e-05
random,12039,4,0.0073120915330946445,0.002566521055996418,9.745823860168457,0.0002633457255969795
random,13997,4,0.006086601410061121,0.0015195278683677316,10.226983070373535,0.00014858026633188037
random,13997,4,0.006086601410061121,0.0002995774266310036,9.757688522338867,3.070167959811003e-05
random,13997,4,0.006086601410061121,0.0014536413364112377,9.723160743713379,0.00014950296253727022
random,13997,4,0.006086601410061121,0.001772332820110023,9.397698402404785,0.00018859222165040955
random,13997,4,0.006086601410061121,0.0016777189448475838,9.335947036743164,0.00017970527663070958
random,13997,4,0.006086601410061121,0.0002425714337732643,8.39897346496582,2.8881081097004207e-05
random,1088,4,0.00727124186232686,3.670421938295476e-05,9.562297821044922,3.838430894944025e-06
random,1088,4,0.00727124186232686,0.001902565360069275,8.502756118774414,0.00022375866524835836
random,1088,4,0.00727124186232686,0.00015525170601904392,7.897597789764404,1.9658092264492908e-05
random,1088,4,0.00727124186232686,0.00040093983989208937,7.889340400695801,5.082045133414809e-05
random,7757,4,0.009763072244822979,0.0019591953605413437,7.257192134857178,0.000269966031508397
random,8241,4,0.00829248409718275,0.0011675404384732246,13.170350074768066,8.864915752771175e-05
random,8241,4,0.00829248409718275,0.0007129380246624351,12.971404075622559,5.496228631118469e-05
random,8241,4,0.00829248409718275,0.0020324955694377422,12.792289733886719,0.0001588844227045351
random,8241,4,0.00829248409718275,0.0018543554469943047,12.73975658416748,0.00014555658381250645
random,8241,4,0.00829248409718275,0.00031334382947534323,12.645381927490234,2.4779309258675232e-05
random,8241,4,0.00829248409718275,0.0045189931988716125,12.621795654296875,0.00035803092702845325
random,5217,4,0.008210784755647182,0.000796580919995904,7.2715163230896,0.0001095481168716464
random,5217,4,0.008210784755647182,3.2284177109431766e-07,5.9340691566467285,5.4404787435398154e-08
random,5217,4,0.008210784755647182,1.0717641998780891e-05,5.572339057922363,1.9233650155482365e-06
random,5217,4,0.008210784755647182,1.6706670066923834e-05,5.118854522705078,3.2637516836667455e-06
random,5217,4,0.008210784755647182,3.586122147680726e-06,5.048492431640625,7.103352527984938e-07
random,14322,4,0.009885621257126331,0.0001284541212953627,8.756763458251953,1.4669132255058657e-05
random,14322,4,0.009885621257126331,0.0009225467219948769,8.40889835357666,0.00010971077104321028
random,14322,4,0.009885621257126331,7.298835953406524e-06,8.360331535339355,8.730318794839822e-07
random,14322,4,0.009885621257126331,0.0021269486751407385,8.314146995544434,0.00025582283742163497
random,14322,4,0.009885621257126331,2.2983624148764648e-05,8.090131759643555,2.8409455904556603e-06
random,14322,4,0.009885621257126331,0.003187858033925295,7.90018892288208,0.0004035166835937295
random,1134,4,0.009517974220216274,0.002496689325198531,12.667990684509277,0.00019708645099112226
random,1134,4,0.009517974220216274,2.2282791178440675e-05,9.62962532043457,2.3139831963301233e-06
random,1134,4,0.009517974220216274,1.3064203812973574e-05,9.551770210266113,1.367725931988224e-06
random,1134,4,0.009517974220216274,2.5216371795977466e-05,9.274245262145996,2.7189675367872008e-06
random,1134,4,0.009517974220216274,0.00019738504488486797,9.080962181091309,2.1736137751555656e-05
random,1134,4,0.009517974220216274,0.0017785185482352972,9.049861907958984,0.00019652438526947716
random,16202,4,0.008210784755647182,0.0002592948148958385,10.619017601013184,2.441796639183446e-05
random,16202,4,0.008210784755647182,5.340664938557893e-05,10.448994636535645,5.111175882781949e-06
random,16202,4,0.008210784755647182,0.0002029900933848694,9.88188362121582,2.0541639748626635e-05
random,16202,4,0.008210784755647182,0.0017932970076799393,9.150371551513672,0.0001959807858712894
random,16202,4,0.008210784755647182,0.0019774939864873886,9.047891616821289,0.00021855854051246063
random,16202,4,0.008210784755647182,0.001722945598885417,8.843195915222168,0.00019483291056795855
random,8685,4,0.0062500000931322575,0.0021274778991937637,7.08363151550293,0.00030033717797681283
random,4647,4,0.0058823530562222,0.00045968167250975966,10.020170211791992,4.587563512332301e-05
random,4647,4,0.0058823530562222,0.00048491929192095995,8.69890022277832,5.57448964239393e-05
random,4647,4,0.0058823530562222,0.0008045281283557415,7.529486179351807,0.00010685033602452289
random,4647,4,0.0058823530562222,0.0017312094569206238,7.079785346984863,0.0002445285234047259
random,4647,4,0.0058823530562222,0.001169184222817421,6.91813850402832,0.00016900271975425527
random,4647,4,0.0058823530562222,0.006101871840655804,6.769679069519043,0.0009013531923736107
random,2647,4,0.006535947788506746,0.00024957122514024377,11.210617065429688,2.226204174878558e-05
random,2647,4,0.006535947788506746,3.0085462640272453e-05,10.193492889404297,2.95143803666602e-06
random,2647,4,0.006535947788506746,0.0025942684151232243,10.140917778015137,0.00025582185675022755
random,2647,4,0.006535947788506746,4.0287806768901646e-05,9.987845420837402,4.033683449370388e-06
random,2647,4,0.006535947788506746,4.2370695155113935e-05,9.325207710266113,4.543673071053214e-06
random,2647,4,0.006535947788506746,0.002837180159986019,9.32311725616455,0.0003043166874373529
random,12554,5,0.012785947881639004,0.00023503511329181492,10.712180137634277,2.194092241467114e-05
random,12554,5,0.012785947881639004,0.0007667776080779731,10.176283836364746,7.534947141882075e-05
random,12554,5,0.012785947881639004,0.0006048867944628,10.144449234008789,5.962736670167814e-05
random,12554,5,0.012785947881639004,0.015071638859808445,10.064516067504883,0.0014975025881741068
random,12554,5,0.012785947881639004,0.0007333182729780674,9.875524520874023,7.425613408462944e-05
random,12554,5,0.012785947881639004,0.001207423396408558,9.82516098022461,0.00012289095301733728
random,1387,5,0.03361928090453148,1.349880676571047e-05,6.592384338378906,2.047636495816001e-06
random,15046,5,0.015563725493848324,0.0013111517764627934,12.176368713378906,0.00010768003230898817
random,15046,5,0.015563725493848324,0.0010725697502493858,11.486018180847168,9.338046774450404e-05
random,15046,5,0.015563725493848324,0.0005182535387575626,11.464576721191406,4.520476868540729e-05
random,15046,5,0.015563725493848324,0.0028895679861307144,11.1220064163208,0.00025980635849035894
random,15046,5,0.015563725493848324,0.0019497871398925781,10.95477294921875,0.00017798517129756023
random,15046,5,0.015563725493848324,0.0015145831275731325,10.944042205810547,0.00013839339241299628
random,10432,5,0.013031045906245708,0.00020621807198040187,10.088462829589844,2.0440980500573038e-05
random,10432,5,0.013031045906245708,0.0009187064133584499,9.588427543640137,9.581408517477033e-05
random,10432,5,0.013031045906245708,0.0020740774925798178,8.86801815032959,0.00023388286507992006
random,10432,5,0.013031045906245708,0.0007727285847067833,8.696381568908691,8.88563339342702e-05
random,10432,5,0.013031045906245708,0.0026387679390609264,8.316474914550781,0.00031729404178735036
random,10432,5,0.013031045906245708,0.003872227855026722,7.879268646240234,0.0004914450856900837
random,14136,5,0.033374182879924774,0.0008410437731072307,16.017288208007812,5.2508499702637084e-05
random,14136,5,0.033374182879924774,0.0027797063812613487,15.653485298156738,0.00017757747417366984
random,14136,5,0.033374182879924774,0.0011752163991332054,15.299081802368164,7.68161393157132e-05
random,14136,5,0.033374182879924774,0.002345704473555088,15.196296691894531,0.00015436027086824716
random,14136,5,0.033374182879924774,0.00048599159345030785,15.19148063659668,3.1991061640136726e-05
random,14136,5,0.033374182879924774,0.002416950184851885,14.97471809387207,0.0001614020490870506
random,9187,5,0.01245915051549673,0.0003383865114301443,10.472637176513672,3.231149000263492e-05
random,9187,5,0.01245915051549673,0.0004639991675503552,7.466186046600342,6.214674596297168e-05
random,9187,5,0.01245915051549673,0.0008424082770943642,7.44882869720459,0.00011309271716914428
random,9187,5,0.01245915051549673,9.145683725364506e-05,6.905981540679932,1.3243133755124494e-05
random,9187,5,0.01245915051549673,0.002063351683318615,6.832980155944824,0.00030196951201789447
random,9187,5,0.01245915051549673,3.579328767955303e-05,6.679956436157227,5.358311543142908e-06
random,8060,5,0.012214052490890026,0.0016285143792629242,10.727463722229004,0.00015180795959145353
random,8060,5,0.012214052490890026,0.0003865227336063981,10.29432487487793,3.7547166842350263e-05
random,8060,5,0.012214052490890026,0.0030287844128906727,9.835055351257324,0.00030795804443576106
random,8060,5,0.012214052490890026,0.0011377381160855293,9.630511283874512,0.000118138911065976
random,8060,5,0.012214052490890026,0.001531234011054039,9.623332977294922,0.00015911680648137173
random,8060,5,0.012214052490890026,2.682727063074708e-05,9.412192344665527,2.850267997970925e-06
random,11861,5,0.012091503478586674,1.5331926988437772e-05,8.783174514770508,1.7456019987595994e-06
random,11861,5,0.012091503478586674,0.000863315537571907,8.239256858825684,0.00010478075296889734
random,11861,5,0.012091503478586674,6.949003727640957e-05,7.675131797790527,9.053921040992933e-06
random,11861,5,0.012091503478586674,0.004026354290544987,7.319252967834473,0.0005501045404823948
random,9200,5,0.045588236302137375,0.00011322955833747983,10.442981719970703,1.0842646417827635e-05
random,9200,5,0.045588236302137375,0.002462731208652258,9.71933650970459,0.0002533847044181733
random,9200,5,0.045588236302137375,0.00043516879668459296,9.673537254333496,4.498548827003778e-05
random,9200,5,0.045588236302137375,0.0024501439183950424,9.66185188293457,0.00025358947208895384
random,9200,5,0.045588236302137375,0.0002121804718626663,9.329208374023438,2.2743673777666793e-05
random,9200,5,0.045588236302137375,0.004227431956678629,9.299880027770996,0.0004545684400287757
random,2992,5,0.03529411926865578,0.0023581692948937416,6.127219200134277,0.000384867787142667
random,14119,5,0.01597222313284874,0.0017144400626420975,10.971631050109863,0.00015626118439563552
random,14119,5,0.01597222313284874,0.0011576141696423292,10.854474067687988,0.00010664857296848303
random,14119,5,0.01597222313284874,0.0006792137282900512,10.286651611328125,6.602865091125186e-05
random,14119,5,0.01597222313284874,0.0020597740076482296,9.949583053588867,0.00020702113812751764
random,14119,5,0.01597222313284874,0.0011581737780943513,9.526768684387207,0.00012157047331194322
random,14119,5,0.01597222313284874,0.0003183964581694454,9.27652359008789,3.4322820944438386e-05
random,1175,5,0.013888888992369175,3.575039590941742e-05,10.490978240966797,3.4077275815723016e-06
random,1175,5,0.013888888992369175,2.1805994038004428e-05,10.12985610961914,2.152645980558186e-06
random,1175,5,0.013888888992369175,0.0005529683548957109,9.957767486572266,5.553135837338754e-05
random,1175,5,0.013888888992369175,3.401192952878773e-05,9.469268798828125,3.5918221619178134e-06
random,1175,5,0.013888888992369175,0.001506041269749403,9.417671203613281,0.00015991652683431756
random,1175,5,0.013888888992369175,0.00042362831300124526,8.968379974365234,4.723576768737755e-05
random,15972,5,0.018423203378915787,0.0028787925839424133,7.5196533203125,0.0003828358118805904
random,5162,5,0.018831700086593628,0.0023289043456315994,17.4422607421875,0.0001335207849518435
random,5162,5,0.018831700086593628,0.0006636137841269374,15.333442687988281,4.327885117715872e-05
random,5162,5,0.018831700086593628,0.0010982933454215527,14.912948608398438,7.364696105792474e-05
random,5162,5,0.018831700086593628,0.00018042337615042925,14.604166030883789,1.2354240274239795e-05
random,5162,5,0.018831700086593628,0.0014852024614810944,13.999664306640625,0.00010608843390456162
random,5162,5,0.018831700086593628,0.0005677031585946679,13.907968521118164,4.081855360347236e-05
random,2803,5,0.014624183066189289,0.0024466293398290873,10.971040725708008,0.0002230079534839386
random,2803,5,0.014624183066189289,0.0012141637271270156,10.796549797058105,0.00011245849368081057
random,2803,5,0.014624183066189289,0.0019758781418204308,10.464865684509277,0.00018881065475548762
random,2803,5,0.014624183066189289,0.0018468936905264854,10.174141883850098,0.00018152820273306273
random,2803,5,0.014624183066189289,0.0005899593234062195,9.518047332763672,6.198323067541608e-05
random,2803,5,0.014624183066189289,0.00032475023181177676,9.50446605682373,3.4168172085650446e-05
random,5117,5,0.01156045775860548,0.0018288206774741411,9.802613258361816,0.00018656460571002555
random,5117,5,0.01156045775860548,0.002596742007881403,9.115999221801758,0.0002848554442250339
random,5117,5,0.01156045775860548,0.00012591504491865635,8.475865364074707,1.4855715553523571e-05
random,5117,5,0.01156045775860548,0.00031690311152487993,8.405951499938965,3.769985010348691e-05
random,3140,5,0.014419934712350368,0.00027421582490205765,8.926101684570312,3.072067007438062e-05
random,3140,5,0.014419934712350368,0.0017118873074650764,7.352797985076904,0.00023282120778232853
random,6286,5,0.016339870169758797,0.006141225807368755,12.394246101379395,0.0004954900650782849
random,6286,5,0.016339870169758797,0.00036996626295149326,11.649383544921875,3.1758441253551706e-05
random,6286,5,0.016339870169758797,0.000996981980279088,11.572563171386719,8.615048935262123e-05
random,6286,5,0.016339870169758797,0.00032059865770861506,11.46359634399414,2.7966673641346328e-05
random,6286,5,0.016339870169758797,0.0011966787278652191,11.193825721740723,0.0001069052491625827
random,6286,5,0.016339870169758797,0.000894834054633975,11.185015678405762,8.000293252709314e-05
random,12146,5,0.031086601316928864,0.0013215134385973215,7.79033088684082,0.00016963508454173365
random,12146,5,0.031086601316928864,0.0014799609780311584,7.740820407867432,0.00019118916342859352
random,12146,5,0.031086601316928864,0.0026229918003082275,7.3392438888549805,0.00035739264698525356
random,12146,5,0.031086601316928864,0.0026229918003082275,7.3392438888549805,0.00035739264698525356
random,12146,5,0.031086601316928864,7.524114334955812e-05,6.682616710662842,1.1259233711474532e-05
random,12146,5,0.031086601316928864,0.0012955662095919251,6.5960259437561035,0.00019641617856556908
random,5094,5,0.015236928127706051,1.7427635611966252e-05,13.750670433044434,1.2674026111545551e-06
random,5094,5,0.015236928127706051,0.0062687755562365055,11.332192420959473,0.0005531829431913001
random,5094,5,0.015236928127706051,2.028052222158294e-06,11.190906524658203,1.812232295649736e-07
random,5094,5,0.015236928127706051,2.464374847477302e-05,10.940059661865234,2.252615546574758e-06
random,5094,5,0.015236928127706051,0.0008148001506924629,10.895215034484863,7.478513715548594e-05
random,5094,5,0.015236928127706051,2.5046421797014773e-05,10.758380889892578,2.328084686102321e-06
random,14752,5,0.013112745247781277,0.0022177565842866898,8.056496620178223,0.00027527555572134395
random,9515,5,0.01245915051549673,1.0949801435344853e-05,11.700162887573242,9.35867435399096e-07
random,9515,5,0.01245915051549673,0.002011200413107872,10.864452362060547,0.00018511751408024294
random,9515,5,0.01245915051549673,0.0012596218148246408,10.15233039855957,0.0001240721849441935
random,9515,5,0.01245915051549673,3.7791669456055388e-06,10.087362289428711,3.746437212397939e-07
random,9515,5,0.01245915051549673,0.0023412825539708138,9.628616333007812,0.0002431587751549176
random,9515,5,0.01245915051549673,0.002657088916748762,8.452478408813477,0.0003143561909579315
random,15511,5,0.014950980432331562,0.0006087231449782848,12.940709114074707,4.7039396343143135e-05
random,15511,5,0.014950980432331562,0.0016137216007336974,12.920830726623535,0.00012489302235100128
random,15511,5,0.014950980432331562,0.0005722507485188544,11.975175857543945,4.778641711205905e-05
random,15511,5,0.014950980432331562,0.001727233175188303,11.923519134521484,0.00014485934527395887
random,15511,5,0.014950980432331562,0.0003919586888514459,11.872393608093262,3.3014293645407157e-05
random,15511,5,0.014950980432331562,0.0018172978889197111,11.707854270935059,0.00015522040562387107
random,11703,5,0.019321896135807037,0.0016233371570706367,10.542759895324707,0.000153976489381165
random,11703,5,0.019321896135807037,0.0012373058125376701,10.410820960998535,0.00011884805407497818
random,11703,5,0.019321896135807037,0.0009488818468526006,10.348344802856445,9.16940694313434e-05
random,11703,5,0.019321896135807037,0.0031993957236409187,10.323315620422363,0.0003099193942410936
random,11703,5,0.019321896135807037,0.0022046398371458054,9.961994171142578,0.0002213050719836897
random,11703,5,0.019321896135807037,0.004817587323486805,9.505441665649414,0.0005068241427325267
random,8330,5,0.01384803932160139,0.0038155349902808666,12.190953254699707,0.00031298085642400016
random,8330,5,0.01384803932160139,0.0015443171141669154,10.926885604858398,0.00014133186435852032
random,8330,5,0.01384803932160139,3.076660505030304e-06,10.382116317749023,2.9634232663821316e-07
random,8330,5,0.01384803932160139,0.0002930097980424762,10.177579879760742,2.878973208799461e-05
random,8330,5,0.01384803932160139,0.0029147702734917402,10.129090309143066,0.0002877622949872123
random,8330,5,0.01384803932160139,0.0030234316363930702,10.076539993286133,0.0003000466071099349
random,6423,5,0.011601307429373264,0.0013467801036313176,16.623855590820312,8.101490633586887e-05
random,6423,5,0.011601307429373264,0.0006091272225603461,14.422950744628906,4.2233190235859645e-05
random,6423,5,0.011601307429373264,0.00496247410774231,14.22265911102295,0.00034891324252412525
random,6423,5,0.011601307429373264,0.003286025021225214,13.941710472106934,0.00023569740799018438
random,6423,5,0.011601307429373264,0.003508489578962326,13.696585655212402,0.00025615797011623313
random,6423,5,0.011601307429373264,0.0015554155688732862,13.514484405517578,0.00011509248316112263
random,11301,5,0.016748366877436638,0.001052023726515472,10.855422019958496,9.69122825976962e-05
random,11301,5,0.016748366877436638,0.0007546818815171719,10.35200023651123,7.290203480245575e-05
random,11301,5,0.016748366877436638,0.006339091341942549,9.232599258422852,0.0006865987751130245
random,11301,5,0.016748366877436638,0.0014093293575569987,9.12156867980957,0.00015450515224168889
random,11301,5,0.016748366877436638,7.173937046900392e-05,9.03232479095459,7.94251448318679e-06
random,11301,5,0.016748366877436638,0.0017971862107515335,8.977324485778809,0.00020019174015582244
random,11591,5,0.01797385700047016,0.0021892525255680084,10.653377532958984,0.00020549844580228086
random,11591,5,0.01797385700047016,0.0005993840168230236,10.601117134094238,5.653970324460857e-05
random,11591,5,0.01797385700047016,0.0021044290624558926,9.970141410827637,0.0002110731408654314
random,11591,5,0.01797385700047016,3.7133111618459225e-05,9.927467346191406,3.7404415772472974e-06
random,11591,5,0.01797385700047016,0.0011512250639498234,9.477368354797363,0.00012147096333626022
random,11591,5,0.01797385700047016,0.0018468722701072693,9.197432518005371,0.0002008030248106454
random,10856,5,0.015359477140009403,0.002220768481492996,14.523482322692871,0.00015290881567866518
random,10856,5,0.015359477140009403,0.002073301700875163,13.530109405517578,0.00015323613717636834
random,10856,5,0.015359477140009403,0.0013902573846280575,13.427993774414062,0.0001035342589506616
random,10856,5,0.015359477140009403,0.0018796324729919434,13.284374237060547,0.0001414919844510382
random,10856,5,0.015359477140009403,0.0010522552765905857,13.080057144165039,8.044729965571997e-05
random,10856,5,0.015359477140009403,0.001721854554489255,12.646005630493164,0.0001361579778469628
random,9309,5,0.01017156895250082,0.0012684582034125924,15.977028846740723,7.939262146799935e-05
random,9309,5,0.01017156895250082,0.0039487238973379135,15.509594917297363,0.0002545987769760528
random,9309,5,0.01017156895250082,0.00330392480827868,14.409607887268066,0.00022928623971773285
random,9309,5,0.01017156895250082,4.426772648002952e-05,14.354669570922852,3.0838554841902628e-06
random,9309,5,0.01017156895250082,0.0024386392906308174,14.220945358276367,0.00017148222070986072
random,9309,5,0.01017156895250082,0.0003035883710253984,14.17943286895752,2.1410473453422287e-05
random,8758,5,0.012540849857032299,0.0003130168770439923,6.935390472412109,4.5133273791738775e-05
random,8758,5,0.012540849857032299,0.0019315851386636496,6.85160493850708,0.0002819171794053452
random,8758,5,0.012540849857032299,0.0016650155885145068,5.817288398742676,0.00028621850497808845
random,8758,5,0.012540849857032299,1.09523398350575e-06,5.414666652679443,2.022717285770075e-07
random,8758,5,0.012540849857032299,0.0016378898872062564,5.396915912628174,0.0003034862713672783
random,15554,5,0.014297385700047016,0.001733662560582161,10.217401504516602,0.00016967744292086356
random,15554,5,0.014297385700047016,0.00011270973482169211,9.391596794128418,1.2001125824754073e-05
random,15554,5,0.014297385700047016,0.00022850604727864265,8.651830673217773,2.6411294431130733e-05
random,15554,5,0.014297385700047016,0.0017583207227289677,7.71354341506958,0.00022795239854277876
random,15554,5,0.014297385700047016,0.004681630525738001,7.086184024810791,0.0006606701871340416
random,15554,5,0.014297385700047016,0.0007896253373473883,6.40734338760376,0.00012323755565763348
